ISO-10303-21;
HEADER;
FILE_DESCRIPTION((''),'2;1');
FILE_NAME('ASMDAMPER_ASM','2025-03-26T10:41:43',('luong'),(''),
'CREO PARAMETRIC BY PTC INC, 2020053','CREO PARAMETRIC BY PTC INC, 2020053','');
FILE_SCHEMA(('CONFIG_CONTROL_DESIGN'));
ENDSEC;
DATA;
#1=CARTESIAN_POINT('',(0.E0,-1.E2,0.E0));
#2=DIRECTION('',(0.E0,1.E0,0.E0));
#3=DIRECTION('',(1.E0,0.E0,0.E0));
#4=AXIS2_PLACEMENT_3D('',#1,#2,#3);
#6=CARTESIAN_POINT('',(0.E0,-1.E2,0.E0));
#7=DIRECTION('',(0.E0,1.E0,0.E0));
#8=DIRECTION('',(-1.E0,0.E0,0.E0));
#9=AXIS2_PLACEMENT_3D('',#6,#7,#8);
#11=CARTESIAN_POINT('',(0.E0,-1.E2,0.E0));
#12=DIRECTION('',(0.E0,-1.E0,0.E0));
#13=DIRECTION('',(1.E0,0.E0,0.E0));
#14=AXIS2_PLACEMENT_3D('',#11,#12,#13);
#16=CARTESIAN_POINT('',(0.E0,-1.E2,0.E0));
#17=DIRECTION('',(0.E0,-1.E0,0.E0));
#18=DIRECTION('',(-1.E0,0.E0,0.E0));
#19=AXIS2_PLACEMENT_3D('',#16,#17,#18);
#21=DIRECTION('',(0.E0,1.E0,0.E0));
#22=VECTOR('',#21,2.E2);
#23=CARTESIAN_POINT('',(1.E1,-1.E2,0.E0));
#24=LINE('',#23,#22);
#25=DIRECTION('',(0.E0,1.E0,0.E0));
#26=VECTOR('',#25,2.E2);
#27=CARTESIAN_POINT('',(-1.E1,-1.E2,0.E0));
#28=LINE('',#27,#26);
#29=CARTESIAN_POINT('',(0.E0,1.E2,0.E0));
#30=DIRECTION('',(0.E0,1.E0,0.E0));
#31=DIRECTION('',(1.E0,0.E0,0.E0));
#32=AXIS2_PLACEMENT_3D('',#29,#30,#31);
#34=CARTESIAN_POINT('',(0.E0,1.E2,0.E0));
#35=DIRECTION('',(0.E0,1.E0,0.E0));
#36=DIRECTION('',(-1.E0,0.E0,0.E0));
#37=AXIS2_PLACEMENT_3D('',#34,#35,#36);
#39=CARTESIAN_POINT('',(0.E0,1.E2,0.E0));
#40=DIRECTION('',(0.E0,-1.E0,0.E0));
#41=DIRECTION('',(1.E0,0.E0,0.E0));
#42=AXIS2_PLACEMENT_3D('',#39,#40,#41);
#44=CARTESIAN_POINT('',(0.E0,1.E2,0.E0));
#45=DIRECTION('',(0.E0,-1.E0,0.E0));
#46=DIRECTION('',(-1.E0,0.E0,0.E0));
#47=AXIS2_PLACEMENT_3D('',#44,#45,#46);
#49=DIRECTION('',(0.E0,1.E0,0.E0));
#50=VECTOR('',#49,2.E2);
#51=CARTESIAN_POINT('',(6.5E0,-1.E2,0.E0));
#52=LINE('',#51,#50);
#53=DIRECTION('',(0.E0,1.E0,0.E0));
#54=VECTOR('',#53,2.E2);
#55=CARTESIAN_POINT('',(-6.5E0,-1.E2,0.E0));
#56=LINE('',#55,#54);
#57=CARTESIAN_POINT('',(1.E1,-1.E2,0.E0));
#58=CARTESIAN_POINT('',(-1.E1,-1.E2,0.E0));
#59=VERTEX_POINT('',#57);
#60=VERTEX_POINT('',#58);
#61=CARTESIAN_POINT('',(6.5E0,-1.E2,0.E0));
#62=CARTESIAN_POINT('',(-6.5E0,-1.E2,0.E0));
#63=VERTEX_POINT('',#61);
#64=VERTEX_POINT('',#62);
#65=CARTESIAN_POINT('',(1.E1,1.E2,0.E0));
#66=CARTESIAN_POINT('',(-1.E1,1.E2,0.E0));
#67=VERTEX_POINT('',#65);
#68=VERTEX_POINT('',#66);
#69=CARTESIAN_POINT('',(6.5E0,1.E2,0.E0));
#70=CARTESIAN_POINT('',(-6.5E0,1.E2,0.E0));
#71=VERTEX_POINT('',#69);
#72=VERTEX_POINT('',#70);
#73=CARTESIAN_POINT('',(0.E0,-1.E2,0.E0));
#74=DIRECTION('',(0.E0,1.E0,0.E0));
#75=DIRECTION('',(1.E0,0.E0,0.E0));
#76=AXIS2_PLACEMENT_3D('',#73,#74,#75);
#77=PLANE('',#76);
#79=ORIENTED_EDGE('',*,*,#78,.T.);
#81=ORIENTED_EDGE('',*,*,#80,.T.);
#82=EDGE_LOOP('',(#79,#81));
#83=FACE_OUTER_BOUND('',#82,.F.);
#85=ORIENTED_EDGE('',*,*,#84,.T.);
#87=ORIENTED_EDGE('',*,*,#86,.T.);
#88=EDGE_LOOP('',(#85,#87));
#89=FACE_BOUND('',#88,.F.);
#90=ADVANCED_FACE('',(#83,#89),#77,.F.);
#91=CARTESIAN_POINT('',(0.E0,-1.E2,0.E0));
#92=DIRECTION('',(0.E0,1.E0,0.E0));
#93=DIRECTION('',(1.E0,0.E0,0.E0));
#94=AXIS2_PLACEMENT_3D('',#91,#92,#93);
#95=CYLINDRICAL_SURFACE('',#94,1.E1);
#96=ORIENTED_EDGE('',*,*,#78,.F.);
#98=ORIENTED_EDGE('',*,*,#97,.T.);
#100=ORIENTED_EDGE('',*,*,#99,.T.);
#102=ORIENTED_EDGE('',*,*,#101,.F.);
#103=EDGE_LOOP('',(#96,#98,#100,#102));
#104=FACE_OUTER_BOUND('',#103,.F.);
#105=ADVANCED_FACE('',(#104),#95,.T.);
#106=CARTESIAN_POINT('',(0.E0,-1.E2,0.E0));
#107=DIRECTION('',(0.E0,1.E0,0.E0));
#108=DIRECTION('',(1.E0,0.E0,0.E0));
#109=AXIS2_PLACEMENT_3D('',#106,#107,#108);
#110=CYLINDRICAL_SURFACE('',#109,1.E1);
#111=ORIENTED_EDGE('',*,*,#80,.F.);
#112=ORIENTED_EDGE('',*,*,#101,.T.);
#114=ORIENTED_EDGE('',*,*,#113,.T.);
#115=ORIENTED_EDGE('',*,*,#97,.F.);
#116=EDGE_LOOP('',(#111,#112,#114,#115));
#117=FACE_OUTER_BOUND('',#116,.F.);
#118=ADVANCED_FACE('',(#117),#110,.T.);
#119=CARTESIAN_POINT('',(0.E0,1.E2,0.E0));
#120=DIRECTION('',(0.E0,1.E0,0.E0));
#121=DIRECTION('',(1.E0,0.E0,0.E0));
#122=AXIS2_PLACEMENT_3D('',#119,#120,#121);
#123=PLANE('',#122);
#124=ORIENTED_EDGE('',*,*,#99,.F.);
#125=ORIENTED_EDGE('',*,*,#113,.F.);
#126=EDGE_LOOP('',(#124,#125));
#127=FACE_OUTER_BOUND('',#126,.F.);
#129=ORIENTED_EDGE('',*,*,#128,.F.);
#131=ORIENTED_EDGE('',*,*,#130,.F.);
#132=EDGE_LOOP('',(#129,#131));
#133=FACE_BOUND('',#132,.F.);
#134=ADVANCED_FACE('',(#127,#133),#123,.T.);
#135=CARTESIAN_POINT('',(0.E0,-1.E2,0.E0));
#136=DIRECTION('',(0.E0,1.E0,0.E0));
#137=DIRECTION('',(1.E0,0.E0,0.E0));
#138=AXIS2_PLACEMENT_3D('',#135,#136,#137);
#139=CYLINDRICAL_SURFACE('',#138,6.5E0);
#140=ORIENTED_EDGE('',*,*,#84,.F.);
#142=ORIENTED_EDGE('',*,*,#141,.T.);
#143=ORIENTED_EDGE('',*,*,#128,.T.);
#145=ORIENTED_EDGE('',*,*,#144,.F.);
#146=EDGE_LOOP('',(#140,#142,#143,#145));
#147=FACE_OUTER_BOUND('',#146,.F.);
#148=ADVANCED_FACE('',(#147),#139,.F.);
#149=CARTESIAN_POINT('',(0.E0,-1.E2,0.E0));
#150=DIRECTION('',(0.E0,1.E0,0.E0));
#151=DIRECTION('',(1.E0,0.E0,0.E0));
#152=AXIS2_PLACEMENT_3D('',#149,#150,#151);
#153=CYLINDRICAL_SURFACE('',#152,6.5E0);
#154=ORIENTED_EDGE('',*,*,#86,.F.);
#155=ORIENTED_EDGE('',*,*,#144,.T.);
#156=ORIENTED_EDGE('',*,*,#130,.T.);
#157=ORIENTED_EDGE('',*,*,#141,.F.);
#158=EDGE_LOOP('',(#154,#155,#156,#157));
#159=FACE_OUTER_BOUND('',#158,.F.);
#160=ADVANCED_FACE('',(#159),#153,.F.);
#164=DIMENSIONAL_EXPONENTS(0.E0,0.E0,0.E0,0.E0,0.E0,0.E0,0.E0);
#166=PLANE_ANGLE_MEASURE_WITH_UNIT(PLANE_ANGLE_MEASURE(1.745329251994E-2),#165);
#167=(CONVERSION_BASED_UNIT('DEGREE',#166)NAMED_UNIT(*)PLANE_ANGLE_UNIT());
#169=UNCERTAINTY_MEASURE_WITH_UNIT(LENGTH_MEASURE(2.019820191633E-2),#163,
'closure',
'Maximum model space distance between geometric entities at asserted connectivities');
#170=(GEOMETRIC_REPRESENTATION_CONTEXT(3)GLOBAL_UNCERTAINTY_ASSIGNED_CONTEXT((
#169))GLOBAL_UNIT_ASSIGNED_CONTEXT((#163,#167,#168))REPRESENTATION_CONTEXT
('ID1','3'));
#171=CARTESIAN_POINT('',(0.E0,0.E0,0.E0));
#172=DIRECTION('',(0.E0,0.E0,1.E0));
#173=DIRECTION('',(1.E0,0.E0,0.E0));
#176=APPLICATION_CONTEXT(
'CONFIGURATION CONTROLLED 3D DESIGNS OF MECHANICAL PARTS AND ASSEMBLIES');
#177=APPLICATION_PROTOCOL_DEFINITION('international standard',
'config_control_design',1994,#176);
#178=DESIGN_CONTEXT('',#176,'design');
#179=MECHANICAL_CONTEXT('',#176,'mechanical');
#180=PRODUCT('LINK01','LINK01','NOT SPECIFIED',(#179));
#181=PRODUCT_DEFINITION_FORMATION_WITH_SPECIFIED_SOURCE('2','LAST_VERSION',#180,
.MADE.);
#190=CARTESIAN_POINT('',(0.E0,0.E0,0.E0));
#191=DIRECTION('',(0.E0,0.E0,1.E0));
#192=DIRECTION('',(1.E0,0.E0,0.E0));
#193=AXIS2_PLACEMENT_3D('',#190,#191,#192);
#194=ITEM_DEFINED_TRANSFORMATION('','',#174,#193);
#195=(REPRESENTATION_RELATIONSHIP('','',#175,#187)REPRESENTATION_RELATIONSHIP_WITH_TRANSFORMATION(#194)SHAPE_REPRESENTATION_RELATIONSHIP());
#196=CONTEXT_DEPENDENT_SHAPE_REPRESENTATION(#195,#189);
#197=CARTESIAN_POINT('',(0.E0,0.E0,0.E0));
#198=DIRECTION('',(0.E0,0.E0,1.E0));
#199=DIRECTION('',(1.E0,0.E0,0.E0));
#200=AXIS2_PLACEMENT_3D('',#197,#198,#199);
#202=CARTESIAN_POINT('',(0.E0,0.E0,0.E0));
#203=DIRECTION('',(0.E0,0.E0,1.E0));
#204=DIRECTION('',(-1.E0,0.E0,0.E0));
#205=AXIS2_PLACEMENT_3D('',#202,#203,#204);
#207=DIRECTION('',(0.E0,0.E0,1.E0));
#208=VECTOR('',#207,2.E1);
#209=CARTESIAN_POINT('',(6.5E0,0.E0,0.E0));
#210=LINE('',#209,#208);
#211=DIRECTION('',(0.E0,0.E0,1.E0));
#212=VECTOR('',#211,2.E1);
#213=CARTESIAN_POINT('',(-6.5E0,0.E0,0.E0));
#214=LINE('',#213,#212);
#215=CARTESIAN_POINT('',(0.E0,0.E0,2.E1));
#216=DIRECTION('',(0.E0,0.E0,1.E0));
#217=DIRECTION('',(1.E0,0.E0,0.E0));
#218=AXIS2_PLACEMENT_3D('',#215,#216,#217);
#220=CARTESIAN_POINT('',(0.E0,0.E0,2.E1));
#221=DIRECTION('',(0.E0,0.E0,1.E0));
#222=DIRECTION('',(-1.E0,0.E0,0.E0));
#223=AXIS2_PLACEMENT_3D('',#220,#221,#222);
#225=CARTESIAN_POINT('',(6.5E0,0.E0,0.E0));
#226=CARTESIAN_POINT('',(-6.5E0,0.E0,0.E0));
#227=VERTEX_POINT('',#225);
#228=VERTEX_POINT('',#226);
#229=CARTESIAN_POINT('',(6.5E0,0.E0,2.E1));
#230=CARTESIAN_POINT('',(-6.5E0,0.E0,2.E1));
#231=VERTEX_POINT('',#229);
#232=VERTEX_POINT('',#230);
#233=CARTESIAN_POINT('',(0.E0,0.E0,0.E0));
#234=DIRECTION('',(0.E0,0.E0,1.E0));
#235=DIRECTION('',(1.E0,0.E0,0.E0));
#236=AXIS2_PLACEMENT_3D('',#233,#234,#235);
#237=PLANE('',#236);
#239=ORIENTED_EDGE('',*,*,#238,.T.);
#241=ORIENTED_EDGE('',*,*,#240,.T.);
#242=EDGE_LOOP('',(#239,#241));
#243=FACE_OUTER_BOUND('',#242,.F.);
#244=ADVANCED_FACE('',(#243),#237,.F.);
#245=CARTESIAN_POINT('',(0.E0,0.E0,0.E0));
#246=DIRECTION('',(0.E0,0.E0,1.E0));
#247=DIRECTION('',(1.E0,0.E0,0.E0));
#248=AXIS2_PLACEMENT_3D('',#245,#246,#247);
#249=CYLINDRICAL_SURFACE('',#248,6.5E0);
#250=ORIENTED_EDGE('',*,*,#238,.F.);
#252=ORIENTED_EDGE('',*,*,#251,.T.);
#254=ORIENTED_EDGE('',*,*,#253,.T.);
#256=ORIENTED_EDGE('',*,*,#255,.F.);
#257=EDGE_LOOP('',(#250,#252,#254,#256));
#258=FACE_OUTER_BOUND('',#257,.F.);
#259=ADVANCED_FACE('',(#258),#249,.T.);
#260=CARTESIAN_POINT('',(0.E0,0.E0,0.E0));
#261=DIRECTION('',(0.E0,0.E0,1.E0));
#262=DIRECTION('',(1.E0,0.E0,0.E0));
#263=AXIS2_PLACEMENT_3D('',#260,#261,#262);
#264=CYLINDRICAL_SURFACE('',#263,6.5E0);
#265=ORIENTED_EDGE('',*,*,#240,.F.);
#266=ORIENTED_EDGE('',*,*,#255,.T.);
#268=ORIENTED_EDGE('',*,*,#267,.T.);
#269=ORIENTED_EDGE('',*,*,#251,.F.);
#270=EDGE_LOOP('',(#265,#266,#268,#269));
#271=FACE_OUTER_BOUND('',#270,.F.);
#272=ADVANCED_FACE('',(#271),#264,.T.);
#273=CARTESIAN_POINT('',(0.E0,0.E0,2.E1));
#274=DIRECTION('',(0.E0,0.E0,1.E0));
#275=DIRECTION('',(1.E0,0.E0,0.E0));
#276=AXIS2_PLACEMENT_3D('',#273,#274,#275);
#277=PLANE('',#276);
#278=ORIENTED_EDGE('',*,*,#253,.F.);
#279=ORIENTED_EDGE('',*,*,#267,.F.);
#280=EDGE_LOOP('',(#278,#279));
#281=FACE_OUTER_BOUND('',#280,.F.);
#282=ADVANCED_FACE('',(#281),#277,.T.);
#285=DIRECTION('',(0.E0,1.E0,2.248887742695E-11));
#286=VECTOR('',#285,1.2E2);
#287=CARTESIAN_POINT('',(-1.504090180785E-9,4.6E1,-5.499999999091E0));
#288=LINE('',#287,#286);
#289=DIRECTION('',(0.E0,-1.E0,2.248888482844E-11));
#290=VECTOR('',#289,1.2E2);
#291=CARTESIAN_POINT('',(0.E0,1.66E2,5.499999996392E0));
#292=LINE('',#291,#290);
#293=CARTESIAN_POINT('',(0.E0,1.66E2,0.E0));
#294=DIRECTION('',(0.E0,1.E0,0.E0));
#295=DIRECTION('',(0.E0,0.E0,1.E0));
#296=AXIS2_PLACEMENT_3D('',#293,#294,#295);
#298=CARTESIAN_POINT('',(0.E0,1.66E2,0.E0));
#299=DIRECTION('',(0.E0,1.E0,0.E0));
#300=DIRECTION('',(0.E0,0.E0,-1.E0));
#301=AXIS2_PLACEMENT_3D('',#298,#299,#300);
#303=CARTESIAN_POINT('',(0.E0,1.66E2,0.E0));
#304=DIRECTION('',(0.E0,-1.E0,0.E0));
#305=DIRECTION('',(0.E0,0.E0,-1.E0));
#306=AXIS2_PLACEMENT_3D('',#303,#304,#305);
#308=CARTESIAN_POINT('',(0.E0,1.66E2,0.E0));
#309=DIRECTION('',(0.E0,-1.E0,0.E0));
#310=DIRECTION('',(0.E0,0.E0,1.E0));
#311=AXIS2_PLACEMENT_3D('',#308,#309,#310);
#313=CARTESIAN_POINT('',(0.E0,4.E1,0.E0));
#314=DIRECTION('',(0.E0,1.E0,0.E0));
#315=DIRECTION('',(0.E0,0.E0,1.E0));
#316=AXIS2_PLACEMENT_3D('',#313,#314,#315);
#318=CARTESIAN_POINT('',(0.E0,4.E1,0.E0));
#319=DIRECTION('',(0.E0,1.E0,0.E0));
#320=DIRECTION('',(0.E0,0.E0,-1.E0));
#321=AXIS2_PLACEMENT_3D('',#318,#319,#320);
#323=CARTESIAN_POINT('',(0.E0,4.E1,0.E0));
#324=DIRECTION('',(0.E0,-1.E0,0.E0));
#325=DIRECTION('',(0.E0,0.E0,-1.E0));
#326=AXIS2_PLACEMENT_3D('',#323,#324,#325);
#328=CARTESIAN_POINT('',(0.E0,4.E1,0.E0));
#329=DIRECTION('',(0.E0,-1.E0,0.E0));
#330=DIRECTION('',(0.E0,0.E0,1.E0));
#331=AXIS2_PLACEMENT_3D('',#328,#329,#330);
#333=CARTESIAN_POINT('',(0.E0,1.8E1,0.E0));
#334=DIRECTION('',(0.E0,-1.E0,0.E0));
#335=DIRECTION('',(-4.102064129415E-10,0.E0,-1.E0));
#336=AXIS2_PLACEMENT_3D('',#333,#334,#335);
#338=CARTESIAN_POINT('',(1.612900058935E1,1.600000000004E1,9.749999999364E0));
#339=CARTESIAN_POINT('',(1.635784447797E1,1.600000000011E1,9.371433515638E0));
#340=CARTESIAN_POINT('',(1.673521443373E1,1.591265780263E1,8.622618562678E0));
#341=CARTESIAN_POINT('',(1.707214768915E1,1.555691166223E1,7.602867901343E0));
#342=CARTESIAN_POINT('',(1.722295541934E1,1.500580597625E1,6.695291654182E0));
#343=CARTESIAN_POINT('',(1.721058932645E1,1.426405464383E1,5.910071019446E0));
#344=CARTESIAN_POINT('',(1.704669219515E1,1.333530758853E1,5.278981168845E0));
#345=CARTESIAN_POINT('',(1.673693547818E1,1.222665547949E1,4.853008406673E0));
#346=CARTESIAN_POINT('',(1.644850744117E1,1.141504272519E1,4.749999997842E0));
#347=CARTESIAN_POINT('',(1.628571997866E1,1.099999999642E1,4.749999997842E0));
#349=CARTESIAN_POINT('',(1.017629356887E1,-4.228539859523E0,-4.749999995608E0));
#350=CARTESIAN_POINT('',(1.065338044717E1,-3.080395028541E0,-4.749999995608E0));
#351=CARTESIAN_POINT('',(1.161723839600E1,-7.316201345832E-1,
-4.750000002037E0));
#352=CARTESIAN_POINT('',(1.305006591356E1,2.820612431699E0,-4.749999999460E0));
#353=CARTESIAN_POINT('',(1.462417519180E1,6.775362050417E0,-4.750000000125E0));
#354=CARTESIAN_POINT('',(1.572110798795E1,9.560465905975E0,-4.750000000069E0));
#355=CARTESIAN_POINT('',(1.628571997955E1,1.099999999574E1,-4.750000000069E0));
#357=CARTESIAN_POINT('',(1.628571997955E1,1.099999999574E1,-4.750000000069E0));
#358=CARTESIAN_POINT('',(1.645003387016E1,1.141893450367E1,-4.749999999897E0));
#359=CARTESIAN_POINT('',(1.674157829293E1,1.223994334242E1,-4.854975702127E0));
#360=CARTESIAN_POINT('',(1.705457522856E1,1.336583540686E1,-5.292863937346E0));
#361=CARTESIAN_POINT('',(1.721634529914E1,1.431035970736E1,-5.947774255744E0));
#362=CARTESIAN_POINT('',(1.721846164388E1,1.505047651601E1,-6.753893612546E0));
#363=CARTESIAN_POINT('',(1.705485165812E1,1.558475477544E1,-7.666743606426E0));
#364=CARTESIAN_POINT('',(1.671915684124E1,1.591743714068E1,-8.656112066223E0));
#365=CARTESIAN_POINT('',(1.635069176231E1,1.599999999996E1,-9.383265943898E0));
#366=CARTESIAN_POINT('',(1.612900058955E1,1.600000000004E1,-9.750000000886E0));
#368=CARTESIAN_POINT('',(0.E0,1.600000000011E1,0.E0));
#369=DIRECTION('',(0.E0,1.E0,0.E0));
#370=DIRECTION('',(0.E0,0.E0,-1.E0));
#371=AXIS2_PLACEMENT_3D('',#368,#369,#370);
#373=CARTESIAN_POINT('',(0.E0,1.600000000011E1,0.E0));
#374=DIRECTION('',(0.E0,1.E0,0.E0));
#375=DIRECTION('',(8.557888071629E-1,0.E0,-5.173253497893E-1));
#376=AXIS2_PLACEMENT_3D('',#373,#374,#375);
#378=DIRECTION('',(-1.E0,0.E0,-2.993120966145E-11));
#379=VECTOR('',#378,3.225800117698E1);
#380=CARTESIAN_POINT('',(1.612900058955E1,1.600000000004E1,-9.750000000886E0));
#381=LINE('',#380,#379);
#382=DIRECTION('',(1.E0,0.E0,2.993102574417E-11));
#383=VECTOR('',#382,3.257143995728E1);
#384=CARTESIAN_POINT('',(-1.628571997773E1,1.099999999574E1,-4.750000001044E0));
#385=LINE('',#384,#383);
#386=CARTESIAN_POINT('',(-1.628571997773E1,1.099999999574E1,-4.750000001044E0));
#387=CARTESIAN_POINT('',(-1.570692834666E1,9.524313513440E0,-4.750000001044E0));
#388=CARTESIAN_POINT('',(-1.458128500663E1,6.666768354255E0,-4.749999999679E0));
#389=CARTESIAN_POINT('',(-1.298272964509E1,2.651743443102E0,-4.749999999560E0));
#390=CARTESIAN_POINT('',(-1.148421424413E1,-1.058436703691E0,
-4.750000002082E0));
#391=CARTESIAN_POINT('',(-1.059620333328E1,-3.217995978964E0,
-4.749999995435E0));
#392=CARTESIAN_POINT('',(-1.017629356895E1,-4.228539859523E0,
-4.749999995435E0));
#394=CARTESIAN_POINT('',(0.E0,0.E0,-4.75E0));
#395=DIRECTION('',(0.E0,0.E0,-1.E0));
#396=DIRECTION('',(1.E0,-5.255803564659E-10,0.E0));
#397=AXIS2_PLACEMENT_3D('',#394,#395,#396);
#399=CARTESIAN_POINT('',(0.E0,0.E0,-4.75E0));
#400=DIRECTION('',(0.E0,0.E0,-1.E0));
#401=DIRECTION('',(-1.E0,-5.255804674882E-10,0.E0));
#402=AXIS2_PLACEMENT_3D('',#399,#400,#401);
#404=CARTESIAN_POINT('',(0.E0,0.E0,0.E0));
#405=DIRECTION('',(-4.101994299788E-10,0.E0,-1.E0));
#406=DIRECTION('',(9.358576355549E-1,-3.523783278999E-1,-3.838882686459E-10));
#407=AXIS2_PLACEMENT_3D('',#404,#405,#406);
#409=CARTESIAN_POINT('',(0.E0,0.E0,0.E0));
#410=DIRECTION('',(0.E0,0.E0,-1.E0));
#411=DIRECTION('',(0.E0,-1.E0,0.E0));
#412=AXIS2_PLACEMENT_3D('',#409,#410,#411);
#414=CARTESIAN_POINT('',(0.E0,-4.228539934798E0,0.E0));
#415=DIRECTION('',(0.E0,-1.E0,0.E0));
#416=DIRECTION('',(-1.E0,0.E0,-3.846897971944E-10));
#417=AXIS2_PLACEMENT_3D('',#414,#415,#416);
#419=CARTESIAN_POINT('',(0.E0,0.E0,-4.75E0));
#420=DIRECTION('',(0.E0,0.E0,1.E0));
#421=DIRECTION('',(-9.234496448069E-1,-3.837196287734E-1,0.E0));
#422=AXIS2_PLACEMENT_3D('',#419,#420,#421);
#424=CARTESIAN_POINT('',(0.E0,-4.228539934798E0,0.E0));
#425=DIRECTION('',(0.E0,-1.E0,0.E0));
#426=DIRECTION('',(9.061468639183E-1,0.E0,-4.229631910829E-1));
#427=AXIS2_PLACEMENT_3D('',#424,#425,#426);
#429=CARTESIAN_POINT('',(0.E0,-4.228539934798E0,0.E0));
#430=DIRECTION('',(0.E0,-1.E0,0.E0));
#431=DIRECTION('',(1.E0,0.E0,-2.051034285153E-10));
#432=AXIS2_PLACEMENT_3D('',#429,#430,#431);
#434=CARTESIAN_POINT('',(0.E0,0.E0,4.75E0));
#435=DIRECTION('',(0.E0,0.E0,-1.E0));
#436=DIRECTION('',(9.234496448069E-1,-3.837196287734E-1,0.E0));
#437=AXIS2_PLACEMENT_3D('',#434,#435,#436);
#439=CARTESIAN_POINT('',(0.E0,-4.228539934798E0,0.E0));
#440=DIRECTION('',(0.E0,-1.E0,0.E0));
#441=DIRECTION('',(-9.061468641678E-1,0.E0,4.229631905484E-1));
#442=AXIS2_PLACEMENT_3D('',#439,#440,#441);
#444=CARTESIAN_POINT('',(-1.017629357046E1,-4.228539859523E0,4.749999992216E0));
#445=CARTESIAN_POINT('',(-1.062306594574E1,-3.153349120076E0,4.749999992216E0));
#446=CARTESIAN_POINT('',(-1.154391525708E1,-9.119633972565E-1,
4.750000003532E0));
#447=CARTESIAN_POINT('',(-1.302898484294E1,2.767811707812E0,4.749999999314E0));
#448=CARTESIAN_POINT('',(-1.456498983955E1,6.625920877677E0,4.749999999212E0));
#449=CARTESIAN_POINT('',(-1.569804503813E1,9.501664637933E0,4.750000002296E0));
#450=CARTESIAN_POINT('',(-1.628571997890E1,1.099999999642E1,4.750000002296E0));
#452=CARTESIAN_POINT('',(1.628571997866E1,1.099999999642E1,4.749999997842E0));
#453=CARTESIAN_POINT('',(1.570692834768E1,9.524313514090E0,4.749999997842E0));
#454=CARTESIAN_POINT('',(1.458128500610E1,6.666768353952E0,4.750000001308E0));
#455=CARTESIAN_POINT('',(1.298272964544E1,2.651743443188E0,4.749999998659E0));
#456=CARTESIAN_POINT('',(1.148421424328E1,-1.058436703733E0,4.750000004054E0));
#457=CARTESIAN_POINT('',(1.059620333505E1,-3.217995978923E0,4.749999991434E0));
#458=CARTESIAN_POINT('',(1.017629357082E1,-4.228539859523E0,4.749999991434E0));
#460=CARTESIAN_POINT('',(0.E0,0.E0,4.75E0));
#461=DIRECTION('',(0.E0,0.E0,1.E0));
#462=DIRECTION('',(1.E0,-5.255808560663E-10,0.E0));
#463=AXIS2_PLACEMENT_3D('',#460,#461,#462);
#465=CARTESIAN_POINT('',(0.E0,0.E0,4.75E0));
#466=DIRECTION('',(0.E0,0.E0,1.E0));
#467=DIRECTION('',(-1.E0,-5.255810781109E-10,0.E0));
#468=AXIS2_PLACEMENT_3D('',#465,#466,#467);
#470=DIRECTION('',(1.E0,0.E0,2.993109952355E-11));
#471=VECTOR('',#470,3.225800118082E1);
#472=CARTESIAN_POINT('',(-1.612900059147E1,1.600000000004E1,9.749999998399E0));
#473=LINE('',#472,#471);
#474=DIRECTION('',(-1.E0,0.E0,1.367355808684E-10));
#475=VECTOR('',#474,3.257143995757E1);
#476=CARTESIAN_POINT('',(1.628571997866E1,1.099999999642E1,4.749999997842E0));
#477=LINE('',#476,#475);
#478=CARTESIAN_POINT('',(0.E0,1.600000000011E1,0.E0));
#479=DIRECTION('',(0.E0,1.E0,0.E0));
#480=DIRECTION('',(0.E0,0.E0,1.E0));
#481=AXIS2_PLACEMENT_3D('',#478,#479,#480);
#483=CARTESIAN_POINT('',(0.E0,1.600000000011E1,0.E0));
#484=DIRECTION('',(0.E0,1.E0,0.E0));
#485=DIRECTION('',(-8.557888071629E-1,0.E0,5.173253497893E-1));
#486=AXIS2_PLACEMENT_3D('',#483,#484,#485);
#488=DIRECTION('',(1.350421594102E-9,-9.358576390520E-1,3.523783186124E-1));
#489=VECTOR('',#488,2.137077175491E0);
#490=CARTESIAN_POINT('',(-8.040045693652E-9,1.8E1,-1.96E1));
#491=LINE('',#490,#489);
#492=CARTESIAN_POINT('',(-1.612900058743E1,1.600000000004E1,-9.750000001852E0));
#493=CARTESIAN_POINT('',(-1.635784447900E1,1.599999999996E1,-9.371433513636E0));
#494=CARTESIAN_POINT('',(-1.673521443795E1,1.591265779916E1,-8.622618551599E0));
#495=CARTESIAN_POINT('',(-1.707214768272E1,1.555691167169E1,-7.602867930261E0));
#496=CARTESIAN_POINT('',(-1.722295541497E1,1.500580601431E1,-6.695291703554E0));
#497=CARTESIAN_POINT('',(-1.721058932773E1,1.426405466225E1,-5.910071028935E0));
#498=CARTESIAN_POINT('',(-1.704669219738E1,1.333530758858E1,-5.278981176265E0));
#499=CARTESIAN_POINT('',(-1.673693551894E1,1.222665559591E1,-4.853008437653E0));
#500=CARTESIAN_POINT('',(-1.644850746041E1,1.141504277574E1,-4.750000000873E0));
#501=CARTESIAN_POINT('',(-1.628571997773E1,1.099999999574E1,-4.750000001044E0));
#503=CARTESIAN_POINT('',(-1.628571997890E1,1.099999999642E1,4.750000002296E0));
#504=CARTESIAN_POINT('',(-1.645003387017E1,1.141893450613E1,4.750000002296E0));
#505=CARTESIAN_POINT('',(-1.674157829234E1,1.223994335058E1,4.854975702810E0));
#506=CARTESIAN_POINT('',(-1.705457522744E1,1.336583541221E1,5.292863940836E0));
#507=CARTESIAN_POINT('',(-1.721634529617E1,1.431035971582E1,5.947774261189E0));
#508=CARTESIAN_POINT('',(-1.721846164288E1,1.505047652842E1,6.753893632035E0));
#509=CARTESIAN_POINT('',(-1.705485166686E1,1.558475476241E1,7.666743583798E0));
#510=CARTESIAN_POINT('',(-1.671915685152E1,1.591743713520E1,8.656112037904E0));
#511=CARTESIAN_POINT('',(-1.635069177192E1,1.600000000011E1,9.383265928306E0));
#512=CARTESIAN_POINT('',(-1.612900059147E1,1.600000000004E1,9.749999998399E0));
#514=DIRECTION('',(0.E0,9.358576390520E-1,3.523783186124E-1));
#515=VECTOR('',#514,2.137077175491E0);
#516=CARTESIAN_POINT('',(0.E0,1.600000000007E1,1.884694033816E1));
#517=LINE('',#516,#515);
#518=CARTESIAN_POINT('',(0.E0,1.8E1,0.E0));
#519=DIRECTION('',(0.E0,-1.E0,0.E0));
#520=DIRECTION('',(0.E0,0.E0,1.E0));
#521=AXIS2_PLACEMENT_3D('',#518,#519,#520);
#523=DIRECTION('',(-1.218188741462E-10,-1.E0,-1.472971239929E-10));
#524=VECTOR('',#523,2.2E1);
#525=CARTESIAN_POINT('',(-5.360030462435E-9,4.E1,-1.959999999676E1));
#526=LINE('',#525,#524);
#527=DIRECTION('',(0.E0,1.E0,-1.472971239929E-10));
#528=VECTOR('',#527,2.2E1);
#529=CARTESIAN_POINT('',(0.E0,1.8E1,1.96E1));
#530=LINE('',#529,#528);
#531=DIRECTION('',(-5.469106649040E-9,1.868731934628E-9,-1.E0));
#532=VECTOR('',#531,7.5E-1);
#533=CARTESIAN_POINT('',(8.000000002779E0,-3.589316486658E-9,4.75E0));
#534=LINE('',#533,#532);
#535=DIRECTION('',(-5.469107833278E-9,-1.868732724120E-9,1.E0));
#536=VECTOR('',#535,7.5E-1);
#537=CARTESIAN_POINT('',(-7.999999998677E0,0.E0,4.E0));
#538=LINE('',#537,#536);
#539=CARTESIAN_POINT('',(0.E0,0.E0,4.E0));
#540=DIRECTION('',(0.E0,0.E0,1.E0));
#541=DIRECTION('',(-1.E0,0.E0,0.E0));
#542=AXIS2_PLACEMENT_3D('',#539,#540,#541);
#544=CARTESIAN_POINT('',(0.E0,0.E0,4.E0));
#545=DIRECTION('',(0.E0,0.E0,1.E0));
#546=DIRECTION('',(1.E0,0.E0,0.E0));
#547=AXIS2_PLACEMENT_3D('',#544,#545,#546);
#549=CARTESIAN_POINT('',(-5.123475376448E0,0.E0,4.E0));
#550=CARTESIAN_POINT('',(-5.121494122521E0,4.570035947571E-1,4.E0));
#551=CARTESIAN_POINT('',(-5.006655880621E0,1.336499947670E0,4.E0));
#552=CARTESIAN_POINT('',(-4.487554547612E0,2.592906678776E0,4.E0));
#553=CARTESIAN_POINT('',(-3.664259548509E0,3.664391477003E0,4.E0));
#554=CARTESIAN_POINT('',(-2.590651235429E0,4.488413469468E0,4.E0));
#555=CARTESIAN_POINT('',(-1.340644772109E0,5.005883261173E0,4.E0));
#556=CARTESIAN_POINT('',(7.714604883271E-4,5.182373220562E0,4.E0));
#557=CARTESIAN_POINT('',(1.342140292822E0,5.005475772781E0,4.E0));
#558=CARTESIAN_POINT('',(2.591969936055E0,4.487673128076E0,4.E0));
#559=CARTESIAN_POINT('',(3.665409934131E0,3.663187377801E0,4.E0));
#560=CARTESIAN_POINT('',(4.488223336633E0,2.591873332946E0,4.E0));
#561=CARTESIAN_POINT('',(5.007142845815E0,1.334366664907E0,4.E0));
#562=CARTESIAN_POINT('',(5.121666794584E0,4.561193088664E-1,4.E0));
#563=CARTESIAN_POINT('',(5.123475376448E0,0.E0,4.E0));
#565=CARTESIAN_POINT('',(5.123475376448E0,0.E0,4.E0));
#566=CARTESIAN_POINT('',(5.121494122521E0,-4.570035947571E-1,4.E0));
#567=CARTESIAN_POINT('',(5.006655880621E0,-1.336499947670E0,4.E0));
#568=CARTESIAN_POINT('',(4.487554547612E0,-2.592906678776E0,4.E0));
#569=CARTESIAN_POINT('',(3.664259548509E0,-3.664391477003E0,4.E0));
#570=CARTESIAN_POINT('',(2.590651235429E0,-4.488413469468E0,4.E0));
#571=CARTESIAN_POINT('',(1.340644772109E0,-5.005883261173E0,4.E0));
#572=CARTESIAN_POINT('',(-7.714604883352E-4,-5.182373220562E0,4.E0));
#573=CARTESIAN_POINT('',(-1.342140292822E0,-5.005475772781E0,4.E0));
#574=CARTESIAN_POINT('',(-2.591969936055E0,-4.487673128076E0,4.E0));
#575=CARTESIAN_POINT('',(-3.665409934131E0,-3.663187377801E0,4.E0));
#576=CARTESIAN_POINT('',(-4.488223336633E0,-2.591873332946E0,4.E0));
#577=CARTESIAN_POINT('',(-5.007142845815E0,-1.334366664907E0,4.E0));
#578=CARTESIAN_POINT('',(-5.121666794584E0,-4.561193088664E-1,4.E0));
#579=CARTESIAN_POINT('',(-5.123475376448E0,0.E0,4.E0));
#581=DIRECTION('',(5.469107833278E-9,1.868730553017E-9,1.E0));
#582=VECTOR('',#581,7.5E-1);
#583=CARTESIAN_POINT('',(-8.000000002779E0,-3.589315450450E-9,-4.75E0));
#584=LINE('',#583,#582);
#585=DIRECTION('',(5.469106649040E-9,-1.868730158271E-9,-1.E0));
#586=VECTOR('',#585,7.5E-1);
#587=CARTESIAN_POINT('',(7.999999998677E0,0.E0,-4.E0));
#588=LINE('',#587,#586);
#589=CARTESIAN_POINT('',(0.E0,0.E0,-4.E0));
#590=DIRECTION('',(0.E0,0.E0,1.E0));
#591=DIRECTION('',(-1.E0,0.E0,0.E0));
#592=AXIS2_PLACEMENT_3D('',#589,#590,#591);
#594=CARTESIAN_POINT('',(0.E0,0.E0,-4.E0));
#595=DIRECTION('',(0.E0,0.E0,1.E0));
#596=DIRECTION('',(1.E0,0.E0,0.E0));
#597=AXIS2_PLACEMENT_3D('',#594,#595,#596);
#599=CARTESIAN_POINT('',(-5.123475376448E0,0.E0,-4.E0));
#600=CARTESIAN_POINT('',(-5.121666794584E0,-4.561193088664E-1,-4.E0));
#601=CARTESIAN_POINT('',(-5.007142845815E0,-1.334366664907E0,-4.E0));
#602=CARTESIAN_POINT('',(-4.488223336633E0,-2.591873332946E0,-4.E0));
#603=CARTESIAN_POINT('',(-3.665409934131E0,-3.663187377801E0,-4.E0));
#604=CARTESIAN_POINT('',(-2.591969936055E0,-4.487673128076E0,-4.E0));
#605=CARTESIAN_POINT('',(-1.342140292822E0,-5.005475772781E0,-4.E0));
#606=CARTESIAN_POINT('',(-7.714604883352E-4,-5.182373220562E0,-4.E0));
#607=CARTESIAN_POINT('',(1.340644772109E0,-5.005883261173E0,-4.E0));
#608=CARTESIAN_POINT('',(2.590651235429E0,-4.488413469468E0,-4.E0));
#609=CARTESIAN_POINT('',(3.664259548509E0,-3.664391477003E0,-4.E0));
#610=CARTESIAN_POINT('',(4.487554547612E0,-2.592906678776E0,-4.E0));
#611=CARTESIAN_POINT('',(5.006655880621E0,-1.336499947670E0,-4.E0));
#612=CARTESIAN_POINT('',(5.121494122521E0,-4.570035947571E-1,-4.E0));
#613=CARTESIAN_POINT('',(5.123475376448E0,0.E0,-4.E0));
#615=CARTESIAN_POINT('',(5.123475376448E0,0.E0,-4.E0));
#616=CARTESIAN_POINT('',(5.121666794584E0,4.561193088664E-1,-4.E0));
#617=CARTESIAN_POINT('',(5.007142845815E0,1.334366664907E0,-4.E0));
#618=CARTESIAN_POINT('',(4.488223336633E0,2.591873332946E0,-4.E0));
#619=CARTESIAN_POINT('',(3.665409934131E0,3.663187377801E0,-4.E0));
#620=CARTESIAN_POINT('',(2.591969936055E0,4.487673128076E0,-4.E0));
#621=CARTESIAN_POINT('',(1.342140292822E0,5.005475772781E0,-4.E0));
#622=CARTESIAN_POINT('',(7.714604883271E-4,5.182373220562E0,-4.E0));
#623=CARTESIAN_POINT('',(-1.340644772109E0,5.005883261173E0,-4.E0));
#624=CARTESIAN_POINT('',(-2.590651235429E0,4.488413469468E0,-4.E0));
#625=CARTESIAN_POINT('',(-3.664259548509E0,3.664391477003E0,-4.E0));
#626=CARTESIAN_POINT('',(-4.487554547612E0,2.592906678776E0,-4.E0));
#627=CARTESIAN_POINT('',(-5.006655880621E0,1.336499947670E0,-4.E0));
#628=CARTESIAN_POINT('',(-5.121494122521E0,4.570035947571E-1,-4.E0));
#629=CARTESIAN_POINT('',(-5.123475376448E0,0.E0,-4.E0));
#631=DIRECTION('',(0.E0,-1.E0,2.141835210072E-12));
#632=VECTOR('',#631,1.26E2);
#633=CARTESIAN_POINT('',(-4.649006013336E-9,1.66E2,-1.699999999719E1));
#634=LINE('',#633,#632);
#635=DIRECTION('',(0.E0,1.E0,2.141835210072E-12));
#636=VECTOR('',#635,1.26E2);
#637=CARTESIAN_POINT('',(0.E0,4.E1,1.699999999692E1));
#638=LINE('',#637,#636);
#639=CARTESIAN_POINT('',(0.E0,4.6E1,0.E0));
#640=DIRECTION('',(0.E0,1.E0,0.E0));
#641=DIRECTION('',(0.E0,0.E0,1.E0));
#642=AXIS2_PLACEMENT_3D('',#639,#640,#641);
#644=CARTESIAN_POINT('',(0.E0,4.6E1,0.E0));
#645=DIRECTION('',(0.E0,1.E0,0.E0));
#646=DIRECTION('',(0.E0,0.E0,-1.E0));
#647=AXIS2_PLACEMENT_3D('',#644,#645,#646);
#649=VERTEX_POINT('',#613);
#650=VERTEX_POINT('',#599);
#651=VERTEX_POINT('',#549);
#652=VERTEX_POINT('',#563);
#653=CARTESIAN_POINT('',(0.E0,1.66E2,5.499999996392E0));
#654=CARTESIAN_POINT('',(0.E0,4.6E1,5.499999999091E0));
#655=VERTEX_POINT('',#653);
#656=VERTEX_POINT('',#654);
#657=CARTESIAN_POINT('',(0.E0,4.6E1,-5.5E0));
#658=VERTEX_POINT('',#657);
#659=CARTESIAN_POINT('',(-1.504090180785E-9,1.66E2,-5.499999996392E0));
#660=VERTEX_POINT('',#659);
#661=CARTESIAN_POINT('',(-7.999999998677E0,0.E0,4.E0));
#662=CARTESIAN_POINT('',(-8.000000002779E0,-1.401550196235E-9,4.75E0));
#663=VERTEX_POINT('',#661);
#664=VERTEX_POINT('',#662);
#665=CARTESIAN_POINT('',(8.000000002779E0,-3.589316486658E-9,4.75E0));
#666=CARTESIAN_POINT('',(7.999999998677E0,-2.187767535688E-9,4.E0));
#667=VERTEX_POINT('',#665);
#668=VERTEX_POINT('',#666);
#669=CARTESIAN_POINT('',(7.999999998677E0,0.E0,-4.E0));
#670=CARTESIAN_POINT('',(8.000000002779E0,-1.401548271848E-9,-4.75E0));
#671=VERTEX_POINT('',#669);
#672=VERTEX_POINT('',#670);
#673=CARTESIAN_POINT('',(-8.000000002779E0,-3.589315450450E-9,-4.75E0));
#674=CARTESIAN_POINT('',(-7.999999998677E0,-2.187767535688E-9,-4.E0));
#675=VERTEX_POINT('',#673);
#676=VERTEX_POINT('',#674);
#677=CARTESIAN_POINT('',(0.E0,-1.2E1,0.E0));
#678=CARTESIAN_POINT('',(-1.123029162666E1,-4.228539934798E0,
-8.117133542731E-14));
#679=VERTEX_POINT('',#677);
#680=VERTEX_POINT('',#678);
#681=CARTESIAN_POINT('',(-1.017629354119E1,-4.228539934798E0,4.749999977201E0));
#682=VERTEX_POINT('',#681);
#683=CARTESIAN_POINT('',(1.017629357851E1,-4.228539819356E0,4.75E0));
#684=VERTEX_POINT('',#683);
#685=CARTESIAN_POINT('',(1.123029162666E1,-4.228539934798E0,
-2.303371315855E-9));
#686=VERTEX_POINT('',#685);
#687=CARTESIAN_POINT('',(1.612900059144E1,1.600000000011E1,-9.750000003367E0));
#688=CARTESIAN_POINT('',(0.E0,1.600000000011E1,-1.884694033907E1));
#689=VERTEX_POINT('',#687);
#690=VERTEX_POINT('',#688);
#691=VERTEX_POINT('',#357);
#692=VERTEX_POINT('',#349);
#693=VERTEX_POINT('',#452);
#694=VERTEX_POINT('',#338);
#695=CARTESIAN_POINT('',(0.E0,1.600000000011E1,1.884694033907E1));
#696=VERTEX_POINT('',#695);
#697=CARTESIAN_POINT('',(0.E0,1.8E1,1.96E1));
#698=VERTEX_POINT('',#697);
#699=CARTESIAN_POINT('',(-8.040045693652E-9,1.8E1,-1.96E1));
#700=VERTEX_POINT('',#699);
#701=CARTESIAN_POINT('',(0.E0,4.E1,1.959999999676E1));
#702=VERTEX_POINT('',#701);
#703=CARTESIAN_POINT('',(0.E0,4.E1,-1.96E1));
#704=VERTEX_POINT('',#703);
#705=CARTESIAN_POINT('',(-1.628571997890E1,1.099999999642E1,4.750000002296E0));
#706=VERTEX_POINT('',#705);
#707=CARTESIAN_POINT('',(-1.628571997773E1,1.099999999574E1,-4.750000001044E0));
#708=VERTEX_POINT('',#707);
#709=CARTESIAN_POINT('',(-1.017629357851E1,-4.228539819356E0,-4.75E0));
#710=VERTEX_POINT('',#709);
#711=CARTESIAN_POINT('',(-1.612900059144E1,1.600000000011E1,9.750000003367E0));
#712=VERTEX_POINT('',#711);
#713=VERTEX_POINT('',#492);
#714=CARTESIAN_POINT('',(0.E0,4.E1,-1.7E1));
#715=CARTESIAN_POINT('',(0.E0,4.E1,1.7E1));
#716=VERTEX_POINT('',#714);
#717=VERTEX_POINT('',#715);
#718=CARTESIAN_POINT('',(0.E0,1.66E2,1.699999999719E1));
#719=VERTEX_POINT('',#718);
#720=CARTESIAN_POINT('',(0.E0,1.66E2,-1.7E1));
#721=VERTEX_POINT('',#720);
#722=CARTESIAN_POINT('',(0.E0,4.6E1,0.E0));
#723=DIRECTION('',(0.E0,1.E0,0.E0));
#724=DIRECTION('',(0.E0,0.E0,1.E0));
#725=AXIS2_PLACEMENT_3D('',#722,#723,#724);
#726=CYLINDRICAL_SURFACE('',#725,5.5E0);
#728=ORIENTED_EDGE('',*,*,#727,.T.);
#730=ORIENTED_EDGE('',*,*,#729,.F.);
#732=ORIENTED_EDGE('',*,*,#731,.T.);
#734=ORIENTED_EDGE('',*,*,#733,.F.);
#735=EDGE_LOOP('',(#728,#730,#732,#734));
#736=FACE_OUTER_BOUND('',#735,.F.);
#737=ADVANCED_FACE('',(#736),#726,.T.);
#738=CARTESIAN_POINT('',(0.E0,4.6E1,0.E0));
#739=DIRECTION('',(0.E0,1.E0,0.E0));
#740=DIRECTION('',(0.E0,0.E0,1.E0));
#741=AXIS2_PLACEMENT_3D('',#738,#739,#740);
#742=CYLINDRICAL_SURFACE('',#741,5.5E0);
#744=ORIENTED_EDGE('',*,*,#743,.F.);
#745=ORIENTED_EDGE('',*,*,#731,.F.);
#747=ORIENTED_EDGE('',*,*,#746,.F.);
#748=ORIENTED_EDGE('',*,*,#727,.F.);
#749=EDGE_LOOP('',(#744,#745,#747,#748));
#750=FACE_OUTER_BOUND('',#749,.F.);
#751=ADVANCED_FACE('',(#750),#742,.T.);
#752=CARTESIAN_POINT('',(0.E0,1.66E2,0.E0));
#753=DIRECTION('',(0.E0,1.E0,0.E0));
#754=DIRECTION('',(0.E0,0.E0,1.E0));
#755=AXIS2_PLACEMENT_3D('',#752,#753,#754);
#756=PLANE('',#755);
#758=ORIENTED_EDGE('',*,*,#757,.T.);
#760=ORIENTED_EDGE('',*,*,#759,.T.);
#761=EDGE_LOOP('',(#758,#760));
#762=FACE_OUTER_BOUND('',#761,.F.);
#763=ORIENTED_EDGE('',*,*,#743,.T.);
#764=ORIENTED_EDGE('',*,*,#733,.T.);
#765=EDGE_LOOP('',(#763,#764));
#766=FACE_BOUND('',#765,.F.);
#767=ADVANCED_FACE('',(#762,#766),#756,.F.);
#768=CARTESIAN_POINT('',(0.E0,4.E1,0.E0));
#769=DIRECTION('',(0.E0,1.E0,0.E0));
#770=DIRECTION('',(0.E0,0.E0,1.E0));
#771=AXIS2_PLACEMENT_3D('',#768,#769,#770);
#772=CYLINDRICAL_SURFACE('',#771,1.7E1);
#774=ORIENTED_EDGE('',*,*,#773,.F.);
#776=ORIENTED_EDGE('',*,*,#775,.F.);
#777=ORIENTED_EDGE('',*,*,#757,.F.);
#779=ORIENTED_EDGE('',*,*,#778,.F.);
#780=EDGE_LOOP('',(#774,#776,#777,#779));
#781=FACE_OUTER_BOUND('',#780,.F.);
#782=ADVANCED_FACE('',(#781),#772,.F.);
#783=CARTESIAN_POINT('',(0.E0,4.E1,0.E0));
#784=DIRECTION('',(0.E0,1.E0,0.E0));
#785=DIRECTION('',(0.E0,0.E0,1.E0));
#786=AXIS2_PLACEMENT_3D('',#783,#784,#785);
#787=PLANE('',#786);
#789=ORIENTED_EDGE('',*,*,#788,.T.);
#791=ORIENTED_EDGE('',*,*,#790,.T.);
#792=EDGE_LOOP('',(#789,#791));
#793=FACE_OUTER_BOUND('',#792,.F.);
#794=ORIENTED_EDGE('',*,*,#773,.T.);
#796=ORIENTED_EDGE('',*,*,#795,.T.);
#797=EDGE_LOOP('',(#794,#796));
#798=FACE_BOUND('',#797,.F.);
#799=ADVANCED_FACE('',(#793,#798),#787,.F.);
#800=CARTESIAN_POINT('',(0.E0,1.8E1,0.E0));
#801=DIRECTION('',(0.E0,1.E0,0.E0));
#802=DIRECTION('',(0.E0,0.E0,1.E0));
#803=AXIS2_PLACEMENT_3D('',#800,#801,#802);
#804=CYLINDRICAL_SURFACE('',#803,1.96E1);
#806=ORIENTED_EDGE('',*,*,#805,.F.);
#808=ORIENTED_EDGE('',*,*,#807,.F.);
#809=ORIENTED_EDGE('',*,*,#788,.F.);
#811=ORIENTED_EDGE('',*,*,#810,.F.);
#812=EDGE_LOOP('',(#806,#808,#809,#811));
#813=FACE_OUTER_BOUND('',#812,.F.);
#814=ADVANCED_FACE('',(#813),#804,.F.);
#815=CARTESIAN_POINT('',(0.E0,6.885730090500E0,0.E0));
#816=DIRECTION('',(0.E0,1.E0,0.E0));
#817=DIRECTION('',(0.E0,0.E0,1.E0));
#818=AXIS2_PLACEMENT_3D('',#815,#816,#817);
#819=CONICAL_SURFACE('',#818,1.541514583500E1,2.063285285944E1);
#821=ORIENTED_EDGE('',*,*,#820,.T.);
#823=ORIENTED_EDGE('',*,*,#822,.F.);
#824=ORIENTED_EDGE('',*,*,#805,.T.);
#826=ORIENTED_EDGE('',*,*,#825,.F.);
#828=ORIENTED_EDGE('',*,*,#827,.T.);
#830=ORIENTED_EDGE('',*,*,#829,.T.);
#832=ORIENTED_EDGE('',*,*,#831,.T.);
#834=ORIENTED_EDGE('',*,*,#833,.F.);
#836=ORIENTED_EDGE('',*,*,#835,.F.);
#838=ORIENTED_EDGE('',*,*,#837,.T.);
#840=ORIENTED_EDGE('',*,*,#839,.T.);
#841=EDGE_LOOP('',(#821,#823,#824,#826,#828,#830,#832,#834,#836,#838,#840));
#842=FACE_OUTER_BOUND('',#841,.F.);
#843=ADVANCED_FACE('',(#842),#819,.F.);
#844=CARTESIAN_POINT('',(0.E0,1.6E1,-1.429847016816E1));
#845=DIRECTION('',(0.E0,1.E0,0.E0));
#846=DIRECTION('',(0.E0,0.E0,1.E0));
#847=AXIS2_PLACEMENT_3D('',#844,#845,#846);
#848=PLANE('',#847);
#850=ORIENTED_EDGE('',*,*,#849,.T.);
#852=ORIENTED_EDGE('',*,*,#851,.F.);
#853=ORIENTED_EDGE('',*,*,#820,.F.);
#854=EDGE_LOOP('',(#850,#852,#853));
#855=FACE_OUTER_BOUND('',#854,.F.);
#856=ADVANCED_FACE('',(#855),#848,.T.);
#857=CARTESIAN_POINT('',(-1.743272098200E1,1.1E1,-9.75E0));
#858=DIRECTION('',(1.E0,0.E0,0.E0));
#859=DIRECTION('',(0.E0,0.E0,-1.E0));
#860=AXIS2_PLACEMENT_3D('',#857,#858,#859);
#861=CYLINDRICAL_SURFACE('',#860,5.E0);
#862=ORIENTED_EDGE('',*,*,#849,.F.);
#863=ORIENTED_EDGE('',*,*,#839,.F.);
#865=ORIENTED_EDGE('',*,*,#864,.F.);
#867=ORIENTED_EDGE('',*,*,#866,.F.);
#868=EDGE_LOOP('',(#862,#863,#865,#867));
#869=FACE_OUTER_BOUND('',#868,.F.);
#870=ADVANCED_FACE('',(#869),#861,.T.);
#871=CARTESIAN_POINT('',(0.E0,-1.902191780740E-2,-4.75E0));
#872=DIRECTION('',(0.E0,0.E0,1.E0));
#873=DIRECTION('',(0.E0,-1.E0,0.E0));
#874=AXIS2_PLACEMENT_3D('',#871,#872,#873);
#875=PLANE('',#874);
#876=ORIENTED_EDGE('',*,*,#864,.T.);
#877=ORIENTED_EDGE('',*,*,#837,.F.);
#879=ORIENTED_EDGE('',*,*,#878,.F.);
#881=ORIENTED_EDGE('',*,*,#880,.F.);
#882=EDGE_LOOP('',(#876,#877,#879,#881));
#883=FACE_OUTER_BOUND('',#882,.F.);
#885=ORIENTED_EDGE('',*,*,#884,.F.);
#887=ORIENTED_EDGE('',*,*,#886,.F.);
#888=EDGE_LOOP('',(#885,#887));
#889=FACE_BOUND('',#888,.F.);
#890=ADVANCED_FACE('',(#883,#889),#875,.T.);
#891=CARTESIAN_POINT('',(0.E0,0.E0,0.E0));
#892=DIRECTION('',(0.E0,1.E0,0.E0));
#893=DIRECTION('',(-1.E0,0.E0,0.E0));
#894=AXIS2_PLACEMENT_3D('',#891,#892,#893);
#895=SPHERICAL_SURFACE('',#894,1.2E1);
#897=ORIENTED_EDGE('',*,*,#896,.T.);
#899=ORIENTED_EDGE('',*,*,#898,.T.);
#901=ORIENTED_EDGE('',*,*,#900,.T.);
#902=ORIENTED_EDGE('',*,*,#878,.T.);
#903=ORIENTED_EDGE('',*,*,#835,.T.);
#904=EDGE_LOOP('',(#897,#899,#901,#902,#903));
#905=FACE_OUTER_BOUND('',#904,.F.);
#906=ADVANCED_FACE('',(#905),#895,.F.);
#907=CARTESIAN_POINT('',(0.E0,0.E0,0.E0));
#908=DIRECTION('',(0.E0,1.E0,0.E0));
#909=DIRECTION('',(-1.E0,0.E0,0.E0));
#910=AXIS2_PLACEMENT_3D('',#907,#908,#909);
#911=SPHERICAL_SURFACE('',#910,1.2E1);
#912=ORIENTED_EDGE('',*,*,#898,.F.);
#913=ORIENTED_EDGE('',*,*,#896,.F.);
#914=ORIENTED_EDGE('',*,*,#833,.T.);
#916=ORIENTED_EDGE('',*,*,#915,.T.);
#918=ORIENTED_EDGE('',*,*,#917,.T.);
#919=EDGE_LOOP('',(#912,#913,#914,#916,#918));
#920=FACE_OUTER_BOUND('',#919,.F.);
#921=ADVANCED_FACE('',(#920),#911,.F.);
#922=CARTESIAN_POINT('',(0.E0,-1.902191780740E-2,4.75E0));
#923=DIRECTION('',(0.E0,0.E0,1.E0));
#924=DIRECTION('',(0.E0,1.E0,0.E0));
#925=AXIS2_PLACEMENT_3D('',#922,#923,#924);
#926=PLANE('',#925);
#928=ORIENTED_EDGE('',*,*,#927,.T.);
#930=ORIENTED_EDGE('',*,*,#929,.F.);
#931=ORIENTED_EDGE('',*,*,#915,.F.);
#932=ORIENTED_EDGE('',*,*,#831,.F.);
#933=EDGE_LOOP('',(#928,#930,#931,#932));
#934=FACE_OUTER_BOUND('',#933,.F.);
#936=ORIENTED_EDGE('',*,*,#935,.F.);
#938=ORIENTED_EDGE('',*,*,#937,.F.);
#939=EDGE_LOOP('',(#936,#938));
#940=FACE_BOUND('',#939,.F.);
#941=ADVANCED_FACE('',(#934,#940),#926,.F.);
#942=CARTESIAN_POINT('',(-1.743012886400E1,1.1E1,9.75E0));
#943=DIRECTION('',(1.E0,0.E0,0.E0));
#944=DIRECTION('',(0.E0,0.E0,-1.E0));
#945=AXIS2_PLACEMENT_3D('',#942,#943,#944);
#946=CYLINDRICAL_SURFACE('',#945,5.E0);
#948=ORIENTED_EDGE('',*,*,#947,.F.);
#950=ORIENTED_EDGE('',*,*,#949,.F.);
#951=ORIENTED_EDGE('',*,*,#927,.F.);
#952=ORIENTED_EDGE('',*,*,#829,.F.);
#953=EDGE_LOOP('',(#948,#950,#951,#952));
#954=FACE_OUTER_BOUND('',#953,.F.);
#955=ADVANCED_FACE('',(#954),#946,.T.);
#956=CARTESIAN_POINT('',(0.E0,1.6E1,1.429847016816E1));
#957=DIRECTION('',(0.E0,1.E0,0.E0));
#958=DIRECTION('',(0.E0,0.E0,1.E0));
#959=AXIS2_PLACEMENT_3D('',#956,#957,#958);
#960=PLANE('',#959);
#961=ORIENTED_EDGE('',*,*,#947,.T.);
#962=ORIENTED_EDGE('',*,*,#827,.F.);
#964=ORIENTED_EDGE('',*,*,#963,.F.);
#965=EDGE_LOOP('',(#961,#962,#964));
#966=FACE_OUTER_BOUND('',#965,.F.);
#967=ADVANCED_FACE('',(#966),#960,.T.);
#968=CARTESIAN_POINT('',(0.E0,6.885730090500E0,0.E0));
#969=DIRECTION('',(0.E0,1.E0,0.E0));
#970=DIRECTION('',(0.E0,0.E0,1.E0));
#971=AXIS2_PLACEMENT_3D('',#968,#969,#970);
#972=CONICAL_SURFACE('',#971,1.541514583500E1,2.063285285944E1);
#973=ORIENTED_EDGE('',*,*,#822,.T.);
#974=ORIENTED_EDGE('',*,*,#851,.T.);
#975=ORIENTED_EDGE('',*,*,#866,.T.);
#976=ORIENTED_EDGE('',*,*,#880,.T.);
#977=ORIENTED_EDGE('',*,*,#900,.F.);
#978=ORIENTED_EDGE('',*,*,#917,.F.);
#979=ORIENTED_EDGE('',*,*,#929,.T.);
#980=ORIENTED_EDGE('',*,*,#949,.T.);
#981=ORIENTED_EDGE('',*,*,#963,.T.);
#982=ORIENTED_EDGE('',*,*,#825,.T.);
#984=ORIENTED_EDGE('',*,*,#983,.T.);
#985=EDGE_LOOP('',(#973,#974,#975,#976,#977,#978,#979,#980,#981,#982,#984));
#986=FACE_OUTER_BOUND('',#985,.F.);
#987=ADVANCED_FACE('',(#986),#972,.F.);
#988=CARTESIAN_POINT('',(0.E0,1.8E1,0.E0));
#989=DIRECTION('',(0.E0,1.E0,0.E0));
#990=DIRECTION('',(0.E0,0.E0,1.E0));
#991=AXIS2_PLACEMENT_3D('',#988,#989,#990);
#992=CYLINDRICAL_SURFACE('',#991,1.96E1);
#993=ORIENTED_EDGE('',*,*,#807,.T.);
#994=ORIENTED_EDGE('',*,*,#983,.F.);
#995=ORIENTED_EDGE('',*,*,#810,.T.);
#996=ORIENTED_EDGE('',*,*,#790,.F.);
#997=EDGE_LOOP('',(#993,#994,#995,#996));
#998=FACE_OUTER_BOUND('',#997,.F.);
#999=ADVANCED_FACE('',(#998),#992,.F.);
#1000=CARTESIAN_POINT('',(0.E0,0.E0,4.75E0));
#1001=DIRECTION('',(0.E0,0.E0,-1.E0));
#1002=DIRECTION('',(-1.E0,0.E0,0.E0));
#1003=AXIS2_PLACEMENT_3D('',#1000,#1001,#1002);
#1004=CYLINDRICAL_SURFACE('',#1003,8.E0);
#1006=ORIENTED_EDGE('',*,*,#1005,.F.);
#1008=ORIENTED_EDGE('',*,*,#1007,.F.);
#1009=ORIENTED_EDGE('',*,*,#935,.T.);
#1011=ORIENTED_EDGE('',*,*,#1010,.F.);
#1012=EDGE_LOOP('',(#1006,#1008,#1009,#1011));
#1013=FACE_OUTER_BOUND('',#1012,.F.);
#1014=ADVANCED_FACE('',(#1013),#1004,.T.);
#1015=CARTESIAN_POINT('',(0.E0,0.E0,4.E0));
#1016=DIRECTION('',(0.E0,0.E0,1.E0));
#1017=DIRECTION('',(1.E0,0.E0,0.E0));
#1018=AXIS2_PLACEMENT_3D('',#1015,#1016,#1017);
#1019=PLANE('',#1018);
#1021=ORIENTED_EDGE('',*,*,#1020,.T.);
#1022=ORIENTED_EDGE('',*,*,#1005,.T.);
#1023=EDGE_LOOP('',(#1021,#1022));
#1024=FACE_OUTER_BOUND('',#1023,.F.);
#1026=ORIENTED_EDGE('',*,*,#1025,.T.);
#1028=ORIENTED_EDGE('',*,*,#1027,.T.);
#1029=EDGE_LOOP('',(#1026,#1028));
#1030=FACE_BOUND('',#1029,.F.);
#1031=ADVANCED_FACE('',(#1024,#1030),#1019,.F.);
#1032=CARTESIAN_POINT('',(0.E0,0.E0,4.75E0));
#1033=DIRECTION('',(0.E0,0.E0,-1.E0));
#1034=DIRECTION('',(-1.E0,0.E0,0.E0));
#1035=AXIS2_PLACEMENT_3D('',#1032,#1033,#1034);
#1036=CYLINDRICAL_SURFACE('',#1035,8.E0);
#1037=ORIENTED_EDGE('',*,*,#1010,.T.);
#1038=ORIENTED_EDGE('',*,*,#937,.T.);
#1039=ORIENTED_EDGE('',*,*,#1007,.T.);
#1040=ORIENTED_EDGE('',*,*,#1020,.F.);
#1041=EDGE_LOOP('',(#1037,#1038,#1039,#1040));
#1042=FACE_OUTER_BOUND('',#1041,.F.);
#1043=ADVANCED_FACE('',(#1042),#1036,.T.);
#1044=CARTESIAN_POINT('',(0.E0,0.E0,-4.75E0));
#1045=DIRECTION('',(0.E0,0.E0,1.E0));
#1046=DIRECTION('',(1.E0,0.E0,0.E0));
#1047=AXIS2_PLACEMENT_3D('',#1044,#1045,#1046);
#1048=CYLINDRICAL_SURFACE('',#1047,8.E0);
#1050=ORIENTED_EDGE('',*,*,#1049,.T.);
#1051=ORIENTED_EDGE('',*,*,#884,.T.);
#1053=ORIENTED_EDGE('',*,*,#1052,.T.);
#1055=ORIENTED_EDGE('',*,*,#1054,.T.);
#1056=EDGE_LOOP('',(#1050,#1051,#1053,#1055));
#1057=FACE_OUTER_BOUND('',#1056,.F.);
#1058=ADVANCED_FACE('',(#1057),#1048,.T.);
#1059=CARTESIAN_POINT('',(0.E0,0.E0,-4.75E0));
#1060=DIRECTION('',(0.E0,0.E0,1.E0));
#1061=DIRECTION('',(1.E0,0.E0,0.E0));
#1062=AXIS2_PLACEMENT_3D('',#1059,#1060,#1061);
#1063=CYLINDRICAL_SURFACE('',#1062,8.E0);
#1065=ORIENTED_EDGE('',*,*,#1064,.T.);
#1066=ORIENTED_EDGE('',*,*,#1052,.F.);
#1067=ORIENTED_EDGE('',*,*,#886,.T.);
#1068=ORIENTED_EDGE('',*,*,#1049,.F.);
#1069=EDGE_LOOP('',(#1065,#1066,#1067,#1068));
#1070=FACE_OUTER_BOUND('',#1069,.F.);
#1071=ADVANCED_FACE('',(#1070),#1063,.T.);
#1072=CARTESIAN_POINT('',(0.E0,0.E0,-4.E0));
#1073=DIRECTION('',(0.E0,0.E0,1.E0));
#1074=DIRECTION('',(1.E0,0.E0,0.E0));
#1075=AXIS2_PLACEMENT_3D('',#1072,#1073,#1074);
#1076=PLANE('',#1075);
#1077=ORIENTED_EDGE('',*,*,#1054,.F.);
#1078=ORIENTED_EDGE('',*,*,#1064,.F.);
#1079=EDGE_LOOP('',(#1077,#1078));
#1080=FACE_OUTER_BOUND('',#1079,.F.);
#1082=ORIENTED_EDGE('',*,*,#1081,.T.);
#1084=ORIENTED_EDGE('',*,*,#1083,.T.);
#1085=EDGE_LOOP('',(#1082,#1084));
#1086=FACE_BOUND('',#1085,.F.);
#1087=ADVANCED_FACE('',(#1080,#1086),#1076,.T.);
#1088=CARTESIAN_POINT('',(0.E0,4.E1,0.E0));
#1089=DIRECTION('',(0.E0,1.E0,0.E0));
#1090=DIRECTION('',(0.E0,0.E0,1.E0));
#1091=AXIS2_PLACEMENT_3D('',#1088,#1089,#1090);
#1092=CYLINDRICAL_SURFACE('',#1091,1.7E1);
#1093=ORIENTED_EDGE('',*,*,#775,.T.);
#1094=ORIENTED_EDGE('',*,*,#795,.F.);
#1095=ORIENTED_EDGE('',*,*,#778,.T.);
#1096=ORIENTED_EDGE('',*,*,#759,.F.);
#1097=EDGE_LOOP('',(#1093,#1094,#1095,#1096));
#1098=FACE_OUTER_BOUND('',#1097,.F.);
#1099=ADVANCED_FACE('',(#1098),#1092,.F.);
#1100=CARTESIAN_POINT('',(0.E0,4.6E1,0.E0));
#1101=DIRECTION('',(0.E0,1.E0,0.E0));
#1102=DIRECTION('',(0.E0,0.E0,1.E0));
#1103=AXIS2_PLACEMENT_3D('',#1100,#1101,#1102);
#1104=PLANE('',#1103);
#1105=ORIENTED_EDGE('',*,*,#746,.T.);
#1106=ORIENTED_EDGE('',*,*,#729,.T.);
#1107=EDGE_LOOP('',(#1105,#1106));
#1108=FACE_OUTER_BOUND('',#1107,.F.);
#1109=ADVANCED_FACE('',(#1108),#1104,.F.);
#1112=CARTESIAN_POINT('',(0.E0,0.E0,0.E0));
#1113=DIRECTION('',(0.E0,0.E0,-1.E0));
#1114=DIRECTION('',(0.E0,-1.E0,0.E0));
#1115=AXIS2_PLACEMENT_3D('',#1112,#1113,#1114);
#1117=CARTESIAN_POINT('',(0.E0,0.E0,0.E0));
#1118=DIRECTION('',(0.E0,0.E0,-1.E0));
#1119=DIRECTION('',(0.E0,1.E0,0.E0));
#1120=AXIS2_PLACEMENT_3D('',#1117,#1118,#1119);
#1122=CARTESIAN_POINT('',(-7.820277413424E-1,6.422687822377E0,
-6.225060225105E-1));
#1123=CARTESIAN_POINT('',(-7.228706999537E-1,6.433945266364E0,
-5.806741440319E-1));
#1124=CARTESIAN_POINT('',(-6.023590648429E-1,6.452555559628E0,
-5.144478036593E-1));
#1125=CARTESIAN_POINT('',(-4.873197877194E-1,6.465132266293E0,
-4.669813282679E-1));
#1126=CARTESIAN_POINT('',(-4.327880237519E-1,6.470297215904E0,
-4.449139965872E-1));
#1128=CARTESIAN_POINT('',(-4.327880237519E-1,6.470297215904E0,
-4.449139965872E-1));
#1129=CARTESIAN_POINT('',(-3.717438013516E-1,6.476077397919E0,
-4.202344241160E-1));
#1130=CARTESIAN_POINT('',(-2.577535737886E-1,6.485367274370E0,
-3.647906955331E-1));
#1131=CARTESIAN_POINT('',(-1.281114418764E-1,6.493522948254E0,
-2.766432906093E-1));
#1132=CARTESIAN_POINT('',(-2.258052273787E-2,6.499081818260E0,
-1.422011852215E-1));
#1133=CARTESIAN_POINT('',(5.341913501168E-12,6.5E0,-4.664645717748E-2));
#1134=CARTESIAN_POINT('',(0.E0,6.5E0,0.E0));
#1136=CARTESIAN_POINT('',(0.E0,6.5E0,0.E0));
#1137=CARTESIAN_POINT('',(5.681807619100E-12,6.5E0,-4.892552562299E-2));
#1138=CARTESIAN_POINT('',(2.455568094596E-2,6.499017083897E0,
-1.499773440713E-1));
#1139=CARTESIAN_POINT('',(1.447375570716E-1,6.492584568610E0,
-2.924252613444E-1));
#1140=CARTESIAN_POINT('',(2.857288239126E-1,6.483417006103E0,
-3.805529811390E-1));
#1141=CARTESIAN_POINT('',(4.145761019385E-1,6.472294951696E0,
-4.394504510515E-1));
#1142=CARTESIAN_POINT('',(4.842856261073E-1,6.465192490772E0,
-4.655679215812E-1));
#1144=CARTESIAN_POINT('',(4.842856261073E-1,6.465192490772E0,
-4.655679215812E-1));
#1145=CARTESIAN_POINT('',(5.315716263200E-1,6.460214439405E0,
-4.855094374542E-1));
#1146=CARTESIAN_POINT('',(6.299337092447E-1,6.448482975485E0,
-5.289860614959E-1));
#1147=CARTESIAN_POINT('',(7.317534455464E-1,6.432224071698E0,
-5.872735048231E-1));
#1148=CARTESIAN_POINT('',(7.820277412306E-1,6.422687822377E0,
-6.225060226509E-1));
#1150=CARTESIAN_POINT('',(7.820277412306E-1,6.422687822377E0,
-6.225060226509E-1));
#1151=CARTESIAN_POINT('',(9.695865054996E-1,6.384755883764E0,
-7.782456046065E-1));
#1152=CARTESIAN_POINT('',(1.314776811381E0,6.285256329651E0,-1.078364174981E0));
#1153=CARTESIAN_POINT('',(1.732841433240E0,6.091979776278E0,-1.499711392389E0));
#1154=CARTESIAN_POINT('',(2.050346413434E0,5.877464985880E0,-1.894669969326E0));
#1155=CARTESIAN_POINT('',(2.274880137213E0,5.658629936796E0,-2.263433115498E0));
#1156=CARTESIAN_POINT('',(2.418177652769E0,5.446730487791E0,-2.605704911943E0));
#1157=CARTESIAN_POINT('',(2.492499902014E0,5.245904178732E0,-2.926321728165E0));
#1158=CARTESIAN_POINT('',(2.507283995530E0,5.057047239538E0,-3.229510596884E0));
#1159=CARTESIAN_POINT('',(2.468811412810E0,4.881089064202E0,-3.516663836769E0));
#1160=CARTESIAN_POINT('',(2.379797721973E0,4.717567840046E0,-3.790416739995E0));
#1161=CARTESIAN_POINT('',(2.242341366368E0,4.566632349781E0,-4.050254824873E0));
#1162=CARTESIAN_POINT('',(2.055432501750E0,4.429387877277E0,-4.294725620593E0));
#1163=CARTESIAN_POINT('',(1.818987056969E0,4.306644298616E0,-4.520684119355E0));
#1164=CARTESIAN_POINT('',(1.532478910210E0,4.200415655146E0,-4.722798591368E0));
#1165=CARTESIAN_POINT('',(1.199201318317E0,4.113736441743E0,-4.892904178337E0));
#1166=CARTESIAN_POINT('',(8.250405544681E-1,4.048946618127E0,
-5.023033455310E0));
#1167=CARTESIAN_POINT('',(4.212813584329E-1,4.009123675374E0,
-5.104672565166E0));
#1168=CARTESIAN_POINT('',(1.625572982299E-3,3.995403945916E0,
-5.132837514737E0));
#1169=CARTESIAN_POINT('',(-4.180954012333E-1,4.008917570911E0,
-5.105095907630E0));
#1170=CARTESIAN_POINT('',(-8.219038565624E-1,4.048508532071E0,
-5.023900051907E0));
#1171=CARTESIAN_POINT('',(-1.196288022453E0,4.113079438310E0,
-4.894171171293E0));
#1172=CARTESIAN_POINT('',(-1.529747277384E0,4.199609040176E0,
-4.724396669171E0));
#1173=CARTESIAN_POINT('',(-1.816543909036E0,4.305495295836E0,
-4.522765033468E0));
#1174=CARTESIAN_POINT('',(-2.053576163481E0,4.428306933906E0,
-4.296739469641E0));
#1175=CARTESIAN_POINT('',(-2.240920312581E0,4.565508128935E0,
-4.052310048819E0));
#1176=CARTESIAN_POINT('',(-2.378993561501E0,4.716150230567E0,
-3.792678388870E0));
#1177=CARTESIAN_POINT('',(-2.468092029495E0,4.879669703737E0,
-3.519143913668E0));
#1178=CARTESIAN_POINT('',(-2.507296011992E0,5.055539888677E0,
-3.231843341309E0));
#1179=CARTESIAN_POINT('',(-2.492851582867E0,5.244045879962E0,
-2.929342310059E0));
#1180=CARTESIAN_POINT('',(-2.419100973741E0,5.445017756745E0,
-2.608413167301E0));
#1181=CARTESIAN_POINT('',(-2.276637797552E0,5.656559034551E0,
-2.266771093308E0));
#1182=CARTESIAN_POINT('',(-2.052636291266E0,5.875590073281E0,
-1.898074841994E0));
#1183=CARTESIAN_POINT('',(-1.734678249438E0,6.091051072901E0,
-1.501637935281E0));
#1184=CARTESIAN_POINT('',(-1.315514129269E0,6.285077844575E0,
-1.078817998965E0));
#1185=CARTESIAN_POINT('',(-9.697865406955E-1,6.384720305732E0,
-7.783613842215E-1));
#1186=CARTESIAN_POINT('',(-7.820277413424E-1,6.422687822377E0,
-6.225060225105E-1));
#1188=CARTESIAN_POINT('',(0.E0,6.5E0,0.E0));
#1189=CARTESIAN_POINT('',(-6.026217955878E-12,6.5E0,5.263544345759E-2));
#1190=CARTESIAN_POINT('',(2.841005720552E-2,6.498859083911E0,
1.615649322037E-1));
#1191=CARTESIAN_POINT('',(1.653128839939E-1,6.491431542232E0,
3.092783613425E-1));
#1192=CARTESIAN_POINT('',(3.198779895789E-1,6.480776806014E0,
4.012116012069E-1));
#1193=CARTESIAN_POINT('',(5.432307563685E-1,6.460781341536E0,
4.852754611529E-1));
#1194=CARTESIAN_POINT('',(7.027402686142E-1,6.437686040886E0,
5.673677955297E-1));
#1195=CARTESIAN_POINT('',(7.820276923063E-1,6.422687832167E0,
6.225059831003E-1));
#1197=CARTESIAN_POINT('',(7.820276923063E-1,6.422687832167E0,
6.225059831003E-1));
#1198=CARTESIAN_POINT('',(1.092455021373E0,6.359937988076E0,8.799491188883E-1));
#1199=CARTESIAN_POINT('',(1.646149385277E0,6.165821801011E0,1.378570957385E0));
#1200=CARTESIAN_POINT('',(2.217271132864E0,5.766008743860E0,2.095563747021E0));
#1201=CARTESIAN_POINT('',(2.512847857875E0,5.306535586566E0,2.829117971081E0));
#1202=CARTESIAN_POINT('',(2.510269704101E0,4.910839407642E0,3.463460162957E0));
#1203=CARTESIAN_POINT('',(2.282389651446E0,4.565719893295E0,4.046544521125E0));
#1204=CARTESIAN_POINT('',(1.816419381858E0,4.286152176320E0,4.555420605841E0));
#1205=CARTESIAN_POINT('',(1.217135731305E0,4.103294740544E0,4.912046350837E0));
#1206=CARTESIAN_POINT('',(4.173526404441E-1,3.993894965245E0,5.135816394392E0));
#1207=CARTESIAN_POINT('',(-4.633397551928E-1,3.996316677866E0,
5.130848911681E0));
#1208=CARTESIAN_POINT('',(-1.294449448031E0,4.116526214066E0,4.884894363227E0));
#1209=CARTESIAN_POINT('',(-1.937620973368E0,4.336473773879E0,4.459922256523E0));
#1210=CARTESIAN_POINT('',(-2.359887123742E0,4.645291798529E0,3.908429703835E0));
#1211=CARTESIAN_POINT('',(-2.528493148093E0,4.994826660991E0,3.327005760767E0));
#1212=CARTESIAN_POINT('',(-2.478084293734E0,5.386599719608E0,2.702567188861E0));
#1213=CARTESIAN_POINT('',(-2.164874920210E0,5.808828980096E0,2.022779534805E0));
#1214=CARTESIAN_POINT('',(-1.608035863065E0,6.181163519037E0,1.342823890175E0));
#1215=CARTESIAN_POINT('',(-1.078176100328E0,6.362818837341E0,
8.681640372147E-1));
#1216=CARTESIAN_POINT('',(-7.820276918274E-1,6.422687832167E0,
6.225059837019E-1));
#1218=CARTESIAN_POINT('',(-7.820276918274E-1,6.422687832167E0,
6.225059837019E-1));
#1219=CARTESIAN_POINT('',(-7.111902386048E-1,6.436157714234E0,
5.725209258492E-1));
#1220=CARTESIAN_POINT('',(-5.667250600571E-1,6.457521897106E0,
4.970404706092E-1));
#1221=CARTESIAN_POINT('',(-4.325591914671E-1,6.470726044986E0,
4.439750735231E-1));
#1222=CARTESIAN_POINT('',(-3.705488658690E-1,6.475915394409E0,
4.185849286137E-1));
#1224=CARTESIAN_POINT('',(-3.705488658690E-1,6.475915394409E0,
4.185849286137E-1));
#1225=CARTESIAN_POINT('',(-3.208888306803E-1,6.480227814181E0,
3.958287440987E-1));
#1226=CARTESIAN_POINT('',(-2.253480022189E-1,6.487512631066E0,
3.454098240064E-1));
#1227=CARTESIAN_POINT('',(-1.068097726457E-1,6.494709435157E0,
2.547793474987E-1));
#1228=CARTESIAN_POINT('',(-1.928290265792E-2,6.499201923417E0,
1.302386694293E-1));
#1229=CARTESIAN_POINT('',(-4.956844633414E-12,6.5E0,4.269473647411E-2));
#1230=CARTESIAN_POINT('',(0.E0,6.5E0,0.E0));
#1232=CARTESIAN_POINT('',(4.842856261073E-1,6.465192490772E0,
-4.655679215812E-1));
#1233=CARTESIAN_POINT('',(3.713588991225E-1,6.466100340402E0,
-5.704277407589E-1));
#1234=CARTESIAN_POINT('',(5.462585232024E-2,6.467857187008E0,
-7.140566336590E-1));
#1235=CARTESIAN_POINT('',(-3.066382587436E-1,6.469501716996E0,
-5.791943795885E-1));
#1236=CARTESIAN_POINT('',(-4.327880237519E-1,6.470297215904E0,
-4.449139965872E-1));
#1238=CARTESIAN_POINT('',(0.E0,0.E0,0.E0));
#1239=DIRECTION('',(0.E0,0.E0,-1.E0));
#1240=DIRECTION('',(0.E0,1.E0,0.E0));
#1241=AXIS2_PLACEMENT_3D('',#1238,#1239,#1240);
#1243=CARTESIAN_POINT('',(7.043859059789E-1,6.461721171287E0,0.E0));
#1244=CARTESIAN_POINT('',(6.988682046198E-1,6.462322650516E0,
-8.097164503067E-2));
#1245=CARTESIAN_POINT('',(6.596763613195E-1,6.463502256311E0,
-2.485017366071E-1));
#1246=CARTESIAN_POINT('',(5.534524585332E-1,6.464636439208E0,
-4.013420139070E-1));
#1247=CARTESIAN_POINT('',(4.842856261073E-1,6.465192490772E0,
-4.655679215812E-1));
#1249=CARTESIAN_POINT('',(-3.705488658690E-1,6.475915394409E0,
4.185849286137E-1));
#1250=CARTESIAN_POINT('',(1.431187559222E-1,6.480432980075E0,
8.034135287671E-1));
#1251=CARTESIAN_POINT('',(6.118166976975E-1,6.487840403829E0,
-2.568091891971E-1));
#1252=CARTESIAN_POINT('',(-1.315146998471E-2,6.494630243328E0,
4.235539497436E-1));
#1253=CARTESIAN_POINT('',(5.329533787998E-2,6.499241142882E0,
8.136146363984E-2));
#1254=CARTESIAN_POINT('',(-8.665009830654E-12,6.5E0,4.241043054864E-2));
#1255=CARTESIAN_POINT('',(0.E0,6.5E0,0.E0));
#1257=CARTESIAN_POINT('',(-5.930872663002E-1,6.472885561676E0,0.E0));
#1258=CARTESIAN_POINT('',(-5.873529355536E-1,6.473410977816E0,
9.081243230282E-2));
#1259=CARTESIAN_POINT('',(-5.338220792291E-1,6.474441050287E0,
2.590254826937E-1));
#1260=CARTESIAN_POINT('',(-4.282468755778E-1,6.475430551694E0,
3.750092276938E-1));
#1261=CARTESIAN_POINT('',(-3.705488658690E-1,6.475915394409E0,
4.185849286137E-1));
#1263=CARTESIAN_POINT('',(0.E0,6.5E0,0.E0));
#1264=CARTESIAN_POINT('',(5.666305127752E-1,6.5E0,7.118337239519E-1));
#1265=CARTESIAN_POINT('',(-2.416133801732E0,6.100818739931E0,1.456593700058E0));
#1266=CARTESIAN_POINT('',(-2.010954534907E0,5.783426187371E0,2.074657718071E0));
#1267=CARTESIAN_POINT('',(-2.568130341747E0,5.301868507604E0,2.834719822002E0));
#1268=CARTESIAN_POINT('',(-2.495456790666E0,4.912089834718E0,3.461959258576E0));
#1269=CARTESIAN_POINT('',(-2.286359193980E0,4.565384759913E0,4.046946738682E0));
#1270=CARTESIAN_POINT('',(-1.815354463948E0,4.286241743852E0,4.555313063041E0));
#1271=CARTESIAN_POINT('',(-1.217426118868E0,4.103271039298E0,4.912074738231E0));
#1272=CARTESIAN_POINT('',(-4.172561538442E-1,3.993899619555E0,
5.135810843129E0));
#1273=CARTESIAN_POINT('',(4.632441269957E-1,3.996321162960E0,5.130843195262E0));
#1274=CARTESIAN_POINT('',(1.294735454054E0,4.116503013888E0,4.884923259631E0));
#1275=CARTESIAN_POINT('',(1.936572657560E0,4.336561488433E0,4.459812878183E0));
#1276=CARTESIAN_POINT('',(2.363794595322E0,4.644963554506E0,3.908838803419E0));
#1277=CARTESIAN_POINT('',(2.513911894078E0,4.996051364305E0,3.325479218143E0));
#1278=CARTESIAN_POINT('',(2.532502224655E0,5.382028631844E0,2.708264750948E0));
#1279=CARTESIAN_POINT('',(1.961784902457E0,5.825888174265E0,2.001516328618E0));
#1280=CARTESIAN_POINT('',(2.365978521524E0,6.117497465134E0,1.422179655105E0));
#1281=CARTESIAN_POINT('',(-5.549630429215E-1,6.5E0,6.971763790678E-1));
#1282=CARTESIAN_POINT('',(0.E0,6.5E0,0.E0));
#1284=CARTESIAN_POINT('',(0.E0,6.5E0,0.E0));
#1285=CARTESIAN_POINT('',(2.782233524802E-1,6.5E0,-3.495201201743E-1));
#1286=CARTESIAN_POINT('',(-5.477557580284E-1,6.420501439119E0,
1.447581469173E0));
#1287=CARTESIAN_POINT('',(9.146186372530E-1,6.438803906837E0,
8.295740493878E-1));
#1288=CARTESIAN_POINT('',(7.043859059789E-1,6.461721171287E0,0.E0));
#1290=CARTESIAN_POINT('',(0.E0,0.E0,0.E0));
#1291=DIRECTION('',(0.E0,0.E0,-1.E0));
#1292=DIRECTION('',(1.083670624583E-1,9.941109494288E-1,0.E0));
#1293=AXIS2_PLACEMENT_3D('',#1290,#1291,#1292);
#1295=CARTESIAN_POINT('',(0.E0,0.E0,0.E0));
#1296=DIRECTION('',(0.E0,0.E0,-1.E0));
#1297=DIRECTION('',(0.E0,-1.E0,0.E0));
#1298=AXIS2_PLACEMENT_3D('',#1295,#1296,#1297);
#1300=CARTESIAN_POINT('',(-4.327880237519E-1,6.470297215904E0,
-4.449139965872E-1));
#1301=CARTESIAN_POINT('',(-4.924139594972E-1,6.470742312803E0,
-3.804401874035E-1));
#1302=CARTESIAN_POINT('',(-5.786515222281E-1,6.471618628147E0,
-2.312621928895E-1));
#1303=CARTESIAN_POINT('',(-5.976477091328E-1,6.472467704671E0,
-7.420465264058E-2));
#1304=CARTESIAN_POINT('',(-5.930872663002E-1,6.472885561676E0,0.E0));
#1306=CARTESIAN_POINT('',(0.E0,0.E0,0.E0));
#1307=DIRECTION('',(0.E0,0.E0,-1.E0));
#1308=DIRECTION('',(-9.124419481542E-2,9.958285479501E-1,0.E0));
#1309=AXIS2_PLACEMENT_3D('',#1306,#1307,#1308);
#1311=VERTEX_POINT('',#1188);
#1312=VERTEX_POINT('',#1195);
#1313=VERTEX_POINT('',#1216);
#1314=CARTESIAN_POINT('',(0.E0,-6.5E0,0.E0));
#1315=CARTESIAN_POINT('',(0.E0,6.5E0,0.E0));
#1316=VERTEX_POINT('',#1314);
#1317=VERTEX_POINT('',#1315);
#1318=VERTEX_POINT('',#1282);
#1319=VERTEX_POINT('',#1150);
#1320=VERTEX_POINT('',#1186);
#1321=VERTEX_POINT('',#1126);
#1322=VERTEX_POINT('',#1134);
#1323=VERTEX_POINT('',#1304);
#1324=CARTESIAN_POINT('',(0.E0,-6.5E0,0.E0));
#1325=CARTESIAN_POINT('',(-5.930872663002E-1,6.472885561676E0,0.E0));
#1326=VERTEX_POINT('',#1324);
#1327=VERTEX_POINT('',#1325);
#1328=VERTEX_POINT('',#1261);
#1329=VERTEX_POINT('',#1288);
#1330=CARTESIAN_POINT('',(7.043859059789E-1,6.461721171287E0,0.E0));
#1331=VERTEX_POINT('',#1330);
#1332=VERTEX_POINT('',#1247);
#1333=CARTESIAN_POINT('',(0.E0,0.E0,0.E0));
#1334=DIRECTION('',(0.E0,-1.E0,0.E0));
#1335=DIRECTION('',(-1.E0,0.E0,0.E0));
#1336=AXIS2_PLACEMENT_3D('',#1333,#1334,#1335);
#1337=SPHERICAL_SURFACE('',#1336,6.5E0);
#1339=ORIENTED_EDGE('',*,*,#1338,.T.);
#1341=ORIENTED_EDGE('',*,*,#1340,.T.);
#1342=EDGE_LOOP('',(#1339,#1341));
#1343=FACE_OUTER_BOUND('',#1342,.F.);
#1344=ADVANCED_FACE('',(#1343),#1337,.F.);
#1345=CARTESIAN_POINT('',(0.E0,0.E0,0.E0));
#1346=DIRECTION('',(0.E0,-1.E0,0.E0));
#1347=DIRECTION('',(-1.E0,0.E0,0.E0));
#1348=AXIS2_PLACEMENT_3D('',#1345,#1346,#1347);
#1349=SPHERICAL_SURFACE('',#1348,6.5E0);
#1351=ORIENTED_EDGE('',*,*,#1350,.T.);
#1353=ORIENTED_EDGE('',*,*,#1352,.T.);
#1355=ORIENTED_EDGE('',*,*,#1354,.T.);
#1357=ORIENTED_EDGE('',*,*,#1356,.T.);
#1359=ORIENTED_EDGE('',*,*,#1358,.T.);
#1360=EDGE_LOOP('',(#1351,#1353,#1355,#1357,#1359));
#1361=FACE_OUTER_BOUND('',#1360,.F.);
#1362=ADVANCED_FACE('',(#1361),#1349,.F.);
#1363=CARTESIAN_POINT('',(0.E0,0.E0,0.E0));
#1364=DIRECTION('',(0.E0,-1.E0,0.E0));
#1365=DIRECTION('',(-1.E0,0.E0,0.E0));
#1366=AXIS2_PLACEMENT_3D('',#1363,#1364,#1365);
#1367=SPHERICAL_SURFACE('',#1366,6.5E0);
#1369=ORIENTED_EDGE('',*,*,#1368,.T.);
#1371=ORIENTED_EDGE('',*,*,#1370,.T.);
#1373=ORIENTED_EDGE('',*,*,#1372,.T.);
#1375=ORIENTED_EDGE('',*,*,#1374,.T.);
#1376=EDGE_LOOP('',(#1369,#1371,#1373,#1375));
#1377=FACE_OUTER_BOUND('',#1376,.F.);
#1378=ADVANCED_FACE('',(#1377),#1367,.F.);
#1379=CARTESIAN_POINT('',(0.E0,0.E0,0.E0));
#1380=DIRECTION('',(0.E0,-1.E0,0.E0));
#1381=DIRECTION('',(-1.E0,0.E0,0.E0));
#1382=AXIS2_PLACEMENT_3D('',#1379,#1380,#1381);
#1383=SPHERICAL_SURFACE('',#1382,6.5E0);
#1384=ORIENTED_EDGE('',*,*,#1374,.F.);
#1386=ORIENTED_EDGE('',*,*,#1385,.T.);
#1387=EDGE_LOOP('',(#1384,#1386));
#1388=FACE_OUTER_BOUND('',#1387,.F.);
#1389=ADVANCED_FACE('',(#1388),#1383,.F.);
#1390=CARTESIAN_POINT('',(0.E0,0.E0,0.E0));
#1391=DIRECTION('',(0.E0,-1.E0,0.E0));
#1392=DIRECTION('',(-1.E0,0.E0,0.E0));
#1393=AXIS2_PLACEMENT_3D('',#1390,#1391,#1392);
#1394=SPHERICAL_SURFACE('',#1393,6.5E0);
#1396=ORIENTED_EDGE('',*,*,#1395,.T.);
#1397=ORIENTED_EDGE('',*,*,#1372,.F.);
#1399=ORIENTED_EDGE('',*,*,#1398,.T.);
#1401=ORIENTED_EDGE('',*,*,#1400,.T.);
#1403=ORIENTED_EDGE('',*,*,#1402,.T.);
#1405=ORIENTED_EDGE('',*,*,#1404,.T.);
#1406=EDGE_LOOP('',(#1396,#1397,#1399,#1401,#1403,#1405));
#1407=FACE_OUTER_BOUND('',#1406,.F.);
#1408=ORIENTED_EDGE('',*,*,#1356,.F.);
#1410=ORIENTED_EDGE('',*,*,#1409,.T.);
#1411=ORIENTED_EDGE('',*,*,#1350,.F.);
#1412=ORIENTED_EDGE('',*,*,#1358,.F.);
#1413=EDGE_LOOP('',(#1408,#1410,#1411,#1412));
#1414=FACE_BOUND('',#1413,.F.);
#1415=ADVANCED_FACE('',(#1407,#1414),#1394,.F.);
#1416=CARTESIAN_POINT('',(0.E0,0.E0,0.E0));
#1417=DIRECTION('',(0.E0,-1.E0,0.E0));
#1418=DIRECTION('',(-1.E0,0.E0,0.E0));
#1419=AXIS2_PLACEMENT_3D('',#1416,#1417,#1418);
#1420=SPHERICAL_SURFACE('',#1419,6.5E0);
#1422=ORIENTED_EDGE('',*,*,#1421,.T.);
#1424=ORIENTED_EDGE('',*,*,#1423,.T.);
#1425=ORIENTED_EDGE('',*,*,#1354,.F.);
#1426=EDGE_LOOP('',(#1422,#1424,#1425));
#1427=FACE_OUTER_BOUND('',#1426,.F.);
#1428=ADVANCED_FACE('',(#1427),#1420,.F.);
#1429=CARTESIAN_POINT('',(0.E0,0.E0,0.E0));
#1430=DIRECTION('',(0.E0,-1.E0,0.E0));
#1431=DIRECTION('',(-1.E0,0.E0,0.E0));
#1432=AXIS2_PLACEMENT_3D('',#1429,#1430,#1431);
#1433=SPHERICAL_SURFACE('',#1432,6.5E0);
#1434=ORIENTED_EDGE('',*,*,#1352,.F.);
#1436=ORIENTED_EDGE('',*,*,#1435,.T.);
#1438=ORIENTED_EDGE('',*,*,#1437,.T.);
#1439=EDGE_LOOP('',(#1434,#1436,#1438));
#1440=FACE_OUTER_BOUND('',#1439,.F.);
#1441=ADVANCED_FACE('',(#1440),#1433,.F.);
#1446=DIMENSIONAL_EXPONENTS(0.E0,0.E0,0.E0,0.E0,0.E0,0.E0,0.E0);
#1448=PLANE_ANGLE_MEASURE_WITH_UNIT(PLANE_ANGLE_MEASURE(1.745329251994E-2),
#1447);
#1449=(CONVERSION_BASED_UNIT('DEGREE',#1448)NAMED_UNIT(*)PLANE_ANGLE_UNIT());
#1451=UNCERTAINTY_MEASURE_WITH_UNIT(LENGTH_MEASURE(1.864358446254E-2),#1445,
'closure',
'Maximum model space distance between geometric entities at asserted connectivities');
#1452=(GEOMETRIC_REPRESENTATION_CONTEXT(3)GLOBAL_UNCERTAINTY_ASSIGNED_CONTEXT((
#1451))GLOBAL_UNIT_ASSIGNED_CONTEXT((#1445,#1449,#1450))REPRESENTATION_CONTEXT(
'ID2','3'));
#1453=CARTESIAN_POINT('',(0.E0,0.E0,0.E0));
#1454=DIRECTION('',(0.E0,0.E0,1.E0));
#1455=DIRECTION('',(1.E0,0.E0,0.E0));
#1458=CARTESIAN_POINT('',(0.E0,0.E0,0.E0));
#1459=DIRECTION('',(0.E0,0.E0,1.E0));
#1460=DIRECTION('',(1.E0,0.E0,0.E0));
#1463=CARTESIAN_POINT('',(0.E0,0.E0,0.E0));
#1464=DIRECTION('',(0.E0,0.E0,1.E0));
#1465=DIRECTION('',(1.E0,0.E0,0.E0));
#1468=SHAPE_REPRESENTATION_RELATIONSHIP('','',#1467,#1457);
#1469=SHAPE_REPRESENTATION_RELATIONSHIP('','',#1467,#1462);
#1470=MECHANICAL_CONTEXT('',#176,'mechanical');
#1471=PRODUCT('DAMPER_BODY','DAMPER_BODY','NOT SPECIFIED',(#1470));
#1472=PRODUCT_DEFINITION_FORMATION_WITH_SPECIFIED_SOURCE('4','LAST_VERSION',
#1471,.MADE.);
#1481=CARTESIAN_POINT('',(-4.792474241350E1,-8.905057620041E1,
3.347621701761E1));
#1482=DIRECTION('',(0.E0,0.E0,1.E0));
#1483=DIRECTION('',(1.E0,0.E0,0.E0));
#1484=AXIS2_PLACEMENT_3D('',#1481,#1482,#1483);
#1485=ITEM_DEFINED_TRANSFORMATION('','',#1466,#1484);
#1486=CARTESIAN_POINT('',(0.E0,0.E0,0.E0));
#1487=DIRECTION('',(0.E0,0.E0,1.E0));
#1488=DIRECTION('',(1.E0,0.E0,0.E0));
#1490=(REPRESENTATION_RELATIONSHIP('','',#1467,#1478)REPRESENTATION_RELATIONSHIP_WITH_TRANSFORMATION(#1485)SHAPE_REPRESENTATION_RELATIONSHIP());
#1491=CONTEXT_DEPENDENT_SHAPE_REPRESENTATION(#1490,#1480);
#1492=CARTESIAN_POINT('',(2.144994432190E1,-3.000000000547E0,
-1.469353220015E1));
#1493=CARTESIAN_POINT('',(2.144994432194E1,-3.169356349787E0,
-1.469353220009E1));
#1494=CARTESIAN_POINT('',(2.147505510493E1,-3.496192632455E0,
-1.465703223312E1));
#1495=CARTESIAN_POINT('',(2.156314302500E1,-3.906664676736E0,
-1.452742118323E1));
#1496=CARTESIAN_POINT('',(2.169723413724E1,-4.283545784436E0,
-1.432720322618E1));
#1497=CARTESIAN_POINT('',(2.190138890557E1,-4.638330124910E0,
-1.401334661498E1));
#1498=CARTESIAN_POINT('',(2.213779853081E1,-4.879654897053E0,
-1.363802561554E1));
#1499=CARTESIAN_POINT('',(2.239049268281E1,-5.004912511486E0,
-1.321914644561E1));
#1500=CARTESIAN_POINT('',(2.264058962213E1,-5.005787517271E0,
-1.278609268030E1));
#1501=CARTESIAN_POINT('',(2.286990207892E1,-4.883067614895E0,
-1.237054409501E1));
#1502=CARTESIAN_POINT('',(2.304474158637E1,-4.691951975653E0,
-1.204038463991E1));
#1503=CARTESIAN_POINT('',(2.321628177015E1,-4.389593882557E0,
-1.170684122339E1));
#1504=CARTESIAN_POINT('',(2.335474692365E1,-3.956370880808E0,
-1.142730550230E1));
#1505=CARTESIAN_POINT('',(2.343082599414E1,-3.503772382025E0,
-1.126946774337E1));
#1506=CARTESIAN_POINT('',(2.344994432003E1,-3.168075955611E0,
-1.122943058744E1));
#1507=CARTESIAN_POINT('',(2.344994432003E1,-3.E0,-1.122943058744E1));
#1509=DIRECTION('',(8.660254038913E-1,0.E0,-4.999999998150E-1));
#1510=VECTOR('',#1509,7.922962792399E0);
#1511=CARTESIAN_POINT('',(1.658845726773E1,-3.E0,-7.267949192703E0));
#1512=LINE('',#1511,#1510);
#1513=CARTESIAN_POINT('',(2.344994432003E1,-3.E0,-1.122943058744E1));
#1514=CARTESIAN_POINT('',(2.344994432003E1,-2.830480012369E0,
-1.122943058744E1));
#1515=CARTESIAN_POINT('',(2.343083988237E1,-2.503566583609E0,
-1.126953552737E1));
#1516=CARTESIAN_POINT('',(2.336284414409E1,-2.094227754023E0,
-1.141018565158E1));
#1517=CARTESIAN_POINT('',(2.325675916376E1,-1.717664151857E0,
-1.162591199681E1));
#1518=CARTESIAN_POINT('',(2.308728223300E1,-1.362643598269E0,
-1.195919469645E1));
#1519=CARTESIAN_POINT('',(2.287997313944E1,-1.120439946528E0,
-1.235252421064E1));
#1520=CARTESIAN_POINT('',(2.264355246572E1,-9.951063351377E-1,
-1.278083134857E1));
#1521=CARTESIAN_POINT('',(2.239318291523E1,-9.942388249824E-1,
-1.321460887744E1));
#1522=CARTESIAN_POINT('',(2.214845248668E1,-1.116877153543E0,
-1.362014261717E1));
#1523=CARTESIAN_POINT('',(2.195084963594E1,-1.306665901455E0,
-1.393524382705E1));
#1524=CARTESIAN_POINT('',(2.174742282680E1,-1.608726086460E0,
-1.425116121489E1));
#1525=CARTESIAN_POINT('',(2.157422173223E1,-2.041715212959E0,
-1.451139916822E1));
#1526=CARTESIAN_POINT('',(2.147498198838E1,-2.496245064126E0,
-1.465706810459E1));
#1527=CARTESIAN_POINT('',(2.144994432186E1,-2.832023093220E0,
-1.469353220021E1));
#1528=CARTESIAN_POINT('',(2.144994432190E1,-3.000000000547E0,
-1.469353220015E1));
#1530=DIRECTION('',(-8.660254040112E-1,0.E0,4.999999996072E-1));
#1531=VECTOR('',#1530,7.922962792889E0);
#1532=CARTESIAN_POINT('',(2.144994432190E1,-3.000000000547E0,
-1.469353220015E1));
#1533=LINE('',#1532,#1531);
#1534=CARTESIAN_POINT('',(1.558845726796E1,-3.E0,-8.999999999641E0));
#1535=DIRECTION('',(8.660254037846E-1,0.E0,-4.999999999998E-1));
#1536=DIRECTION('',(4.999999999998E-1,0.E0,8.660254037846E-1));
#1537=AXIS2_PLACEMENT_3D('',#1534,#1535,#1536);
#1539=CARTESIAN_POINT('',(1.558845726796E1,-3.E0,-8.999999999641E0));
#1540=DIRECTION('',(8.660254037846E-1,0.E0,-4.999999999998E-1));
#1541=DIRECTION('',(-4.999999999998E-1,0.E0,-8.660254037846E-1));
#1542=AXIS2_PLACEMENT_3D('',#1539,#1540,#1541);
#1544=CARTESIAN_POINT('',(0.E0,-2.E-1,0.E0));
#1545=DIRECTION('',(0.E0,1.E0,0.E0));
#1546=DIRECTION('',(-4.102064129415E-10,0.E0,1.E0));
#1547=AXIS2_PLACEMENT_3D('',#1544,#1545,#1546);
#1549=CARTESIAN_POINT('',(0.E0,-1.421085471520E-14,0.E0));
#1550=DIRECTION('',(0.E0,1.E0,0.E0));
#1551=DIRECTION('',(0.E0,0.E0,1.E0));
#1552=AXIS2_PLACEMENT_3D('',#1549,#1550,#1551);
#1554=CARTESIAN_POINT('',(0.E0,2.E-1,0.E0));
#1555=DIRECTION('',(0.E0,-1.E0,0.E0));
#1556=DIRECTION('',(0.E0,0.E0,-1.E0));
#1557=AXIS2_PLACEMENT_3D('',#1554,#1555,#1556);
#1559=DIRECTION('',(1.450299114364E-10,-7.071067811866E-1,7.071067811865E-1));
#1560=VECTOR('',#1559,2.828427124746E-1);
#1561=CARTESIAN_POINT('',(-5.332684960280E-9,2.E-1,-2.6E1));
#1562=LINE('',#1561,#1560);
#1563=CARTESIAN_POINT('',(0.E0,2.E-1,0.E0));
#1564=DIRECTION('',(0.E0,-1.E0,0.E0));
#1565=DIRECTION('',(-4.102064129415E-10,0.E0,1.E0));
#1566=AXIS2_PLACEMENT_3D('',#1563,#1564,#1565);
#1568=DIRECTION('',(-1.450299114364E-10,7.071067811866E-1,7.071067811865E-1));
#1569=VECTOR('',#1568,2.828427124746E-1);
#1570=CARTESIAN_POINT('',(-5.291664306739E-9,0.E0,2.58E1));
#1571=LINE('',#1570,#1569);
#1572=DIRECTION('',(2.051033172070E-9,1.E0,9.596723575995E-10));
#1573=VECTOR('',#1572,7.999999866575E-1);
#1574=CARTESIAN_POINT('',(-6.973508871975E-9,4.999999999467E0,
2.599999999923E1));
#1575=LINE('',#1574,#1573);
#1576=DIRECTION('',(-1.901374581119E-9,1.E0,-9.666711868967E-10));
#1577=VECTOR('',#1576,8.000000005333E-1);
#1578=CARTESIAN_POINT('',(-5.332684960280E-9,2.E-1,2.6E1));
#1579=LINE('',#1578,#1577);
#1580=DIRECTION('',(-6.345278711723E-9,-1.E0,-9.666711868967E-10));
#1581=VECTOR('',#1580,8.000000005333E-1);
#1582=CARTESIAN_POINT('',(-2.564619875174E-10,1.000000000533E0,
-2.599999999923E1));
#1583=LINE('',#1582,#1581);
#1584=DIRECTION('',(-1.709174961063E-10,-1.E0,9.596723407298E-10));
#1585=VECTOR('',#1584,8.000000007203E-1);
#1586=CARTESIAN_POINT('',(0.E0,5.800000000187E0,-2.599999999999E1));
#1587=LINE('',#1586,#1585);
#1588=CARTESIAN_POINT('',(0.E0,5.8E0,0.E0));
#1589=DIRECTION('',(0.E0,-1.E0,0.E0));
#1590=DIRECTION('',(0.E0,0.E0,-1.E0));
#1591=AXIS2_PLACEMENT_3D('',#1588,#1589,#1590);
#1593=CARTESIAN_POINT('',(-4.566937132841E-10,5.799999972248E0,
-2.580000000053E1));
#1594=DIRECTION('',(-1.E0,2.283468249422E-9,1.946910557333E-11));
#1595=DIRECTION('',(2.283468249437E-9,1.E0,7.885248031503E-10));
#1596=AXIS2_PLACEMENT_3D('',#1593,#1594,#1595);
#1598=CARTESIAN_POINT('',(3.547715934329E-13,5.799999972248E0,
2.580000000053E1));
#1599=DIRECTION('',(-1.E0,2.283468249422E-9,-1.754048020300E-12));
#1600=DIRECTION('',(-1.754048020300E-12,0.E0,1.E0));
#1601=AXIS2_PLACEMENT_3D('',#1598,#1599,#1600);
#1603=CARTESIAN_POINT('',(4.560921051810E-11,5.799999972248E0,0.E0));
#1604=DIRECTION('',(2.283468249422E-9,1.E0,0.E0));
#1605=DIRECTION('',(-1.754447771218E-12,0.E0,-1.E0));
#1606=AXIS2_PLACEMENT_3D('',#1603,#1604,#1605);
#1608=CARTESIAN_POINT('',(-5.023028591627E-10,5.999999971705E0,0.E0));
#1609=DIRECTION('',(-2.283468249422E-9,1.E0,0.E0));
#1610=DIRECTION('',(1.946910558224E-11,0.E0,1.E0));
#1611=AXIS2_PLACEMENT_3D('',#1608,#1609,#1610);
#1613=CARTESIAN_POINT('',(5.023028591627E-10,5.999999971705E0,0.E0));
#1614=DIRECTION('',(2.283468249422E-9,1.E0,0.E0));
#1615=DIRECTION('',(-1.946910558224E-11,0.E0,-1.E0));
#1616=AXIS2_PLACEMENT_3D('',#1613,#1614,#1615);
#1618=CARTESIAN_POINT('',(0.E0,6.E0,0.E0));
#1619=DIRECTION('',(0.E0,-1.E0,0.E0));
#1620=DIRECTION('',(0.E0,0.E0,1.E0));
#1621=AXIS2_PLACEMENT_3D('',#1618,#1619,#1620);
#1623=CARTESIAN_POINT('',(0.E0,6.E0,0.E0));
#1624=DIRECTION('',(0.E0,-1.E0,0.E0));
#1625=DIRECTION('',(0.E0,0.E0,-1.E0));
#1626=AXIS2_PLACEMENT_3D('',#1623,#1624,#1625);
#1628=DIRECTION('',(0.E0,1.E0,0.E0));
#1629=VECTOR('',#1628,1.2E1);
#1630=CARTESIAN_POINT('',(0.E0,-6.E0,-1.699999999517E1));
#1631=LINE('',#1630,#1629);
#1632=DIRECTION('',(0.E0,-1.E0,0.E0));
#1633=VECTOR('',#1632,1.2E1);
#1634=CARTESIAN_POINT('',(-4.649006013336E-9,6.E0,1.699999999517E1));
#1635=LINE('',#1634,#1633);
#1636=CARTESIAN_POINT('',(-5.023028591627E-10,-5.999999971705E0,0.E0));
#1637=DIRECTION('',(2.283468249422E-9,1.E0,0.E0));
#1638=DIRECTION('',(1.946910558224E-11,0.E0,1.E0));
#1639=AXIS2_PLACEMENT_3D('',#1636,#1637,#1638);
#1641=CARTESIAN_POINT('',(5.023028591627E-10,-5.999999971705E0,0.E0));
#1642=DIRECTION('',(-2.283468249422E-9,1.E0,0.E0));
#1643=DIRECTION('',(-1.946910558224E-11,0.E0,-1.E0));
#1644=AXIS2_PLACEMENT_3D('',#1641,#1642,#1643);
#1646=CARTESIAN_POINT('',(0.E0,-6.E0,0.E0));
#1647=DIRECTION('',(0.E0,-1.E0,0.E0));
#1648=DIRECTION('',(0.E0,0.E0,-1.E0));
#1649=AXIS2_PLACEMENT_3D('',#1646,#1647,#1648);
#1651=CARTESIAN_POINT('',(0.E0,-6.E0,0.E0));
#1652=DIRECTION('',(0.E0,-1.E0,0.E0));
#1653=DIRECTION('',(0.E0,0.E0,1.E0));
#1654=AXIS2_PLACEMENT_3D('',#1651,#1652,#1653);
#1656=CARTESIAN_POINT('',(-4.560921051810E-11,-5.799999972248E0,0.E0));
#1657=DIRECTION('',(-2.283468249422E-9,-1.E0,0.E0));
#1658=DIRECTION('',(1.754202841858E-12,0.E0,-1.E0));
#1659=AXIS2_PLACEMENT_3D('',#1656,#1657,#1658);
#1661=CARTESIAN_POINT('',(3.507763497452E-13,-5.799999972248E0,
-2.580000000053E1));
#1662=DIRECTION('',(-1.E0,-2.283468249422E-9,1.754202874706E-12));
#1663=DIRECTION('',(-1.754202874706E-12,0.E0,-1.E0));
#1664=AXIS2_PLACEMENT_3D('',#1661,#1662,#1663);
#1666=CARTESIAN_POINT('',(4.560921051810E-11,-5.799999972248E0,0.E0));
#1667=DIRECTION('',(2.283468249422E-9,-1.E0,0.E0));
#1668=DIRECTION('',(-4.119606157833E-10,0.E0,1.E0));
#1669=AXIS2_PLACEMENT_3D('',#1666,#1667,#1668);
#1671=CARTESIAN_POINT('',(-4.566964253053E-10,-5.799999972248E0,
2.580000000053E1));
#1672=DIRECTION('',(-1.E0,-2.283468249422E-9,-1.946921069043E-11));
#1673=DIRECTION('',(2.283468249437E-9,-1.E0,-7.885603302872E-10));
#1674=AXIS2_PLACEMENT_3D('',#1671,#1672,#1673);
#1676=DIRECTION('',(-4.614822327552E-9,1.E0,9.666711868967E-10));
#1677=VECTOR('',#1676,8.000000005333E-1);
#1678=CARTESIAN_POINT('',(-6.973508871975E-9,-1.000000000533E0,
2.599999999923E1));
#1679=LINE('',#1678,#1677);
#1680=DIRECTION('',(-1.901377862341E-9,1.E0,-9.596767984916E-10));
#1681=VECTOR('',#1680,7.999999866575E-1);
#1682=CARTESIAN_POINT('',(-5.332682361685E-9,-5.799999986124E0,
2.599999999999E1));
#1683=LINE('',#1682,#1681);
#1684=DIRECTION('',(3.205742415002E-10,-1.E0,-9.596812393838E-10));
#1685=VECTOR('',#1684,7.999999866575E-1);
#1686=CARTESIAN_POINT('',(-2.564619875174E-10,-4.999999999467E0,
-2.599999999923E1));
#1687=LINE('',#1686,#1685);
#1688=DIRECTION('',(-1.709181969481E-10,-1.E0,9.666711868967E-10));
#1689=VECTOR('',#1688,8.000000005333E-1);
#1690=CARTESIAN_POINT('',(0.E0,-2.E-1,-2.6E1));
#1691=LINE('',#1690,#1689);
#1692=DIRECTION('',(2.272319534855E-10,0.E0,1.E0));
#1693=VECTOR('',#1692,7.922962794884E0);
#1694=CARTESIAN_POINT('',(-1.999999999669E0,-3.E0,1.8E1));
#1695=LINE('',#1694,#1693);
#1696=CARTESIAN_POINT('',(-1.999999997869E0,-3.E0,2.592296279488E1));
#1697=CARTESIAN_POINT('',(-1.999999997869E0,-2.843378285871E0,
2.592296279488E1));
#1698=CARTESIAN_POINT('',(-1.962935356507E0,-2.540597118445E0,
2.592593664647E1));
#1699=CARTESIAN_POINT('',(-1.822376463364E0,-2.144337308358E0,
2.593621606348E1));
#1700=CARTESIAN_POINT('',(-1.617848416448E0,-1.799062064619E0,
2.595022170412E1));
#1701=CARTESIAN_POINT('',(-1.306760926573E0,-1.460122561876E0,
2.596790548376E1));
#1702=CARTESIAN_POINT('',(-8.966768967772E-1,-1.191581393940E0,
2.598562525249E1));
#1703=CARTESIAN_POINT('',(-4.675023141443E-1,-1.037631231921E0,
2.599702747863E1));
#1704=CARTESIAN_POINT('',(-1.558229965579E-1,-1.000000000501E0,
2.599999999916E1));
#1705=CARTESIAN_POINT('',(-6.973508871975E-9,-1.000000000533E0,
2.599999999923E1));
#1707=CARTESIAN_POINT('',(-6.973508871975E-9,-1.000000000533E0,
2.599999999923E1));
#1708=CARTESIAN_POINT('',(1.561907388387E-1,-1.000000000565E0,
2.599999999929E1));
#1709=CARTESIAN_POINT('',(4.588458804710E-1,-1.036771851409E0,
2.599705945180E1));
#1710=CARTESIAN_POINT('',(8.585542853449E-1,-1.178716541914E0,
2.598669542071E1));
#1711=CARTESIAN_POINT('',(1.205076222123E0,-1.385168332238E0,2.597260834593E1));
#1712=CARTESIAN_POINT('',(1.542948589485E0,-1.697004720438E0,2.595493156013E1));
#1713=CARTESIAN_POINT('',(1.809542466152E0,-2.106073485637E0,2.593728961684E1));
#1714=CARTESIAN_POINT('',(1.962284802213E0,-2.532741509963E0,2.592595160038E1));
#1715=CARTESIAN_POINT('',(1.999999999485E0,-2.844111337492E0,2.592296279476E1));
#1716=CARTESIAN_POINT('',(1.999999999421E0,-3.000000000547E0,2.592296279476E1));
#1718=DIRECTION('',(3.136995217898E-11,0.E0,-1.E0));
#1719=VECTOR('',#1718,7.922962794765E0);
#1720=CARTESIAN_POINT('',(1.999999999421E0,-3.000000000547E0,2.592296279476E1));
#1721=LINE('',#1720,#1719);
#1722=CARTESIAN_POINT('',(0.E0,-3.E0,1.8E1));
#1723=DIRECTION('',(0.E0,0.E0,1.E0));
#1724=DIRECTION('',(-1.E0,0.E0,0.E0));
#1725=AXIS2_PLACEMENT_3D('',#1722,#1723,#1724);
#1727=CARTESIAN_POINT('',(0.E0,-3.E0,1.8E1));
#1728=DIRECTION('',(0.E0,0.E0,1.E0));
#1729=DIRECTION('',(1.E0,0.E0,0.E0));
#1730=AXIS2_PLACEMENT_3D('',#1727,#1728,#1729);
#1732=CARTESIAN_POINT('',(-6.853784626189E-9,-4.999999999467E0,
2.599999999923E1));
#1733=CARTESIAN_POINT('',(-1.560515772326E-1,-4.999999999527E0,
2.599999999916E1));
#1734=CARTESIAN_POINT('',(-4.586667655144E-1,-4.963321806796E0,
2.599706751884E1));
#1735=CARTESIAN_POINT('',(-8.594608571860E-1,-4.820939283101E0,
2.598666760768E1));
#1736=CARTESIAN_POINT('',(-1.206427547646E0,-4.613861462177E0,
2.597254849574E1));
#1737=CARTESIAN_POINT('',(-1.544069311964E0,-4.301614858858E0,
2.595486503864E1));
#1738=CARTESIAN_POINT('',(-1.809870073348E0,-3.893080899299E0,
2.593726252575E1));
#1739=CARTESIAN_POINT('',(-1.962267893417E0,-3.467166886758E0,
2.592595409485E1));
#1740=CARTESIAN_POINT('',(-1.999999997869E0,-3.155909716644E0,
2.592296279488E1));
#1741=CARTESIAN_POINT('',(-1.999999997869E0,-3.E0,2.592296279488E1));
#1743=CARTESIAN_POINT('',(1.999999999421E0,-3.000000000547E0,2.592296279476E1));
#1744=CARTESIAN_POINT('',(1.999999999357E0,-3.156487320020E0,2.592296279477E1));
#1745=CARTESIAN_POINT('',(1.963012040640E0,-3.459194090605E0,2.592592888250E1));
#1746=CARTESIAN_POINT('',(1.822204515442E0,-3.856177103561E0,2.593623258900E1));
#1747=CARTESIAN_POINT('',(1.617136653304E0,-4.201917159992E0,2.595026579778E1));
#1748=CARTESIAN_POINT('',(1.305989714420E0,-4.540497751255E0,2.596794295970E1));
#1749=CARTESIAN_POINT('',(8.960365871467E-1,-4.808702526393E0,
2.598564581208E1));
#1750=CARTESIAN_POINT('',(4.672668276561E-1,-4.962393678749E0,
2.599702970569E1));
#1751=CARTESIAN_POINT('',(1.557548545959E-1,-4.999999999407E0,
2.599999999929E1));
#1752=CARTESIAN_POINT('',(-6.853784626189E-9,-4.999999999467E0,
2.599999999923E1));
#1754=CARTESIAN_POINT('',(-2.564619875174E-10,-4.999999999467E0,
-2.599999999923E1));
#1755=CARTESIAN_POINT('',(1.561029614337E-1,-4.999999999527E0,
-2.599999999923E1));
#1756=CARTESIAN_POINT('',(4.587160825903E-1,-4.963282649048E0,
-2.599706451062E1));
#1757=CARTESIAN_POINT('',(8.589812919474E-1,-4.821129393432E0,
-2.598668207039E1));
#1758=CARTESIAN_POINT('',(1.205767878766E0,-4.614327870528E0,
-2.597257738380E1));
#1759=CARTESIAN_POINT('',(1.543443316454E0,-4.302384024732E0,
-2.595490196203E1));
#1760=CARTESIAN_POINT('',(1.809738384580E0,-3.893463400489E0,
-2.593727488081E1));
#1761=CARTESIAN_POINT('',(1.962290221876E0,-3.467141418906E0,
-2.592595118873E1));
#1762=CARTESIAN_POINT('',(2.000000002965E0,-3.155865021121E0,
-2.592296279449E1));
#1763=CARTESIAN_POINT('',(2.000000002965E0,-3.E0,-2.592296279449E1));
#1765=CARTESIAN_POINT('',(-1.999999995876E0,-3.000000000547E0,
-2.592296279504E1));
#1766=CARTESIAN_POINT('',(-1.999999995812E0,-3.156576063984E0,
-2.592296279504E1));
#1767=CARTESIAN_POINT('',(-1.962958357003E0,-3.459325719817E0,
-2.592593390542E1));
#1768=CARTESIAN_POINT('',(-1.822350401624E0,-3.855765346418E0,
-2.593621977687E1));
#1769=CARTESIAN_POINT('',(-1.617643740128E0,-4.201215896633E0,
-2.595023453293E1));
#1770=CARTESIAN_POINT('',(-1.306604907609E0,-4.539997331499E0,
-2.596791303977E1));
#1771=CARTESIAN_POINT('',(-8.965120184377E-1,-4.808499933328E0,
-2.598563065232E1));
#1772=CARTESIAN_POINT('',(-4.673865768265E-1,-4.962388543701E0,
-2.599702930643E1));
#1773=CARTESIAN_POINT('',(-1.557793440505E-1,-4.999999999407E0,
-2.599999999923E1));
#1774=CARTESIAN_POINT('',(-2.564619875174E-10,-4.999999999467E0,
-2.599999999923E1));
#1776=DIRECTION('',(4.160122876973E-10,0.E0,-1.E0));
#1777=VECTOR('',#1776,7.922962794491E0);
#1778=CARTESIAN_POINT('',(1.999999999669E0,-3.E0,-1.8E1));
#1779=LINE('',#1778,#1777);
#1780=CARTESIAN_POINT('',(2.000000002965E0,-3.E0,-2.592296279449E1));
#1781=CARTESIAN_POINT('',(2.000000002965E0,-2.843564816871E0,
-2.592296279449E1));
#1782=CARTESIAN_POINT('',(1.963050785254E0,-2.540856829172E0,
-2.592592588489E1));
#1783=CARTESIAN_POINT('',(1.822019283419E0,-2.143351439887E0,
-2.593624675758E1));
#1784=CARTESIAN_POINT('',(1.616669012989E0,-1.797418450505E0,
-2.595029478386E1));
#1785=CARTESIAN_POINT('',(1.305223985937E0,-1.458874310946E0,
-2.596797993126E1));
#1786=CARTESIAN_POINT('',(8.956277460494E-1,-1.191152166598E0,
-2.598565906822E1));
#1787=CARTESIAN_POINT('',(4.672933762469E-1,-1.037631074415E0,
-2.599702665211E1));
#1788=CARTESIAN_POINT('',(1.558002814467E-1,-1.000000000501E0,
-2.599999999923E1));
#1789=CARTESIAN_POINT('',(-1.367377417313E-10,-1.000000000533E0,
-2.599999999923E1));
#1791=CARTESIAN_POINT('',(-1.367377417313E-10,-1.000000000533E0,
-2.599999999923E1));
#1792=CARTESIAN_POINT('',(-1.562357579658E-1,-1.000000000565E0,
-2.599999999923E1));
#1793=CARTESIAN_POINT('',(-4.589218586099E-1,-1.036795398097E0,
-2.599705668391E1));
#1794=CARTESIAN_POINT('',(-8.584404970316E-1,-1.178684831977E0,
-2.598669953253E1));
#1795=CARTESIAN_POINT('',(-1.204804879168E0,-1.384966358394E0,
-2.597262092701E1));
#1796=CARTESIAN_POINT('',(-1.542832441143E0,-1.696853305306E0,
-2.595493888782E1));
#1797=CARTESIAN_POINT('',(-1.809461780894E0,-2.105909578622E0,
-2.593729498431E1));
#1798=CARTESIAN_POINT('',(-1.962265557930E0,-2.532627972738E0,
-2.592595339508E1));
#1799=CARTESIAN_POINT('',(-1.999999995940E0,-2.844068470634E0,
-2.592296279503E1));
#1800=CARTESIAN_POINT('',(-1.999999995876E0,-3.000000000547E0,
-2.592296279504E1));
#1802=DIRECTION('',(-4.787521639989E-10,0.E0,1.E0));
#1803=VECTOR('',#1802,7.922962795038E0);
#1804=CARTESIAN_POINT('',(-1.999999995876E0,-3.000000000547E0,
-2.592296279504E1));
#1805=LINE('',#1804,#1803);
#1806=CARTESIAN_POINT('',(0.E0,-3.E0,-1.8E1));
#1807=DIRECTION('',(0.E0,0.E0,-1.E0));
#1808=DIRECTION('',(1.E0,0.E0,0.E0));
#1809=AXIS2_PLACEMENT_3D('',#1806,#1807,#1808);
#1811=CARTESIAN_POINT('',(0.E0,-3.E0,-1.8E1));
#1812=DIRECTION('',(0.E0,0.E0,-1.E0));
#1813=DIRECTION('',(-1.E0,0.E0,0.E0));
#1814=AXIS2_PLACEMENT_3D('',#1811,#1812,#1813);
#1816=DIRECTION('',(1.899890714073E-8,7.071067811866E-1,-7.071067811865E-1));
#1817=VECTOR('',#1816,2.828427124746E-1);
#1818=CARTESIAN_POINT('',(-1.066536673648E-8,-2.E-1,2.6E1));
#1819=LINE('',#1818,#1817);
#1820=CARTESIAN_POINT('',(0.E0,-2.E-1,0.E0));
#1821=DIRECTION('',(0.E0,1.E0,0.E0));
#1822=DIRECTION('',(0.E0,0.E0,-1.E0));
#1823=AXIS2_PLACEMENT_3D('',#1820,#1821,#1822);
#1825=DIRECTION('',(1.870884731786E-8,-7.071067811866E-1,-7.071067811865E-1));
#1826=VECTOR('',#1825,2.828427124746E-1);
#1827=CARTESIAN_POINT('',(-5.291664306739E-9,0.E0,-2.58E1));
#1828=LINE('',#1827,#1826);
#1829=CARTESIAN_POINT('',(0.E0,1.421085471520E-14,0.E0));
#1830=DIRECTION('',(0.E0,-1.E0,0.E0));
#1831=DIRECTION('',(-4.102064129415E-10,0.E0,1.E0));
#1832=AXIS2_PLACEMENT_3D('',#1829,#1830,#1831);
#1834=CARTESIAN_POINT('',(-2.144994431901E1,-3.000000000547E0,
1.469353220437E1));
#1835=CARTESIAN_POINT('',(-2.144994431905E1,-3.169356349787E0,
1.469353220431E1));
#1836=CARTESIAN_POINT('',(-2.147505510627E1,-3.496192632455E0,
1.465703223116E1));
#1837=CARTESIAN_POINT('',(-2.156314302465E1,-3.906664676736E0,
1.452742118375E1));
#1838=CARTESIAN_POINT('',(-2.169723413733E1,-4.283545784436E0,
1.432720322604E1));
#1839=CARTESIAN_POINT('',(-2.190138890554E1,-4.638330124910E0,
1.401334661502E1));
#1840=CARTESIAN_POINT('',(-2.213779853081E1,-4.879654897053E0,
1.363802561553E1));
#1841=CARTESIAN_POINT('',(-2.239049268281E1,-5.004912511486E0,
1.321914644561E1));
#1842=CARTESIAN_POINT('',(-2.264058962212E1,-5.005787517271E0,
1.278609268030E1));
#1843=CARTESIAN_POINT('',(-2.286990207892E1,-4.883067614895E0,
1.237054409500E1));
#1844=CARTESIAN_POINT('',(-2.304474158635E1,-4.691951975653E0,
1.204038463996E1));
#1845=CARTESIAN_POINT('',(-2.321628177022E1,-4.389593882557E0,
1.170684122324E1));
#1846=CARTESIAN_POINT('',(-2.335474692337E1,-3.956370880808E0,
1.142730550287E1));
#1847=CARTESIAN_POINT('',(-2.343082599516E1,-3.503772382025E0,
1.126946774123E1));
#1848=CARTESIAN_POINT('',(-2.344994431782E1,-3.168075955611E0,
1.122943059205E1));
#1849=CARTESIAN_POINT('',(-2.344994431782E1,-3.E0,1.122943059205E1));
#1851=DIRECTION('',(-8.660254035696E-1,0.E0,5.000000003720E-1));
#1852=VECTOR('',#1851,7.922962792792E0);
#1853=CARTESIAN_POINT('',(-1.658845726773E1,-3.E0,7.267949192703E0));
#1854=LINE('',#1853,#1852);
#1855=CARTESIAN_POINT('',(-2.344994431782E1,-3.E0,1.122943059205E1));
#1856=CARTESIAN_POINT('',(-2.344994431782E1,-2.830480012369E0,
1.122943059205E1));
#1857=CARTESIAN_POINT('',(-2.343083988340E1,-2.503566583609E0,
1.126953552523E1));
#1858=CARTESIAN_POINT('',(-2.336284414381E1,-2.094227754023E0,
1.141018565215E1));
#1859=CARTESIAN_POINT('',(-2.325675916384E1,-1.717664151857E0,
1.162591199666E1));
#1860=CARTESIAN_POINT('',(-2.308728223298E1,-1.362643598269E0,
1.195919469649E1));
#1861=CARTESIAN_POINT('',(-2.287997313945E1,-1.120439946528E0,
1.235252421063E1));
#1862=CARTESIAN_POINT('',(-2.264355246572E1,-9.951063351377E-1,
1.278083134857E1));
#1863=CARTESIAN_POINT('',(-2.239318291523E1,-9.942388249824E-1,
1.321460887744E1));
#1864=CARTESIAN_POINT('',(-2.214845248669E1,-1.116877153543E0,
1.362014261716E1));
#1865=CARTESIAN_POINT('',(-2.195084963591E1,-1.306665901455E0,
1.393524382709E1));
#1866=CARTESIAN_POINT('',(-2.174742282689E1,-1.608726086460E0,
1.425116121475E1));
#1867=CARTESIAN_POINT('',(-2.157422173188E1,-2.041715212959E0,
1.451139916874E1));
#1868=CARTESIAN_POINT('',(-2.147498198972E1,-2.496245064126E0,
1.465706810264E1));
#1869=CARTESIAN_POINT('',(-2.144994431897E1,-2.832023093220E0,
1.469353220443E1));
#1870=CARTESIAN_POINT('',(-2.144994431901E1,-3.000000000547E0,
1.469353220437E1));
#1872=DIRECTION('',(8.660254036896E-1,0.E0,-5.000000001643E-1));
#1873=VECTOR('',#1872,7.922962792496E0);
#1874=CARTESIAN_POINT('',(-2.144994431901E1,-3.000000000547E0,
1.469353220437E1));
#1875=LINE('',#1874,#1873);
#1876=CARTESIAN_POINT('',(-1.558845726796E1,-3.E0,8.999999999641E0));
#1877=DIRECTION('',(-8.660254037846E-1,0.E0,4.999999999998E-1));
#1878=DIRECTION('',(-4.999999999998E-1,0.E0,-8.660254037846E-1));
#1879=AXIS2_PLACEMENT_3D('',#1876,#1877,#1878);
#1881=CARTESIAN_POINT('',(-1.558845726796E1,-3.E0,8.999999999641E0));
#1882=DIRECTION('',(-8.660254037846E-1,0.E0,4.999999999998E-1));
#1883=DIRECTION('',(4.999999999998E-1,0.E0,8.660254037846E-1));
#1884=AXIS2_PLACEMENT_3D('',#1881,#1882,#1883);
#1886=CARTESIAN_POINT('',(-2.344994432093E1,-3.000000000547E0,
-1.122943058555E1));
#1887=CARTESIAN_POINT('',(-2.344994432090E1,-3.169356349855E0,
-1.122943058561E1));
#1888=CARTESIAN_POINT('',(-2.343088980965E1,-3.496192632646E0,
-1.126942715368E1));
#1889=CARTESIAN_POINT('',(-2.336268730950E1,-3.906664677031E0,
-1.141051905176E1));
#1890=CARTESIAN_POINT('',(-2.325633902804E1,-4.283545784866E0,
-1.162675434089E1));
#1891=CARTESIAN_POINT('',(-2.308660861380E1,-4.638330125487E0,
-1.196048586206E1));
#1892=CARTESIAN_POINT('',(-2.287977590623E1,-4.879654897694E0,
-1.235288310310E1));
#1893=CARTESIAN_POINT('',(-2.264336297987E1,-5.004912512186E0,
-1.278116224323E1));
#1894=CARTESIAN_POINT('',(-2.239337588746E1,-5.005787517968E0,
-1.321427942892E1));
#1895=CARTESIAN_POINT('',(-2.214815648442E1,-4.883067615548E0,
-1.362064413468E1));
#1896=CARTESIAN_POINT('',(-2.194964976268E1,-4.691951976263E0,
-1.393713931737E1));
#1897=CARTESIAN_POINT('',(-2.174656278256E1,-4.389593883050E0,
-1.425246918263E1));
#1898=CARTESIAN_POINT('',(-2.157371032336E1,-3.956370881140E0,
-1.451215138398E1));
#1899=CARTESIAN_POINT('',(-2.147505835028E1,-3.503772382228E0,
-1.465695667033E1));
#1900=CARTESIAN_POINT('',(-2.144994431758E1,-3.168075955681E0,
-1.469353220646E1));
#1901=CARTESIAN_POINT('',(-2.144994431758E1,-3.E0,-1.469353220646E1));
#1903=DIRECTION('',(-8.660254035638E-1,0.E0,-5.000000003821E-1));
#1904=VECTOR('',#1903,7.922962792014E0);
#1905=CARTESIAN_POINT('',(-1.458845726820E1,-3.E0,-1.073205080742E1));
#1906=LINE('',#1905,#1904);
#1907=CARTESIAN_POINT('',(-2.144994431758E1,-3.E0,-1.469353220646E1));
#1908=CARTESIAN_POINT('',(-2.144994431758E1,-2.830480012279E0,
-1.469353220646E1));
#1909=CARTESIAN_POINT('',(-2.147512399691E1,-2.503566583358E0,
-1.465693480615E1));
#1910=CARTESIAN_POINT('',(-2.156293270786E1,-2.094227753646E0,
-1.452772370809E1));
#1911=CARTESIAN_POINT('',(-2.169671471312E1,-1.717664151306E0,
-1.432798824727E1));
#1912=CARTESIAN_POINT('',(-2.190060753233E1,-1.362643597523E0,
-1.401457556992E1));
#1913=CARTESIAN_POINT('',(-2.213758633698E1,-1.120439945700E0,
-1.363837587123E1));
#1914=CARTESIAN_POINT('',(-2.239030086232E1,-9.951063342297E-1,
-1.321947599262E1));
#1915=CARTESIAN_POINT('',(-2.264077844680E1,-9.942388240813E-1,
-1.278576083690E1));
#1916=CARTESIAN_POINT('',(-2.286961575331E1,-1.116877152700E0,
-1.237105119869E1));
#1917=CARTESIAN_POINT('',(-2.304369998055E1,-1.306665900662E0,
-1.204237150498E1));
#1918=CARTESIAN_POINT('',(-2.321557905934E1,-1.608726085821E0,
-1.170824002659E1));
#1919=CARTESIAN_POINT('',(-2.335435119116E1,-2.041715212529E0,
-1.142812450105E1));
#1920=CARTESIAN_POINT('',(-2.343088431713E1,-2.496245063858E0,
-1.126934589691E1));
#1921=CARTESIAN_POINT('',(-2.344994432096E1,-2.832023093126E0,
-1.122943058549E1));
#1922=CARTESIAN_POINT('',(-2.344994432093E1,-3.000000000547E0,
-1.122943058555E1));
#1924=DIRECTION('',(8.660254039892E-1,0.E0,4.999999996453E-1));
#1925=VECTOR('',#1924,7.922962791951E0);
#1926=CARTESIAN_POINT('',(-2.344994432093E1,-3.000000000547E0,
-1.122943058555E1));
#1927=LINE('',#1926,#1925);
#1928=CARTESIAN_POINT('',(-1.558845726833E1,-3.E0,-8.999999999856E0));
#1929=DIRECTION('',(-8.660254037846E-1,0.E0,-4.999999999998E-1));
#1930=DIRECTION('',(4.999999999998E-1,0.E0,-8.660254037846E-1));
#1931=AXIS2_PLACEMENT_3D('',#1928,#1929,#1930);
#1933=CARTESIAN_POINT('',(-1.558845726833E1,-3.E0,-8.999999999856E0));
#1934=DIRECTION('',(-8.660254037846E-1,0.E0,-4.999999999998E-1));
#1935=DIRECTION('',(-4.999999999998E-1,0.E0,8.660254037846E-1));
#1936=AXIS2_PLACEMENT_3D('',#1933,#1934,#1935);
#1938=DIRECTION('',(4.160122876973E-10,0.E0,-1.E0));
#1939=VECTOR('',#1938,7.922962794491E0);
#1940=CARTESIAN_POINT('',(1.999999999669E0,3.E0,-1.8E1));
#1941=LINE('',#1940,#1939);
#1942=CARTESIAN_POINT('',(2.000000002965E0,3.E0,-2.592296279449E1));
#1943=CARTESIAN_POINT('',(2.000000002965E0,3.156435183129E0,-2.592296279449E1));
#1944=CARTESIAN_POINT('',(1.963050785254E0,3.459143170828E0,-2.592592588489E1));
#1945=CARTESIAN_POINT('',(1.822019283419E0,3.856648560113E0,-2.593624675758E1));
#1946=CARTESIAN_POINT('',(1.616669012989E0,4.202581549495E0,-2.595029478386E1));
#1947=CARTESIAN_POINT('',(1.305223985937E0,4.541125689054E0,-2.596797993126E1));
#1948=CARTESIAN_POINT('',(8.956277460494E-1,4.808847833402E0,
-2.598565906822E1));
#1949=CARTESIAN_POINT('',(4.672933762469E-1,4.962368925585E0,
-2.599702665211E1));
#1950=CARTESIAN_POINT('',(1.558002814467E-1,4.999999999499E0,
-2.599999999923E1));
#1951=CARTESIAN_POINT('',(-1.367377417313E-10,4.999999999467E0,
-2.599999999923E1));
#1953=CARTESIAN_POINT('',(-1.367377417313E-10,4.999999999467E0,
-2.599999999923E1));
#1954=CARTESIAN_POINT('',(-1.562357579658E-1,4.999999999435E0,
-2.599999999923E1));
#1955=CARTESIAN_POINT('',(-4.589218586099E-1,4.963204601903E0,
-2.599705668391E1));
#1956=CARTESIAN_POINT('',(-8.584404970316E-1,4.821315168023E0,
-2.598669953253E1));
#1957=CARTESIAN_POINT('',(-1.204804879168E0,4.615033641606E0,
-2.597262092701E1));
#1958=CARTESIAN_POINT('',(-1.542832441143E0,4.303146694694E0,
-2.595493888782E1));
#1959=CARTESIAN_POINT('',(-1.809461780894E0,3.894090421378E0,
-2.593729498431E1));
#1960=CARTESIAN_POINT('',(-1.962265557930E0,3.467372027262E0,
-2.592595339508E1));
#1961=CARTESIAN_POINT('',(-1.999999995940E0,3.155931529366E0,
-2.592296279503E1));
#1962=CARTESIAN_POINT('',(-1.999999995876E0,2.999999999453E0,
-2.592296279504E1));
#1964=DIRECTION('',(-4.787521639989E-10,0.E0,1.E0));
#1965=VECTOR('',#1964,7.922962795038E0);
#1966=CARTESIAN_POINT('',(-1.999999995876E0,2.999999999453E0,
-2.592296279504E1));
#1967=LINE('',#1966,#1965);
#1968=CARTESIAN_POINT('',(0.E0,3.E0,-1.8E1));
#1969=DIRECTION('',(0.E0,0.E0,-1.E0));
#1970=DIRECTION('',(1.E0,0.E0,0.E0));
#1971=AXIS2_PLACEMENT_3D('',#1968,#1969,#1970);
#1973=CARTESIAN_POINT('',(0.E0,3.E0,-1.8E1));
#1974=DIRECTION('',(0.E0,0.E0,-1.E0));
#1975=DIRECTION('',(-1.E0,0.E0,0.E0));
#1976=AXIS2_PLACEMENT_3D('',#1973,#1974,#1975);
#1978=CARTESIAN_POINT('',(-2.564619875174E-10,1.000000000533E0,
-2.599999999923E1));
#1979=CARTESIAN_POINT('',(1.561029614337E-1,1.000000000473E0,
-2.599999999923E1));
#1980=CARTESIAN_POINT('',(4.587160825903E-1,1.036717350952E0,
-2.599706451062E1));
#1981=CARTESIAN_POINT('',(8.589812919474E-1,1.178870606568E0,
-2.598668207039E1));
#1982=CARTESIAN_POINT('',(1.205767878766E0,1.385672129472E0,-2.597257738380E1));
#1983=CARTESIAN_POINT('',(1.543443316454E0,1.697615975268E0,-2.595490196203E1));
#1984=CARTESIAN_POINT('',(1.809738384580E0,2.106536599511E0,-2.593727488081E1));
#1985=CARTESIAN_POINT('',(1.962290221876E0,2.532858581094E0,-2.592595118873E1));
#1986=CARTESIAN_POINT('',(2.000000002965E0,2.844134978879E0,-2.592296279449E1));
#1987=CARTESIAN_POINT('',(2.000000002965E0,3.E0,-2.592296279449E1));
#1989=CARTESIAN_POINT('',(-1.999999995876E0,2.999999999453E0,
-2.592296279504E1));
#1990=CARTESIAN_POINT('',(-1.999999995812E0,2.843423936016E0,
-2.592296279504E1));
#1991=CARTESIAN_POINT('',(-1.962958357003E0,2.540674280183E0,
-2.592593390542E1));
#1992=CARTESIAN_POINT('',(-1.822350401624E0,2.144234653582E0,
-2.593621977687E1));
#1993=CARTESIAN_POINT('',(-1.617643740128E0,1.798784103367E0,
-2.595023453293E1));
#1994=CARTESIAN_POINT('',(-1.306604907609E0,1.460002668501E0,
-2.596791303977E1));
#1995=CARTESIAN_POINT('',(-8.965120184377E-1,1.191500066672E0,
-2.598563065232E1));
#1996=CARTESIAN_POINT('',(-4.673865768265E-1,1.037611456299E0,
-2.599702930643E1));
#1997=CARTESIAN_POINT('',(-1.557793440505E-1,1.000000000593E0,
-2.599999999923E1));
#1998=CARTESIAN_POINT('',(-2.564619875174E-10,1.000000000533E0,
-2.599999999923E1));
#2000=CARTESIAN_POINT('',(-6.853784626189E-9,1.000000000533E0,
2.599999999923E1));
#2001=CARTESIAN_POINT('',(-1.560515772326E-1,1.000000000473E0,
2.599999999916E1));
#2002=CARTESIAN_POINT('',(-4.586667655144E-1,1.036678193204E0,
2.599706751884E1));
#2003=CARTESIAN_POINT('',(-8.594608571860E-1,1.179060716899E0,
2.598666760768E1));
#2004=CARTESIAN_POINT('',(-1.206427547646E0,1.386138537823E0,2.597254849574E1));
#2005=CARTESIAN_POINT('',(-1.544069311964E0,1.698385141142E0,2.595486503864E1));
#2006=CARTESIAN_POINT('',(-1.809870073348E0,2.106919100701E0,2.593726252575E1));
#2007=CARTESIAN_POINT('',(-1.962267893417E0,2.532833113242E0,2.592595409485E1));
#2008=CARTESIAN_POINT('',(-1.999999997869E0,2.844090283356E0,2.592296279488E1));
#2009=CARTESIAN_POINT('',(-1.999999997869E0,3.E0,2.592296279488E1));
#2011=CARTESIAN_POINT('',(1.999999999421E0,2.999999999453E0,2.592296279476E1));
#2012=CARTESIAN_POINT('',(1.999999999357E0,2.843512679980E0,2.592296279477E1));
#2013=CARTESIAN_POINT('',(1.963012040640E0,2.540805909395E0,2.592592888250E1));
#2014=CARTESIAN_POINT('',(1.822204515442E0,2.143822896439E0,2.593623258900E1));
#2015=CARTESIAN_POINT('',(1.617136653304E0,1.798082840008E0,2.595026579778E1));
#2016=CARTESIAN_POINT('',(1.305989714420E0,1.459502248745E0,2.596794295970E1));
#2017=CARTESIAN_POINT('',(8.960365871467E-1,1.191297473607E0,2.598564581208E1));
#2018=CARTESIAN_POINT('',(4.672668276561E-1,1.037606321251E0,2.599702970569E1));
#2019=CARTESIAN_POINT('',(1.557548545959E-1,1.000000000593E0,2.599999999929E1));
#2020=CARTESIAN_POINT('',(-6.853784626189E-9,1.000000000533E0,
2.599999999923E1));
#2022=DIRECTION('',(2.272319534855E-10,0.E0,1.E0));
#2023=VECTOR('',#2022,7.922962794884E0);
#2024=CARTESIAN_POINT('',(-1.999999999669E0,3.E0,1.8E1));
#2025=LINE('',#2024,#2023);
#2026=CARTESIAN_POINT('',(-1.999999997869E0,3.E0,2.592296279488E1));
#2027=CARTESIAN_POINT('',(-1.999999997869E0,3.156621714129E0,2.592296279488E1));
#2028=CARTESIAN_POINT('',(-1.962935356507E0,3.459402881555E0,2.592593664647E1));
#2029=CARTESIAN_POINT('',(-1.822376463364E0,3.855662691642E0,2.593621606348E1));
#2030=CARTESIAN_POINT('',(-1.617848416448E0,4.200937935381E0,2.595022170412E1));
#2031=CARTESIAN_POINT('',(-1.306760926573E0,4.539877438124E0,2.596790548376E1));
#2032=CARTESIAN_POINT('',(-8.966768967772E-1,4.808418606060E0,
2.598562525249E1));
#2033=CARTESIAN_POINT('',(-4.675023141443E-1,4.962368768079E0,
2.599702747863E1));
#2034=CARTESIAN_POINT('',(-1.558229965579E-1,4.999999999499E0,
2.599999999916E1));
#2035=CARTESIAN_POINT('',(-6.973508871975E-9,4.999999999467E0,
2.599999999923E1));
#2037=CARTESIAN_POINT('',(-6.973508871975E-9,4.999999999467E0,
2.599999999923E1));
#2038=CARTESIAN_POINT('',(1.561907388387E-1,4.999999999435E0,2.599999999929E1));
#2039=CARTESIAN_POINT('',(4.588458804710E-1,4.963228148591E0,2.599705945180E1));
#2040=CARTESIAN_POINT('',(8.585542853449E-1,4.821283458086E0,2.598669542071E1));
#2041=CARTESIAN_POINT('',(1.205076222123E0,4.614831667762E0,2.597260834593E1));
#2042=CARTESIAN_POINT('',(1.542948589485E0,4.302995279562E0,2.595493156013E1));
#2043=CARTESIAN_POINT('',(1.809542466152E0,3.893926514363E0,2.593728961684E1));
#2044=CARTESIAN_POINT('',(1.962284802213E0,3.467258490037E0,2.592595160038E1));
#2045=CARTESIAN_POINT('',(1.999999999485E0,3.155888662508E0,2.592296279476E1));
#2046=CARTESIAN_POINT('',(1.999999999421E0,2.999999999453E0,2.592296279476E1));
#2048=DIRECTION('',(3.136995217898E-11,0.E0,-1.E0));
#2049=VECTOR('',#2048,7.922962794765E0);
#2050=CARTESIAN_POINT('',(1.999999999421E0,2.999999999453E0,2.592296279476E1));
#2051=LINE('',#2050,#2049);
#2052=CARTESIAN_POINT('',(0.E0,3.E0,1.8E1));
#2053=DIRECTION('',(0.E0,0.E0,1.E0));
#2054=DIRECTION('',(-1.E0,0.E0,0.E0));
#2055=AXIS2_PLACEMENT_3D('',#2052,#2053,#2054);
#2057=CARTESIAN_POINT('',(0.E0,3.E0,1.8E1));
#2058=DIRECTION('',(0.E0,0.E0,1.E0));
#2059=DIRECTION('',(1.E0,0.E0,0.E0));
#2060=AXIS2_PLACEMENT_3D('',#2057,#2058,#2059);
#2062=CARTESIAN_POINT('',(2.344994431872E1,2.999999999453E0,1.122943059016E1));
#2063=CARTESIAN_POINT('',(2.344994431869E1,2.830643650145E0,1.122943059022E1));
#2064=CARTESIAN_POINT('',(2.343088981068E1,2.503807367354E0,1.126942715154E1));
#2065=CARTESIAN_POINT('',(2.336268730922E1,2.093335322969E0,1.141051905234E1));
#2066=CARTESIAN_POINT('',(2.325633902811E1,1.716454215134E0,1.162675434074E1));
#2067=CARTESIAN_POINT('',(2.308660861378E1,1.361669874513E0,1.196048586210E1));
#2068=CARTESIAN_POINT('',(2.287977590624E1,1.120345102306E0,1.235288310309E1));
#2069=CARTESIAN_POINT('',(2.264336297987E1,9.950874878143E-1,1.278116224323E1));
#2070=CARTESIAN_POINT('',(2.239337588747E1,9.942124820319E-1,1.321427942892E1));
#2071=CARTESIAN_POINT('',(2.214815648442E1,1.116932384452E0,1.362064413469E1));
#2072=CARTESIAN_POINT('',(2.194964976270E1,1.308048023737E0,1.393713931735E1));
#2073=CARTESIAN_POINT('',(2.174656278250E1,1.610406116950E0,1.425246918272E1));
#2074=CARTESIAN_POINT('',(2.157371032361E1,2.043629118860E0,1.451215138361E1));
#2075=CARTESIAN_POINT('',(2.147505834934E1,2.496227617772E0,1.465695667169E1));
#2076=CARTESIAN_POINT('',(2.144994431959E1,2.831924044319E0,1.469353220352E1));
#2077=CARTESIAN_POINT('',(2.144994431959E1,3.E0,1.469353220352E1));
#2079=DIRECTION('',(8.660254037875E-1,0.E0,4.999999999947E-1));
#2080=VECTOR('',#2079,7.922962792288E0);
#2081=CARTESIAN_POINT('',(1.458845726820E1,3.E0,1.073205080742E1));
#2082=LINE('',#2081,#2080);
#2083=CARTESIAN_POINT('',(2.144994431959E1,3.E0,1.469353220352E1));
#2084=CARTESIAN_POINT('',(2.144994431959E1,3.169519987721E0,1.469353220352E1));
#2085=CARTESIAN_POINT('',(2.147512399598E1,3.496433416642E0,1.465693480751E1));
#2086=CARTESIAN_POINT('',(2.156293270811E1,3.905772246354E0,1.452772370773E1));
#2087=CARTESIAN_POINT('',(2.169671471306E1,4.282335848694E0,1.432798824736E1));
#2088=CARTESIAN_POINT('',(2.190060753235E1,4.637356402477E0,1.401457556990E1));
#2089=CARTESIAN_POINT('',(2.213758633698E1,4.879560054300E0,1.363837587124E1));
#2090=CARTESIAN_POINT('',(2.239030086232E1,5.004893665770E0,1.321947599262E1));
#2091=CARTESIAN_POINT('',(2.264077844680E1,5.005761175919E0,1.278576083691E1));
#2092=CARTESIAN_POINT('',(2.286961575332E1,4.883122847300E0,1.237105119868E1));
#2093=CARTESIAN_POINT('',(2.304369998053E1,4.693334099338E0,1.204237150502E1));
#2094=CARTESIAN_POINT('',(2.321557905941E1,4.391273914179E0,1.170824002643E1));
#2095=CARTESIAN_POINT('',(2.335435119089E1,3.958284787471E0,1.142812450162E1));
#2096=CARTESIAN_POINT('',(2.343088431815E1,3.503754936142E0,1.126934589477E1));
#2097=CARTESIAN_POINT('',(2.344994431875E1,3.167976906874E0,1.122943059010E1));
#2098=CARTESIAN_POINT('',(2.344994431872E1,2.999999999453E0,1.122943059016E1));
#2100=DIRECTION('',(-8.660254036676E-1,0.E0,-5.000000002024E-1));
#2101=VECTOR('',#2100,7.922962792345E0);
#2102=CARTESIAN_POINT('',(2.344994431872E1,2.999999999453E0,1.122943059016E1));
#2103=LINE('',#2102,#2101);
#2104=CARTESIAN_POINT('',(1.558845726833E1,3.E0,8.999999999856E0));
#2105=DIRECTION('',(8.660254037846E-1,0.E0,4.999999999998E-1));
#2106=DIRECTION('',(-4.999999999998E-1,0.E0,8.660254037846E-1));
#2107=AXIS2_PLACEMENT_3D('',#2104,#2105,#2106);
#2109=CARTESIAN_POINT('',(1.558845726833E1,3.E0,8.999999999856E0));
#2110=DIRECTION('',(8.660254037846E-1,0.E0,4.999999999998E-1));
#2111=DIRECTION('',(4.999999999998E-1,0.E0,-8.660254037846E-1));
#2112=AXIS2_PLACEMENT_3D('',#2109,#2110,#2111);
#2114=CARTESIAN_POINT('',(2.144994432190E1,2.999999999453E0,-1.469353220015E1));
#2115=CARTESIAN_POINT('',(2.144994432194E1,2.830643650213E0,-1.469353220009E1));
#2116=CARTESIAN_POINT('',(2.147505510493E1,2.503807367545E0,-1.465703223312E1));
#2117=CARTESIAN_POINT('',(2.156314302500E1,2.093335323264E0,-1.452742118323E1));
#2118=CARTESIAN_POINT('',(2.169723413724E1,1.716454215564E0,-1.432720322618E1));
#2119=CARTESIAN_POINT('',(2.190138890557E1,1.361669875090E0,-1.401334661498E1));
#2120=CARTESIAN_POINT('',(2.213779853081E1,1.120345102947E0,-1.363802561554E1));
#2121=CARTESIAN_POINT('',(2.239049268281E1,9.950874885145E-1,
-1.321914644561E1));
#2122=CARTESIAN_POINT('',(2.264058962213E1,9.942124827291E-1,
-1.278609268030E1));
#2123=CARTESIAN_POINT('',(2.286990207892E1,1.116932385105E0,-1.237054409501E1));
#2124=CARTESIAN_POINT('',(2.304474158637E1,1.308048024347E0,-1.204038463991E1));
#2125=CARTESIAN_POINT('',(2.321628177015E1,1.610406117443E0,-1.170684122339E1));
#2126=CARTESIAN_POINT('',(2.335474692365E1,2.043629119192E0,-1.142730550230E1));
#2127=CARTESIAN_POINT('',(2.343082599414E1,2.496227617975E0,-1.126946774337E1));
#2128=CARTESIAN_POINT('',(2.344994432003E1,2.831924044389E0,-1.122943058744E1));
#2129=CARTESIAN_POINT('',(2.344994432003E1,3.E0,-1.122943058744E1));
#2131=DIRECTION('',(8.660254038913E-1,0.E0,-4.999999998150E-1));
#2132=VECTOR('',#2131,7.922962792399E0);
#2133=CARTESIAN_POINT('',(1.658845726773E1,3.E0,-7.267949192703E0));
#2134=LINE('',#2133,#2132);
#2135=CARTESIAN_POINT('',(2.344994432003E1,3.E0,-1.122943058744E1));
#2136=CARTESIAN_POINT('',(2.344994432003E1,3.169519987631E0,-1.122943058744E1));
#2137=CARTESIAN_POINT('',(2.343083988237E1,3.496433416391E0,-1.126953552737E1));
#2138=CARTESIAN_POINT('',(2.336284414409E1,3.905772245977E0,-1.141018565158E1));
#2139=CARTESIAN_POINT('',(2.325675916376E1,4.282335848143E0,-1.162591199681E1));
#2140=CARTESIAN_POINT('',(2.308728223300E1,4.637356401731E0,-1.195919469645E1));
#2141=CARTESIAN_POINT('',(2.287997313944E1,4.879560053472E0,-1.235252421064E1));
#2142=CARTESIAN_POINT('',(2.264355246572E1,5.004893664862E0,-1.278083134857E1));
#2143=CARTESIAN_POINT('',(2.239318291523E1,5.005761175018E0,-1.321460887744E1));
#2144=CARTESIAN_POINT('',(2.214845248668E1,4.883122846457E0,-1.362014261717E1));
#2145=CARTESIAN_POINT('',(2.195084963594E1,4.693334098545E0,-1.393524382705E1));
#2146=CARTESIAN_POINT('',(2.174742282680E1,4.391273913540E0,-1.425116121489E1));
#2147=CARTESIAN_POINT('',(2.157422173223E1,3.958284787041E0,-1.451139916822E1));
#2148=CARTESIAN_POINT('',(2.147498198838E1,3.503754935874E0,-1.465706810459E1));
#2149=CARTESIAN_POINT('',(2.144994432186E1,3.167976906780E0,-1.469353220021E1));
#2150=CARTESIAN_POINT('',(2.144994432190E1,2.999999999453E0,-1.469353220015E1));
#2152=DIRECTION('',(-8.660254040112E-1,0.E0,4.999999996072E-1));
#2153=VECTOR('',#2152,7.922962792889E0);
#2154=CARTESIAN_POINT('',(2.144994432190E1,2.999999999453E0,-1.469353220015E1));
#2155=LINE('',#2154,#2153);
#2156=CARTESIAN_POINT('',(1.558845726796E1,3.E0,-8.999999999641E0));
#2157=DIRECTION('',(8.660254037846E-1,0.E0,-4.999999999998E-1));
#2158=DIRECTION('',(4.999999999998E-1,0.E0,8.660254037846E-1));
#2159=AXIS2_PLACEMENT_3D('',#2156,#2157,#2158);
#2161=CARTESIAN_POINT('',(1.558845726796E1,3.E0,-8.999999999641E0));
#2162=DIRECTION('',(8.660254037846E-1,0.E0,-4.999999999998E-1));
#2163=DIRECTION('',(-4.999999999998E-1,0.E0,-8.660254037846E-1));
#2164=AXIS2_PLACEMENT_3D('',#2161,#2162,#2163);
#2166=CARTESIAN_POINT('',(-2.344994432093E1,2.999999999453E0,
-1.122943058555E1));
#2167=CARTESIAN_POINT('',(-2.344994432090E1,2.830643650145E0,
-1.122943058561E1));
#2168=CARTESIAN_POINT('',(-2.343088980965E1,2.503807367354E0,
-1.126942715368E1));
#2169=CARTESIAN_POINT('',(-2.336268730950E1,2.093335322969E0,
-1.141051905176E1));
#2170=CARTESIAN_POINT('',(-2.325633902804E1,1.716454215134E0,
-1.162675434089E1));
#2171=CARTESIAN_POINT('',(-2.308660861380E1,1.361669874513E0,
-1.196048586206E1));
#2172=CARTESIAN_POINT('',(-2.287977590623E1,1.120345102306E0,
-1.235288310310E1));
#2173=CARTESIAN_POINT('',(-2.264336297987E1,9.950874878143E-1,
-1.278116224323E1));
#2174=CARTESIAN_POINT('',(-2.239337588746E1,9.942124820319E-1,
-1.321427942892E1));
#2175=CARTESIAN_POINT('',(-2.214815648442E1,1.116932384452E0,
-1.362064413468E1));
#2176=CARTESIAN_POINT('',(-2.194964976268E1,1.308048023737E0,
-1.393713931737E1));
#2177=CARTESIAN_POINT('',(-2.174656278256E1,1.610406116950E0,
-1.425246918263E1));
#2178=CARTESIAN_POINT('',(-2.157371032336E1,2.043629118860E0,
-1.451215138398E1));
#2179=CARTESIAN_POINT('',(-2.147505835028E1,2.496227617772E0,
-1.465695667033E1));
#2180=CARTESIAN_POINT('',(-2.144994431758E1,2.831924044319E0,
-1.469353220646E1));
#2181=CARTESIAN_POINT('',(-2.144994431758E1,3.E0,-1.469353220646E1));
#2183=DIRECTION('',(-8.660254035638E-1,0.E0,-5.000000003821E-1));
#2184=VECTOR('',#2183,7.922962792014E0);
#2185=CARTESIAN_POINT('',(-1.458845726820E1,3.E0,-1.073205080742E1));
#2186=LINE('',#2185,#2184);
#2187=CARTESIAN_POINT('',(-2.144994431758E1,3.E0,-1.469353220646E1));
#2188=CARTESIAN_POINT('',(-2.144994431758E1,3.169519987721E0,
-1.469353220646E1));
#2189=CARTESIAN_POINT('',(-2.147512399691E1,3.496433416642E0,
-1.465693480615E1));
#2190=CARTESIAN_POINT('',(-2.156293270786E1,3.905772246354E0,
-1.452772370809E1));
#2191=CARTESIAN_POINT('',(-2.169671471312E1,4.282335848694E0,
-1.432798824727E1));
#2192=CARTESIAN_POINT('',(-2.190060753233E1,4.637356402477E0,
-1.401457556992E1));
#2193=CARTESIAN_POINT('',(-2.213758633698E1,4.879560054300E0,
-1.363837587123E1));
#2194=CARTESIAN_POINT('',(-2.239030086232E1,5.004893665770E0,
-1.321947599262E1));
#2195=CARTESIAN_POINT('',(-2.264077844680E1,5.005761175919E0,
-1.278576083690E1));
#2196=CARTESIAN_POINT('',(-2.286961575331E1,4.883122847300E0,
-1.237105119869E1));
#2197=CARTESIAN_POINT('',(-2.304369998055E1,4.693334099338E0,
-1.204237150498E1));
#2198=CARTESIAN_POINT('',(-2.321557905934E1,4.391273914179E0,
-1.170824002659E1));
#2199=CARTESIAN_POINT('',(-2.335435119116E1,3.958284787471E0,
-1.142812450105E1));
#2200=CARTESIAN_POINT('',(-2.343088431713E1,3.503754936142E0,
-1.126934589691E1));
#2201=CARTESIAN_POINT('',(-2.344994432096E1,3.167976906874E0,
-1.122943058549E1));
#2202=CARTESIAN_POINT('',(-2.344994432093E1,2.999999999453E0,
-1.122943058555E1));
#2204=DIRECTION('',(8.660254039892E-1,0.E0,4.999999996453E-1));
#2205=VECTOR('',#2204,7.922962791951E0);
#2206=CARTESIAN_POINT('',(-2.344994432093E1,2.999999999453E0,
-1.122943058555E1));
#2207=LINE('',#2206,#2205);
#2208=CARTESIAN_POINT('',(-1.558845726833E1,3.E0,-8.999999999856E0));
#2209=DIRECTION('',(-8.660254037846E-1,0.E0,-4.999999999998E-1));
#2210=DIRECTION('',(4.999999999998E-1,0.E0,-8.660254037846E-1));
#2211=AXIS2_PLACEMENT_3D('',#2208,#2209,#2210);
#2213=CARTESIAN_POINT('',(-1.558845726833E1,3.E0,-8.999999999856E0));
#2214=DIRECTION('',(-8.660254037846E-1,0.E0,-4.999999999998E-1));
#2215=DIRECTION('',(-4.999999999998E-1,0.E0,8.660254037846E-1));
#2216=AXIS2_PLACEMENT_3D('',#2213,#2214,#2215);
#2218=CARTESIAN_POINT('',(-2.144994431901E1,2.999999999453E0,1.469353220437E1));
#2219=CARTESIAN_POINT('',(-2.144994431905E1,2.830643650213E0,1.469353220431E1));
#2220=CARTESIAN_POINT('',(-2.147505510627E1,2.503807367545E0,1.465703223116E1));
#2221=CARTESIAN_POINT('',(-2.156314302465E1,2.093335323264E0,1.452742118375E1));
#2222=CARTESIAN_POINT('',(-2.169723413733E1,1.716454215564E0,1.432720322604E1));
#2223=CARTESIAN_POINT('',(-2.190138890554E1,1.361669875090E0,1.401334661502E1));
#2224=CARTESIAN_POINT('',(-2.213779853081E1,1.120345102947E0,1.363802561553E1));
#2225=CARTESIAN_POINT('',(-2.239049268281E1,9.950874885145E-1,
1.321914644561E1));
#2226=CARTESIAN_POINT('',(-2.264058962212E1,9.942124827291E-1,
1.278609268030E1));
#2227=CARTESIAN_POINT('',(-2.286990207892E1,1.116932385105E0,1.237054409500E1));
#2228=CARTESIAN_POINT('',(-2.304474158635E1,1.308048024347E0,1.204038463996E1));
#2229=CARTESIAN_POINT('',(-2.321628177022E1,1.610406117443E0,1.170684122324E1));
#2230=CARTESIAN_POINT('',(-2.335474692337E1,2.043629119192E0,1.142730550287E1));
#2231=CARTESIAN_POINT('',(-2.343082599516E1,2.496227617975E0,1.126946774123E1));
#2232=CARTESIAN_POINT('',(-2.344994431782E1,2.831924044389E0,1.122943059205E1));
#2233=CARTESIAN_POINT('',(-2.344994431782E1,3.E0,1.122943059205E1));
#2235=DIRECTION('',(-8.660254035696E-1,0.E0,5.000000003720E-1));
#2236=VECTOR('',#2235,7.922962792792E0);
#2237=CARTESIAN_POINT('',(-1.658845726773E1,3.E0,7.267949192703E0));
#2238=LINE('',#2237,#2236);
#2239=CARTESIAN_POINT('',(-2.344994431782E1,3.E0,1.122943059205E1));
#2240=CARTESIAN_POINT('',(-2.344994431782E1,3.169519987631E0,1.122943059205E1));
#2241=CARTESIAN_POINT('',(-2.343083988340E1,3.496433416391E0,1.126953552523E1));
#2242=CARTESIAN_POINT('',(-2.336284414381E1,3.905772245977E0,1.141018565215E1));
#2243=CARTESIAN_POINT('',(-2.325675916384E1,4.282335848143E0,1.162591199666E1));
#2244=CARTESIAN_POINT('',(-2.308728223298E1,4.637356401731E0,1.195919469649E1));
#2245=CARTESIAN_POINT('',(-2.287997313945E1,4.879560053472E0,1.235252421063E1));
#2246=CARTESIAN_POINT('',(-2.264355246572E1,5.004893664862E0,1.278083134857E1));
#2247=CARTESIAN_POINT('',(-2.239318291523E1,5.005761175018E0,1.321460887744E1));
#2248=CARTESIAN_POINT('',(-2.214845248669E1,4.883122846457E0,1.362014261716E1));
#2249=CARTESIAN_POINT('',(-2.195084963591E1,4.693334098545E0,1.393524382709E1));
#2250=CARTESIAN_POINT('',(-2.174742282689E1,4.391273913540E0,1.425116121475E1));
#2251=CARTESIAN_POINT('',(-2.157422173188E1,3.958284787041E0,1.451139916874E1));
#2252=CARTESIAN_POINT('',(-2.147498198972E1,3.503754935874E0,1.465706810264E1));
#2253=CARTESIAN_POINT('',(-2.144994431897E1,3.167976906780E0,1.469353220443E1));
#2254=CARTESIAN_POINT('',(-2.144994431901E1,2.999999999453E0,1.469353220437E1));
#2256=DIRECTION('',(8.660254036896E-1,0.E0,-5.000000001643E-1));
#2257=VECTOR('',#2256,7.922962792496E0);
#2258=CARTESIAN_POINT('',(-2.144994431901E1,2.999999999453E0,1.469353220437E1));
#2259=LINE('',#2258,#2257);
#2260=CARTESIAN_POINT('',(-1.558845726796E1,3.E0,8.999999999641E0));
#2261=DIRECTION('',(-8.660254037846E-1,0.E0,4.999999999998E-1));
#2262=DIRECTION('',(-4.999999999998E-1,0.E0,-8.660254037846E-1));
#2263=AXIS2_PLACEMENT_3D('',#2260,#2261,#2262);
#2265=CARTESIAN_POINT('',(-1.558845726796E1,3.E0,8.999999999641E0));
#2266=DIRECTION('',(-8.660254037846E-1,0.E0,4.999999999998E-1));
#2267=DIRECTION('',(4.999999999998E-1,0.E0,8.660254037846E-1));
#2268=AXIS2_PLACEMENT_3D('',#2265,#2266,#2267);
#2270=CARTESIAN_POINT('',(2.344994431872E1,-3.000000000547E0,1.122943059016E1));
#2271=CARTESIAN_POINT('',(2.344994431869E1,-3.169356349855E0,1.122943059022E1));
#2272=CARTESIAN_POINT('',(2.343088981068E1,-3.496192632646E0,1.126942715154E1));
#2273=CARTESIAN_POINT('',(2.336268730922E1,-3.906664677031E0,1.141051905234E1));
#2274=CARTESIAN_POINT('',(2.325633902811E1,-4.283545784866E0,1.162675434074E1));
#2275=CARTESIAN_POINT('',(2.308660861378E1,-4.638330125487E0,1.196048586210E1));
#2276=CARTESIAN_POINT('',(2.287977590624E1,-4.879654897694E0,1.235288310309E1));
#2277=CARTESIAN_POINT('',(2.264336297987E1,-5.004912512186E0,1.278116224323E1));
#2278=CARTESIAN_POINT('',(2.239337588747E1,-5.005787517968E0,1.321427942892E1));
#2279=CARTESIAN_POINT('',(2.214815648442E1,-4.883067615548E0,1.362064413469E1));
#2280=CARTESIAN_POINT('',(2.194964976270E1,-4.691951976263E0,1.393713931735E1));
#2281=CARTESIAN_POINT('',(2.174656278250E1,-4.389593883050E0,1.425246918272E1));
#2282=CARTESIAN_POINT('',(2.157371032361E1,-3.956370881140E0,1.451215138361E1));
#2283=CARTESIAN_POINT('',(2.147505834934E1,-3.503772382228E0,1.465695667169E1));
#2284=CARTESIAN_POINT('',(2.144994431959E1,-3.168075955681E0,1.469353220352E1));
#2285=CARTESIAN_POINT('',(2.144994431959E1,-3.E0,1.469353220352E1));
#2287=DIRECTION('',(8.660254037875E-1,0.E0,4.999999999947E-1));
#2288=VECTOR('',#2287,7.922962792288E0);
#2289=CARTESIAN_POINT('',(1.458845726820E1,-3.E0,1.073205080742E1));
#2290=LINE('',#2289,#2288);
#2291=CARTESIAN_POINT('',(2.144994431959E1,-3.E0,1.469353220352E1));
#2292=CARTESIAN_POINT('',(2.144994431959E1,-2.830480012279E0,1.469353220352E1));
#2293=CARTESIAN_POINT('',(2.147512399598E1,-2.503566583358E0,1.465693480751E1));
#2294=CARTESIAN_POINT('',(2.156293270811E1,-2.094227753646E0,1.452772370773E1));
#2295=CARTESIAN_POINT('',(2.169671471306E1,-1.717664151306E0,1.432798824736E1));
#2296=CARTESIAN_POINT('',(2.190060753235E1,-1.362643597523E0,1.401457556990E1));
#2297=CARTESIAN_POINT('',(2.213758633698E1,-1.120439945700E0,1.363837587124E1));
#2298=CARTESIAN_POINT('',(2.239030086232E1,-9.951063342297E-1,
1.321947599262E1));
#2299=CARTESIAN_POINT('',(2.264077844680E1,-9.942388240813E-1,
1.278576083691E1));
#2300=CARTESIAN_POINT('',(2.286961575332E1,-1.116877152700E0,1.237105119868E1));
#2301=CARTESIAN_POINT('',(2.304369998053E1,-1.306665900662E0,1.204237150502E1));
#2302=CARTESIAN_POINT('',(2.321557905941E1,-1.608726085821E0,1.170824002643E1));
#2303=CARTESIAN_POINT('',(2.335435119089E1,-2.041715212529E0,1.142812450162E1));
#2304=CARTESIAN_POINT('',(2.343088431815E1,-2.496245063858E0,1.126934589477E1));
#2305=CARTESIAN_POINT('',(2.344994431875E1,-2.832023093126E0,1.122943059010E1));
#2306=CARTESIAN_POINT('',(2.344994431872E1,-3.000000000547E0,1.122943059016E1));
#2308=DIRECTION('',(-8.660254036676E-1,0.E0,-5.000000002024E-1));
#2309=VECTOR('',#2308,7.922962792345E0);
#2310=CARTESIAN_POINT('',(2.344994431872E1,-3.000000000547E0,1.122943059016E1));
#2311=LINE('',#2310,#2309);
#2312=CARTESIAN_POINT('',(1.558845726833E1,-3.E0,8.999999999856E0));
#2313=DIRECTION('',(8.660254037846E-1,0.E0,4.999999999998E-1));
#2314=DIRECTION('',(-4.999999999998E-1,0.E0,8.660254037846E-1));
#2315=AXIS2_PLACEMENT_3D('',#2312,#2313,#2314);
#2317=CARTESIAN_POINT('',(1.558845726833E1,-3.E0,8.999999999856E0));
#2318=DIRECTION('',(8.660254037846E-1,0.E0,4.999999999998E-1));
#2319=DIRECTION('',(4.999999999998E-1,0.E0,-8.660254037846E-1));
#2320=AXIS2_PLACEMENT_3D('',#2317,#2318,#2319);
#2322=CARTESIAN_POINT('',(1.658845726773E1,-3.E0,-7.267949192703E0));
#2323=CARTESIAN_POINT('',(2.344994432003E1,-3.E0,-1.122943058744E1));
#2324=VERTEX_POINT('',#2322);
#2325=VERTEX_POINT('',#2323);
#2326=VERTEX_POINT('',#1492);
#2327=CARTESIAN_POINT('',(1.458845726822E1,-3.000000000547E0,
-1.073205080682E1));
#2328=VERTEX_POINT('',#2327);
#2329=VERTEX_POINT('',#1754);
#2330=VERTEX_POINT('',#1763);
#2331=VERTEX_POINT('',#1765);
#2332=CARTESIAN_POINT('',(-1.999999999669E0,-3.000000000547E0,-1.8E1));
#2333=VERTEX_POINT('',#2332);
#2334=CARTESIAN_POINT('',(2.E0,-3.E0,-1.8E1));
#2335=VERTEX_POINT('',#2334);
#2336=CARTESIAN_POINT('',(-1.458845726820E1,-3.E0,-1.073205080742E1));
#2337=CARTESIAN_POINT('',(-2.144994431758E1,-3.E0,-1.469353220646E1));
#2338=VERTEX_POINT('',#2336);
#2339=VERTEX_POINT('',#2337);
#2340=VERTEX_POINT('',#1886);
#2341=CARTESIAN_POINT('',(-1.658845726824E1,-3.000000000547E0,
-7.267949192385E0));
#2342=VERTEX_POINT('',#2341);
#2343=CARTESIAN_POINT('',(-1.658845726773E1,-3.E0,7.267949192703E0));
#2344=CARTESIAN_POINT('',(-2.344994431782E1,-3.E0,1.122943059205E1));
#2345=VERTEX_POINT('',#2343);
#2346=VERTEX_POINT('',#2344);
#2347=VERTEX_POINT('',#1834);
#2348=CARTESIAN_POINT('',(-1.458845726822E1,-3.000000000547E0,
1.073205080682E1));
#2349=VERTEX_POINT('',#2348);
#2350=VERTEX_POINT('',#1732);
#2351=VERTEX_POINT('',#1741);
#2352=VERTEX_POINT('',#1743);
#2353=CARTESIAN_POINT('',(1.999999999669E0,-3.000000000547E0,1.8E1));
#2354=VERTEX_POINT('',#2353);
#2355=CARTESIAN_POINT('',(-2.E0,-3.E0,1.8E1));
#2356=VERTEX_POINT('',#2355);
#2357=CARTESIAN_POINT('',(1.458845726820E1,-3.E0,1.073205080742E1));
#2358=CARTESIAN_POINT('',(2.144994431959E1,-3.E0,1.469353220352E1));
#2359=VERTEX_POINT('',#2357);
#2360=VERTEX_POINT('',#2358);
#2361=VERTEX_POINT('',#2270);
#2362=CARTESIAN_POINT('',(1.658845726824E1,-3.000000000547E0,7.267949192385E0));
#2363=VERTEX_POINT('',#2362);
#2364=CARTESIAN_POINT('',(1.458845726820E1,3.E0,1.073205080742E1));
#2365=CARTESIAN_POINT('',(2.144994431959E1,3.E0,1.469353220352E1));
#2366=VERTEX_POINT('',#2364);
#2367=VERTEX_POINT('',#2365);
#2368=VERTEX_POINT('',#2062);
#2369=CARTESIAN_POINT('',(1.658845726824E1,2.999999999453E0,7.267949192385E0));
#2370=VERTEX_POINT('',#2369);
#2371=CARTESIAN_POINT('',(1.658845726773E1,3.E0,-7.267949192703E0));
#2372=CARTESIAN_POINT('',(2.344994432003E1,3.E0,-1.122943058744E1));
#2373=VERTEX_POINT('',#2371);
#2374=VERTEX_POINT('',#2372);
#2375=VERTEX_POINT('',#2114);
#2376=CARTESIAN_POINT('',(1.458845726822E1,2.999999999453E0,-1.073205080682E1));
#2377=VERTEX_POINT('',#2376);
#2378=VERTEX_POINT('',#1978);
#2379=VERTEX_POINT('',#1987);
#2380=VERTEX_POINT('',#1989);
#2381=CARTESIAN_POINT('',(-1.999999999669E0,2.999999999453E0,-1.8E1));
#2382=VERTEX_POINT('',#2381);
#2383=CARTESIAN_POINT('',(2.E0,3.E0,-1.8E1));
#2384=VERTEX_POINT('',#2383);
#2385=CARTESIAN_POINT('',(-1.458845726820E1,3.E0,-1.073205080742E1));
#2386=CARTESIAN_POINT('',(-2.144994431758E1,3.E0,-1.469353220646E1));
#2387=VERTEX_POINT('',#2385);
#2388=VERTEX_POINT('',#2386);
#2389=VERTEX_POINT('',#2166);
#2390=CARTESIAN_POINT('',(-1.658845726824E1,2.999999999453E0,
-7.267949192385E0));
#2391=VERTEX_POINT('',#2390);
#2392=CARTESIAN_POINT('',(-1.658845726773E1,3.E0,7.267949192703E0));
#2393=CARTESIAN_POINT('',(-2.344994431782E1,3.E0,1.122943059205E1));
#2394=VERTEX_POINT('',#2392);
#2395=VERTEX_POINT('',#2393);
#2396=VERTEX_POINT('',#2218);
#2397=CARTESIAN_POINT('',(-1.458845726822E1,2.999999999453E0,1.073205080682E1));
#2398=VERTEX_POINT('',#2397);
#2399=VERTEX_POINT('',#2000);
#2400=VERTEX_POINT('',#2009);
#2401=VERTEX_POINT('',#2011);
#2402=CARTESIAN_POINT('',(1.999999999669E0,2.999999999453E0,1.8E1));
#2403=VERTEX_POINT('',#2402);
#2404=CARTESIAN_POINT('',(-2.E0,3.E0,1.8E1));
#2405=VERTEX_POINT('',#2404);
#2406=CARTESIAN_POINT('',(0.E0,5.8E0,-2.6E1));
#2407=CARTESIAN_POINT('',(-1.066535519016E-8,5.8E0,2.6E1));
#2408=VERTEX_POINT('',#2406);
#2409=VERTEX_POINT('',#2407);
#2410=CARTESIAN_POINT('',(4.570484202383E-10,5.999999971705E0,
2.580000000037E1));
#2411=VERTEX_POINT('',#2410);
#2412=CARTESIAN_POINT('',(0.E0,5.999999971705E0,-2.580000000048E1));
#2413=VERTEX_POINT('',#2412);
#2414=CARTESIAN_POINT('',(0.E0,-5.999999971705E0,2.580000000048E1));
#2415=CARTESIAN_POINT('',(0.E0,-5.999999971705E0,-2.580000000048E1));
#2416=VERTEX_POINT('',#2414);
#2417=VERTEX_POINT('',#2415);
#2418=CARTESIAN_POINT('',(-4.605902674328E-10,-5.799999972248E0,
2.599999999999E1));
#2419=VERTEX_POINT('',#2418);
#2420=CARTESIAN_POINT('',(0.E0,-5.799999972248E0,-2.599999999999E1));
#2421=VERTEX_POINT('',#2420);
#2422=CARTESIAN_POINT('',(0.E0,-1.421085471520E-14,2.58E1));
#2423=CARTESIAN_POINT('',(-1.058331399639E-8,-1.421085471520E-14,-2.58E1));
#2424=VERTEX_POINT('',#2422);
#2425=VERTEX_POINT('',#2423);
#2426=CARTESIAN_POINT('',(0.E0,-2.E-1,-2.6E1));
#2427=VERTEX_POINT('',#2426);
#2428=CARTESIAN_POINT('',(-1.066536673648E-8,-2.E-1,2.6E1));
#2429=VERTEX_POINT('',#2428);
#2430=CARTESIAN_POINT('',(-5.332684960280E-9,2.E-1,2.6E1));
#2431=VERTEX_POINT('',#2430);
#2432=CARTESIAN_POINT('',(0.E0,2.E-1,-2.6E1));
#2433=VERTEX_POINT('',#2432);
#2434=CARTESIAN_POINT('',(0.E0,-6.E0,-1.699999999517E1));
#2435=CARTESIAN_POINT('',(0.E0,6.E0,-1.699999999517E1));
#2436=VERTEX_POINT('',#2434);
#2437=VERTEX_POINT('',#2435);
#2438=CARTESIAN_POINT('',(0.E0,6.E0,1.7E1));
#2439=VERTEX_POINT('',#2438);
#2440=CARTESIAN_POINT('',(-4.649006013336E-9,-6.E0,1.699999999517E1));
#2441=VERTEX_POINT('',#2440);
#2442=VERTEX_POINT('',#2037);
#2443=VERTEX_POINT('',#1951);
#2444=VERTEX_POINT('',#1707);
#2445=VERTEX_POINT('',#1789);
#2446=CARTESIAN_POINT('',(2.255905644023E1,-3.E0,-1.302447730816E1));
#2447=DIRECTION('',(-8.660254037846E-1,0.E0,4.999999999998E-1));
#2448=DIRECTION('',(4.999999999998E-1,0.E0,8.660254037846E-1));
#2449=AXIS2_PLACEMENT_3D('',#2446,#2447,#2448);
#2450=CYLINDRICAL_SURFACE('',#2449,1.999999999810E0);
#2452=ORIENTED_EDGE('',*,*,#2451,.F.);
#2454=ORIENTED_EDGE('',*,*,#2453,.T.);
#2456=ORIENTED_EDGE('',*,*,#2455,.F.);
#2458=ORIENTED_EDGE('',*,*,#2457,.T.);
#2459=EDGE_LOOP('',(#2452,#2454,#2456,#2458));
#2460=FACE_OUTER_BOUND('',#2459,.F.);
#2461=ADVANCED_FACE('',(#2460),#2450,.F.);
#2462=CARTESIAN_POINT('',(2.255831887034E1,-3.E0,-1.302405147199E1));
#2463=DIRECTION('',(-8.660254037846E-1,0.E0,4.999999999998E-1));
#2464=DIRECTION('',(4.999999999998E-1,0.E0,8.660254037846E-1));
#2465=AXIS2_PLACEMENT_3D('',#2462,#2463,#2464);
#2466=CYLINDRICAL_SURFACE('',#2465,1.999999999707E0);
#2468=ORIENTED_EDGE('',*,*,#2467,.T.);
#2469=ORIENTED_EDGE('',*,*,#2451,.T.);
#2471=ORIENTED_EDGE('',*,*,#2470,.T.);
#2472=ORIENTED_EDGE('',*,*,#2455,.T.);
#2473=EDGE_LOOP('',(#2468,#2469,#2471,#2472));
#2474=FACE_OUTER_BOUND('',#2473,.F.);
#2475=ADVANCED_FACE('',(#2474),#2466,.F.);
#2476=CARTESIAN_POINT('',(1.558845726800E1,-3.E0,-9.E0));
#2477=DIRECTION('',(8.660254037524E-1,0.E0,-5.000000000556E-1));
#2478=DIRECTION('',(-5.000000000556E-1,0.E0,-8.660254037524E-1));
#2479=AXIS2_PLACEMENT_3D('',#2476,#2477,#2478);
#2480=PLANE('',#2479);
#2481=ORIENTED_EDGE('',*,*,#2453,.F.);
#2482=ORIENTED_EDGE('',*,*,#2467,.F.);
#2483=EDGE_LOOP('',(#2481,#2482));
#2484=FACE_OUTER_BOUND('',#2483,.F.);
#2485=ADVANCED_FACE('',(#2484),#2480,.T.);
#2486=CARTESIAN_POINT('',(0.E0,-2.E-1,0.E0));
#2487=DIRECTION('',(0.E0,-1.E0,0.E0));
#2488=DIRECTION('',(0.E0,0.E0,-1.E0));
#2489=AXIS2_PLACEMENT_3D('',#2486,#2487,#2488);
#2490=CYLINDRICAL_SURFACE('',#2489,2.6E1);
#2492=ORIENTED_EDGE('',*,*,#2491,.T.);
#2494=ORIENTED_EDGE('',*,*,#2493,.T.);
#2496=ORIENTED_EDGE('',*,*,#2495,.F.);
#2498=ORIENTED_EDGE('',*,*,#2497,.F.);
#2500=ORIENTED_EDGE('',*,*,#2499,.T.);
#2502=ORIENTED_EDGE('',*,*,#2501,.T.);
#2504=ORIENTED_EDGE('',*,*,#2503,.T.);
#2506=ORIENTED_EDGE('',*,*,#2505,.F.);
#2508=ORIENTED_EDGE('',*,*,#2507,.F.);
#2510=ORIENTED_EDGE('',*,*,#2509,.T.);
#2511=EDGE_LOOP('',(#2492,#2494,#2496,#2498,#2500,#2502,#2504,#2506,#2508,
#2510));
#2512=FACE_OUTER_BOUND('',#2511,.F.);
#2513=ORIENTED_EDGE('',*,*,#2457,.F.);
#2514=ORIENTED_EDGE('',*,*,#2470,.F.);
#2515=EDGE_LOOP('',(#2513,#2514));
#2516=FACE_BOUND('',#2515,.F.);
#2518=ORIENTED_EDGE('',*,*,#2517,.F.);
#2520=ORIENTED_EDGE('',*,*,#2519,.F.);
#2521=EDGE_LOOP('',(#2518,#2520));
#2522=FACE_BOUND('',#2521,.F.);
#2523=ADVANCED_FACE('',(#2512,#2516,#2522),#2490,.T.);
#2524=CARTESIAN_POINT('',(0.E0,-9.999999999999E-2,0.E0));
#2525=DIRECTION('',(0.E0,-1.E0,0.E0));
#2526=DIRECTION('',(0.E0,0.E0,-1.E0));
#2527=AXIS2_PLACEMENT_3D('',#2524,#2525,#2526);
#2528=CONICAL_SURFACE('',#2527,2.59E1,4.5E1);
#2530=ORIENTED_EDGE('',*,*,#2529,.T.);
#2532=ORIENTED_EDGE('',*,*,#2531,.T.);
#2533=ORIENTED_EDGE('',*,*,#2491,.F.);
#2535=ORIENTED_EDGE('',*,*,#2534,.T.);
#2536=EDGE_LOOP('',(#2530,#2532,#2533,#2535));
#2537=FACE_OUTER_BOUND('',#2536,.F.);
#2538=ADVANCED_FACE('',(#2537),#2528,.T.);
#2539=CARTESIAN_POINT('',(0.E0,1.E-1,0.E0));
#2540=DIRECTION('',(0.E0,1.E0,0.E0));
#2541=DIRECTION('',(0.E0,0.E0,1.E0));
#2542=AXIS2_PLACEMENT_3D('',#2539,#2540,#2541);
#2543=CONICAL_SURFACE('',#2542,2.59E1,4.5E1);
#2544=ORIENTED_EDGE('',*,*,#2529,.F.);
#2546=ORIENTED_EDGE('',*,*,#2545,.T.);
#2548=ORIENTED_EDGE('',*,*,#2547,.F.);
#2550=ORIENTED_EDGE('',*,*,#2549,.T.);
#2551=EDGE_LOOP('',(#2544,#2546,#2548,#2550));
#2552=FACE_OUTER_BOUND('',#2551,.F.);
#2553=ADVANCED_FACE('',(#2552),#2543,.T.);
#2554=CARTESIAN_POINT('',(0.E0,9.999999999999E-2,0.E0));
#2555=DIRECTION('',(0.E0,1.E0,0.E0));
#2556=DIRECTION('',(0.E0,0.E0,1.E0));
#2557=AXIS2_PLACEMENT_3D('',#2554,#2555,#2556);
#2558=CONICAL_SURFACE('',#2557,2.59E1,4.5E1);
#2559=ORIENTED_EDGE('',*,*,#2549,.F.);
#2561=ORIENTED_EDGE('',*,*,#2560,.F.);
#2562=ORIENTED_EDGE('',*,*,#2545,.F.);
#2564=ORIENTED_EDGE('',*,*,#2563,.T.);
#2565=EDGE_LOOP('',(#2559,#2561,#2562,#2564));
#2566=FACE_OUTER_BOUND('',#2565,.F.);
#2567=ADVANCED_FACE('',(#2566),#2558,.T.);
#2568=CARTESIAN_POINT('',(0.E0,5.8E0,0.E0));
#2569=DIRECTION('',(0.E0,-1.E0,0.E0));
#2570=DIRECTION('',(0.E0,0.E0,-1.E0));
#2571=AXIS2_PLACEMENT_3D('',#2568,#2569,#2570);
#2572=CYLINDRICAL_SURFACE('',#2571,2.6E1);
#2574=ORIENTED_EDGE('',*,*,#2573,.F.);
#2576=ORIENTED_EDGE('',*,*,#2575,.F.);
#2578=ORIENTED_EDGE('',*,*,#2577,.F.);
#2580=ORIENTED_EDGE('',*,*,#2579,.F.);
#2581=ORIENTED_EDGE('',*,*,#2560,.T.);
#2583=ORIENTED_EDGE('',*,*,#2582,.F.);
#2585=ORIENTED_EDGE('',*,*,#2584,.F.);
#2587=ORIENTED_EDGE('',*,*,#2586,.F.);
#2589=ORIENTED_EDGE('',*,*,#2588,.F.);
#2591=ORIENTED_EDGE('',*,*,#2590,.T.);
#2592=EDGE_LOOP('',(#2574,#2576,#2578,#2580,#2581,#2583,#2585,#2587,#2589,
#2591));
#2593=FACE_OUTER_BOUND('',#2592,.F.);
#2595=ORIENTED_EDGE('',*,*,#2594,.F.);
#2597=ORIENTED_EDGE('',*,*,#2596,.F.);
#2598=EDGE_LOOP('',(#2595,#2597));
#2599=FACE_BOUND('',#2598,.F.);
#2601=ORIENTED_EDGE('',*,*,#2600,.F.);
#2603=ORIENTED_EDGE('',*,*,#2602,.F.);
#2604=EDGE_LOOP('',(#2601,#2603));
#2605=FACE_BOUND('',#2604,.F.);
#2606=ADVANCED_FACE('',(#2593,#2599,#2605),#2572,.T.);
#2607=CARTESIAN_POINT('',(0.E0,5.8E0,0.E0));
#2608=DIRECTION('',(0.E0,-1.E0,0.E0));
#2609=DIRECTION('',(0.E0,0.E0,-1.E0));
#2610=AXIS2_PLACEMENT_3D('',#2607,#2608,#2609);
#2611=CYLINDRICAL_SURFACE('',#2610,2.6E1);
#2613=ORIENTED_EDGE('',*,*,#2612,.F.);
#2614=ORIENTED_EDGE('',*,*,#2588,.T.);
#2616=ORIENTED_EDGE('',*,*,#2615,.F.);
#2618=ORIENTED_EDGE('',*,*,#2617,.F.);
#2619=ORIENTED_EDGE('',*,*,#2582,.T.);
#2620=ORIENTED_EDGE('',*,*,#2547,.T.);
#2621=ORIENTED_EDGE('',*,*,#2579,.T.);
#2623=ORIENTED_EDGE('',*,*,#2622,.F.);
#2625=ORIENTED_EDGE('',*,*,#2624,.F.);
#2626=ORIENTED_EDGE('',*,*,#2573,.T.);
#2627=EDGE_LOOP('',(#2613,#2614,#2616,#2618,#2619,#2620,#2621,#2623,#2625,
#2626));
#2628=FACE_OUTER_BOUND('',#2627,.F.);
#2630=ORIENTED_EDGE('',*,*,#2629,.F.);
#2632=ORIENTED_EDGE('',*,*,#2631,.F.);
#2633=EDGE_LOOP('',(#2630,#2632));
#2634=FACE_BOUND('',#2633,.F.);
#2636=ORIENTED_EDGE('',*,*,#2635,.F.);
#2638=ORIENTED_EDGE('',*,*,#2637,.F.);
#2639=EDGE_LOOP('',(#2636,#2638));
#2640=FACE_BOUND('',#2639,.F.);
#2641=ADVANCED_FACE('',(#2628,#2634,#2640),#2611,.T.);
#2642=CARTESIAN_POINT('',(-4.560921051810E-11,5.799999972248E0,0.E0));
#2643=DIRECTION('',(2.283468249422E-9,-1.E0,0.E0));
#2644=DIRECTION('',(1.420664064639E-11,0.E0,1.E0));
#2645=AXIS2_PLACEMENT_3D('',#2642,#2643,#2644);
#2646=TOROIDAL_SURFACE('',#2645,2.580000000053E1,1.999999994571E-1);
#2647=ORIENTED_EDGE('',*,*,#2612,.T.);
#2649=ORIENTED_EDGE('',*,*,#2648,.T.);
#2651=ORIENTED_EDGE('',*,*,#2650,.T.);
#2653=ORIENTED_EDGE('',*,*,#2652,.T.);
#2654=EDGE_LOOP('',(#2647,#2649,#2651,#2653));
#2655=FACE_OUTER_BOUND('',#2654,.F.);
#2656=ADVANCED_FACE('',(#2655),#2646,.T.);
#2657=CARTESIAN_POINT('',(4.560921051810E-11,5.799999972248E0,0.E0));
#2658=DIRECTION('',(-2.283468249422E-9,-1.E0,0.E0));
#2659=DIRECTION('',(-1.420664064639E-11,0.E0,-1.E0));
#2660=AXIS2_PLACEMENT_3D('',#2657,#2658,#2659);
#2661=TOROIDAL_SURFACE('',#2660,2.580000000053E1,1.999999994571E-1);
#2662=ORIENTED_EDGE('',*,*,#2652,.F.);
#2664=ORIENTED_EDGE('',*,*,#2663,.T.);
#2665=ORIENTED_EDGE('',*,*,#2648,.F.);
#2666=ORIENTED_EDGE('',*,*,#2590,.F.);
#2667=EDGE_LOOP('',(#2662,#2664,#2665,#2666));
#2668=FACE_OUTER_BOUND('',#2667,.F.);
#2669=ADVANCED_FACE('',(#2668),#2661,.T.);
#2670=CARTESIAN_POINT('',(0.E0,6.E0,0.E0));
#2671=DIRECTION('',(0.E0,1.E0,0.E0));
#2672=DIRECTION('',(0.E0,0.E0,1.E0));
#2673=AXIS2_PLACEMENT_3D('',#2670,#2671,#2672);
#2674=PLANE('',#2673);
#2675=ORIENTED_EDGE('',*,*,#2650,.F.);
#2676=ORIENTED_EDGE('',*,*,#2663,.F.);
#2677=EDGE_LOOP('',(#2675,#2676));
#2678=FACE_OUTER_BOUND('',#2677,.F.);
#2680=ORIENTED_EDGE('',*,*,#2679,.F.);
#2682=ORIENTED_EDGE('',*,*,#2681,.F.);
#2683=EDGE_LOOP('',(#2680,#2682));
#2684=FACE_BOUND('',#2683,.F.);
#2685=ADVANCED_FACE('',(#2678,#2684),#2674,.T.);
#2686=CARTESIAN_POINT('',(0.E0,6.E0,0.E0));
#2687=DIRECTION('',(0.E0,-1.E0,0.E0));
#2688=DIRECTION('',(0.E0,0.E0,-1.E0));
#2689=AXIS2_PLACEMENT_3D('',#2686,#2687,#2688);
#2690=CYLINDRICAL_SURFACE('',#2689,1.7E1);
#2692=ORIENTED_EDGE('',*,*,#2691,.F.);
#2694=ORIENTED_EDGE('',*,*,#2693,.F.);
#2696=ORIENTED_EDGE('',*,*,#2695,.F.);
#2697=ORIENTED_EDGE('',*,*,#2679,.T.);
#2698=EDGE_LOOP('',(#2692,#2694,#2696,#2697));
#2699=FACE_OUTER_BOUND('',#2698,.F.);
#2700=ADVANCED_FACE('',(#2699),#2690,.F.);
#2701=CARTESIAN_POINT('',(0.E0,6.E0,0.E0));
#2702=DIRECTION('',(0.E0,-1.E0,0.E0));
#2703=DIRECTION('',(0.E0,0.E0,-1.E0));
#2704=AXIS2_PLACEMENT_3D('',#2701,#2702,#2703);
#2705=CYLINDRICAL_SURFACE('',#2704,1.7E1);
#2707=ORIENTED_EDGE('',*,*,#2706,.F.);
#2708=ORIENTED_EDGE('',*,*,#2691,.T.);
#2709=ORIENTED_EDGE('',*,*,#2681,.T.);
#2710=ORIENTED_EDGE('',*,*,#2695,.T.);
#2711=EDGE_LOOP('',(#2707,#2708,#2709,#2710));
#2712=FACE_OUTER_BOUND('',#2711,.F.);
#2713=ADVANCED_FACE('',(#2712),#2705,.F.);
#2714=CARTESIAN_POINT('',(0.E0,-6.E0,0.E0));
#2715=DIRECTION('',(0.E0,1.E0,0.E0));
#2716=DIRECTION('',(0.E0,0.E0,1.E0));
#2717=AXIS2_PLACEMENT_3D('',#2714,#2715,#2716);
#2718=PLANE('',#2717);
#2720=ORIENTED_EDGE('',*,*,#2719,.T.);
#2722=ORIENTED_EDGE('',*,*,#2721,.T.);
#2723=EDGE_LOOP('',(#2720,#2722));
#2724=FACE_OUTER_BOUND('',#2723,.F.);
#2725=ORIENTED_EDGE('',*,*,#2706,.T.);
#2726=ORIENTED_EDGE('',*,*,#2693,.T.);
#2727=EDGE_LOOP('',(#2725,#2726));
#2728=FACE_BOUND('',#2727,.F.);
#2729=ADVANCED_FACE('',(#2724,#2728),#2718,.F.);
#2730=CARTESIAN_POINT('',(-4.560921051810E-11,-5.799999972248E0,0.E0));
#2731=DIRECTION('',(-2.283468249422E-9,-1.E0,0.E0));
#2732=DIRECTION('',(1.420664064639E-11,0.E0,1.E0));
#2733=AXIS2_PLACEMENT_3D('',#2730,#2731,#2732);
#2734=TOROIDAL_SURFACE('',#2733,2.580000000053E1,1.999999994571E-1);
#2735=ORIENTED_EDGE('',*,*,#2719,.F.);
#2737=ORIENTED_EDGE('',*,*,#2736,.T.);
#2738=ORIENTED_EDGE('',*,*,#2501,.F.);
#2740=ORIENTED_EDGE('',*,*,#2739,.T.);
#2741=EDGE_LOOP('',(#2735,#2737,#2738,#2740));
#2742=FACE_OUTER_BOUND('',#2741,.F.);
#2743=ADVANCED_FACE('',(#2742),#2734,.T.);
#2744=CARTESIAN_POINT('',(4.560921051810E-11,-5.799999972248E0,0.E0));
#2745=DIRECTION('',(2.283468249422E-9,-1.E0,0.E0));
#2746=DIRECTION('',(-1.420664064639E-11,0.E0,-1.E0));
#2747=AXIS2_PLACEMENT_3D('',#2744,#2745,#2746);
#2748=TOROIDAL_SURFACE('',#2747,2.580000000053E1,1.999999994571E-1);
#2749=ORIENTED_EDGE('',*,*,#2739,.F.);
#2751=ORIENTED_EDGE('',*,*,#2750,.F.);
#2752=ORIENTED_EDGE('',*,*,#2736,.F.);
#2753=ORIENTED_EDGE('',*,*,#2721,.F.);
#2754=EDGE_LOOP('',(#2749,#2751,#2752,#2753));
#2755=FACE_OUTER_BOUND('',#2754,.F.);
#2756=ADVANCED_FACE('',(#2755),#2748,.T.);
#2757=CARTESIAN_POINT('',(0.E0,-2.E-1,0.E0));
#2758=DIRECTION('',(0.E0,-1.E0,0.E0));
#2759=DIRECTION('',(0.E0,0.E0,-1.E0));
#2760=AXIS2_PLACEMENT_3D('',#2757,#2758,#2759);
#2761=CYLINDRICAL_SURFACE('',#2760,2.6E1);
#2762=ORIENTED_EDGE('',*,*,#2509,.F.);
#2764=ORIENTED_EDGE('',*,*,#2763,.F.);
#2766=ORIENTED_EDGE('',*,*,#2765,.F.);
#2767=ORIENTED_EDGE('',*,*,#2503,.F.);
#2768=ORIENTED_EDGE('',*,*,#2750,.T.);
#2769=ORIENTED_EDGE('',*,*,#2499,.F.);
#2771=ORIENTED_EDGE('',*,*,#2770,.F.);
#2773=ORIENTED_EDGE('',*,*,#2772,.F.);
#2774=ORIENTED_EDGE('',*,*,#2493,.F.);
#2776=ORIENTED_EDGE('',*,*,#2775,.T.);
#2777=EDGE_LOOP('',(#2762,#2764,#2766,#2767,#2768,#2769,#2771,#2773,#2774,
#2776));
#2778=FACE_OUTER_BOUND('',#2777,.F.);
#2780=ORIENTED_EDGE('',*,*,#2779,.F.);
#2782=ORIENTED_EDGE('',*,*,#2781,.F.);
#2783=EDGE_LOOP('',(#2780,#2782));
#2784=FACE_BOUND('',#2783,.F.);
#2786=ORIENTED_EDGE('',*,*,#2785,.F.);
#2788=ORIENTED_EDGE('',*,*,#2787,.F.);
#2789=EDGE_LOOP('',(#2786,#2788));
#2790=FACE_BOUND('',#2789,.F.);
#2791=ADVANCED_FACE('',(#2778,#2784,#2790),#2761,.T.);
#2792=CARTESIAN_POINT('',(0.E0,-3.E0,2.6048E1));
#2793=DIRECTION('',(0.E0,0.E0,-1.E0));
#2794=DIRECTION('',(-1.E0,0.E0,0.E0));
#2795=AXIS2_PLACEMENT_3D('',#2792,#2793,#2794);
#2796=CYLINDRICAL_SURFACE('',#2795,2.E0);
#2798=ORIENTED_EDGE('',*,*,#2797,.T.);
#2800=ORIENTED_EDGE('',*,*,#2799,.T.);
#2801=ORIENTED_EDGE('',*,*,#2763,.T.);
#2802=ORIENTED_EDGE('',*,*,#2507,.T.);
#2804=ORIENTED_EDGE('',*,*,#2803,.T.);
#2805=EDGE_LOOP('',(#2798,#2800,#2801,#2802,#2804));
#2806=FACE_OUTER_BOUND('',#2805,.F.);
#2807=ADVANCED_FACE('',(#2806),#2796,.F.);
#2808=CARTESIAN_POINT('',(0.E0,-3.E0,1.8E1));
#2809=DIRECTION('',(0.E0,0.E0,1.E0));
#2810=DIRECTION('',(1.E0,0.E0,0.E0));
#2811=AXIS2_PLACEMENT_3D('',#2808,#2809,#2810);
#2812=PLANE('',#2811);
#2814=ORIENTED_EDGE('',*,*,#2813,.F.);
#2815=ORIENTED_EDGE('',*,*,#2797,.F.);
#2816=EDGE_LOOP('',(#2814,#2815));
#2817=FACE_OUTER_BOUND('',#2816,.F.);
#2818=ADVANCED_FACE('',(#2817),#2812,.T.);
#2819=CARTESIAN_POINT('',(0.E0,-3.E0,2.6048E1));
#2820=DIRECTION('',(0.E0,0.E0,-1.E0));
#2821=DIRECTION('',(-1.E0,0.E0,0.E0));
#2822=AXIS2_PLACEMENT_3D('',#2819,#2820,#2821);
#2823=CYLINDRICAL_SURFACE('',#2822,2.E0);
#2824=ORIENTED_EDGE('',*,*,#2765,.T.);
#2825=ORIENTED_EDGE('',*,*,#2799,.F.);
#2826=ORIENTED_EDGE('',*,*,#2813,.T.);
#2827=ORIENTED_EDGE('',*,*,#2803,.F.);
#2828=ORIENTED_EDGE('',*,*,#2505,.T.);
#2829=EDGE_LOOP('',(#2824,#2825,#2826,#2827,#2828));
#2830=FACE_OUTER_BOUND('',#2829,.F.);
#2831=ADVANCED_FACE('',(#2830),#2823,.F.);
#2832=CARTESIAN_POINT('',(0.E0,-3.E0,-2.6048E1));
#2833=DIRECTION('',(0.E0,0.E0,1.E0));
#2834=DIRECTION('',(1.E0,0.E0,0.E0));
#2835=AXIS2_PLACEMENT_3D('',#2832,#2833,#2834);
#2836=CYLINDRICAL_SURFACE('',#2835,2.E0);
#2837=ORIENTED_EDGE('',*,*,#2497,.T.);
#2839=ORIENTED_EDGE('',*,*,#2838,.F.);
#2841=ORIENTED_EDGE('',*,*,#2840,.T.);
#2843=ORIENTED_EDGE('',*,*,#2842,.F.);
#2844=ORIENTED_EDGE('',*,*,#2770,.T.);
#2845=EDGE_LOOP('',(#2837,#2839,#2841,#2843,#2844));
#2846=FACE_OUTER_BOUND('',#2845,.F.);
#2847=ADVANCED_FACE('',(#2846),#2836,.F.);
#2848=CARTESIAN_POINT('',(0.E0,-3.E0,-2.6048E1));
#2849=DIRECTION('',(0.E0,0.E0,1.E0));
#2850=DIRECTION('',(1.E0,0.E0,0.E0));
#2851=AXIS2_PLACEMENT_3D('',#2848,#2849,#2850);
#2852=CYLINDRICAL_SURFACE('',#2851,2.E0);
#2854=ORIENTED_EDGE('',*,*,#2853,.T.);
#2855=ORIENTED_EDGE('',*,*,#2838,.T.);
#2856=ORIENTED_EDGE('',*,*,#2495,.T.);
#2857=ORIENTED_EDGE('',*,*,#2772,.T.);
#2858=ORIENTED_EDGE('',*,*,#2842,.T.);
#2859=EDGE_LOOP('',(#2854,#2855,#2856,#2857,#2858));
#2860=FACE_OUTER_BOUND('',#2859,.F.);
#2861=ADVANCED_FACE('',(#2860),#2852,.F.);
#2862=CARTESIAN_POINT('',(0.E0,-3.E0,-1.8E1));
#2863=DIRECTION('',(0.E0,0.E0,1.E0));
#2864=DIRECTION('',(-1.E0,0.E0,0.E0));
#2865=AXIS2_PLACEMENT_3D('',#2862,#2863,#2864);
#2866=PLANE('',#2865);
#2867=ORIENTED_EDGE('',*,*,#2840,.F.);
#2868=ORIENTED_EDGE('',*,*,#2853,.F.);
#2869=EDGE_LOOP('',(#2867,#2868));
#2870=FACE_OUTER_BOUND('',#2869,.F.);
#2871=ADVANCED_FACE('',(#2870),#2866,.F.);
#2872=CARTESIAN_POINT('',(0.E0,-1.E-1,0.E0));
#2873=DIRECTION('',(0.E0,-1.E0,0.E0));
#2874=DIRECTION('',(0.E0,0.E0,-1.E0));
#2875=AXIS2_PLACEMENT_3D('',#2872,#2873,#2874);
#2876=CONICAL_SURFACE('',#2875,2.59E1,4.5E1);
#2877=ORIENTED_EDGE('',*,*,#2534,.F.);
#2878=ORIENTED_EDGE('',*,*,#2775,.F.);
#2879=ORIENTED_EDGE('',*,*,#2531,.F.);
#2880=ORIENTED_EDGE('',*,*,#2563,.F.);
#2881=EDGE_LOOP('',(#2877,#2878,#2879,#2880));
#2882=FACE_OUTER_BOUND('',#2881,.F.);
#2883=ADVANCED_FACE('',(#2882),#2876,.T.);
#2884=CARTESIAN_POINT('',(-2.255905644023E1,-3.E0,1.302447730816E1));
#2885=DIRECTION('',(8.660254037846E-1,0.E0,-4.999999999998E-1));
#2886=DIRECTION('',(-4.999999999998E-1,0.E0,-8.660254037846E-1));
#2887=AXIS2_PLACEMENT_3D('',#2884,#2885,#2886);
#2888=CYLINDRICAL_SURFACE('',#2887,1.999999999810E0);
#2890=ORIENTED_EDGE('',*,*,#2889,.F.);
#2892=ORIENTED_EDGE('',*,*,#2891,.T.);
#2894=ORIENTED_EDGE('',*,*,#2893,.F.);
#2895=ORIENTED_EDGE('',*,*,#2779,.T.);
#2896=EDGE_LOOP('',(#2890,#2892,#2894,#2895));
#2897=FACE_OUTER_BOUND('',#2896,.F.);
#2898=ADVANCED_FACE('',(#2897),#2888,.F.);
#2899=CARTESIAN_POINT('',(-2.255831887034E1,-3.E0,1.302405147199E1));
#2900=DIRECTION('',(8.660254037846E-1,0.E0,-4.999999999998E-1));
#2901=DIRECTION('',(-4.999999999998E-1,0.E0,-8.660254037846E-1));
#2902=AXIS2_PLACEMENT_3D('',#2899,#2900,#2901);
#2903=CYLINDRICAL_SURFACE('',#2902,1.999999999707E0);
#2905=ORIENTED_EDGE('',*,*,#2904,.T.);
#2906=ORIENTED_EDGE('',*,*,#2889,.T.);
#2907=ORIENTED_EDGE('',*,*,#2781,.T.);
#2908=ORIENTED_EDGE('',*,*,#2893,.T.);
#2909=EDGE_LOOP('',(#2905,#2906,#2907,#2908));
#2910=FACE_OUTER_BOUND('',#2909,.F.);
#2911=ADVANCED_FACE('',(#2910),#2903,.F.);
#2912=CARTESIAN_POINT('',(-1.558845726800E1,-3.E0,9.E0));
#2913=DIRECTION('',(8.660254037524E-1,0.E0,-5.000000000556E-1));
#2914=DIRECTION('',(5.000000000556E-1,0.E0,8.660254037524E-1));
#2915=AXIS2_PLACEMENT_3D('',#2912,#2913,#2914);
#2916=PLANE('',#2915);
#2917=ORIENTED_EDGE('',*,*,#2891,.F.);
#2918=ORIENTED_EDGE('',*,*,#2904,.F.);
#2919=EDGE_LOOP('',(#2917,#2918));
#2920=FACE_OUTER_BOUND('',#2919,.F.);
#2921=ADVANCED_FACE('',(#2920),#2916,.F.);
#2922=CARTESIAN_POINT('',(-2.255905644017E1,-3.E0,-1.302447730813E1));
#2923=DIRECTION('',(8.660254037846E-1,0.E0,4.999999999998E-1));
#2924=DIRECTION('',(4.999999999998E-1,0.E0,-8.660254037846E-1));
#2925=AXIS2_PLACEMENT_3D('',#2922,#2923,#2924);
#2926=CYLINDRICAL_SURFACE('',#2925,2.000000000506E0);
#2928=ORIENTED_EDGE('',*,*,#2927,.F.);
#2930=ORIENTED_EDGE('',*,*,#2929,.T.);
#2932=ORIENTED_EDGE('',*,*,#2931,.F.);
#2933=ORIENTED_EDGE('',*,*,#2785,.T.);
#2934=EDGE_LOOP('',(#2928,#2930,#2932,#2933));
#2935=FACE_OUTER_BOUND('',#2934,.F.);
#2936=ADVANCED_FACE('',(#2935),#2926,.F.);
#2937=CARTESIAN_POINT('',(-2.255831887028E1,-3.E0,-1.302405147195E1));
#2938=DIRECTION('',(8.660254037846E-1,0.E0,4.999999999998E-1));
#2939=DIRECTION('',(4.999999999998E-1,0.E0,-8.660254037846E-1));
#2940=AXIS2_PLACEMENT_3D('',#2937,#2938,#2939);
#2941=CYLINDRICAL_SURFACE('',#2940,2.000000000609E0);
#2943=ORIENTED_EDGE('',*,*,#2942,.T.);
#2944=ORIENTED_EDGE('',*,*,#2927,.T.);
#2945=ORIENTED_EDGE('',*,*,#2787,.T.);
#2946=ORIENTED_EDGE('',*,*,#2931,.T.);
#2947=EDGE_LOOP('',(#2943,#2944,#2945,#2946));
#2948=FACE_OUTER_BOUND('',#2947,.F.);
#2949=ADVANCED_FACE('',(#2948),#2941,.F.);
#2950=CARTESIAN_POINT('',(-1.558845726800E1,-3.E0,-9.E0));
#2951=DIRECTION('',(8.660254037524E-1,0.E0,5.000000000556E-1));
#2952=DIRECTION('',(-5.000000000556E-1,0.E0,8.660254037524E-1));
#2953=AXIS2_PLACEMENT_3D('',#2950,#2951,#2952);
#2954=PLANE('',#2953);
#2955=ORIENTED_EDGE('',*,*,#2929,.F.);
#2956=ORIENTED_EDGE('',*,*,#2942,.F.);
#2957=EDGE_LOOP('',(#2955,#2956));
#2958=FACE_OUTER_BOUND('',#2957,.F.);
#2959=ADVANCED_FACE('',(#2958),#2954,.F.);
#2960=CARTESIAN_POINT('',(0.E0,3.E0,-2.6048E1));
#2961=DIRECTION('',(0.E0,0.E0,1.E0));
#2962=DIRECTION('',(1.E0,0.E0,0.E0));
#2963=AXIS2_PLACEMENT_3D('',#2960,#2961,#2962);
#2964=CYLINDRICAL_SURFACE('',#2963,2.E0);
#2966=ORIENTED_EDGE('',*,*,#2965,.T.);
#2968=ORIENTED_EDGE('',*,*,#2967,.T.);
#2969=ORIENTED_EDGE('',*,*,#2615,.T.);
#2970=ORIENTED_EDGE('',*,*,#2586,.T.);
#2972=ORIENTED_EDGE('',*,*,#2971,.T.);
#2973=EDGE_LOOP('',(#2966,#2968,#2969,#2970,#2972));
#2974=FACE_OUTER_BOUND('',#2973,.F.);
#2975=ADVANCED_FACE('',(#2974),#2964,.F.);
#2976=CARTESIAN_POINT('',(0.E0,3.E0,-1.8E1));
#2977=DIRECTION('',(0.E0,0.E0,1.E0));
#2978=DIRECTION('',(-1.E0,0.E0,0.E0));
#2979=AXIS2_PLACEMENT_3D('',#2976,#2977,#2978);
#2980=PLANE('',#2979);
#2982=ORIENTED_EDGE('',*,*,#2981,.F.);
#2983=ORIENTED_EDGE('',*,*,#2965,.F.);
#2984=EDGE_LOOP('',(#2982,#2983));
#2985=FACE_OUTER_BOUND('',#2984,.F.);
#2986=ADVANCED_FACE('',(#2985),#2980,.F.);
#2987=CARTESIAN_POINT('',(0.E0,3.E0,-2.6048E1));
#2988=DIRECTION('',(0.E0,0.E0,1.E0));
#2989=DIRECTION('',(1.E0,0.E0,0.E0));
#2990=AXIS2_PLACEMENT_3D('',#2987,#2988,#2989);
#2991=CYLINDRICAL_SURFACE('',#2990,2.E0);
#2992=ORIENTED_EDGE('',*,*,#2617,.T.);
#2993=ORIENTED_EDGE('',*,*,#2967,.F.);
#2994=ORIENTED_EDGE('',*,*,#2981,.T.);
#2995=ORIENTED_EDGE('',*,*,#2971,.F.);
#2996=ORIENTED_EDGE('',*,*,#2584,.T.);
#2997=EDGE_LOOP('',(#2992,#2993,#2994,#2995,#2996));
#2998=FACE_OUTER_BOUND('',#2997,.F.);
#2999=ADVANCED_FACE('',(#2998),#2991,.F.);
#3000=CARTESIAN_POINT('',(0.E0,3.E0,2.6048E1));
#3001=DIRECTION('',(0.E0,0.E0,-1.E0));
#3002=DIRECTION('',(-1.E0,0.E0,0.E0));
#3003=AXIS2_PLACEMENT_3D('',#3000,#3001,#3002);
#3004=CYLINDRICAL_SURFACE('',#3003,2.E0);
#3005=ORIENTED_EDGE('',*,*,#2577,.T.);
#3007=ORIENTED_EDGE('',*,*,#3006,.F.);
#3009=ORIENTED_EDGE('',*,*,#3008,.T.);
#3011=ORIENTED_EDGE('',*,*,#3010,.F.);
#3012=ORIENTED_EDGE('',*,*,#2622,.T.);
#3013=EDGE_LOOP('',(#3005,#3007,#3009,#3011,#3012));
#3014=FACE_OUTER_BOUND('',#3013,.F.);
#3015=ADVANCED_FACE('',(#3014),#3004,.F.);
#3016=CARTESIAN_POINT('',(0.E0,3.E0,2.6048E1));
#3017=DIRECTION('',(0.E0,0.E0,-1.E0));
#3018=DIRECTION('',(-1.E0,0.E0,0.E0));
#3019=AXIS2_PLACEMENT_3D('',#3016,#3017,#3018);
#3020=CYLINDRICAL_SURFACE('',#3019,2.E0);
#3022=ORIENTED_EDGE('',*,*,#3021,.T.);
#3023=ORIENTED_EDGE('',*,*,#3006,.T.);
#3024=ORIENTED_EDGE('',*,*,#2575,.T.);
#3025=ORIENTED_EDGE('',*,*,#2624,.T.);
#3026=ORIENTED_EDGE('',*,*,#3010,.T.);
#3027=EDGE_LOOP('',(#3022,#3023,#3024,#3025,#3026));
#3028=FACE_OUTER_BOUND('',#3027,.F.);
#3029=ADVANCED_FACE('',(#3028),#3020,.F.);
#3030=CARTESIAN_POINT('',(0.E0,3.E0,1.8E1));
#3031=DIRECTION('',(0.E0,0.E0,1.E0));
#3032=DIRECTION('',(1.E0,0.E0,0.E0));
#3033=AXIS2_PLACEMENT_3D('',#3030,#3031,#3032);
#3034=PLANE('',#3033);
#3035=ORIENTED_EDGE('',*,*,#3008,.F.);
#3036=ORIENTED_EDGE('',*,*,#3021,.F.);
#3037=EDGE_LOOP('',(#3035,#3036));
#3038=FACE_OUTER_BOUND('',#3037,.F.);
#3039=ADVANCED_FACE('',(#3038),#3034,.T.);
#3040=CARTESIAN_POINT('',(2.255905644017E1,3.E0,1.302447730813E1));
#3041=DIRECTION('',(-8.660254037846E-1,0.E0,-4.999999999998E-1));
#3042=DIRECTION('',(-4.999999999998E-1,0.E0,8.660254037846E-1));
#3043=AXIS2_PLACEMENT_3D('',#3040,#3041,#3042);
#3044=CYLINDRICAL_SURFACE('',#3043,2.000000000506E0);
#3046=ORIENTED_EDGE('',*,*,#3045,.F.);
#3048=ORIENTED_EDGE('',*,*,#3047,.T.);
#3050=ORIENTED_EDGE('',*,*,#3049,.F.);
#3051=ORIENTED_EDGE('',*,*,#2629,.T.);
#3052=EDGE_LOOP('',(#3046,#3048,#3050,#3051));
#3053=FACE_OUTER_BOUND('',#3052,.F.);
#3054=ADVANCED_FACE('',(#3053),#3044,.F.);
#3055=CARTESIAN_POINT('',(2.255831887028E1,3.E0,1.302405147195E1));
#3056=DIRECTION('',(-8.660254037846E-1,0.E0,-4.999999999998E-1));
#3057=DIRECTION('',(-4.999999999998E-1,0.E0,8.660254037846E-1));
#3058=AXIS2_PLACEMENT_3D('',#3055,#3056,#3057);
#3059=CYLINDRICAL_SURFACE('',#3058,2.000000000609E0);
#3061=ORIENTED_EDGE('',*,*,#3060,.T.);
#3062=ORIENTED_EDGE('',*,*,#3045,.T.);
#3063=ORIENTED_EDGE('',*,*,#2631,.T.);
#3064=ORIENTED_EDGE('',*,*,#3049,.T.);
#3065=EDGE_LOOP('',(#3061,#3062,#3063,#3064));
#3066=FACE_OUTER_BOUND('',#3065,.F.);
#3067=ADVANCED_FACE('',(#3066),#3059,.F.);
#3068=CARTESIAN_POINT('',(1.558845726800E1,3.E0,9.E0));
#3069=DIRECTION('',(8.660254037524E-1,0.E0,5.000000000556E-1));
#3070=DIRECTION('',(5.000000000556E-1,0.E0,-8.660254037524E-1));
#3071=AXIS2_PLACEMENT_3D('',#3068,#3069,#3070);
#3072=PLANE('',#3071);
#3073=ORIENTED_EDGE('',*,*,#3047,.F.);
#3074=ORIENTED_EDGE('',*,*,#3060,.F.);
#3075=EDGE_LOOP('',(#3073,#3074));
#3076=FACE_OUTER_BOUND('',#3075,.F.);
#3077=ADVANCED_FACE('',(#3076),#3072,.T.);
#3078=CARTESIAN_POINT('',(2.255905644023E1,3.E0,-1.302447730816E1));
#3079=DIRECTION('',(-8.660254037846E-1,0.E0,4.999999999998E-1));
#3080=DIRECTION('',(4.999999999998E-1,0.E0,8.660254037846E-1));
#3081=AXIS2_PLACEMENT_3D('',#3078,#3079,#3080);
#3082=CYLINDRICAL_SURFACE('',#3081,1.999999999810E0);
#3084=ORIENTED_EDGE('',*,*,#3083,.F.);
#3086=ORIENTED_EDGE('',*,*,#3085,.T.);
#3088=ORIENTED_EDGE('',*,*,#3087,.F.);
#3089=ORIENTED_EDGE('',*,*,#2635,.T.);
#3090=EDGE_LOOP('',(#3084,#3086,#3088,#3089));
#3091=FACE_OUTER_BOUND('',#3090,.F.);
#3092=ADVANCED_FACE('',(#3091),#3082,.F.);
#3093=CARTESIAN_POINT('',(2.255831887034E1,3.E0,-1.302405147199E1));
#3094=DIRECTION('',(-8.660254037846E-1,0.E0,4.999999999998E-1));
#3095=DIRECTION('',(4.999999999998E-1,0.E0,8.660254037846E-1));
#3096=AXIS2_PLACEMENT_3D('',#3093,#3094,#3095);
#3097=CYLINDRICAL_SURFACE('',#3096,1.999999999707E0);
#3099=ORIENTED_EDGE('',*,*,#3098,.T.);
#3100=ORIENTED_EDGE('',*,*,#3083,.T.);
#3101=ORIENTED_EDGE('',*,*,#2637,.T.);
#3102=ORIENTED_EDGE('',*,*,#3087,.T.);
#3103=EDGE_LOOP('',(#3099,#3100,#3101,#3102));
#3104=FACE_OUTER_BOUND('',#3103,.F.);
#3105=ADVANCED_FACE('',(#3104),#3097,.F.);
#3106=CARTESIAN_POINT('',(1.558845726800E1,3.E0,-9.E0));
#3107=DIRECTION('',(8.660254037524E-1,0.E0,-5.000000000556E-1));
#3108=DIRECTION('',(-5.000000000556E-1,0.E0,-8.660254037524E-1));
#3109=AXIS2_PLACEMENT_3D('',#3106,#3107,#3108);
#3110=PLANE('',#3109);
#3111=ORIENTED_EDGE('',*,*,#3085,.F.);
#3112=ORIENTED_EDGE('',*,*,#3098,.F.);
#3113=EDGE_LOOP('',(#3111,#3112));
#3114=FACE_OUTER_BOUND('',#3113,.F.);
#3115=ADVANCED_FACE('',(#3114),#3110,.T.);
#3116=CARTESIAN_POINT('',(-2.255905644017E1,3.E0,-1.302447730813E1));
#3117=DIRECTION('',(8.660254037846E-1,0.E0,4.999999999998E-1));
#3118=DIRECTION('',(4.999999999998E-1,0.E0,-8.660254037846E-1));
#3119=AXIS2_PLACEMENT_3D('',#3116,#3117,#3118);
#3120=CYLINDRICAL_SURFACE('',#3119,2.000000000506E0);
#3122=ORIENTED_EDGE('',*,*,#3121,.F.);
#3124=ORIENTED_EDGE('',*,*,#3123,.T.);
#3126=ORIENTED_EDGE('',*,*,#3125,.F.);
#3127=ORIENTED_EDGE('',*,*,#2594,.T.);
#3128=EDGE_LOOP('',(#3122,#3124,#3126,#3127));
#3129=FACE_OUTER_BOUND('',#3128,.F.);
#3130=ADVANCED_FACE('',(#3129),#3120,.F.);
#3131=CARTESIAN_POINT('',(-2.255831887028E1,3.E0,-1.302405147195E1));
#3132=DIRECTION('',(8.660254037846E-1,0.E0,4.999999999998E-1));
#3133=DIRECTION('',(4.999999999998E-1,0.E0,-8.660254037846E-1));
#3134=AXIS2_PLACEMENT_3D('',#3131,#3132,#3133);
#3135=CYLINDRICAL_SURFACE('',#3134,2.000000000609E0);
#3137=ORIENTED_EDGE('',*,*,#3136,.T.);
#3138=ORIENTED_EDGE('',*,*,#3121,.T.);
#3139=ORIENTED_EDGE('',*,*,#2596,.T.);
#3140=ORIENTED_EDGE('',*,*,#3125,.T.);
#3141=EDGE_LOOP('',(#3137,#3138,#3139,#3140));
#3142=FACE_OUTER_BOUND('',#3141,.F.);
#3143=ADVANCED_FACE('',(#3142),#3135,.F.);
#3144=CARTESIAN_POINT('',(-1.558845726800E1,3.E0,-9.E0));
#3145=DIRECTION('',(8.660254037524E-1,0.E0,5.000000000556E-1));
#3146=DIRECTION('',(-5.000000000556E-1,0.E0,8.660254037524E-1));
#3147=AXIS2_PLACEMENT_3D('',#3144,#3145,#3146);
#3148=PLANE('',#3147);
#3149=ORIENTED_EDGE('',*,*,#3123,.F.);
#3150=ORIENTED_EDGE('',*,*,#3136,.F.);
#3151=EDGE_LOOP('',(#3149,#3150));
#3152=FACE_OUTER_BOUND('',#3151,.F.);
#3153=ADVANCED_FACE('',(#3152),#3148,.F.);
#3154=CARTESIAN_POINT('',(-2.255905644023E1,3.E0,1.302447730816E1));
#3155=DIRECTION('',(8.660254037846E-1,0.E0,-4.999999999998E-1));
#3156=DIRECTION('',(-4.999999999998E-1,0.E0,-8.660254037846E-1));
#3157=AXIS2_PLACEMENT_3D('',#3154,#3155,#3156);
#3158=CYLINDRICAL_SURFACE('',#3157,1.999999999810E0);
#3160=ORIENTED_EDGE('',*,*,#3159,.F.);
#3162=ORIENTED_EDGE('',*,*,#3161,.T.);
#3164=ORIENTED_EDGE('',*,*,#3163,.F.);
#3165=ORIENTED_EDGE('',*,*,#2600,.T.);
#3166=EDGE_LOOP('',(#3160,#3162,#3164,#3165));
#3167=FACE_OUTER_BOUND('',#3166,.F.);
#3168=ADVANCED_FACE('',(#3167),#3158,.F.);
#3169=CARTESIAN_POINT('',(-2.255831887034E1,3.E0,1.302405147199E1));
#3170=DIRECTION('',(8.660254037846E-1,0.E0,-4.999999999998E-1));
#3171=DIRECTION('',(-4.999999999998E-1,0.E0,-8.660254037846E-1));
#3172=AXIS2_PLACEMENT_3D('',#3169,#3170,#3171);
#3173=CYLINDRICAL_SURFACE('',#3172,1.999999999707E0);
#3175=ORIENTED_EDGE('',*,*,#3174,.T.);
#3176=ORIENTED_EDGE('',*,*,#3159,.T.);
#3177=ORIENTED_EDGE('',*,*,#2602,.T.);
#3178=ORIENTED_EDGE('',*,*,#3163,.T.);
#3179=EDGE_LOOP('',(#3175,#3176,#3177,#3178));
#3180=FACE_OUTER_BOUND('',#3179,.F.);
#3181=ADVANCED_FACE('',(#3180),#3173,.F.);
#3182=CARTESIAN_POINT('',(-1.558845726800E1,3.E0,9.E0));
#3183=DIRECTION('',(8.660254037524E-1,0.E0,-5.000000000556E-1));
#3184=DIRECTION('',(5.000000000556E-1,0.E0,8.660254037524E-1));
#3185=AXIS2_PLACEMENT_3D('',#3182,#3183,#3184);
#3186=PLANE('',#3185);
#3187=ORIENTED_EDGE('',*,*,#3161,.F.);
#3188=ORIENTED_EDGE('',*,*,#3174,.F.);
#3189=EDGE_LOOP('',(#3187,#3188));
#3190=FACE_OUTER_BOUND('',#3189,.F.);
#3191=ADVANCED_FACE('',(#3190),#3186,.F.);
#3192=CARTESIAN_POINT('',(2.255905644017E1,-3.E0,1.302447730813E1));
#3193=DIRECTION('',(-8.660254037846E-1,0.E0,-4.999999999998E-1));
#3194=DIRECTION('',(-4.999999999998E-1,0.E0,8.660254037846E-1));
#3195=AXIS2_PLACEMENT_3D('',#3192,#3193,#3194);
#3196=CYLINDRICAL_SURFACE('',#3195,2.000000000506E0);
#3198=ORIENTED_EDGE('',*,*,#3197,.F.);
#3200=ORIENTED_EDGE('',*,*,#3199,.T.);
#3202=ORIENTED_EDGE('',*,*,#3201,.F.);
#3203=ORIENTED_EDGE('',*,*,#2517,.T.);
#3204=EDGE_LOOP('',(#3198,#3200,#3202,#3203));
#3205=FACE_OUTER_BOUND('',#3204,.F.);
#3206=ADVANCED_FACE('',(#3205),#3196,.F.);
#3207=CARTESIAN_POINT('',(2.255831887028E1,-3.E0,1.302405147195E1));
#3208=DIRECTION('',(-8.660254037846E-1,0.E0,-4.999999999998E-1));
#3209=DIRECTION('',(-4.999999999998E-1,0.E0,8.660254037846E-1));
#3210=AXIS2_PLACEMENT_3D('',#3207,#3208,#3209);
#3211=CYLINDRICAL_SURFACE('',#3210,2.000000000609E0);
#3213=ORIENTED_EDGE('',*,*,#3212,.T.);
#3214=ORIENTED_EDGE('',*,*,#3197,.T.);
#3215=ORIENTED_EDGE('',*,*,#2519,.T.);
#3216=ORIENTED_EDGE('',*,*,#3201,.T.);
#3217=EDGE_LOOP('',(#3213,#3214,#3215,#3216));
#3218=FACE_OUTER_BOUND('',#3217,.F.);
#3219=ADVANCED_FACE('',(#3218),#3211,.F.);
#3220=CARTESIAN_POINT('',(1.558845726800E1,-3.E0,9.E0));
#3221=DIRECTION('',(8.660254037524E-1,0.E0,5.000000000556E-1));
#3222=DIRECTION('',(5.000000000556E-1,0.E0,-8.660254037524E-1));
#3223=AXIS2_PLACEMENT_3D('',#3220,#3221,#3222);
#3224=PLANE('',#3223);
#3225=ORIENTED_EDGE('',*,*,#3199,.F.);
#3226=ORIENTED_EDGE('',*,*,#3212,.F.);
#3227=EDGE_LOOP('',(#3225,#3226));
#3228=FACE_OUTER_BOUND('',#3227,.F.);
#3229=ADVANCED_FACE('',(#3228),#3224,.T.);
#3233=DIMENSIONAL_EXPONENTS(0.E0,0.E0,0.E0,0.E0,0.E0,0.E0,0.E0);
#3235=PLANE_ANGLE_MEASURE_WITH_UNIT(PLANE_ANGLE_MEASURE(1.745329251994E-2),
#3234);
#3236=(CONVERSION_BASED_UNIT('DEGREE',#3235)NAMED_UNIT(*)PLANE_ANGLE_UNIT());
#3238=UNCERTAINTY_MEASURE_WITH_UNIT(LENGTH_MEASURE(7.450876358089E-3),#3232,
'closure',
'Maximum model space distance between geometric entities at asserted connectivities');
#3239=(GEOMETRIC_REPRESENTATION_CONTEXT(3)GLOBAL_UNCERTAINTY_ASSIGNED_CONTEXT((
#3238))GLOBAL_UNIT_ASSIGNED_CONTEXT((#3232,#3236,#3237))REPRESENTATION_CONTEXT(
'ID3','3'));
#3240=CARTESIAN_POINT('',(0.E0,0.E0,0.E0));
#3241=DIRECTION('',(0.E0,0.E0,1.E0));
#3242=DIRECTION('',(1.E0,0.E0,0.E0));
#3245=DESIGN_CONTEXT('',#176,'design');
#3246=MECHANICAL_CONTEXT('',#176,'mechanical');
#3247=PRODUCT('RETAINER_RINGS','RETAINER_RINGS','NOT SPECIFIED',(#3246));
#3248=PRODUCT_DEFINITION_FORMATION_WITH_SPECIFIED_SOURCE('1','LAST_VERSION',
#3247,.MADE.);
#3254=CARTESIAN_POINT('',(-4.792474241350E1,4.758337716060E1,3.347621701761E1));
#3255=DIRECTION('',(-3.296156241215E-1,0.E0,-9.441152156040E-1));
#3256=DIRECTION('',(-9.441152156040E-1,0.E0,3.296156241215E-1));
#3257=AXIS2_PLACEMENT_3D('',#3254,#3255,#3256);
#3258=ITEM_DEFINED_TRANSFORMATION('','',#3243,#3257);
#3259=CARTESIAN_POINT('',(0.E0,0.E0,0.E0));
#3260=DIRECTION('',(0.E0,0.E0,1.E0));
#3261=DIRECTION('',(1.E0,0.E0,0.E0));
#3263=(REPRESENTATION_RELATIONSHIP('','',#3244,#1478)REPRESENTATION_RELATIONSHIP_WITH_TRANSFORMATION(#3258)SHAPE_REPRESENTATION_RELATIONSHIP());
#3264=CONTEXT_DEPENDENT_SHAPE_REPRESENTATION(#3263,#3253);
#3265=CARTESIAN_POINT('',(0.E0,0.E0,0.E0));
#3266=DIRECTION('',(0.E0,0.E0,1.E0));
#3267=DIRECTION('',(1.E0,0.E0,0.E0));
#3268=AXIS2_PLACEMENT_3D('',#3265,#3266,#3267);
#3270=CARTESIAN_POINT('',(0.E0,0.E0,0.E0));
#3271=DIRECTION('',(0.E0,0.E0,1.E0));
#3272=DIRECTION('',(-1.E0,0.E0,0.E0));
#3273=AXIS2_PLACEMENT_3D('',#3270,#3271,#3272);
#3275=DIRECTION('',(0.E0,0.E0,1.E0));
#3276=VECTOR('',#3275,2.E1);
#3277=CARTESIAN_POINT('',(6.5E0,0.E0,0.E0));
#3278=LINE('',#3277,#3276);
#3279=DIRECTION('',(0.E0,0.E0,1.E0));
#3280=VECTOR('',#3279,2.E1);
#3281=CARTESIAN_POINT('',(-6.5E0,0.E0,0.E0));
#3282=LINE('',#3281,#3280);
#3283=CARTESIAN_POINT('',(0.E0,0.E0,2.E1));
#3284=DIRECTION('',(0.E0,0.E0,1.E0));
#3285=DIRECTION('',(1.E0,0.E0,0.E0));
#3286=AXIS2_PLACEMENT_3D('',#3283,#3284,#3285);
#3288=CARTESIAN_POINT('',(0.E0,0.E0,2.E1));
#3289=DIRECTION('',(0.E0,0.E0,1.E0));
#3290=DIRECTION('',(-1.E0,0.E0,0.E0));
#3291=AXIS2_PLACEMENT_3D('',#3288,#3289,#3290);
#3293=CARTESIAN_POINT('',(6.5E0,0.E0,0.E0));
#3294=CARTESIAN_POINT('',(-6.5E0,0.E0,0.E0));
#3295=VERTEX_POINT('',#3293);
#3296=VERTEX_POINT('',#3294);
#3297=CARTESIAN_POINT('',(6.5E0,0.E0,2.E1));
#3298=CARTESIAN_POINT('',(-6.5E0,0.E0,2.E1));
#3299=VERTEX_POINT('',#3297);
#3300=VERTEX_POINT('',#3298);
#3301=CARTESIAN_POINT('',(0.E0,0.E0,0.E0));
#3302=DIRECTION('',(0.E0,0.E0,1.E0));
#3303=DIRECTION('',(1.E0,0.E0,0.E0));
#3304=AXIS2_PLACEMENT_3D('',#3301,#3302,#3303);
#3305=PLANE('',#3304);
#3307=ORIENTED_EDGE('',*,*,#3306,.T.);
#3309=ORIENTED_EDGE('',*,*,#3308,.T.);
#3310=EDGE_LOOP('',(#3307,#3309));
#3311=FACE_OUTER_BOUND('',#3310,.F.);
#3312=ADVANCED_FACE('',(#3311),#3305,.F.);
#3313=CARTESIAN_POINT('',(0.E0,0.E0,0.E0));
#3314=DIRECTION('',(0.E0,0.E0,1.E0));
#3315=DIRECTION('',(1.E0,0.E0,0.E0));
#3316=AXIS2_PLACEMENT_3D('',#3313,#3314,#3315);
#3317=CYLINDRICAL_SURFACE('',#3316,6.5E0);
#3318=ORIENTED_EDGE('',*,*,#3306,.F.);
#3320=ORIENTED_EDGE('',*,*,#3319,.T.);
#3322=ORIENTED_EDGE('',*,*,#3321,.T.);
#3324=ORIENTED_EDGE('',*,*,#3323,.F.);
#3325=EDGE_LOOP('',(#3318,#3320,#3322,#3324));
#3326=FACE_OUTER_BOUND('',#3325,.F.);
#3327=ADVANCED_FACE('',(#3326),#3317,.T.);
#3328=CARTESIAN_POINT('',(0.E0,0.E0,0.E0));
#3329=DIRECTION('',(0.E0,0.E0,1.E0));
#3330=DIRECTION('',(1.E0,0.E0,0.E0));
#3331=AXIS2_PLACEMENT_3D('',#3328,#3329,#3330);
#3332=CYLINDRICAL_SURFACE('',#3331,6.5E0);
#3333=ORIENTED_EDGE('',*,*,#3308,.F.);
#3334=ORIENTED_EDGE('',*,*,#3323,.T.);
#3336=ORIENTED_EDGE('',*,*,#3335,.T.);
#3337=ORIENTED_EDGE('',*,*,#3319,.F.);
#3338=EDGE_LOOP('',(#3333,#3334,#3336,#3337));
#3339=FACE_OUTER_BOUND('',#3338,.F.);
#3340=ADVANCED_FACE('',(#3339),#3332,.T.);
#3341=CARTESIAN_POINT('',(0.E0,0.E0,2.E1));
#3342=DIRECTION('',(0.E0,0.E0,1.E0));
#3343=DIRECTION('',(1.E0,0.E0,0.E0));
#3344=AXIS2_PLACEMENT_3D('',#3341,#3342,#3343);
#3345=PLANE('',#3344);
#3346=ORIENTED_EDGE('',*,*,#3321,.F.);
#3347=ORIENTED_EDGE('',*,*,#3335,.F.);
#3348=EDGE_LOOP('',(#3346,#3347));
#3349=FACE_OUTER_BOUND('',#3348,.F.);
#3350=ADVANCED_FACE('',(#3349),#3345,.T.);
#3353=CARTESIAN_POINT('',(1.908387094857E-9,4.200000051641E0,4.960846658204E0));
#3354=CARTESIAN_POINT('',(2.436916560689E-1,4.201244050263E0,4.959793451947E0));
#3355=CARTESIAN_POINT('',(7.127901231620E-1,4.229715434582E0,4.899869063531E0));
#3356=CARTESIAN_POINT('',(1.325080872524E0,4.351710122818E0,4.657890555276E0));
#3357=CARTESIAN_POINT('',(1.804744247785E0,4.538693930506E0,4.302673576518E0));
#3358=CARTESIAN_POINT('',(2.135976788339E0,4.775827160267E0,3.872671070002E0));
#3359=CARTESIAN_POINT('',(2.312154808576E0,5.076257016557E0,3.357571981142E0));
#3360=CARTESIAN_POINT('',(2.308951280802E0,5.422515876717E0,2.772675829465E0));
#3361=CARTESIAN_POINT('',(2.046191774736E0,5.792922623178E0,2.167823072774E0));
#3362=CARTESIAN_POINT('',(1.724022446912E0,6.126286381454E0,1.448440197065E0));
#3363=CARTESIAN_POINT('',(6.095207344189E-1,6.424896073994E0,1.048797460521E0));
#3364=CARTESIAN_POINT('',(6.561130634227E-1,6.470564605052E0,
1.892351800175E-1));
#3365=CARTESIAN_POINT('',(4.359453037680E-1,6.485364422458E0,
5.857477062707E-6));
#3367=CARTESIAN_POINT('',(4.359453037680E-1,6.485364422458E0,
5.857477062707E-6));
#3368=CARTESIAN_POINT('',(4.652958630300E-1,6.483390944054E0,
5.955115256586E-1));
#3369=CARTESIAN_POINT('',(-1.104286838194E0,6.490229386292E0,
2.151647897769E-2));
#3370=CARTESIAN_POINT('',(-1.331677768896E0,6.223438187386E0,1.446200314404E0));
#3371=CARTESIAN_POINT('',(-1.974276137051E0,5.912344421557E0,1.896629326376E0));
#3372=CARTESIAN_POINT('',(-2.238831982080E0,5.549587311858E0,2.575347457926E0));
#3373=CARTESIAN_POINT('',(-2.334910794221E0,5.201718565023E0,3.142640433049E0));
#3374=CARTESIAN_POINT('',(-2.220308607135E0,4.876620302282E0,3.697873954826E0));
#3375=CARTESIAN_POINT('',(-1.924483271778E0,4.603279580317E0,4.182849546376E0));
#3376=CARTESIAN_POINT('',(-1.426348591493E0,4.377322514624E0,4.607380975160E0));
#3377=CARTESIAN_POINT('',(-7.576664597002E-1,4.233031196140E0,
4.893233629698E0));
#3378=CARTESIAN_POINT('',(-2.574683494163E-1,4.200382802205E0,
4.960522610314E0));
#3379=CARTESIAN_POINT('',(1.908387094857E-9,4.200000051641E0,4.960846658204E0));
#3381=CARTESIAN_POINT('',(4.359452328109E-1,6.485364427231E0,0.E0));
#3382=CARTESIAN_POINT('',(4.653023569436E-1,6.483391045710E0,
-5.955078322068E-1));
#3383=CARTESIAN_POINT('',(-1.104285268499E0,6.490229751172E0,
-2.151771070134E-2));
#3384=CARTESIAN_POINT('',(-1.331675978992E0,6.223438979168E0,
-1.446197693358E0));
#3385=CARTESIAN_POINT('',(-1.974275321132E0,5.912345203517E0,
-1.896628106854E0));
#3386=CARTESIAN_POINT('',(-2.238831674228E0,5.549587983557E0,
-2.575346243041E0));
#3387=CARTESIAN_POINT('',(-2.334910905868E0,5.201719072931E0,
-3.142639550457E0));
#3388=CARTESIAN_POINT('',(-2.220308958126E0,4.876620621732E0,
-3.697873331289E0));
#3389=CARTESIAN_POINT('',(-1.924483736227E0,4.603279746579E0,
-4.182849159743E0));
#3390=CARTESIAN_POINT('',(-1.426349052634E0,4.377322531556E0,
-4.607380828789E0));
#3391=CARTESIAN_POINT('',(-7.576667049174E-1,4.233031120538E0,
-4.893233671226E0));
#3392=CARTESIAN_POINT('',(-2.574684361889E-1,4.200382701987E0,
-4.960522694976E0));
#3393=CARTESIAN_POINT('',(-1.908387622125E-9,4.199999949498E0,
-4.960846744681E0));
#3395=CARTESIAN_POINT('',(-1.908387622125E-9,4.199999949498E0,
-4.960846744681E0));
#3396=CARTESIAN_POINT('',(2.436917366894E-1,4.201243950196E0,
-4.959793536898E0));
#3397=CARTESIAN_POINT('',(7.127903639665E-1,4.229715356835E0,
-4.899869107759E0));
#3398=CARTESIAN_POINT('',(1.325081319774E0,4.351710127713E0,-4.657890434376E0));
#3399=CARTESIAN_POINT('',(1.804744740394E0,4.538694069230E0,-4.302673231651E0));
#3400=CARTESIAN_POINT('',(2.135977223024E0,4.775827442731E0,-3.872670494244E0));
#3401=CARTESIAN_POINT('',(2.312155033667E0,5.076257521306E0,-3.357571085884E0));
#3402=CARTESIAN_POINT('',(2.308951199028E0,5.422516576672E0,-2.772674570979E0));
#3403=CARTESIAN_POINT('',(2.046190729181E0,5.792923507893E0,-2.167821731926E0));
#3404=CARTESIAN_POINT('',(1.724022044489E0,6.126287182139E0,-1.448437669304E0));
#3405=CARTESIAN_POINT('',(6.095144839060E-1,6.424896963352E0,
-1.048798069659E0));
#3406=CARTESIAN_POINT('',(6.561123740983E-1,6.470564894292E0,
-1.892288162401E-1));
#3407=CARTESIAN_POINT('',(4.359431926468E-1,6.485364564370E0,0.E0));
#3409=CARTESIAN_POINT('',(0.E0,0.E0,0.E0));
#3410=DIRECTION('',(0.E0,0.E0,-1.E0));
#3411=DIRECTION('',(6.706818348413E-2,9.977483945184E-1,0.E0));
#3412=AXIS2_PLACEMENT_3D('',#3409,#3410,#3411);
#3414=CARTESIAN_POINT('',(0.E0,0.E0,0.E0));
#3415=DIRECTION('',(0.E0,0.E0,-1.E0));
#3416=DIRECTION('',(0.E0,-1.E0,0.E0));
#3417=AXIS2_PLACEMENT_3D('',#3414,#3415,#3416);
#3419=CARTESIAN_POINT('',(0.E0,0.E0,0.E0));
#3420=DIRECTION('',(0.E0,0.E0,-1.E0));
#3421=DIRECTION('',(0.E0,1.E0,0.E0));
#3422=AXIS2_PLACEMENT_3D('',#3419,#3420,#3421);
#3424=CARTESIAN_POINT('',(0.E0,6.5E0,0.E0));
#3425=CARTESIAN_POINT('',(0.E0,-6.5E0,0.E0));
#3426=VERTEX_POINT('',#3424);
#3427=VERTEX_POINT('',#3425);
#3428=CARTESIAN_POINT('',(4.359431926468E-1,6.485364564370E0,0.E0));
#3429=VERTEX_POINT('',#3428);
#3430=CARTESIAN_POINT('',(4.359452328109E-1,6.485364427231E0,0.E0));
#3431=VERTEX_POINT('',#3430);
#3432=VERTEX_POINT('',#3379);
#3433=VERTEX_POINT('',#3367);
#3434=VERTEX_POINT('',#3395);
#3435=CARTESIAN_POINT('',(0.E0,0.E0,0.E0));
#3436=DIRECTION('',(0.E0,-1.E0,0.E0));
#3437=DIRECTION('',(-1.E0,0.E0,0.E0));
#3438=AXIS2_PLACEMENT_3D('',#3435,#3436,#3437);
#3439=SPHERICAL_SURFACE('',#3438,6.5E0);
#3441=ORIENTED_EDGE('',*,*,#3440,.T.);
#3443=ORIENTED_EDGE('',*,*,#3442,.T.);
#3444=EDGE_LOOP('',(#3441,#3443));
#3445=FACE_OUTER_BOUND('',#3444,.F.);
#3446=ADVANCED_FACE('',(#3445),#3439,.F.);
#3447=CARTESIAN_POINT('',(0.E0,0.E0,0.E0));
#3448=DIRECTION('',(0.E0,-1.E0,0.E0));
#3449=DIRECTION('',(-1.E0,0.E0,0.E0));
#3450=AXIS2_PLACEMENT_3D('',#3447,#3448,#3449);
#3451=SPHERICAL_SURFACE('',#3450,6.5E0);
#3453=ORIENTED_EDGE('',*,*,#3452,.T.);
#3455=ORIENTED_EDGE('',*,*,#3454,.T.);
#3457=ORIENTED_EDGE('',*,*,#3456,.T.);
#3459=ORIENTED_EDGE('',*,*,#3458,.T.);
#3461=ORIENTED_EDGE('',*,*,#3460,.T.);
#3462=EDGE_LOOP('',(#3453,#3455,#3457,#3459,#3461));
#3463=FACE_OUTER_BOUND('',#3462,.F.);
#3464=ADVANCED_FACE('',(#3463),#3451,.F.);
#3467=CARTESIAN_POINT('',(0.E0,-3.41E1,0.E0));
#3468=DIRECTION('',(0.E0,1.E0,0.E0));
#3469=DIRECTION('',(1.E0,0.E0,0.E0));
#3470=AXIS2_PLACEMENT_3D('',#3467,#3468,#3469);
#3472=CARTESIAN_POINT('',(0.E0,-3.41E1,0.E0));
#3473=DIRECTION('',(0.E0,1.E0,0.E0));
#3474=DIRECTION('',(-1.E0,0.E0,0.E0));
#3475=AXIS2_PLACEMENT_3D('',#3472,#3473,#3474);
#3477=CARTESIAN_POINT('',(0.E0,-3.41E1,0.E0));
#3478=DIRECTION('',(0.E0,-1.E0,0.E0));
#3479=DIRECTION('',(-1.E0,0.E0,0.E0));
#3480=AXIS2_PLACEMENT_3D('',#3477,#3478,#3479);
#3482=CARTESIAN_POINT('',(0.E0,-3.41E1,0.E0));
#3483=DIRECTION('',(0.E0,-1.E0,0.E0));
#3484=DIRECTION('',(1.E0,0.E0,0.E0));
#3485=AXIS2_PLACEMENT_3D('',#3482,#3483,#3484);
#3487=DIRECTION('',(4.600001188041E-10,1.E0,0.E0));
#3488=VECTOR('',#3487,8.8E0);
#3489=CARTESIAN_POINT('',(-1.774999999707E1,-3.41E1,-4.854109219807E-9));
#3490=LINE('',#3489,#3488);
#3491=DIRECTION('',(4.600001188041E-10,-1.E0,0.E0));
#3492=VECTOR('',#3491,8.8E0);
#3493=CARTESIAN_POINT('',(1.774999999302E1,-2.53E1,0.E0));
#3494=LINE('',#3493,#3492);
#3495=CARTESIAN_POINT('',(0.E0,-2.53E1,0.E0));
#3496=DIRECTION('',(0.E0,1.E0,0.E0));
#3497=DIRECTION('',(1.E0,0.E0,0.E0));
#3498=AXIS2_PLACEMENT_3D('',#3495,#3496,#3497);
#3500=CARTESIAN_POINT('',(0.E0,-2.53E1,0.E0));
#3501=DIRECTION('',(0.E0,1.E0,0.E0));
#3502=DIRECTION('',(-1.E0,0.E0,0.E0));
#3503=AXIS2_PLACEMENT_3D('',#3500,#3501,#3502);
#3505=CARTESIAN_POINT('',(0.E0,-2.53E1,0.E0));
#3506=DIRECTION('',(0.E0,-1.E0,0.E0));
#3507=DIRECTION('',(-1.E0,0.E0,0.E0));
#3508=AXIS2_PLACEMENT_3D('',#3505,#3506,#3507);
#3510=CARTESIAN_POINT('',(0.E0,-2.53E1,0.E0));
#3511=DIRECTION('',(0.E0,-1.E0,0.E0));
#3512=DIRECTION('',(1.E0,0.E0,0.E0));
#3513=AXIS2_PLACEMENT_3D('',#3510,#3511,#3512);
#3515=DIRECTION('',(-2.838225062381E-9,1.E0,-2.347292251832E-9));
#3516=VECTOR('',#3515,1.5E0);
#3517=CARTESIAN_POINT('',(-2.574999999574E1,-2.53E1,-7.041876755495E-9));
#3518=LINE('',#3517,#3516);
#3519=DIRECTION('',(-2.838225062381E-9,-1.E0,0.E0));
#3520=VECTOR('',#3519,1.5E0);
#3521=CARTESIAN_POINT('',(2.575E1,-2.38E1,0.E0));
#3522=LINE('',#3521,#3520);
#3523=CARTESIAN_POINT('',(0.E0,-2.E1,0.E0));
#3524=DIRECTION('',(0.E0,-1.E0,0.E0));
#3525=DIRECTION('',(1.E0,0.E0,0.E0));
#3526=AXIS2_PLACEMENT_3D('',#3523,#3524,#3525);
#3528=CARTESIAN_POINT('',(0.E0,-2.38E1,0.E0));
#3529=DIRECTION('',(0.E0,1.E0,0.E0));
#3530=DIRECTION('',(-1.E0,0.E0,-4.102064129415E-10));
#3531=AXIS2_PLACEMENT_3D('',#3528,#3529,#3530);
#3533=CARTESIAN_POINT('',(-1.429545382275E1,-1.8E1,9.199999999217E0));
#3534=CARTESIAN_POINT('',(-1.454220308683E1,-1.800000000015E1,
8.816587747987E0));
#3535=CARTESIAN_POINT('',(-1.495911115122E1,-1.791044723546E1,
8.057718329878E0));
#3536=CARTESIAN_POINT('',(-1.536430043183E1,-1.754418781697E1,
7.023061942752E0));
#3537=CARTESIAN_POINT('',(-1.559221770723E1,-1.697620175233E1,
6.105059329786E0));
#3538=CARTESIAN_POINT('',(-1.566906848524E1,-1.621765248523E1,
5.320600146274E0));
#3539=CARTESIAN_POINT('',(-1.561297244786E1,-1.528305968857E1,
4.703061057783E0));
#3540=CARTESIAN_POINT('',(-1.543720385343E1,-1.418918288702E1,
4.296024309253E0));
#3541=CARTESIAN_POINT('',(-1.525378764206E1,-1.340046184915E1,
4.199999998839E0));
#3542=CARTESIAN_POINT('',(-1.514730192357E1,-1.300000000209E1,
4.199999998839E0));
#3544=CARTESIAN_POINT('',(0.E0,-1.8E1,0.E0));
#3545=DIRECTION('',(0.E0,1.E0,0.E0));
#3546=DIRECTION('',(-1.E0,0.E0,-4.102064129415E-10));
#3547=AXIS2_PLACEMENT_3D('',#3544,#3545,#3546);
#3549=CARTESIAN_POINT('',(0.E0,-1.8E1,0.E0));
#3550=DIRECTION('',(0.E0,1.E0,0.E0));
#3551=DIRECTION('',(-8.409090485933E-1,0.E0,-5.411764702886E-1));
#3552=AXIS2_PLACEMENT_3D('',#3549,#3550,#3551);
#3554=CARTESIAN_POINT('',(-1.514730191876E1,-1.300000000278E1,
-4.199999997932E0));
#3555=CARTESIAN_POINT('',(-1.525524606215E1,-1.340594656234E1,
-4.199999998098E0));
#3556=CARTESIAN_POINT('',(-1.544095010666E1,-1.420601607572E1,
-4.298718118962E0));
#3557=CARTESIAN_POINT('',(-1.561734167137E1,-1.531545570754E1,
-4.717863512384E0));
#3558=CARTESIAN_POINT('',(-1.566925684526E1,-1.626151715643E1,
-5.355780854815E0));
#3559=CARTESIAN_POINT('',(-1.558308340336E1,-1.701698188535E1,
-6.157626718722E0));
#3560=CARTESIAN_POINT('',(-1.534538883286E1,-1.756874501413E1,
-7.078759044778E0));
#3561=CARTESIAN_POINT('',(-1.494447276333E1,-1.791430291495E1,
-8.085377106132E0));
#3562=CARTESIAN_POINT('',(-1.453600260653E1,-1.799999999986E1,
-8.826222379968E0));
#3563=CARTESIAN_POINT('',(-1.429545381978E1,-1.8E1,-9.199999996972E0));
#3565=CARTESIAN_POINT('',(-1.083917409166E1,2.978641467933E0,
-4.199999998668E0));
#3566=CARTESIAN_POINT('',(-1.125336194845E1,1.471426049211E0,
-4.199999998668E0));
#3567=CARTESIAN_POINT('',(-1.212425010181E1,-1.720991403287E0,
-4.200000000346E0));
#3568=CARTESIAN_POINT('',(-1.354007009160E1,-6.972480804870E0,
-4.200000000788E0));
#3569=CARTESIAN_POINT('',(-1.459518604464E1,-1.092365262133E1,
-4.199999997932E0));
#3570=CARTESIAN_POINT('',(-1.514730191876E1,-1.300000000278E1,
-4.199999997932E0));
#3572=CARTESIAN_POINT('',(0.E0,4.960846699868E0,-4.2E0));
#3573=CARTESIAN_POINT('',(4.424973773036E-1,4.958928340929E0,-4.2E0));
#3574=CARTESIAN_POINT('',(1.294076776691E0,4.847735296460E0,-4.2E0));
#3575=CARTESIAN_POINT('',(2.510602919696E0,4.345111200472E0,-4.2E0));
#3576=CARTESIAN_POINT('',(3.548076777881E0,3.547949223736E0,-4.2E0));
#3577=CARTESIAN_POINT('',(4.345942759707E0,2.508419227605E0,-4.2E0));
#3578=CARTESIAN_POINT('',(4.846987170679E0,1.298090269854E0,-4.2E0));
#3579=CARTESIAN_POINT('',(5.017875028820E0,-7.469094887538E-4,-4.2E0));
#3580=CARTESIAN_POINT('',(4.846592630682E0,-1.299538222249E0,-4.2E0));
#3581=CARTESIAN_POINT('',(4.345226006523E0,-2.509695952007E0,-4.2E0));
#3582=CARTESIAN_POINT('',(3.546910929363E0,-3.549063035655E0,-4.2E0));
#3583=CARTESIAN_POINT('',(2.509602495822E0,-4.345758701789E0,-4.2E0));
#3584=CARTESIAN_POINT('',(1.292011253429E0,-4.848206798755E0,-4.2E0));
#3585=CARTESIAN_POINT('',(4.416411788403E-1,-4.959095538239E0,-4.2E0));
#3586=CARTESIAN_POINT('',(0.E0,-4.960846711056E0,-4.2E0));
#3588=CARTESIAN_POINT('',(0.E0,-4.960846711056E0,-4.2E0));
#3589=CARTESIAN_POINT('',(-4.424973838770E-1,-4.958928350210E0,-4.2E0));
#3590=CARTESIAN_POINT('',(-1.294076794522E0,-4.847735297317E0,-4.2E0));
#3591=CARTESIAN_POINT('',(-2.510603043694E0,-4.345111143605E0,-4.2E0));
#3592=CARTESIAN_POINT('',(-3.548076812471E0,-3.547949157828E0,-4.2E0));
#3593=CARTESIAN_POINT('',(-4.345942833516E0,-2.508419132675E0,-4.2E0));
#3594=CARTESIAN_POINT('',(-4.846987180720E0,-1.298090187305E0,-4.2E0));
#3595=CARTESIAN_POINT('',(-5.017875022751E0,7.469852086269E-4,-4.2E0));
#3596=CARTESIAN_POINT('',(-4.846592644877E0,1.299538195812E0,-4.2E0));
#3597=CARTESIAN_POINT('',(-4.345225990115E0,2.509695952238E0,-4.2E0));
#3598=CARTESIAN_POINT('',(-3.546910960231E0,3.549063035893E0,-4.2E0));
#3599=CARTESIAN_POINT('',(-2.509602453033E0,4.345758715472E0,-4.2E0));
#3600=CARTESIAN_POINT('',(-1.292011263914E0,4.848206794809E0,-4.2E0));
#3601=CARTESIAN_POINT('',(-4.416411823549E-1,4.959095529808E0,-4.2E0));
#3602=CARTESIAN_POINT('',(0.E0,4.960846699868E0,-4.2E0));
#3604=DIRECTION('',(-1.E0,0.E0,1.282301017518E-10));
#3605=VECTOR('',#3604,3.029460384150E1);
#3606=CARTESIAN_POINT('',(1.514730192274E1,-1.300000000278E1,
-4.200000001816E0));
#3607=LINE('',#3606,#3605);
#3608=DIRECTION('',(1.E0,0.E0,-1.923450071374E-10));
#3609=VECTOR('',#3608,2.859090763981E1);
#3610=CARTESIAN_POINT('',(-1.429545381978E1,-1.8E1,-9.199999996972E0));
#3611=LINE('',#3610,#3609);
#3612=CARTESIAN_POINT('',(1.514730192274E1,-1.300000000278E1,
-4.200000001816E0));
#3613=CARTESIAN_POINT('',(1.464296917457E1,-1.110335107470E1,
-4.200000001816E0));
#3614=CARTESIAN_POINT('',(1.365177075751E1,-7.388772764032E0,
-4.199999998753E0));
#3615=CARTESIAN_POINT('',(1.217358596018E1,-1.901689771864E0,
-4.200000001641E0));
#3616=CARTESIAN_POINT('',(1.127431002810E1,1.395196707366E0,-4.199999997002E0));
#3617=CARTESIAN_POINT('',(1.083917409231E1,2.978641467933E0,-4.199999997002E0));
#3619=CARTESIAN_POINT('',(1.429545382003E1,-1.8E1,-9.200000002471E0));
#3620=CARTESIAN_POINT('',(1.454220307724E1,-1.799999999985E1,
-8.816587762293E0));
#3621=CARTESIAN_POINT('',(1.495911113808E1,-1.791044723780E1,
-8.057718352476E0));
#3622=CARTESIAN_POINT('',(1.536430041358E1,-1.754418784690E1,
-7.023062005331E0));
#3623=CARTESIAN_POINT('',(1.559221769853E1,-1.697620176973E1,
-6.105059348405E0));
#3624=CARTESIAN_POINT('',(1.566906848891E1,-1.621765250920E1,
-5.320600167770E0));
#3625=CARTESIAN_POINT('',(1.561297244635E1,-1.528305973538E1,
-4.703061085715E0));
#3626=CARTESIAN_POINT('',(1.543720387704E1,-1.418918297927E1,
-4.296024329496E0));
#3627=CARTESIAN_POINT('',(1.525378765142E1,-1.340046188827E1,
-4.200000001981E0));
#3628=CARTESIAN_POINT('',(1.514730192274E1,-1.300000000278E1,
-4.200000001816E0));
#3630=CARTESIAN_POINT('',(0.E0,-1.8E1,0.E0));
#3631=DIRECTION('',(0.E0,1.E0,0.E0));
#3632=DIRECTION('',(1.E0,0.E0,0.E0));
#3633=AXIS2_PLACEMENT_3D('',#3630,#3631,#3632);
#3635=CARTESIAN_POINT('',(0.E0,0.E0,0.E0));
#3636=DIRECTION('',(4.101994299788E-10,0.E0,-1.E0));
#3637=DIRECTION('',(-9.687036532362E-1,2.482201285288E-1,-3.973616863758E-10));
#3638=AXIS2_PLACEMENT_3D('',#3635,#3636,#3637);
#3640=CARTESIAN_POINT('',(0.E0,2.978641542346E0,0.E0));
#3641=DIRECTION('',(0.E0,1.E0,0.E0));
#3642=DIRECTION('',(-9.324466808952E-1,0.E0,-3.613076075694E-1));
#3643=AXIS2_PLACEMENT_3D('',#3640,#3641,#3642);
#3645=CARTESIAN_POINT('',(0.E0,0.E0,-4.2E0));
#3646=DIRECTION('',(0.E0,0.E0,1.E0));
#3647=DIRECTION('',(9.642538543040E-1,2.649801963541E-1,0.E0));
#3648=AXIS2_PLACEMENT_3D('',#3645,#3646,#3647);
#3650=CARTESIAN_POINT('',(0.E0,2.978641542346E0,0.E0));
#3651=DIRECTION('',(0.E0,1.E0,0.E0));
#3652=DIRECTION('',(1.E0,0.E0,0.E0));
#3653=AXIS2_PLACEMENT_3D('',#3650,#3651,#3652);
#3655=CARTESIAN_POINT('',(0.E0,0.E0,0.E0));
#3656=DIRECTION('',(0.E0,0.E0,-1.E0));
#3657=DIRECTION('',(0.E0,1.E0,0.E0));
#3658=AXIS2_PLACEMENT_3D('',#3655,#3656,#3657);
#3660=CARTESIAN_POINT('',(0.E0,2.978641542346E0,0.E0));
#3661=DIRECTION('',(0.E0,1.E0,0.E0));
#3662=DIRECTION('',(9.324466810434E-1,0.E0,3.613076071869E-1));
#3663=AXIS2_PLACEMENT_3D('',#3660,#3661,#3662);
#3665=CARTESIAN_POINT('',(0.E0,0.E0,4.2E0));
#3666=DIRECTION('',(0.E0,0.E0,-1.E0));
#3667=DIRECTION('',(-9.642538543040E-1,2.649801963541E-1,0.E0));
#3668=AXIS2_PLACEMENT_3D('',#3665,#3666,#3667);
#3670=CARTESIAN_POINT('',(0.E0,2.978641542346E0,0.E0));
#3671=DIRECTION('',(0.E0,1.E0,0.E0));
#3672=DIRECTION('',(-1.E0,0.E0,-4.102064129415E-10));
#3673=AXIS2_PLACEMENT_3D('',#3670,#3671,#3672);
#3675=DIRECTION('',(-2.482201191941E-1,9.687036556281E-1,0.E0));
#3676=VECTOR('',#3675,2.165640788521E1);
#3677=CARTESIAN_POINT('',(1.7E1,-1.8E1,0.E0));
#3678=LINE('',#3677,#3676);
#3679=CARTESIAN_POINT('',(0.E0,-1.8E1,0.E0));
#3680=DIRECTION('',(0.E0,1.E0,0.E0));
#3681=DIRECTION('',(8.409090482741E-1,0.E0,5.411764707845E-1));
#3682=AXIS2_PLACEMENT_3D('',#3679,#3680,#3681);
#3684=CARTESIAN_POINT('',(1.514730191793E1,-1.300000000209E1,4.200000000910E0));
#3685=CARTESIAN_POINT('',(1.525524605043E1,-1.340594652042E1,4.200000000910E0));
#3686=CARTESIAN_POINT('',(1.544095008856E1,-1.420601597144E1,4.298718093731E0));
#3687=CARTESIAN_POINT('',(1.561734166675E1,-1.531545563457E1,4.717863473659E0));
#3688=CARTESIAN_POINT('',(1.566925684627E1,-1.626151709215E1,5.355780797947E0));
#3689=CARTESIAN_POINT('',(1.558308340826E1,-1.701698187004E1,6.157626692634E0));
#3690=CARTESIAN_POINT('',(1.534538883940E1,-1.756874500839E1,7.078759033024E0));
#3691=CARTESIAN_POINT('',(1.494447277079E1,-1.791430291229E1,8.085377091184E0));
#3692=CARTESIAN_POINT('',(1.453600260793E1,-1.800000000014E1,8.826222379368E0));
#3693=CARTESIAN_POINT('',(1.429545381707E1,-1.8E1,9.200000002149E0));
#3695=DIRECTION('',(1.E0,0.E0,6.836779388693E-11));
#3696=VECTOR('',#3695,3.029460384150E1);
#3697=CARTESIAN_POINT('',(-1.514730192357E1,-1.300000000209E1,
4.199999998839E0));
#3698=LINE('',#3697,#3696);
#3699=DIRECTION('',(-1.E0,0.E0,-1.025515594522E-10));
#3700=VECTOR('',#3699,2.859090763981E1);
#3701=CARTESIAN_POINT('',(1.429545381707E1,-1.8E1,9.200000002149E0));
#3702=LINE('',#3701,#3700);
#3703=CARTESIAN_POINT('',(-1.514730192357E1,-1.300000000209E1,
4.199999998839E0));
#3704=CARTESIAN_POINT('',(-1.460680461387E1,-1.096734666568E1,
4.199999998839E0));
#3705=CARTESIAN_POINT('',(-1.356699085909E1,-7.072642579207E0,
4.200000000537E0));
#3706=CARTESIAN_POINT('',(-1.211166776791E1,-1.674214503218E0,
4.199999999861E0));
#3707=CARTESIAN_POINT('',(-1.124765900605E1,1.492178859479E0,4.199999999966E0));
#3708=CARTESIAN_POINT('',(-1.083917409116E1,2.978641467933E0,4.199999999966E0));
#3710=CARTESIAN_POINT('',(1.083917409281E1,2.978641467933E0,4.199999995704E0));
#3711=CARTESIAN_POINT('',(1.125336194954E1,1.471426049195E0,4.199999995704E0));
#3712=CARTESIAN_POINT('',(1.212425010118E1,-1.720991403191E0,4.200000002126E0));
#3713=CARTESIAN_POINT('',(1.354007009217E1,-6.972480805181E0,4.199999999003E0));
#3714=CARTESIAN_POINT('',(1.459518604373E1,-1.092365262067E1,4.200000000910E0));
#3715=CARTESIAN_POINT('',(1.514730191793E1,-1.300000000209E1,4.200000000910E0));
#3717=CARTESIAN_POINT('',(0.E0,-4.960846711056E0,4.2E0));
#3718=CARTESIAN_POINT('',(4.424973838770E-1,-4.958928350210E0,4.2E0));
#3719=CARTESIAN_POINT('',(1.294076794522E0,-4.847735297317E0,4.2E0));
#3720=CARTESIAN_POINT('',(2.510603043694E0,-4.345111143605E0,4.2E0));
#3721=CARTESIAN_POINT('',(3.548076812471E0,-3.547949157828E0,4.2E0));
#3722=CARTESIAN_POINT('',(4.345942833516E0,-2.508419132675E0,4.2E0));
#3723=CARTESIAN_POINT('',(4.846987180720E0,-1.298090187305E0,4.2E0));
#3724=CARTESIAN_POINT('',(5.017875022751E0,7.469852086111E-4,4.2E0));
#3725=CARTESIAN_POINT('',(4.846592644877E0,1.299538195812E0,4.2E0));
#3726=CARTESIAN_POINT('',(4.345225990115E0,2.509695952238E0,4.2E0));
#3727=CARTESIAN_POINT('',(3.546910960231E0,3.549063035893E0,4.2E0));
#3728=CARTESIAN_POINT('',(2.509602453033E0,4.345758715472E0,4.2E0));
#3729=CARTESIAN_POINT('',(1.292011263914E0,4.848206794809E0,4.2E0));
#3730=CARTESIAN_POINT('',(4.416411823549E-1,4.959095529808E0,4.2E0));
#3731=CARTESIAN_POINT('',(0.E0,4.960846699868E0,4.2E0));
#3733=CARTESIAN_POINT('',(0.E0,4.960846699868E0,4.2E0));
#3734=CARTESIAN_POINT('',(-4.424973773036E-1,4.958928340929E0,4.2E0));
#3735=CARTESIAN_POINT('',(-1.294076776692E0,4.847735296460E0,4.2E0));
#3736=CARTESIAN_POINT('',(-2.510602919696E0,4.345111200472E0,4.2E0));
#3737=CARTESIAN_POINT('',(-3.548076777881E0,3.547949223736E0,4.2E0));
#3738=CARTESIAN_POINT('',(-4.345942759707E0,2.508419227605E0,4.2E0));
#3739=CARTESIAN_POINT('',(-4.846987170679E0,1.298090269854E0,4.2E0));
#3740=CARTESIAN_POINT('',(-5.017875028820E0,-7.469094887481E-4,4.2E0));
#3741=CARTESIAN_POINT('',(-4.846592630682E0,-1.299538222249E0,4.2E0));
#3742=CARTESIAN_POINT('',(-4.345226006523E0,-2.509695952007E0,4.2E0));
#3743=CARTESIAN_POINT('',(-3.546910929363E0,-3.549063035655E0,4.2E0));
#3744=CARTESIAN_POINT('',(-2.509602495822E0,-4.345758701789E0,4.2E0));
#3745=CARTESIAN_POINT('',(-1.292011253429E0,-4.848206798755E0,4.2E0));
#3746=CARTESIAN_POINT('',(-4.416411788404E-1,-4.959095538239E0,4.2E0));
#3747=CARTESIAN_POINT('',(0.E0,-4.960846711056E0,4.2E0));
#3749=CARTESIAN_POINT('',(0.E0,-1.8E1,0.E0));
#3750=DIRECTION('',(0.E0,-1.E0,0.E0));
#3751=DIRECTION('',(8.409090482837E-1,0.E0,5.411764707696E-1));
#3752=AXIS2_PLACEMENT_3D('',#3749,#3750,#3751);
#3754=DIRECTION('',(0.E0,1.E0,0.E0));
#3755=VECTOR('',#3754,2.E0);
#3756=CARTESIAN_POINT('',(-1.7E1,-2.E1,-6.973509020005E-9));
#3757=LINE('',#3756,#3755);
#3758=DIRECTION('',(0.E0,-1.E0,0.E0));
#3759=VECTOR('',#3758,2.E0);
#3760=CARTESIAN_POINT('',(1.7E1,-1.8E1,0.E0));
#3761=LINE('',#3760,#3759);
#3762=DIRECTION('',(9.172366328139E-1,3.983427662506E-1,3.762563489651E-10));
#3763=VECTOR('',#3762,9.539523048874E0);
#3764=CARTESIAN_POINT('',(-2.575E1,-2.38E1,-1.056281513324E-8));
#3765=LINE('',#3764,#3763);
#3766=CARTESIAN_POINT('',(0.E0,-2.38E1,0.E0));
#3767=DIRECTION('',(0.E0,1.E0,0.E0));
#3768=DIRECTION('',(1.E0,0.E0,0.E0));
#3769=AXIS2_PLACEMENT_3D('',#3766,#3767,#3768);
#3771=DIRECTION('',(9.172366328139E-1,-3.983427662506E-1,0.E0));
#3772=VECTOR('',#3771,9.539523048874E0);
#3773=CARTESIAN_POINT('',(1.7E1,-2.E1,0.E0));
#3774=LINE('',#3773,#3772);
#3775=CARTESIAN_POINT('',(0.E0,-2.E1,0.E0));
#3776=DIRECTION('',(0.E0,-1.E0,0.E0));
#3777=DIRECTION('',(-1.E0,0.E0,-4.102064129415E-10));
#3778=AXIS2_PLACEMENT_3D('',#3775,#3776,#3777);
#3780=CARTESIAN_POINT('',(0.E0,-1.8E1,0.E0));
#3781=DIRECTION('',(0.E0,-1.E0,0.E0));
#3782=DIRECTION('',(-8.409090482837E-1,0.E0,-5.411764707696E-1));
#3783=AXIS2_PLACEMENT_3D('',#3780,#3781,#3782);
#3785=DIRECTION('',(-2.328444406895E-11,1.E0,0.E0));
#3786=VECTOR('',#3785,1.159E2);
#3787=CARTESIAN_POINT('',(-5.499999999091E0,-1.5E2,-1.504090180785E-9));
#3788=LINE('',#3787,#3786);
#3789=DIRECTION('',(-2.328444406895E-11,-1.E0,0.E0));
#3790=VECTOR('',#3789,1.159E2);
#3791=CARTESIAN_POINT('',(5.500000001789E0,-3.41E1,0.E0));
#3792=LINE('',#3791,#3790);
#3793=CARTESIAN_POINT('',(0.E0,-1.5E2,0.E0));
#3794=DIRECTION('',(0.E0,1.E0,0.E0));
#3795=DIRECTION('',(1.E0,0.E0,0.E0));
#3796=AXIS2_PLACEMENT_3D('',#3793,#3794,#3795);
#3798=CARTESIAN_POINT('',(0.E0,-1.5E2,0.E0));
#3799=DIRECTION('',(0.E0,1.E0,0.E0));
#3800=DIRECTION('',(-1.E0,0.E0,0.E0));
#3801=AXIS2_PLACEMENT_3D('',#3798,#3799,#3800);
#3803=VERTEX_POINT('',#3717);
#3804=VERTEX_POINT('',#3731);
#3805=VERTEX_POINT('',#3572);
#3806=VERTEX_POINT('',#3586);
#3807=CARTESIAN_POINT('',(1.775E1,-2.53E1,0.E0));
#3808=CARTESIAN_POINT('',(-1.775E1,-2.53E1,0.E0));
#3809=VERTEX_POINT('',#3807);
#3810=VERTEX_POINT('',#3808);
#3811=CARTESIAN_POINT('',(1.774999999707E1,-3.41E1,0.E0));
#3812=VERTEX_POINT('',#3811);
#3813=CARTESIAN_POINT('',(-1.775E1,-3.41E1,0.E0));
#3814=VERTEX_POINT('',#3813);
#3815=CARTESIAN_POINT('',(-2.575E1,-2.38E1,-1.056281513324E-8));
#3816=CARTESIAN_POINT('',(2.575E1,-2.38E1,1.143529715198E-14));
#3817=VERTEX_POINT('',#3815);
#3818=VERTEX_POINT('',#3816);
#3819=CARTESIAN_POINT('',(2.574999999574E1,-2.53E1,0.E0));
#3820=VERTEX_POINT('',#3819);
#3821=CARTESIAN_POINT('',(-2.575E1,-2.53E1,0.E0));
#3822=VERTEX_POINT('',#3821);
#3823=CARTESIAN_POINT('',(1.7E1,-2.E1,0.E0));
#3824=CARTESIAN_POINT('',(-1.7E1,-2.E1,-6.973501470488E-9));
#3825=VERTEX_POINT('',#3823);
#3826=VERTEX_POINT('',#3824);
#3827=CARTESIAN_POINT('',(-1.7E1,-1.8E1,-6.973509020005E-9));
#3828=CARTESIAN_POINT('',(-1.429545382443E1,-1.8E1,9.199999997473E0));
#3829=VERTEX_POINT('',#3827);
#3830=VERTEX_POINT('',#3828);
#3831=CARTESIAN_POINT('',(1.429545382082E1,-1.8E1,9.200000003083E0));
#3832=VERTEX_POINT('',#3831);
#3833=CARTESIAN_POINT('',(1.7E1,-1.8E1,0.E0));
#3834=VERTEX_POINT('',#3833);
#3835=CARTESIAN_POINT('',(1.162444383883E1,2.978641542346E0,0.E0));
#3836=CARTESIAN_POINT('',(1.083917407574E1,2.978641542346E0,-4.199999990234E0));
#3837=VERTEX_POINT('',#3835);
#3838=VERTEX_POINT('',#3836);
#3839=VERTEX_POINT('',#3612);
#3840=VERTEX_POINT('',#3619);
#3841=CARTESIAN_POINT('',(0.E0,1.2E1,0.E0));
#3842=VERTEX_POINT('',#3841);
#3843=CARTESIAN_POINT('',(1.083917407650E1,2.978641542346E0,4.199999988287E0));
#3844=VERTEX_POINT('',#3843);
#3845=CARTESIAN_POINT('',(-1.083917410214E1,2.978641432524E0,4.2E0));
#3846=VERTEX_POINT('',#3845);
#3847=CARTESIAN_POINT('',(-1.162444383883E1,2.978641542346E0,
-4.768421409568E-9));
#3848=VERTEX_POINT('',#3847);
#3849=VERTEX_POINT('',#3703);
#3850=CARTESIAN_POINT('',(1.514730191793E1,-1.300000000209E1,4.200000000910E0));
#3851=VERTEX_POINT('',#3850);
#3852=VERTEX_POINT('',#3565);
#3853=VERTEX_POINT('',#3570);
#3854=CARTESIAN_POINT('',(-1.429545382609E1,-1.8E1,-9.199999994906E0));
#3855=VERTEX_POINT('',#3854);
#3856=CARTESIAN_POINT('',(5.5E0,-3.41E1,0.E0));
#3857=CARTESIAN_POINT('',(-5.5E0,-3.41E1,0.E0));
#3858=VERTEX_POINT('',#3856);
#3859=VERTEX_POINT('',#3857);
#3860=CARTESIAN_POINT('',(5.499999999091E0,-1.5E2,0.E0));
#3861=VERTEX_POINT('',#3860);
#3862=CARTESIAN_POINT('',(-5.5E0,-1.5E2,0.E0));
#3863=VERTEX_POINT('',#3862);
#3864=CARTESIAN_POINT('',(0.E0,-3.41E1,0.E0));
#3865=DIRECTION('',(0.E0,-1.E0,0.E0));
#3866=DIRECTION('',(1.E0,0.E0,0.E0));
#3867=AXIS2_PLACEMENT_3D('',#3864,#3865,#3866);
#3868=CYLINDRICAL_SURFACE('',#3867,5.5E0);
#3870=ORIENTED_EDGE('',*,*,#3869,.F.);
#3872=ORIENTED_EDGE('',*,*,#3871,.T.);
#3874=ORIENTED_EDGE('',*,*,#3873,.F.);
#3876=ORIENTED_EDGE('',*,*,#3875,.T.);
#3877=EDGE_LOOP('',(#3870,#3872,#3874,#3876));
#3878=FACE_OUTER_BOUND('',#3877,.F.);
#3879=ADVANCED_FACE('',(#3878),#3868,.T.);
#3880=CARTESIAN_POINT('',(0.E0,-3.41E1,0.E0));
#3881=DIRECTION('',(0.E0,1.E0,0.E0));
#3882=DIRECTION('',(-1.E0,0.E0,0.E0));
#3883=AXIS2_PLACEMENT_3D('',#3880,#3881,#3882);
#3884=PLANE('',#3883);
#3886=ORIENTED_EDGE('',*,*,#3885,.T.);
#3888=ORIENTED_EDGE('',*,*,#3887,.T.);
#3889=EDGE_LOOP('',(#3886,#3888));
#3890=FACE_OUTER_BOUND('',#3889,.F.);
#3892=ORIENTED_EDGE('',*,*,#3891,.T.);
#3893=ORIENTED_EDGE('',*,*,#3869,.T.);
#3894=EDGE_LOOP('',(#3892,#3893));
#3895=FACE_BOUND('',#3894,.F.);
#3896=ADVANCED_FACE('',(#3890,#3895),#3884,.F.);
#3897=CARTESIAN_POINT('',(0.E0,-2.53E1,0.E0));
#3898=DIRECTION('',(0.E0,-1.E0,0.E0));
#3899=DIRECTION('',(1.E0,0.E0,0.E0));
#3900=AXIS2_PLACEMENT_3D('',#3897,#3898,#3899);
#3901=CYLINDRICAL_SURFACE('',#3900,1.775E1);
#3903=ORIENTED_EDGE('',*,*,#3902,.F.);
#3904=ORIENTED_EDGE('',*,*,#3885,.F.);
#3906=ORIENTED_EDGE('',*,*,#3905,.F.);
#3908=ORIENTED_EDGE('',*,*,#3907,.F.);
#3909=EDGE_LOOP('',(#3903,#3904,#3906,#3908));
#3910=FACE_OUTER_BOUND('',#3909,.F.);
#3911=ADVANCED_FACE('',(#3910),#3901,.T.);
#3912=CARTESIAN_POINT('',(0.E0,-2.53E1,0.E0));
#3913=DIRECTION('',(0.E0,-1.E0,0.E0));
#3914=DIRECTION('',(1.E0,0.E0,0.E0));
#3915=AXIS2_PLACEMENT_3D('',#3912,#3913,#3914);
#3916=CYLINDRICAL_SURFACE('',#3915,1.775E1);
#3918=ORIENTED_EDGE('',*,*,#3917,.F.);
#3919=ORIENTED_EDGE('',*,*,#3905,.T.);
#3920=ORIENTED_EDGE('',*,*,#3887,.F.);
#3921=ORIENTED_EDGE('',*,*,#3902,.T.);
#3922=EDGE_LOOP('',(#3918,#3919,#3920,#3921));
#3923=FACE_OUTER_BOUND('',#3922,.F.);
#3924=ADVANCED_FACE('',(#3923),#3916,.T.);
#3925=CARTESIAN_POINT('',(0.E0,-2.53E1,0.E0));
#3926=DIRECTION('',(0.E0,1.E0,0.E0));
#3927=DIRECTION('',(-1.E0,0.E0,0.E0));
#3928=AXIS2_PLACEMENT_3D('',#3925,#3926,#3927);
#3929=PLANE('',#3928);
#3931=ORIENTED_EDGE('',*,*,#3930,.T.);
#3933=ORIENTED_EDGE('',*,*,#3932,.T.);
#3934=EDGE_LOOP('',(#3931,#3933));
#3935=FACE_OUTER_BOUND('',#3934,.F.);
#3936=ORIENTED_EDGE('',*,*,#3907,.T.);
#3937=ORIENTED_EDGE('',*,*,#3917,.T.);
#3938=EDGE_LOOP('',(#3936,#3937));
#3939=FACE_BOUND('',#3938,.F.);
#3940=ADVANCED_FACE('',(#3935,#3939),#3929,.F.);
#3941=CARTESIAN_POINT('',(0.E0,-2.38E1,0.E0));
#3942=DIRECTION('',(0.E0,-1.E0,0.E0));
#3943=DIRECTION('',(1.E0,0.E0,0.E0));
#3944=AXIS2_PLACEMENT_3D('',#3941,#3942,#3943);
#3945=CYLINDRICAL_SURFACE('',#3944,2.575E1);
#3947=ORIENTED_EDGE('',*,*,#3946,.F.);
#3948=ORIENTED_EDGE('',*,*,#3930,.F.);
#3950=ORIENTED_EDGE('',*,*,#3949,.F.);
#3952=ORIENTED_EDGE('',*,*,#3951,.T.);
#3953=EDGE_LOOP('',(#3947,#3948,#3950,#3952));
#3954=FACE_OUTER_BOUND('',#3953,.F.);
#3955=ADVANCED_FACE('',(#3954),#3945,.T.);
#3956=CARTESIAN_POINT('',(0.E0,-2.38E1,0.E0));
#3957=DIRECTION('',(0.E0,-1.E0,0.E0));
#3958=DIRECTION('',(1.E0,0.E0,0.E0));
#3959=AXIS2_PLACEMENT_3D('',#3956,#3957,#3958);
#3960=CYLINDRICAL_SURFACE('',#3959,2.575E1);
#3962=ORIENTED_EDGE('',*,*,#3961,.T.);
#3963=ORIENTED_EDGE('',*,*,#3949,.T.);
#3964=ORIENTED_EDGE('',*,*,#3932,.F.);
#3965=ORIENTED_EDGE('',*,*,#3946,.T.);
#3966=EDGE_LOOP('',(#3962,#3963,#3964,#3965));
#3967=FACE_OUTER_BOUND('',#3966,.F.);
#3968=ADVANCED_FACE('',(#3967),#3960,.T.);
#3969=CARTESIAN_POINT('',(0.E0,-2.19E1,0.E0));
#3970=DIRECTION('',(0.E0,-1.E0,0.E0));
#3971=DIRECTION('',(1.E0,0.E0,0.E0));
#3972=AXIS2_PLACEMENT_3D('',#3969,#3970,#3971);
#3973=CONICAL_SURFACE('',#3972,2.1375E1,6.652538240186E1);
#3975=ORIENTED_EDGE('',*,*,#3974,.F.);
#3977=ORIENTED_EDGE('',*,*,#3976,.T.);
#3978=ORIENTED_EDGE('',*,*,#3961,.F.);
#3980=ORIENTED_EDGE('',*,*,#3979,.T.);
#3981=EDGE_LOOP('',(#3975,#3977,#3978,#3980));
#3982=FACE_OUTER_BOUND('',#3981,.F.);
#3983=ADVANCED_FACE('',(#3982),#3973,.T.);
#3984=CARTESIAN_POINT('',(0.E0,-1.8E1,0.E0));
#3985=DIRECTION('',(0.E0,-1.E0,0.E0));
#3986=DIRECTION('',(1.E0,0.E0,0.E0));
#3987=AXIS2_PLACEMENT_3D('',#3984,#3985,#3986);
#3988=CYLINDRICAL_SURFACE('',#3987,1.7E1);
#3990=ORIENTED_EDGE('',*,*,#3989,.T.);
#3992=ORIENTED_EDGE('',*,*,#3991,.F.);
#3994=ORIENTED_EDGE('',*,*,#3993,.T.);
#3996=ORIENTED_EDGE('',*,*,#3995,.T.);
#3997=ORIENTED_EDGE('',*,*,#3974,.T.);
#3999=ORIENTED_EDGE('',*,*,#3998,.T.);
#4000=EDGE_LOOP('',(#3990,#3992,#3994,#3996,#3997,#3999));
#4001=FACE_OUTER_BOUND('',#4000,.F.);
#4002=ADVANCED_FACE('',(#4001),#3988,.T.);
#4003=CARTESIAN_POINT('',(0.E0,-7.510679285E0,0.E0));
#4004=DIRECTION('',(0.E0,-1.E0,0.E0));
#4005=DIRECTION('',(1.E0,0.E0,0.E0));
#4006=AXIS2_PLACEMENT_3D('',#4003,#4004,#4005);
#4007=CONICAL_SURFACE('',#4006,1.431222193400E1,1.437221297148E1);
#4009=ORIENTED_EDGE('',*,*,#4008,.F.);
#4011=ORIENTED_EDGE('',*,*,#4010,.T.);
#4013=ORIENTED_EDGE('',*,*,#4012,.T.);
#4015=ORIENTED_EDGE('',*,*,#4014,.F.);
#4017=ORIENTED_EDGE('',*,*,#4016,.F.);
#4018=ORIENTED_EDGE('',*,*,#3989,.F.);
#4020=ORIENTED_EDGE('',*,*,#4019,.F.);
#4022=ORIENTED_EDGE('',*,*,#4021,.F.);
#4023=EDGE_LOOP('',(#4009,#4011,#4013,#4015,#4017,#4018,#4020,#4022));
#4024=FACE_OUTER_BOUND('',#4023,.F.);
#4025=ADVANCED_FACE('',(#4024),#4007,.T.);
#4026=CARTESIAN_POINT('',(0.E0,-8.713431816449E-1,-4.2E0));
#4027=DIRECTION('',(0.E0,0.E0,1.E0));
#4028=DIRECTION('',(0.E0,-1.E0,0.E0));
#4029=AXIS2_PLACEMENT_3D('',#4026,#4027,#4028);
#4030=PLANE('',#4029);
#4031=ORIENTED_EDGE('',*,*,#4008,.T.);
#4033=ORIENTED_EDGE('',*,*,#4032,.F.);
#4035=ORIENTED_EDGE('',*,*,#4034,.T.);
#4037=ORIENTED_EDGE('',*,*,#4036,.T.);
#4038=EDGE_LOOP('',(#4031,#4033,#4035,#4037));
#4039=FACE_OUTER_BOUND('',#4038,.F.);
#4041=ORIENTED_EDGE('',*,*,#4040,.T.);
#4043=ORIENTED_EDGE('',*,*,#4042,.T.);
#4044=EDGE_LOOP('',(#4041,#4043));
#4045=FACE_BOUND('',#4044,.F.);
#4046=ADVANCED_FACE('',(#4039,#4045),#4030,.F.);
#4047=CARTESIAN_POINT('',(-1.584117948900E1,-1.3E1,-9.2E0));
#4048=DIRECTION('',(1.E0,0.E0,0.E0));
#4049=DIRECTION('',(0.E0,0.E0,-1.E0));
#4050=AXIS2_PLACEMENT_3D('',#4047,#4048,#4049);
#4051=CYLINDRICAL_SURFACE('',#4050,5.E0);
#4053=ORIENTED_EDGE('',*,*,#4052,.T.);
#4054=ORIENTED_EDGE('',*,*,#4032,.T.);
#4055=ORIENTED_EDGE('',*,*,#4021,.T.);
#4057=ORIENTED_EDGE('',*,*,#4056,.T.);
#4058=EDGE_LOOP('',(#4053,#4054,#4055,#4057));
#4059=FACE_OUTER_BOUND('',#4058,.F.);
#4060=ADVANCED_FACE('',(#4059),#4051,.F.);
#4061=CARTESIAN_POINT('',(0.E0,-7.510679285E0,0.E0));
#4062=DIRECTION('',(0.E0,-1.E0,0.E0));
#4063=DIRECTION('',(1.E0,0.E0,0.E0));
#4064=AXIS2_PLACEMENT_3D('',#4061,#4062,#4063);
#4065=CONICAL_SURFACE('',#4064,1.431222193400E1,1.437221297148E1);
#4067=ORIENTED_EDGE('',*,*,#4066,.T.);
#4068=ORIENTED_EDGE('',*,*,#4034,.F.);
#4069=ORIENTED_EDGE('',*,*,#4052,.F.);
#4071=ORIENTED_EDGE('',*,*,#4070,.F.);
#4073=ORIENTED_EDGE('',*,*,#4072,.T.);
#4074=EDGE_LOOP('',(#4067,#4068,#4069,#4071,#4073));
#4075=FACE_OUTER_BOUND('',#4074,.F.);
#4076=ADVANCED_FACE('',(#4075),#4065,.T.);
#4077=CARTESIAN_POINT('',(0.E0,0.E0,0.E0));
#4078=DIRECTION('',(0.E0,-1.E0,0.E0));
#4079=DIRECTION('',(1.E0,0.E0,0.E0));
#4080=AXIS2_PLACEMENT_3D('',#4077,#4078,#4079);
#4081=SPHERICAL_SURFACE('',#4080,1.2E1);
#4083=ORIENTED_EDGE('',*,*,#4082,.F.);
#4084=ORIENTED_EDGE('',*,*,#4010,.F.);
#4085=ORIENTED_EDGE('',*,*,#4036,.F.);
#4086=ORIENTED_EDGE('',*,*,#4066,.F.);
#4088=ORIENTED_EDGE('',*,*,#4087,.F.);
#4089=EDGE_LOOP('',(#4083,#4084,#4085,#4086,#4088));
#4090=FACE_OUTER_BOUND('',#4089,.F.);
#4091=ADVANCED_FACE('',(#4090),#4081,.T.);
#4092=CARTESIAN_POINT('',(0.E0,0.E0,0.E0));
#4093=DIRECTION('',(0.E0,-1.E0,0.E0));
#4094=DIRECTION('',(1.E0,0.E0,0.E0));
#4095=AXIS2_PLACEMENT_3D('',#4092,#4093,#4094);
#4096=SPHERICAL_SURFACE('',#4095,1.2E1);
#4097=ORIENTED_EDGE('',*,*,#4087,.T.);
#4099=ORIENTED_EDGE('',*,*,#4098,.F.);
#4101=ORIENTED_EDGE('',*,*,#4100,.F.);
#4102=ORIENTED_EDGE('',*,*,#4012,.F.);
#4103=ORIENTED_EDGE('',*,*,#4082,.T.);
#4104=EDGE_LOOP('',(#4097,#4099,#4101,#4102,#4103));
#4105=FACE_OUTER_BOUND('',#4104,.F.);
#4106=ADVANCED_FACE('',(#4105),#4096,.T.);
#4107=CARTESIAN_POINT('',(0.E0,-7.510679285E0,0.E0));
#4108=DIRECTION('',(0.E0,-1.E0,0.E0));
#4109=DIRECTION('',(1.E0,0.E0,0.E0));
#4110=AXIS2_PLACEMENT_3D('',#4107,#4108,#4109);
#4111=CONICAL_SURFACE('',#4110,1.431222193400E1,1.437221297148E1);
#4112=ORIENTED_EDGE('',*,*,#4072,.F.);
#4113=ORIENTED_EDGE('',*,*,#3993,.F.);
#4115=ORIENTED_EDGE('',*,*,#4114,.F.);
#4117=ORIENTED_EDGE('',*,*,#4116,.F.);
#4118=ORIENTED_EDGE('',*,*,#4098,.T.);
#4119=EDGE_LOOP('',(#4112,#4113,#4115,#4117,#4118));
#4120=FACE_OUTER_BOUND('',#4119,.F.);
#4121=ADVANCED_FACE('',(#4120),#4111,.T.);
#4122=CARTESIAN_POINT('',(-1.584027427E1,-1.3E1,9.2E0));
#4123=DIRECTION('',(1.E0,0.E0,0.E0));
#4124=DIRECTION('',(0.E0,0.E0,-1.E0));
#4125=AXIS2_PLACEMENT_3D('',#4122,#4123,#4124);
#4126=CYLINDRICAL_SURFACE('',#4125,5.E0);
#4127=ORIENTED_EDGE('',*,*,#4016,.T.);
#4129=ORIENTED_EDGE('',*,*,#4128,.T.);
#4130=ORIENTED_EDGE('',*,*,#4114,.T.);
#4132=ORIENTED_EDGE('',*,*,#4131,.T.);
#4133=EDGE_LOOP('',(#4127,#4129,#4130,#4132));
#4134=FACE_OUTER_BOUND('',#4133,.F.);
#4135=ADVANCED_FACE('',(#4134),#4126,.F.);
#4136=CARTESIAN_POINT('',(0.E0,-8.713431816449E-1,4.2E0));
#4137=DIRECTION('',(0.E0,0.E0,1.E0));
#4138=DIRECTION('',(0.E0,1.E0,0.E0));
#4139=AXIS2_PLACEMENT_3D('',#4136,#4137,#4138);
#4140=PLANE('',#4139);
#4141=ORIENTED_EDGE('',*,*,#4014,.T.);
#4142=ORIENTED_EDGE('',*,*,#4100,.T.);
#4143=ORIENTED_EDGE('',*,*,#4116,.T.);
#4144=ORIENTED_EDGE('',*,*,#4128,.F.);
#4145=EDGE_LOOP('',(#4141,#4142,#4143,#4144));
#4146=FACE_OUTER_BOUND('',#4145,.F.);
#4148=ORIENTED_EDGE('',*,*,#4147,.T.);
#4150=ORIENTED_EDGE('',*,*,#4149,.T.);
#4151=EDGE_LOOP('',(#4148,#4150));
#4152=FACE_BOUND('',#4151,.F.);
#4153=ADVANCED_FACE('',(#4146,#4152),#4140,.T.);
#4154=CARTESIAN_POINT('',(0.E0,-1.8E1,1.311021532189E1));
#4155=DIRECTION('',(0.E0,1.E0,0.E0));
#4156=DIRECTION('',(0.E0,0.E0,-1.E0));
#4157=AXIS2_PLACEMENT_3D('',#4154,#4155,#4156);
#4158=PLANE('',#4157);
#4159=ORIENTED_EDGE('',*,*,#3991,.T.);
#4160=ORIENTED_EDGE('',*,*,#4131,.F.);
#4161=EDGE_LOOP('',(#4159,#4160));
#4162=FACE_OUTER_BOUND('',#4161,.F.);
#4163=ADVANCED_FACE('',(#4162),#4158,.T.);
#4164=CARTESIAN_POINT('',(0.E0,-1.8E1,0.E0));
#4165=DIRECTION('',(0.E0,-1.E0,0.E0));
#4166=DIRECTION('',(1.E0,0.E0,0.E0));
#4167=AXIS2_PLACEMENT_3D('',#4164,#4165,#4166);
#4168=CYLINDRICAL_SURFACE('',#4167,1.7E1);
#4169=ORIENTED_EDGE('',*,*,#3998,.F.);
#4171=ORIENTED_EDGE('',*,*,#4170,.T.);
#4172=ORIENTED_EDGE('',*,*,#3995,.F.);
#4173=ORIENTED_EDGE('',*,*,#4070,.T.);
#4175=ORIENTED_EDGE('',*,*,#4174,.F.);
#4176=ORIENTED_EDGE('',*,*,#4019,.T.);
#4177=EDGE_LOOP('',(#4169,#4171,#4172,#4173,#4175,#4176));
#4178=FACE_OUTER_BOUND('',#4177,.F.);
#4179=ADVANCED_FACE('',(#4178),#4168,.T.);
#4180=CARTESIAN_POINT('',(0.E0,-2.19E1,0.E0));
#4181=DIRECTION('',(0.E0,-1.E0,0.E0));
#4182=DIRECTION('',(1.E0,0.E0,0.E0));
#4183=AXIS2_PLACEMENT_3D('',#4180,#4181,#4182);
#4184=CONICAL_SURFACE('',#4183,2.1375E1,6.652538240186E1);
#4185=ORIENTED_EDGE('',*,*,#3979,.F.);
#4186=ORIENTED_EDGE('',*,*,#3951,.F.);
#4187=ORIENTED_EDGE('',*,*,#3976,.F.);
#4188=ORIENTED_EDGE('',*,*,#4170,.F.);
#4189=EDGE_LOOP('',(#4185,#4186,#4187,#4188));
#4190=FACE_OUTER_BOUND('',#4189,.F.);
#4191=ADVANCED_FACE('',(#4190),#4184,.T.);
#4192=CARTESIAN_POINT('',(0.E0,-1.8E1,-1.311021532189E1));
#4193=DIRECTION('',(0.E0,1.E0,0.E0));
#4194=DIRECTION('',(0.E0,0.E0,-1.E0));
#4195=AXIS2_PLACEMENT_3D('',#4192,#4193,#4194);
#4196=PLANE('',#4195);
#4197=ORIENTED_EDGE('',*,*,#4174,.T.);
#4198=ORIENTED_EDGE('',*,*,#4056,.F.);
#4199=EDGE_LOOP('',(#4197,#4198));
#4200=FACE_OUTER_BOUND('',#4199,.F.);
#4201=ADVANCED_FACE('',(#4200),#4196,.T.);
#4202=CARTESIAN_POINT('',(0.E0,-3.41E1,0.E0));
#4203=DIRECTION('',(0.E0,-1.E0,0.E0));
#4204=DIRECTION('',(1.E0,0.E0,0.E0));
#4205=AXIS2_PLACEMENT_3D('',#4202,#4203,#4204);
#4206=CYLINDRICAL_SURFACE('',#4205,5.5E0);
#4207=ORIENTED_EDGE('',*,*,#3875,.F.);
#4209=ORIENTED_EDGE('',*,*,#4208,.F.);
#4210=ORIENTED_EDGE('',*,*,#3871,.F.);
#4211=ORIENTED_EDGE('',*,*,#3891,.F.);
#4212=EDGE_LOOP('',(#4207,#4209,#4210,#4211));
#4213=FACE_OUTER_BOUND('',#4212,.F.);
#4214=ADVANCED_FACE('',(#4213),#4206,.T.);
#4215=CARTESIAN_POINT('',(0.E0,-1.5E2,0.E0));
#4216=DIRECTION('',(0.E0,1.E0,0.E0));
#4217=DIRECTION('',(-1.E0,0.E0,0.E0));
#4218=AXIS2_PLACEMENT_3D('',#4215,#4216,#4217);
#4219=PLANE('',#4218);
#4220=ORIENTED_EDGE('',*,*,#4208,.T.);
#4221=ORIENTED_EDGE('',*,*,#3873,.T.);
#4222=EDGE_LOOP('',(#4220,#4221));
#4223=FACE_OUTER_BOUND('',#4222,.F.);
#4224=ADVANCED_FACE('',(#4223),#4219,.F.);
#4227=CARTESIAN_POINT('',(1.017486657936E-9,4.200000051641E0,
-4.960846658204E0));
#4228=CARTESIAN_POINT('',(2.574683520686E-1,4.200382802119E0,
-4.960522610234E0));
#4229=CARTESIAN_POINT('',(7.576664617938E-1,4.233031196024E0,
-4.893233629476E0));
#4230=CARTESIAN_POINT('',(1.426348591363E0,4.377322514089E0,-4.607380975280E0));
#4231=CARTESIAN_POINT('',(1.924483272573E0,4.603279581374E0,-4.182849546546E0));
#4232=CARTESIAN_POINT('',(2.220308602864E0,4.876620304347E0,-3.697873948214E0));
#4233=CARTESIAN_POINT('',(2.334910811161E0,5.201718566905E0,-3.142640444096E0));
#4234=CARTESIAN_POINT('',(2.238831922206E0,5.549587313761E0,-2.575347398651E0));
#4235=CARTESIAN_POINT('',(1.974276366617E0,5.912344419899E0,-1.896629529348E0));
#4236=CARTESIAN_POINT('',(1.331676908280E0,6.223438197917E0,-1.446199546279E0));
#4237=CARTESIAN_POINT('',(1.104290042297E0,6.490229349150E0,
-2.151934199184E-2));
#4238=CARTESIAN_POINT('',(-4.653027679387E-1,6.483391024111E0,
-5.955053552418E-1));
#4239=CARTESIAN_POINT('',(-4.359432049571E-1,6.485364563542E0,
-3.477537550853E-8));
#4241=CARTESIAN_POINT('',(-4.359432049571E-1,6.485364563542E0,
-3.477537550853E-8));
#4242=CARTESIAN_POINT('',(-6.561123019866E-1,6.470564897705E0,
-1.892288565473E-1));
#4243=CARTESIAN_POINT('',(-6.095143979067E-1,6.424896990313E0,
-1.048797911020E0));
#4244=CARTESIAN_POINT('',(-1.724021957552E0,6.126287223179E0,
-1.448437612004E0));
#4245=CARTESIAN_POINT('',(-2.046190650178E0,5.792923567048E0,
-2.167821643285E0));
#4246=CARTESIAN_POINT('',(-2.308951131454E0,5.422516648204E0,
-2.772674488338E0));
#4247=CARTESIAN_POINT('',(-2.312154976977E0,5.076257603258E0,
-3.357571000079E0));
#4248=CARTESIAN_POINT('',(-2.135977180422E0,4.775827532820E0,
-3.872670406287E0));
#4249=CARTESIAN_POINT('',(-1.804744710164E0,4.538694160676E0,
-4.302673147902E0));
#4250=CARTESIAN_POINT('',(-1.325081289866E0,4.351710229393E0,
-4.657890346648E0));
#4251=CARTESIAN_POINT('',(-7.127903774015E-1,4.229715454971E0,
-4.899869019978E0));
#4252=CARTESIAN_POINT('',(-2.436917440097E-1,4.201244050938E0,
-4.959793451520E0));
#4253=CARTESIAN_POINT('',(1.017486657936E-9,4.200000051641E0,
-4.960846658204E0));
#4255=CARTESIAN_POINT('',(-1.017486181672E-9,4.199999949498E0,
4.960846744681E0));
#4256=CARTESIAN_POINT('',(2.574683432909E-1,4.200382701302E0,4.960522695708E0));
#4257=CARTESIAN_POINT('',(7.576664466870E-1,4.233031097710E0,4.893233718214E0));
#4258=CARTESIAN_POINT('',(1.426348623593E0,4.377322412359E0,4.607381063384E0));
#4259=CARTESIAN_POINT('',(1.924483303949E0,4.603279490087E0,4.182849632478E0));
#4260=CARTESIAN_POINT('',(2.220308652976E0,4.876620212940E0,3.697874039141E0));
#4261=CARTESIAN_POINT('',(2.334910873441E0,5.201718488292E0,3.142640529445E0));
#4262=CARTESIAN_POINT('',(2.238831989317E0,5.549587245609E0,2.575347483727E0));
#4263=CARTESIAN_POINT('',(1.974276460205E0,5.912344365719E0,1.896629617144E0));
#4264=CARTESIAN_POINT('',(1.331676958211E0,6.223438162347E0,1.446199602413E0));
#4265=CARTESIAN_POINT('',(1.104290274083E0,6.490229330546E0,2.151949799902E-2));
#4266=CARTESIAN_POINT('',(-4.653028861077E-1,6.483391022947E0,
5.955051977296E-1));
#4267=CARTESIAN_POINT('',(-4.359431185355E-1,6.485364569352E0,
-3.477536842419E-8));
#4269=CARTESIAN_POINT('',(-4.359431185355E-1,6.485364569352E0,
-3.477536842419E-8));
#4270=CARTESIAN_POINT('',(-6.561123522160E-1,6.470564899305E0,
1.892287491410E-1));
#4271=CARTESIAN_POINT('',(-6.095144939024E-1,6.424896961048E0,
1.048798100713E0));
#4272=CARTESIAN_POINT('',(-1.724022041647E0,6.126287182788E0,1.448437661129E0));
#4273=CARTESIAN_POINT('',(-2.046190731786E0,5.792923507259E0,2.167821733666E0));
#4274=CARTESIAN_POINT('',(-2.308951201144E0,5.422516576022E0,2.772674569837E0));
#4275=CARTESIAN_POINT('',(-2.312155033396E0,5.076257520986E0,3.357571086844E0));
#4276=CARTESIAN_POINT('',(-2.135977220675E0,4.775827442070E0,3.872670496387E0));
#4277=CARTESIAN_POINT('',(-1.804744737172E0,4.538694068504E0,4.302673233746E0));
#4278=CARTESIAN_POINT('',(-1.325081318607E0,4.351710126825E0,4.657890435377E0));
#4279=CARTESIAN_POINT('',(-7.127903659310E-1,4.229715356759E0,
4.899869107419E0));
#4280=CARTESIAN_POINT('',(-2.436917394586E-1,4.201243950190E0,
4.959793536760E0));
#4281=CARTESIAN_POINT('',(-1.017486181672E-9,4.199999949498E0,
4.960846744681E0));
#4283=CARTESIAN_POINT('',(0.E0,0.E0,0.E0));
#4284=DIRECTION('',(0.E0,0.E0,1.E0));
#4285=DIRECTION('',(-6.706817401066E-2,9.977483951552E-1,0.E0));
#4286=AXIS2_PLACEMENT_3D('',#4283,#4284,#4285);
#4288=CARTESIAN_POINT('',(0.E0,0.E0,0.E0));
#4289=DIRECTION('',(0.E0,0.E0,1.E0));
#4290=DIRECTION('',(0.E0,-1.E0,0.E0));
#4291=AXIS2_PLACEMENT_3D('',#4288,#4289,#4290);
#4293=CARTESIAN_POINT('',(0.E0,0.E0,0.E0));
#4294=DIRECTION('',(0.E0,0.E0,1.E0));
#4295=DIRECTION('',(0.E0,1.E0,0.E0));
#4296=AXIS2_PLACEMENT_3D('',#4293,#4294,#4295);
#4298=CARTESIAN_POINT('',(0.E0,6.5E0,0.E0));
#4299=CARTESIAN_POINT('',(0.E0,-6.5E0,0.E0));
#4300=VERTEX_POINT('',#4298);
#4301=VERTEX_POINT('',#4299);
#4302=VERTEX_POINT('',#4255);
#4303=VERTEX_POINT('',#4267);
#4304=VERTEX_POINT('',#4241);
#4305=VERTEX_POINT('',#4253);
#4306=CARTESIAN_POINT('',(-4.359431310693E-1,6.485364568509E0,0.E0));
#4307=VERTEX_POINT('',#4306);
#4308=CARTESIAN_POINT('',(0.E0,0.E0,0.E0));
#4309=DIRECTION('',(0.E0,-1.E0,0.E0));
#4310=DIRECTION('',(-1.E0,0.E0,0.E0));
#4311=AXIS2_PLACEMENT_3D('',#4308,#4309,#4310);
#4312=SPHERICAL_SURFACE('',#4311,6.5E0);
#4314=ORIENTED_EDGE('',*,*,#4313,.T.);
#4316=ORIENTED_EDGE('',*,*,#4315,.T.);
#4318=ORIENTED_EDGE('',*,*,#4317,.T.);
#4319=EDGE_LOOP('',(#4314,#4316,#4318));
#4320=FACE_OUTER_BOUND('',#4319,.F.);
#4321=ADVANCED_FACE('',(#4320),#4312,.T.);
#4322=CARTESIAN_POINT('',(0.E0,0.E0,0.E0));
#4323=DIRECTION('',(0.E0,-1.E0,0.E0));
#4324=DIRECTION('',(-1.E0,0.E0,0.E0));
#4325=AXIS2_PLACEMENT_3D('',#4322,#4323,#4324);
#4326=SPHERICAL_SURFACE('',#4325,6.5E0);
#4328=ORIENTED_EDGE('',*,*,#4327,.T.);
#4330=ORIENTED_EDGE('',*,*,#4329,.T.);
#4331=EDGE_LOOP('',(#4328,#4330));
#4332=FACE_OUTER_BOUND('',#4331,.F.);
#4333=ADVANCED_FACE('',(#4332),#4326,.T.);
#4334=CARTESIAN_POINT('',(0.E0,0.E0,0.E0));
#4335=DIRECTION('',(0.E0,-1.E0,0.E0));
#4336=DIRECTION('',(-1.E0,0.E0,0.E0));
#4337=AXIS2_PLACEMENT_3D('',#4334,#4335,#4336);
#4338=SPHERICAL_SURFACE('',#4337,6.5E0);
#4340=ORIENTED_EDGE('',*,*,#4339,.T.);
#4342=ORIENTED_EDGE('',*,*,#4341,.T.);
#4343=EDGE_LOOP('',(#4340,#4342));
#4344=FACE_OUTER_BOUND('',#4343,.F.);
#4345=ADVANCED_FACE('',(#4344),#4338,.T.);
#4350=DIMENSIONAL_EXPONENTS(0.E0,0.E0,0.E0,0.E0,0.E0,0.E0,0.E0);
#4352=PLANE_ANGLE_MEASURE_WITH_UNIT(PLANE_ANGLE_MEASURE(1.745329251994E-2),
#4351);
#4353=(CONVERSION_BASED_UNIT('DEGREE',#4352)NAMED_UNIT(*)PLANE_ANGLE_UNIT());
#4355=UNCERTAINTY_MEASURE_WITH_UNIT(LENGTH_MEASURE(1.776268295835E-2),#4349,
'closure',
'Maximum model space distance between geometric entities at asserted connectivities');
#4356=(GEOMETRIC_REPRESENTATION_CONTEXT(3)GLOBAL_UNCERTAINTY_ASSIGNED_CONTEXT((
#4355))GLOBAL_UNIT_ASSIGNED_CONTEXT((#4349,#4353,#4354))REPRESENTATION_CONTEXT(
'ID4','3'));
#4357=CARTESIAN_POINT('',(0.E0,0.E0,0.E0));
#4358=DIRECTION('',(0.E0,0.E0,1.E0));
#4359=DIRECTION('',(1.E0,0.E0,0.E0));
#4362=CARTESIAN_POINT('',(0.E0,0.E0,0.E0));
#4363=DIRECTION('',(0.E0,0.E0,1.E0));
#4364=DIRECTION('',(1.E0,0.E0,0.E0));
#4367=CARTESIAN_POINT('',(0.E0,0.E0,0.E0));
#4368=DIRECTION('',(0.E0,0.E0,1.E0));
#4369=DIRECTION('',(1.E0,0.E0,0.E0));
#4372=SHAPE_REPRESENTATION_RELATIONSHIP('','',#4371,#4361);
#4373=SHAPE_REPRESENTATION_RELATIONSHIP('','',#4371,#4366);
#4374=MECHANICAL_CONTEXT('',#176,'mechanical');
#4375=PRODUCT('DAMPER_SHAFT','DAMPER_SHAFT','NOT SPECIFIED',(#4374));
#4376=PRODUCT_DEFINITION_FORMATION_WITH_SPECIFIED_SOURCE('2','LAST_VERSION',
#4375,.MADE.);
#4382=CARTESIAN_POINT('',(-4.792474241350E1,1.710494237996E2,3.347621701761E1));
#4383=DIRECTION('',(0.E0,0.E0,1.E0));
#4384=DIRECTION('',(1.E0,0.E0,0.E0));
#4385=AXIS2_PLACEMENT_3D('',#4382,#4383,#4384);
#4386=ITEM_DEFINED_TRANSFORMATION('','',#4370,#4385);
#4387=CARTESIAN_POINT('',(0.E0,0.E0,0.E0));
#4388=DIRECTION('',(0.E0,0.E0,1.E0));
#4389=DIRECTION('',(1.E0,0.E0,0.E0));
#4391=(REPRESENTATION_RELATIONSHIP('','',#4371,#1478)REPRESENTATION_RELATIONSHIP_WITH_TRANSFORMATION(#4386)SHAPE_REPRESENTATION_RELATIONSHIP());
#4392=CONTEXT_DEPENDENT_SHAPE_REPRESENTATION(#4391,#4381);
#4394=DIMENSIONAL_EXPONENTS(0.E0,0.E0,0.E0,0.E0,0.E0,0.E0,0.E0);
#4396=PLANE_ANGLE_MEASURE_WITH_UNIT(PLANE_ANGLE_MEASURE(1.745329251994E-2),
#4395);
#4397=(CONVERSION_BASED_UNIT('DEGREE',#4396)NAMED_UNIT(*)PLANE_ANGLE_UNIT());
#4399=UNCERTAINTY_MEASURE_WITH_UNIT(LENGTH_MEASURE(2.991313050997E-2),#4393,
'closure',
'Maximum model space distance between geometric entities at asserted connectivities');
#4400=(GEOMETRIC_REPRESENTATION_CONTEXT(3)GLOBAL_UNCERTAINTY_ASSIGNED_CONTEXT((
#4399))GLOBAL_UNIT_ASSIGNED_CONTEXT((#4393,#4397,#4398))REPRESENTATION_CONTEXT(
'ID5','3'));
#4401=CARTESIAN_POINT('',(0.E0,0.E0,0.E0));
#4402=DIRECTION('',(0.E0,0.E0,1.E0));
#4403=DIRECTION('',(1.E0,0.E0,0.E0));
#4405=DESIGN_CONTEXT('',#176,'design');
#4406=MECHANICAL_CONTEXT('',#176,'mechanical');
#4407=PRODUCT('SHOCK_ABSORBER_ASM','SHOCK_ABSORBER_ASM','NOT SPECIFIED',
(#4406));
#4408=PRODUCT_DEFINITION_FORMATION_WITH_SPECIFIED_SOURCE('5','LAST_VERSION',
#4407,.MADE.);
#4412=CARTESIAN_POINT('',(-4.792474241350E1,-1.382262170176E2,
8.905057620041E1));
#4413=DIRECTION('',(0.E0,1.E0,0.E0));
#4414=DIRECTION('',(-1.E0,0.E0,0.E0));
#4415=AXIS2_PLACEMENT_3D('',#4412,#4413,#4414);
#4416=ITEM_DEFINED_TRANSFORMATION('','',#1489,#4415);
#4417=(REPRESENTATION_RELATIONSHIP('','',#1478,#187)REPRESENTATION_RELATIONSHIP_WITH_TRANSFORMATION(#4416)SHAPE_REPRESENTATION_RELATIONSHIP());
#4418=CONTEXT_DEPENDENT_SHAPE_REPRESENTATION(#4417,#4411);
#4421=CARTESIAN_POINT('',(4.792474241350E1,1.382262170176E2,8.905057620041E1));
#4422=DIRECTION('',(0.E0,-1.E0,0.E0));
#4423=DIRECTION('',(1.E0,0.E0,0.E0));
#4424=AXIS2_PLACEMENT_3D('',#4421,#4422,#4423);
#4425=ITEM_DEFINED_TRANSFORMATION('','',#1489,#4424);
#4426=(REPRESENTATION_RELATIONSHIP('','',#1478,#187)REPRESENTATION_RELATIONSHIP_WITH_TRANSFORMATION(#4425)SHAPE_REPRESENTATION_RELATIONSHIP());
#4427=CONTEXT_DEPENDENT_SHAPE_REPRESENTATION(#4426,#4420);
#4430=CARTESIAN_POINT('',(-9.947598300641E-14,5.5E-1,2.601E2));
#4431=DIRECTION('',(0.E0,0.E0,1.E0));
#4432=DIRECTION('',(1.E0,0.E0,0.E0));
#4433=AXIS2_PLACEMENT_3D('',#4430,#4431,#4432);
#4434=ITEM_DEFINED_TRANSFORMATION('','',#174,#4433);
#4435=(REPRESENTATION_RELATIONSHIP('','',#175,#187)REPRESENTATION_RELATIONSHIP_WITH_TRANSFORMATION(#4434)SHAPE_REPRESENTATION_RELATIONSHIP());
#4436=CONTEXT_DEPENDENT_SHAPE_REPRESENTATION(#4435,#4429);
#4438=DIMENSIONAL_EXPONENTS(0.E0,0.E0,0.E0,0.E0,0.E0,0.E0,0.E0);
#4440=PLANE_ANGLE_MEASURE_WITH_UNIT(PLANE_ANGLE_MEASURE(1.745329251994E-2),
#4439);
#4441=(CONVERSION_BASED_UNIT('DEGREE',#4440)NAMED_UNIT(*)PLANE_ANGLE_UNIT());
#4443=UNCERTAINTY_MEASURE_WITH_UNIT(LENGTH_MEASURE(4.013927054113E-2),#4437,
'closure',
'Maximum model space distance between geometric entities at asserted connectivities');
#4444=(GEOMETRIC_REPRESENTATION_CONTEXT(3)GLOBAL_UNCERTAINTY_ASSIGNED_CONTEXT((
#4443))GLOBAL_UNIT_ASSIGNED_CONTEXT((#4437,#4441,#4442))REPRESENTATION_CONTEXT(
'ID6','3'));
#4445=CARTESIAN_POINT('',(0.E0,0.E0,0.E0));
#4446=DIRECTION('',(0.E0,0.E0,1.E0));
#4447=DIRECTION('',(1.E0,0.E0,0.E0));
#4449=MECHANICAL_CONTEXT('',#176,'mechanical');
#4450=PRODUCT('ASMDAMPER_ASM','ASMDAMPER_ASM','NOT SPECIFIED',(#4449));
#4451=PRODUCT_DEFINITION_FORMATION_WITH_SPECIFIED_SOURCE('4','LAST_VERSION',
#4450,.MADE.);
#4453=PRODUCT_CATEGORY('part','');
#4454=PRODUCT_RELATED_PRODUCT_CATEGORY('assembly','',(#4407,#4450));
#4455=PRODUCT_CATEGORY_RELATIONSHIP('','',#4453,#4454);
#4456=PRODUCT_CATEGORY('part','');
#4457=PRODUCT_RELATED_PRODUCT_CATEGORY('detail','',(#180,#1471,#3247,#4375));
#4458=PRODUCT_CATEGORY_RELATIONSHIP('','',#4456,#4457);
#4459=SECURITY_CLASSIFICATION_LEVEL('unclassified');
#4460=SECURITY_CLASSIFICATION('','',#4459);
#4461=CC_DESIGN_SECURITY_CLASSIFICATION(#4460,(#181,#1472,#3248,#4376,#4408,
#4451,#188,#1479,#3252,#4380,#4410,#4419,#4428));
#4462=APPROVAL_STATUS('approved');
#4463=APPROVAL(#4462,'');
#4464=CC_DESIGN_APPROVAL(#4463,(#4460,#181,#1472,#3248,#4376,#4408,#4451,#182,
#1473,#3249,#4377,#4409,#4452));
#4465=CALENDAR_DATE(125,26,3);
#4466=COORDINATED_UNIVERSAL_TIME_OFFSET(7,0,.AHEAD.);
#4467=LOCAL_TIME(10,41,4.3E1,#4466);
#4468=DATE_AND_TIME(#4465,#4467);
#4469=APPROVAL_DATE_TIME(#4468,#4463);
#4470=DATE_TIME_ROLE('creation_date');
#4471=CC_DESIGN_DATE_AND_TIME_ASSIGNMENT(#4468,#4470,(#182,#1473,#3249,#4377,
#4409,#4452));
#4472=DATE_TIME_ROLE('classification_date');
#4473=CC_DESIGN_DATE_AND_TIME_ASSIGNMENT(#4468,#4472,(#4460));
#4474=PERSON('UNSPECIFIED','UNSPECIFIED',$,$,$,$);
#4475=ORGANIZATION('UNSPECIFIED','UNSPECIFIED','UNSPECIFIED');
#4476=PERSON_AND_ORGANIZATION(#4474,#4475);
#4477=APPROVAL_ROLE('approver');
#4478=APPROVAL_PERSON_ORGANIZATION(#4476,#4463,#4477);
#4479=PERSON_AND_ORGANIZATION_ROLE('creator');
#4480=CC_DESIGN_PERSON_AND_ORGANIZATION_ASSIGNMENT(#4476,#4479,(#181,#1472,
#3248,#4376,#4408,#4451,#182,#1473,#3249,#4377,#4409,#4452));
#4481=PERSON_AND_ORGANIZATION_ROLE('design_supplier');
#4482=CC_DESIGN_PERSON_AND_ORGANIZATION_ASSIGNMENT(#4476,#4481,(#181,#1472,
#3248,#4376,#4408,#4451));
#4483=PERSON_AND_ORGANIZATION_ROLE('classification_officer');
#4484=CC_DESIGN_PERSON_AND_ORGANIZATION_ASSIGNMENT(#4476,#4483,(#4460));
#4485=PERSON_AND_ORGANIZATION_ROLE('design_owner');
#4486=CC_DESIGN_PERSON_AND_ORGANIZATION_ASSIGNMENT(#4476,#4485,(#4407,#4450,
#180,#1471,#3247,#4375));
#5=CIRCLE('',#4,1.E1);
#10=CIRCLE('',#9,1.E1);
#15=CIRCLE('',#14,6.5E0);
#20=CIRCLE('',#19,6.5E0);
#33=CIRCLE('',#32,1.E1);
#38=CIRCLE('',#37,1.E1);
#43=CIRCLE('',#42,6.5E0);
#48=CIRCLE('',#47,6.5E0);
#78=EDGE_CURVE('',#59,#60,#5,.T.);
#80=EDGE_CURVE('',#60,#59,#10,.T.);
#84=EDGE_CURVE('',#63,#64,#15,.T.);
#86=EDGE_CURVE('',#64,#63,#20,.T.);
#97=EDGE_CURVE('',#59,#67,#24,.T.);
#99=EDGE_CURVE('',#67,#68,#33,.T.);
#101=EDGE_CURVE('',#60,#68,#28,.T.);
#113=EDGE_CURVE('',#68,#67,#38,.T.);
#128=EDGE_CURVE('',#71,#72,#43,.T.);
#130=EDGE_CURVE('',#72,#71,#48,.T.);
#141=EDGE_CURVE('',#63,#71,#52,.T.);
#144=EDGE_CURVE('',#64,#72,#56,.T.);
#161=CLOSED_SHELL('',(#90,#105,#118,#134,#148,#160));
#162=MANIFOLD_SOLID_BREP('',#161);
#163=(LENGTH_UNIT()NAMED_UNIT(*)SI_UNIT(.MILLI.,.METRE.));
#165=(NAMED_UNIT(*)PLANE_ANGLE_UNIT()SI_UNIT($,.RADIAN.));
#168=(NAMED_UNIT(*)SI_UNIT($,.STERADIAN.)SOLID_ANGLE_UNIT());
#174=AXIS2_PLACEMENT_3D('',#171,#172,#173);
#175=ADVANCED_BREP_SHAPE_REPRESENTATION('',(#174,#162),#170);
#182=PRODUCT_DEFINITION('design','',#181,#178);
#183=PRODUCT_DEFINITION_SHAPE('','SHAPE FOR LINK01.',#182);
#184=SHAPE_DEFINITION_REPRESENTATION(#183,#175);
#185=SHAPE_DEFINITION_REPRESENTATION(#186,#187);
#186=PRODUCT_DEFINITION_SHAPE('','SHAPE FOR ASMDAMPER_ASM.',#4452);
#187=SHAPE_REPRESENTATION('',(#193,#4415,#4424,#4433,#4448),#4444);
#188=NEXT_ASSEMBLY_USAGE_OCCURRENCE('3','Next assembly relationship','LINK01',
#4452,#182,$);
#189=PRODUCT_DEFINITION_SHAPE('Placement #3',
'Placement of LINK01 with respect to ASMDAMPER_ASM',#188);
#201=CIRCLE('',#200,6.5E0);
#206=CIRCLE('',#205,6.5E0);
#219=CIRCLE('',#218,6.5E0);
#224=CIRCLE('',#223,6.5E0);
#238=EDGE_CURVE('',#227,#228,#201,.T.);
#240=EDGE_CURVE('',#228,#227,#206,.T.);
#251=EDGE_CURVE('',#227,#231,#210,.T.);
#253=EDGE_CURVE('',#231,#232,#219,.T.);
#255=EDGE_CURVE('',#228,#232,#214,.T.);
#267=EDGE_CURVE('',#232,#231,#224,.T.);
#283=CLOSED_SHELL('',(#244,#259,#272,#282));
#297=CIRCLE('',#296,1.7E1);
#302=CIRCLE('',#301,1.7E1);
#307=CIRCLE('',#306,5.5E0);
#312=CIRCLE('',#311,5.5E0);
#317=CIRCLE('',#316,1.96E1);
#322=CIRCLE('',#321,1.96E1);
#327=CIRCLE('',#326,1.7E1);
#332=CIRCLE('',#331,1.7E1);
#337=CIRCLE('',#336,1.96E1);
#348=B_SPLINE_CURVE_WITH_KNOTS('',3,(#338,#339,#340,#341,#342,#343,#344,#345,
#346,#347),.UNSPECIFIED.,.F.,.F.,(4,1,1,1,1,1,1,4),(0.E0,1.428571428571E-1,
2.857142857143E-1,4.285714285714E-1,5.714285714286E-1,7.142857142857E-1,
8.571428571429E-1,1.E0),.UNSPECIFIED.);
#356=B_SPLINE_CURVE_WITH_KNOTS('',3,(#349,#350,#351,#352,#353,#354,#355),
.UNSPECIFIED.,.F.,.F.,(4,1,1,1,4),(0.E0,2.5E-1,5.E-1,7.5E-1,1.E0),
.UNSPECIFIED.);
#367=B_SPLINE_CURVE_WITH_KNOTS('',3,(#357,#358,#359,#360,#361,#362,#363,#364,
#365,#366),.UNSPECIFIED.,.F.,.F.,(4,1,1,1,1,1,1,4),(0.E0,1.428571428571E-1,
2.857142857143E-1,4.285714285714E-1,5.714285714286E-1,7.142857142857E-1,
8.571428571429E-1,1.E0),.UNSPECIFIED.);
#372=CIRCLE('',#371,1.884694033907E1);
#377=CIRCLE('',#376,1.884694033907E1);
#393=B_SPLINE_CURVE_WITH_KNOTS('',3,(#386,#387,#388,#389,#390,#391,#392),
.UNSPECIFIED.,.F.,.F.,(4,1,1,1,4),(0.E0,2.5E-1,5.E-1,7.5E-1,1.E0),
.UNSPECIFIED.);
#398=CIRCLE('',#397,8.E0);
#403=CIRCLE('',#402,8.E0);
#408=CIRCLE('',#407,1.2E1);
#413=CIRCLE('',#412,1.2E1);
#418=CIRCLE('',#417,1.123029162666E1);
#423=CIRCLE('',#422,1.101986842027E1);
#428=CIRCLE('',#427,1.123029162666E1);
#433=CIRCLE('',#432,1.123029162666E1);
#438=CIRCLE('',#437,1.101986842027E1);
#443=CIRCLE('',#442,1.123029162666E1);
#451=B_SPLINE_CURVE_WITH_KNOTS('',3,(#444,#445,#446,#447,#448,#449,#450),
.UNSPECIFIED.,.F.,.F.,(4,1,1,1,4),(0.E0,2.5E-1,5.E-1,7.5E-1,1.E0),
.UNSPECIFIED.);
#459=B_SPLINE_CURVE_WITH_KNOTS('',3,(#452,#453,#454,#455,#456,#457,#458),
.UNSPECIFIED.,.F.,.F.,(4,1,1,1,4),(0.E0,2.5E-1,5.E-1,7.5E-1,1.E0),
.UNSPECIFIED.);
#464=CIRCLE('',#463,8.E0);
#469=CIRCLE('',#468,8.E0);
#482=CIRCLE('',#481,1.884694033907E1);
#487=CIRCLE('',#486,1.884694033907E1);
#502=B_SPLINE_CURVE_WITH_KNOTS('',3,(#492,#493,#494,#495,#496,#497,#498,#499,
#500,#501),.UNSPECIFIED.,.F.,.F.,(4,1,1,1,1,1,1,4),(0.E0,1.428571428571E-1,
2.857142857143E-1,4.285714285714E-1,5.714285714286E-1,7.142857142857E-1,
8.571428571429E-1,1.E0),.UNSPECIFIED.);
#513=B_SPLINE_CURVE_WITH_KNOTS('',3,(#503,#504,#505,#506,#507,#508,#509,#510,
#511,#512),.UNSPECIFIED.,.F.,.F.,(4,1,1,1,1,1,1,4),(0.E0,1.428571428571E-1,
2.857142857143E-1,4.285714285714E-1,5.714285714286E-1,7.142857142857E-1,
8.571428571429E-1,1.E0),.UNSPECIFIED.);
#522=CIRCLE('',#521,1.96E1);
#543=CIRCLE('',#542,8.E0);
#548=CIRCLE('',#547,8.E0);
#564=B_SPLINE_CURVE_WITH_KNOTS('',3,(#549,#550,#551,#552,#553,#554,#555,#556,
#557,#558,#559,#560,#561,#562,#563),.UNSPECIFIED.,.F.,.F.,(4,1,1,1,1,1,1,1,1,1,
1,1,4),(0.E0,8.333333333333E-2,1.666666666667E-1,2.5E-1,3.333333333333E-1,
4.166666666667E-1,5.E-1,5.833333333333E-1,6.666666666667E-1,7.5E-1,
8.333333333333E-1,9.166666666667E-1,1.E0),.UNSPECIFIED.);
#580=B_SPLINE_CURVE_WITH_KNOTS('',3,(#565,#566,#567,#568,#569,#570,#571,#572,
#573,#574,#575,#576,#577,#578,#579),.UNSPECIFIED.,.F.,.F.,(4,1,1,1,1,1,1,1,1,1,
1,1,4),(0.E0,8.333333333333E-2,1.666666666667E-1,2.5E-1,3.333333333333E-1,
4.166666666667E-1,5.E-1,5.833333333333E-1,6.666666666667E-1,7.5E-1,
8.333333333333E-1,9.166666666667E-1,1.E0),.UNSPECIFIED.);
#593=CIRCLE('',#592,8.E0);
#598=CIRCLE('',#597,8.E0);
#614=B_SPLINE_CURVE_WITH_KNOTS('',3,(#599,#600,#601,#602,#603,#604,#605,#606,
#607,#608,#609,#610,#611,#612,#613),.UNSPECIFIED.,.F.,.F.,(4,1,1,1,1,1,1,1,1,1,
1,1,4),(0.E0,8.333333333333E-2,1.666666666667E-1,2.5E-1,3.333333333333E-1,
4.166666666667E-1,5.E-1,5.833333333333E-1,6.666666666667E-1,7.5E-1,
8.333333333333E-1,9.166666666667E-1,1.E0),.UNSPECIFIED.);
#630=B_SPLINE_CURVE_WITH_KNOTS('',3,(#615,#616,#617,#618,#619,#620,#621,#622,
#623,#624,#625,#626,#627,#628,#629),.UNSPECIFIED.,.F.,.F.,(4,1,1,1,1,1,1,1,1,1,
1,1,4),(0.E0,8.333333333333E-2,1.666666666667E-1,2.5E-1,3.333333333333E-1,
4.166666666667E-1,5.E-1,5.833333333333E-1,6.666666666667E-1,7.5E-1,
8.333333333333E-1,9.166666666667E-1,1.E0),.UNSPECIFIED.);
#643=CIRCLE('',#642,5.5E0);
#648=CIRCLE('',#647,5.5E0);
#727=EDGE_CURVE('',#655,#656,#292,.T.);
#729=EDGE_CURVE('',#658,#656,#648,.T.);
#731=EDGE_CURVE('',#658,#660,#288,.T.);
#733=EDGE_CURVE('',#655,#660,#312,.T.);
#743=EDGE_CURVE('',#660,#655,#307,.T.);
#746=EDGE_CURVE('',#656,#658,#643,.T.);
#757=EDGE_CURVE('',#719,#721,#297,.T.);
#759=EDGE_CURVE('',#721,#719,#302,.T.);
#773=EDGE_CURVE('',#716,#717,#327,.T.);
#775=EDGE_CURVE('',#721,#716,#634,.T.);
#778=EDGE_CURVE('',#717,#719,#638,.T.);
#788=EDGE_CURVE('',#702,#704,#317,.T.);
#790=EDGE_CURVE('',#704,#702,#322,.T.);
#795=EDGE_CURVE('',#717,#716,#332,.T.);
#805=EDGE_CURVE('',#700,#698,#337,.T.);
#807=EDGE_CURVE('',#704,#700,#526,.T.);
#810=EDGE_CURVE('',#698,#702,#530,.T.);
#820=EDGE_CURVE('',#689,#690,#377,.T.);
#822=EDGE_CURVE('',#700,#690,#491,.T.);
#825=EDGE_CURVE('',#696,#698,#517,.T.);
#827=EDGE_CURVE('',#696,#694,#482,.T.);
#829=EDGE_CURVE('',#694,#693,#348,.T.);
#831=EDGE_CURVE('',#693,#684,#459,.T.);
#833=EDGE_CURVE('',#686,#684,#433,.T.);
#835=EDGE_CURVE('',#692,#686,#428,.T.);
#837=EDGE_CURVE('',#692,#691,#356,.T.);
#839=EDGE_CURVE('',#691,#689,#367,.T.);
#849=EDGE_CURVE('',#689,#713,#381,.T.);
#851=EDGE_CURVE('',#690,#713,#372,.T.);
#864=EDGE_CURVE('',#708,#691,#385,.T.);
#866=EDGE_CURVE('',#713,#708,#502,.T.);
#878=EDGE_CURVE('',#710,#692,#423,.T.);
#880=EDGE_CURVE('',#708,#710,#393,.T.);
#884=EDGE_CURVE('',#672,#675,#398,.T.);
#886=EDGE_CURVE('',#675,#672,#403,.T.);
#896=EDGE_CURVE('',#686,#679,#408,.T.);
#898=EDGE_CURVE('',#679,#680,#413,.T.);
#900=EDGE_CURVE('',#680,#710,#418,.T.);
#915=EDGE_CURVE('',#684,#682,#438,.T.);
#917=EDGE_CURVE('',#682,#680,#443,.T.);
#927=EDGE_CURVE('',#693,#706,#477,.T.);
#929=EDGE_CURVE('',#682,#706,#451,.T.);
#935=EDGE_CURVE('',#667,#664,#464,.T.);
#937=EDGE_CURVE('',#664,#667,#469,.T.);
#947=EDGE_CURVE('',#712,#694,#473,.T.);
#949=EDGE_CURVE('',#706,#712,#513,.T.);
#963=EDGE_CURVE('',#712,#696,#487,.T.);
#983=EDGE_CURVE('',#698,#700,#522,.T.);
#1005=EDGE_CURVE('',#668,#663,#548,.T.);
#1007=EDGE_CURVE('',#667,#668,#534,.T.);
#1010=EDGE_CURVE('',#663,#664,#538,.T.);
#1020=EDGE_CURVE('',#663,#668,#543,.T.);
#1025=EDGE_CURVE('',#651,#652,#564,.T.);
#1027=EDGE_CURVE('',#652,#651,#580,.T.);
#1049=EDGE_CURVE('',#671,#672,#588,.T.);
#1052=EDGE_CURVE('',#675,#676,#584,.T.);
#1054=EDGE_CURVE('',#676,#671,#593,.T.);
#1064=EDGE_CURVE('',#671,#676,#598,.T.);
#1081=EDGE_CURVE('',#650,#649,#614,.T.);
#1083=EDGE_CURVE('',#649,#650,#630,.T.);
#1110=OPEN_SHELL('',(#737,#751,#767,#782,#799,#814,#843,#856,#870,#890,#906,
#921,#941,#955,#967,#987,#999,#1014,#1031,#1043,#1058,#1071,#1087,#1099,#1109));
#1116=CIRCLE('',#1115,6.5E0);
#1121=CIRCLE('',#1120,6.5E0);
#1127=B_SPLINE_CURVE_WITH_KNOTS('',3,(#1122,#1123,#1124,#1125,#1126),
.UNSPECIFIED.,.F.,.F.,(4,1,4),(0.E0,5.E-1,1.E0),.UNSPECIFIED.);
#1135=B_SPLINE_CURVE_WITH_KNOTS('',3,(#1128,#1129,#1130,#1131,#1132,#1133,
#1134),.UNSPECIFIED.,.F.,.F.,(4,1,1,1,4),(0.E0,2.5E-1,5.E-1,7.5E-1,1.E0),
.UNSPECIFIED.);
#1143=B_SPLINE_CURVE_WITH_KNOTS('',3,(#1136,#1137,#1138,#1139,#1140,#1141,
#1142),.UNSPECIFIED.,.F.,.F.,(4,1,1,1,4),(0.E0,2.5E-1,5.E-1,7.5E-1,1.E0),
.UNSPECIFIED.);
#1149=B_SPLINE_CURVE_WITH_KNOTS('',3,(#1144,#1145,#1146,#1147,#1148),
.UNSPECIFIED.,.F.,.F.,(4,1,4),(0.E0,5.E-1,1.E0),.UNSPECIFIED.);
#1187=B_SPLINE_CURVE_WITH_KNOTS('',3,(#1150,#1151,#1152,#1153,#1154,#1155,#1156,
#1157,#1158,#1159,#1160,#1161,#1162,#1163,#1164,#1165,#1166,#1167,#1168,#1169,
#1170,#1171,#1172,#1173,#1174,#1175,#1176,#1177,#1178,#1179,#1180,#1181,#1182,
#1183,#1184,#1185,#1186),.UNSPECIFIED.,.F.,.F.,(4,1,1,1,1,1,1,1,1,1,1,1,1,1,1,1,
1,1,1,1,1,1,1,1,1,1,1,1,1,1,1,1,1,1,4),(0.E0,2.941176470588E-2,
5.882352941176E-2,8.823529411765E-2,1.176470588235E-1,1.470588235294E-1,
1.764705882353E-1,2.058823529412E-1,2.352941176471E-1,2.647058823529E-1,
2.941176470588E-1,3.235294117647E-1,3.529411764706E-1,3.823529411765E-1,
4.117647058824E-1,4.411764705882E-1,4.705882352941E-1,5.E-1,5.294117647059E-1,
5.588235294118E-1,5.882352941176E-1,6.176470588235E-1,6.470588235294E-1,
6.764705882353E-1,7.058823529412E-1,7.352941176471E-1,7.647058823529E-1,
7.941176470588E-1,8.235294117647E-1,8.529411764706E-1,8.823529411765E-1,
9.117647058824E-1,9.411764705882E-1,9.705882352941E-1,1.E0),.UNSPECIFIED.);
#1196=B_SPLINE_CURVE_WITH_KNOTS('',3,(#1188,#1189,#1190,#1191,#1192,#1193,#1194,
#1195),.UNSPECIFIED.,.F.,.F.,(4,1,1,1,1,4),(0.E0,2.E-1,4.E-1,6.E-1,8.E-1,1.E0),
.UNSPECIFIED.);
#1217=B_SPLINE_CURVE_WITH_KNOTS('',3,(#1197,#1198,#1199,#1200,#1201,#1202,#1203,
#1204,#1205,#1206,#1207,#1208,#1209,#1210,#1211,#1212,#1213,#1214,#1215,#1216),
.UNSPECIFIED.,.F.,.F.,(4,1,1,1,1,1,1,1,1,1,1,1,1,1,1,1,1,4),(0.E0,
5.882352941176E-2,1.176470588235E-1,1.764705882353E-1,2.352941176471E-1,
2.941176470588E-1,3.529411764706E-1,4.117647058824E-1,4.705882352941E-1,
5.294117647059E-1,5.882352941176E-1,6.470588235294E-1,7.058823529412E-1,
7.647058823529E-1,8.235294117647E-1,8.823529411765E-1,9.411764705882E-1,1.E0),
.UNSPECIFIED.);
#1223=B_SPLINE_CURVE_WITH_KNOTS('',3,(#1218,#1219,#1220,#1221,#1222),
.UNSPECIFIED.,.F.,.F.,(4,1,4),(0.E0,5.E-1,1.E0),.UNSPECIFIED.);
#1231=B_SPLINE_CURVE_WITH_KNOTS('',3,(#1224,#1225,#1226,#1227,#1228,#1229,
#1230),.UNSPECIFIED.,.F.,.F.,(4,1,1,1,4),(0.E0,2.5E-1,5.E-1,7.5E-1,1.E0),
.UNSPECIFIED.);
#1237=B_SPLINE_CURVE_WITH_KNOTS('',3,(#1232,#1233,#1234,#1235,#1236),
.UNSPECIFIED.,.F.,.F.,(4,1,4),(0.E0,5.E-1,1.E0),.UNSPECIFIED.);
#1242=CIRCLE('',#1241,6.5E0);
#1248=B_SPLINE_CURVE_WITH_KNOTS('',3,(#1243,#1244,#1245,#1246,#1247),
.UNSPECIFIED.,.F.,.F.,(4,1,4),(0.E0,5.E-1,1.E0),.UNSPECIFIED.);
#1256=B_SPLINE_CURVE_WITH_KNOTS('',3,(#1249,#1250,#1251,#1252,#1253,#1254,
#1255),.UNSPECIFIED.,.F.,.F.,(4,1,1,1,4),(0.E0,2.5E-1,5.E-1,7.5E-1,1.E0),
.UNSPECIFIED.);
#1262=B_SPLINE_CURVE_WITH_KNOTS('',3,(#1257,#1258,#1259,#1260,#1261),
.UNSPECIFIED.,.F.,.F.,(4,1,4),(0.E0,5.E-1,1.E0),.UNSPECIFIED.);
#1283=B_SPLINE_CURVE_WITH_KNOTS('',3,(#1263,#1264,#1265,#1266,#1267,#1268,#1269,
#1270,#1271,#1272,#1273,#1274,#1275,#1276,#1277,#1278,#1279,#1280,#1281,#1282),
.UNSPECIFIED.,.T.,.F.,(4,1,1,1,1,1,1,1,1,1,1,1,1,1,1,1,1,4),(0.E0,
5.882352941176E-2,1.176470588235E-1,1.764705882353E-1,2.352941176471E-1,
2.941176470588E-1,3.529411764706E-1,4.117647058824E-1,4.705882352941E-1,
5.294117647059E-1,5.882352941176E-1,6.470588235294E-1,7.058823529412E-1,
7.647058823529E-1,8.235294117647E-1,8.823529411765E-1,9.411764705882E-1,1.E0),
.UNSPECIFIED.);
#1289=B_SPLINE_CURVE_WITH_KNOTS('',3,(#1284,#1285,#1286,#1287,#1288),
.UNSPECIFIED.,.F.,.F.,(4,1,4),(0.E0,5.E-1,1.E0),.UNSPECIFIED.);
#1294=CIRCLE('',#1293,6.5E0);
#1299=CIRCLE('',#1298,6.5E0);
#1305=B_SPLINE_CURVE_WITH_KNOTS('',3,(#1300,#1301,#1302,#1303,#1304),
.UNSPECIFIED.,.F.,.F.,(4,1,4),(0.E0,5.E-1,1.E0),.UNSPECIFIED.);
#1310=CIRCLE('',#1309,6.5E0);
#1338=EDGE_CURVE('',#1316,#1317,#1116,.T.);
#1340=EDGE_CURVE('',#1317,#1316,#1121,.T.);
#1350=EDGE_CURVE('',#1320,#1321,#1127,.T.);
#1352=EDGE_CURVE('',#1321,#1322,#1135,.T.);
#1354=EDGE_CURVE('',#1322,#1332,#1143,.T.);
#1356=EDGE_CURVE('',#1332,#1319,#1149,.T.);
#1358=EDGE_CURVE('',#1319,#1320,#1187,.T.);
#1368=EDGE_CURVE('',#1311,#1312,#1196,.T.);
#1370=EDGE_CURVE('',#1312,#1313,#1217,.T.);
#1372=EDGE_CURVE('',#1313,#1328,#1223,.T.);
#1374=EDGE_CURVE('',#1328,#1311,#1231,.T.);
#1385=EDGE_CURVE('',#1328,#1311,#1256,.T.);
#1395=EDGE_CURVE('',#1327,#1328,#1262,.T.);
#1398=EDGE_CURVE('',#1313,#1318,#1283,.T.);
#1400=EDGE_CURVE('',#1318,#1329,#1289,.T.);
#1402=EDGE_CURVE('',#1329,#1326,#1294,.T.);
#1404=EDGE_CURVE('',#1326,#1327,#1299,.T.);
#1409=EDGE_CURVE('',#1332,#1321,#1237,.T.);
#1421=EDGE_CURVE('',#1322,#1331,#1242,.T.);
#1423=EDGE_CURVE('',#1331,#1332,#1248,.T.);
#1435=EDGE_CURVE('',#1321,#1323,#1305,.T.);
#1437=EDGE_CURVE('',#1323,#1322,#1310,.T.);
#1442=OPEN_SHELL('',(#1344,#1362,#1378,#1389,#1415,#1428,#1441));
#1443=MANIFOLD_SOLID_BREP('',#283);
#1444=SHELL_BASED_SURFACE_MODEL('',(#1110,#1442));
#1445=(LENGTH_UNIT()NAMED_UNIT(*)SI_UNIT(.MILLI.,.METRE.));
#1447=(NAMED_UNIT(*)PLANE_ANGLE_UNIT()SI_UNIT($,.RADIAN.));
#1450=(NAMED_UNIT(*)SI_UNIT($,.STERADIAN.)SOLID_ANGLE_UNIT());
#1456=AXIS2_PLACEMENT_3D('',#1453,#1454,#1455);
#1457=ADVANCED_BREP_SHAPE_REPRESENTATION('',(#1456,#1443),#1452);
#1461=AXIS2_PLACEMENT_3D('',#1458,#1459,#1460);
#1462=MANIFOLD_SURFACE_SHAPE_REPRESENTATION('',(#1461,#1444),#1452);
#1466=AXIS2_PLACEMENT_3D('',#1463,#1464,#1465);
#1467=SHAPE_REPRESENTATION('',(#1466),#1452);
#1473=PRODUCT_DEFINITION('design','',#1472,#178);
#1474=PRODUCT_DEFINITION_SHAPE('','SHAPE FOR DAMPER_BODY.',#1473);
#1475=SHAPE_DEFINITION_REPRESENTATION(#1474,#1467);
#1476=SHAPE_DEFINITION_REPRESENTATION(#1477,#1478);
#1477=PRODUCT_DEFINITION_SHAPE('','SHAPE FOR SHOCK_ABSORBER_ASM.',#4409);
#1478=SHAPE_REPRESENTATION('',(#1489,#1484,#3262,#3257,#4390,#4385,#4404),
#4400);
#1479=NEXT_ASSEMBLY_USAGE_OCCURRENCE('4','Next assembly relationship',
'DAMPER_BODY',#4409,#1473,$);
#1480=PRODUCT_DEFINITION_SHAPE('Placement #4',
'Placement of DAMPER_BODY with respect to SHOCK_ABSORBER_ASM',#1479);
#1489=AXIS2_PLACEMENT_3D('',#1486,#1487,#1488);
#1508=B_SPLINE_CURVE_WITH_KNOTS('',3,(#1492,#1493,#1494,#1495,#1496,#1497,#1498,
#1499,#1500,#1501,#1502,#1503,#1504,#1505,#1506,#1507),.UNSPECIFIED.,.F.,.F.,(4,
1,1,1,1,1,1,1,1,1,1,1,1,4),(0.E0,7.692307692308E-2,1.538461538462E-1,
2.307692307692E-1,3.076923076923E-1,3.846153846154E-1,4.615384615385E-1,
5.384615384615E-1,6.153846153846E-1,6.923076923077E-1,7.692307692308E-1,
8.461538461538E-1,9.230769230769E-1,1.E0),.UNSPECIFIED.);
#1529=B_SPLINE_CURVE_WITH_KNOTS('',3,(#1513,#1514,#1515,#1516,#1517,#1518,#1519,
#1520,#1521,#1522,#1523,#1524,#1525,#1526,#1527,#1528),.UNSPECIFIED.,.F.,.F.,(4,
1,1,1,1,1,1,1,1,1,1,1,1,4),(0.E0,7.692307692308E-2,1.538461538462E-1,
2.307692307692E-1,3.076923076923E-1,3.846153846154E-1,4.615384615385E-1,
5.384615384615E-1,6.153846153846E-1,6.923076923077E-1,7.692307692308E-1,
8.461538461538E-1,9.230769230769E-1,1.E0),.UNSPECIFIED.);
#1538=CIRCLE('',#1537,1.999999999810E0);
#1543=CIRCLE('',#1542,1.999999999707E0);
#1548=CIRCLE('',#1547,2.6E1);
#1553=CIRCLE('',#1552,2.58E1);
#1558=CIRCLE('',#1557,2.6E1);
#1567=CIRCLE('',#1566,2.6E1);
#1592=CIRCLE('',#1591,2.6E1);
#1597=CIRCLE('',#1596,1.999999994571E-1);
#1602=CIRCLE('',#1601,1.999999994571E-1);
#1607=CIRCLE('',#1606,2.599999999999E1);
#1612=CIRCLE('',#1611,2.580000000048E1);
#1617=CIRCLE('',#1616,2.580000000048E1);
#1622=CIRCLE('',#1621,1.7E1);
#1627=CIRCLE('',#1626,1.7E1);
#1640=CIRCLE('',#1639,2.580000000048E1);
#1645=CIRCLE('',#1644,2.580000000048E1);
#1650=CIRCLE('',#1649,1.7E1);
#1655=CIRCLE('',#1654,1.7E1);
#1660=CIRCLE('',#1659,2.599999999999E1);
#1665=CIRCLE('',#1664,1.999999994571E-1);
#1670=CIRCLE('',#1669,2.599999999999E1);
#1675=CIRCLE('',#1674,1.999999994571E-1);
#1706=B_SPLINE_CURVE_WITH_KNOTS('',3,(#1696,#1697,#1698,#1699,#1700,#1701,#1702,
#1703,#1704,#1705),.UNSPECIFIED.,.F.,.F.,(4,1,1,1,1,1,1,4),(0.E0,
1.428571428571E-1,2.857142857143E-1,4.285714285714E-1,5.714285714286E-1,
7.142857142857E-1,8.571428571429E-1,1.E0),.UNSPECIFIED.);
#1717=B_SPLINE_CURVE_WITH_KNOTS('',3,(#1707,#1708,#1709,#1710,#1711,#1712,#1713,
#1714,#1715,#1716),.UNSPECIFIED.,.F.,.F.,(4,1,1,1,1,1,1,4),(0.E0,
1.428571428571E-1,2.857142857143E-1,4.285714285714E-1,5.714285714286E-1,
7.142857142857E-1,8.571428571429E-1,1.E0),.UNSPECIFIED.);
#1726=CIRCLE('',#1725,2.E0);
#1731=CIRCLE('',#1730,2.E0);
#1742=B_SPLINE_CURVE_WITH_KNOTS('',3,(#1732,#1733,#1734,#1735,#1736,#1737,#1738,
#1739,#1740,#1741),.UNSPECIFIED.,.F.,.F.,(4,1,1,1,1,1,1,4),(0.E0,
1.428571428571E-1,2.857142857143E-1,4.285714285714E-1,5.714285714286E-1,
7.142857142857E-1,8.571428571429E-1,1.E0),.UNSPECIFIED.);
#1753=B_SPLINE_CURVE_WITH_KNOTS('',3,(#1743,#1744,#1745,#1746,#1747,#1748,#1749,
#1750,#1751,#1752),.UNSPECIFIED.,.F.,.F.,(4,1,1,1,1,1,1,4),(0.E0,
1.428571428571E-1,2.857142857143E-1,4.285714285714E-1,5.714285714286E-1,
7.142857142857E-1,8.571428571429E-1,1.E0),.UNSPECIFIED.);
#1764=B_SPLINE_CURVE_WITH_KNOTS('',3,(#1754,#1755,#1756,#1757,#1758,#1759,#1760,
#1761,#1762,#1763),.UNSPECIFIED.,.F.,.F.,(4,1,1,1,1,1,1,4),(0.E0,
1.428571428571E-1,2.857142857143E-1,4.285714285714E-1,5.714285714286E-1,
7.142857142857E-1,8.571428571429E-1,1.E0),.UNSPECIFIED.);
#1775=B_SPLINE_CURVE_WITH_KNOTS('',3,(#1765,#1766,#1767,#1768,#1769,#1770,#1771,
#1772,#1773,#1774),.UNSPECIFIED.,.F.,.F.,(4,1,1,1,1,1,1,4),(0.E0,
1.428571428571E-1,2.857142857143E-1,4.285714285714E-1,5.714285714286E-1,
7.142857142857E-1,8.571428571429E-1,1.E0),.UNSPECIFIED.);
#1790=B_SPLINE_CURVE_WITH_KNOTS('',3,(#1780,#1781,#1782,#1783,#1784,#1785,#1786,
#1787,#1788,#1789),.UNSPECIFIED.,.F.,.F.,(4,1,1,1,1,1,1,4),(0.E0,
1.428571428571E-1,2.857142857143E-1,4.285714285714E-1,5.714285714286E-1,
7.142857142857E-1,8.571428571429E-1,1.E0),.UNSPECIFIED.);
#1801=B_SPLINE_CURVE_WITH_KNOTS('',3,(#1791,#1792,#1793,#1794,#1795,#1796,#1797,
#1798,#1799,#1800),.UNSPECIFIED.,.F.,.F.,(4,1,1,1,1,1,1,4),(0.E0,
1.428571428571E-1,2.857142857143E-1,4.285714285714E-1,5.714285714286E-1,
7.142857142857E-1,8.571428571429E-1,1.E0),.UNSPECIFIED.);
#1810=CIRCLE('',#1809,2.E0);
#1815=CIRCLE('',#1814,2.E0);
#1824=CIRCLE('',#1823,2.6E1);
#1833=CIRCLE('',#1832,2.58E1);
#1850=B_SPLINE_CURVE_WITH_KNOTS('',3,(#1834,#1835,#1836,#1837,#1838,#1839,#1840,
#1841,#1842,#1843,#1844,#1845,#1846,#1847,#1848,#1849),.UNSPECIFIED.,.F.,.F.,(4,
1,1,1,1,1,1,1,1,1,1,1,1,4),(0.E0,7.692307692308E-2,1.538461538462E-1,
2.307692307692E-1,3.076923076923E-1,3.846153846154E-1,4.615384615385E-1,
5.384615384615E-1,6.153846153846E-1,6.923076923077E-1,7.692307692308E-1,
8.461538461538E-1,9.230769230769E-1,1.E0),.UNSPECIFIED.);
#1871=B_SPLINE_CURVE_WITH_KNOTS('',3,(#1855,#1856,#1857,#1858,#1859,#1860,#1861,
#1862,#1863,#1864,#1865,#1866,#1867,#1868,#1869,#1870),.UNSPECIFIED.,.F.,.F.,(4,
1,1,1,1,1,1,1,1,1,1,1,1,4),(0.E0,7.692307692308E-2,1.538461538462E-1,
2.307692307692E-1,3.076923076923E-1,3.846153846154E-1,4.615384615385E-1,
5.384615384615E-1,6.153846153846E-1,6.923076923077E-1,7.692307692308E-1,
8.461538461538E-1,9.230769230769E-1,1.E0),.UNSPECIFIED.);
#1880=CIRCLE('',#1879,1.999999999810E0);
#1885=CIRCLE('',#1884,1.999999999707E0);
#1902=B_SPLINE_CURVE_WITH_KNOTS('',3,(#1886,#1887,#1888,#1889,#1890,#1891,#1892,
#1893,#1894,#1895,#1896,#1897,#1898,#1899,#1900,#1901),.UNSPECIFIED.,.F.,.F.,(4,
1,1,1,1,1,1,1,1,1,1,1,1,4),(0.E0,7.692307692308E-2,1.538461538462E-1,
2.307692307692E-1,3.076923076923E-1,3.846153846154E-1,4.615384615385E-1,
5.384615384615E-1,6.153846153846E-1,6.923076923077E-1,7.692307692308E-1,
8.461538461538E-1,9.230769230769E-1,1.E0),.UNSPECIFIED.);
#1923=B_SPLINE_CURVE_WITH_KNOTS('',3,(#1907,#1908,#1909,#1910,#1911,#1912,#1913,
#1914,#1915,#1916,#1917,#1918,#1919,#1920,#1921,#1922),.UNSPECIFIED.,.F.,.F.,(4,
1,1,1,1,1,1,1,1,1,1,1,1,4),(0.E0,7.692307692308E-2,1.538461538462E-1,
2.307692307692E-1,3.076923076923E-1,3.846153846154E-1,4.615384615385E-1,
5.384615384615E-1,6.153846153846E-1,6.923076923077E-1,7.692307692308E-1,
8.461538461538E-1,9.230769230769E-1,1.E0),.UNSPECIFIED.);
#1932=CIRCLE('',#1931,2.000000000506E0);
#1937=CIRCLE('',#1936,2.000000000609E0);
#1952=B_SPLINE_CURVE_WITH_KNOTS('',3,(#1942,#1943,#1944,#1945,#1946,#1947,#1948,
#1949,#1950,#1951),.UNSPECIFIED.,.F.,.F.,(4,1,1,1,1,1,1,4),(0.E0,
1.428571428571E-1,2.857142857143E-1,4.285714285714E-1,5.714285714286E-1,
7.142857142857E-1,8.571428571429E-1,1.E0),.UNSPECIFIED.);
#1963=B_SPLINE_CURVE_WITH_KNOTS('',3,(#1953,#1954,#1955,#1956,#1957,#1958,#1959,
#1960,#1961,#1962),.UNSPECIFIED.,.F.,.F.,(4,1,1,1,1,1,1,4),(0.E0,
1.428571428571E-1,2.857142857143E-1,4.285714285714E-1,5.714285714286E-1,
7.142857142857E-1,8.571428571429E-1,1.E0),.UNSPECIFIED.);
#1972=CIRCLE('',#1971,2.E0);
#1977=CIRCLE('',#1976,2.E0);
#1988=B_SPLINE_CURVE_WITH_KNOTS('',3,(#1978,#1979,#1980,#1981,#1982,#1983,#1984,
#1985,#1986,#1987),.UNSPECIFIED.,.F.,.F.,(4,1,1,1,1,1,1,4),(0.E0,
1.428571428571E-1,2.857142857143E-1,4.285714285714E-1,5.714285714286E-1,
7.142857142857E-1,8.571428571429E-1,1.E0),.UNSPECIFIED.);
#1999=B_SPLINE_CURVE_WITH_KNOTS('',3,(#1989,#1990,#1991,#1992,#1993,#1994,#1995,
#1996,#1997,#1998),.UNSPECIFIED.,.F.,.F.,(4,1,1,1,1,1,1,4),(0.E0,
1.428571428571E-1,2.857142857143E-1,4.285714285714E-1,5.714285714286E-1,
7.142857142857E-1,8.571428571429E-1,1.E0),.UNSPECIFIED.);
#2010=B_SPLINE_CURVE_WITH_KNOTS('',3,(#2000,#2001,#2002,#2003,#2004,#2005,#2006,
#2007,#2008,#2009),.UNSPECIFIED.,.F.,.F.,(4,1,1,1,1,1,1,4),(0.E0,
1.428571428571E-1,2.857142857143E-1,4.285714285714E-1,5.714285714286E-1,
7.142857142857E-1,8.571428571429E-1,1.E0),.UNSPECIFIED.);
#2021=B_SPLINE_CURVE_WITH_KNOTS('',3,(#2011,#2012,#2013,#2014,#2015,#2016,#2017,
#2018,#2019,#2020),.UNSPECIFIED.,.F.,.F.,(4,1,1,1,1,1,1,4),(0.E0,
1.428571428571E-1,2.857142857143E-1,4.285714285714E-1,5.714285714286E-1,
7.142857142857E-1,8.571428571429E-1,1.E0),.UNSPECIFIED.);
#2036=B_SPLINE_CURVE_WITH_KNOTS('',3,(#2026,#2027,#2028,#2029,#2030,#2031,#2032,
#2033,#2034,#2035),.UNSPECIFIED.,.F.,.F.,(4,1,1,1,1,1,1,4),(0.E0,
1.428571428571E-1,2.857142857143E-1,4.285714285714E-1,5.714285714286E-1,
7.142857142857E-1,8.571428571429E-1,1.E0),.UNSPECIFIED.);
#2047=B_SPLINE_CURVE_WITH_KNOTS('',3,(#2037,#2038,#2039,#2040,#2041,#2042,#2043,
#2044,#2045,#2046),.UNSPECIFIED.,.F.,.F.,(4,1,1,1,1,1,1,4),(0.E0,
1.428571428571E-1,2.857142857143E-1,4.285714285714E-1,5.714285714286E-1,
7.142857142857E-1,8.571428571429E-1,1.E0),.UNSPECIFIED.);
#2056=CIRCLE('',#2055,2.E0);
#2061=CIRCLE('',#2060,2.E0);
#2078=B_SPLINE_CURVE_WITH_KNOTS('',3,(#2062,#2063,#2064,#2065,#2066,#2067,#2068,
#2069,#2070,#2071,#2072,#2073,#2074,#2075,#2076,#2077),.UNSPECIFIED.,.F.,.F.,(4,
1,1,1,1,1,1,1,1,1,1,1,1,4),(0.E0,7.692307692308E-2,1.538461538462E-1,
2.307692307692E-1,3.076923076923E-1,3.846153846154E-1,4.615384615385E-1,
5.384615384615E-1,6.153846153846E-1,6.923076923077E-1,7.692307692308E-1,
8.461538461538E-1,9.230769230769E-1,1.E0),.UNSPECIFIED.);
#2099=B_SPLINE_CURVE_WITH_KNOTS('',3,(#2083,#2084,#2085,#2086,#2087,#2088,#2089,
#2090,#2091,#2092,#2093,#2094,#2095,#2096,#2097,#2098),.UNSPECIFIED.,.F.,.F.,(4,
1,1,1,1,1,1,1,1,1,1,1,1,4),(0.E0,7.692307692308E-2,1.538461538462E-1,
2.307692307692E-1,3.076923076923E-1,3.846153846154E-1,4.615384615385E-1,
5.384615384615E-1,6.153846153846E-1,6.923076923077E-1,7.692307692308E-1,
8.461538461538E-1,9.230769230769E-1,1.E0),.UNSPECIFIED.);
#2108=CIRCLE('',#2107,2.000000000506E0);
#2113=CIRCLE('',#2112,2.000000000609E0);
#2130=B_SPLINE_CURVE_WITH_KNOTS('',3,(#2114,#2115,#2116,#2117,#2118,#2119,#2120,
#2121,#2122,#2123,#2124,#2125,#2126,#2127,#2128,#2129),.UNSPECIFIED.,.F.,.F.,(4,
1,1,1,1,1,1,1,1,1,1,1,1,4),(0.E0,7.692307692308E-2,1.538461538462E-1,
2.307692307692E-1,3.076923076923E-1,3.846153846154E-1,4.615384615385E-1,
5.384615384615E-1,6.153846153846E-1,6.923076923077E-1,7.692307692308E-1,
8.461538461538E-1,9.230769230769E-1,1.E0),.UNSPECIFIED.);
#2151=B_SPLINE_CURVE_WITH_KNOTS('',3,(#2135,#2136,#2137,#2138,#2139,#2140,#2141,
#2142,#2143,#2144,#2145,#2146,#2147,#2148,#2149,#2150),.UNSPECIFIED.,.F.,.F.,(4,
1,1,1,1,1,1,1,1,1,1,1,1,4),(0.E0,7.692307692308E-2,1.538461538462E-1,
2.307692307692E-1,3.076923076923E-1,3.846153846154E-1,4.615384615385E-1,
5.384615384615E-1,6.153846153846E-1,6.923076923077E-1,7.692307692308E-1,
8.461538461538E-1,9.230769230769E-1,1.E0),.UNSPECIFIED.);
#2160=CIRCLE('',#2159,1.999999999810E0);
#2165=CIRCLE('',#2164,1.999999999707E0);
#2182=B_SPLINE_CURVE_WITH_KNOTS('',3,(#2166,#2167,#2168,#2169,#2170,#2171,#2172,
#2173,#2174,#2175,#2176,#2177,#2178,#2179,#2180,#2181),.UNSPECIFIED.,.F.,.F.,(4,
1,1,1,1,1,1,1,1,1,1,1,1,4),(0.E0,7.692307692308E-2,1.538461538462E-1,
2.307692307692E-1,3.076923076923E-1,3.846153846154E-1,4.615384615385E-1,
5.384615384615E-1,6.153846153846E-1,6.923076923077E-1,7.692307692308E-1,
8.461538461538E-1,9.230769230769E-1,1.E0),.UNSPECIFIED.);
#2203=B_SPLINE_CURVE_WITH_KNOTS('',3,(#2187,#2188,#2189,#2190,#2191,#2192,#2193,
#2194,#2195,#2196,#2197,#2198,#2199,#2200,#2201,#2202),.UNSPECIFIED.,.F.,.F.,(4,
1,1,1,1,1,1,1,1,1,1,1,1,4),(0.E0,7.692307692308E-2,1.538461538462E-1,
2.307692307692E-1,3.076923076923E-1,3.846153846154E-1,4.615384615385E-1,
5.384615384615E-1,6.153846153846E-1,6.923076923077E-1,7.692307692308E-1,
8.461538461538E-1,9.230769230769E-1,1.E0),.UNSPECIFIED.);
#2212=CIRCLE('',#2211,2.000000000506E0);
#2217=CIRCLE('',#2216,2.000000000609E0);
#2234=B_SPLINE_CURVE_WITH_KNOTS('',3,(#2218,#2219,#2220,#2221,#2222,#2223,#2224,
#2225,#2226,#2227,#2228,#2229,#2230,#2231,#2232,#2233),.UNSPECIFIED.,.F.,.F.,(4,
1,1,1,1,1,1,1,1,1,1,1,1,4),(0.E0,7.692307692308E-2,1.538461538462E-1,
2.307692307692E-1,3.076923076923E-1,3.846153846154E-1,4.615384615385E-1,
5.384615384615E-1,6.153846153846E-1,6.923076923077E-1,7.692307692308E-1,
8.461538461538E-1,9.230769230769E-1,1.E0),.UNSPECIFIED.);
#2255=B_SPLINE_CURVE_WITH_KNOTS('',3,(#2239,#2240,#2241,#2242,#2243,#2244,#2245,
#2246,#2247,#2248,#2249,#2250,#2251,#2252,#2253,#2254),.UNSPECIFIED.,.F.,.F.,(4,
1,1,1,1,1,1,1,1,1,1,1,1,4),(0.E0,7.692307692308E-2,1.538461538462E-1,
2.307692307692E-1,3.076923076923E-1,3.846153846154E-1,4.615384615385E-1,
5.384615384615E-1,6.153846153846E-1,6.923076923077E-1,7.692307692308E-1,
8.461538461538E-1,9.230769230769E-1,1.E0),.UNSPECIFIED.);
#2264=CIRCLE('',#2263,1.999999999810E0);
#2269=CIRCLE('',#2268,1.999999999707E0);
#2286=B_SPLINE_CURVE_WITH_KNOTS('',3,(#2270,#2271,#2272,#2273,#2274,#2275,#2276,
#2277,#2278,#2279,#2280,#2281,#2282,#2283,#2284,#2285),.UNSPECIFIED.,.F.,.F.,(4,
1,1,1,1,1,1,1,1,1,1,1,1,4),(0.E0,7.692307692308E-2,1.538461538462E-1,
2.307692307692E-1,3.076923076923E-1,3.846153846154E-1,4.615384615385E-1,
5.384615384615E-1,6.153846153846E-1,6.923076923077E-1,7.692307692308E-1,
8.461538461538E-1,9.230769230769E-1,1.E0),.UNSPECIFIED.);
#2307=B_SPLINE_CURVE_WITH_KNOTS('',3,(#2291,#2292,#2293,#2294,#2295,#2296,#2297,
#2298,#2299,#2300,#2301,#2302,#2303,#2304,#2305,#2306),.UNSPECIFIED.,.F.,.F.,(4,
1,1,1,1,1,1,1,1,1,1,1,1,4),(0.E0,7.692307692308E-2,1.538461538462E-1,
2.307692307692E-1,3.076923076923E-1,3.846153846154E-1,4.615384615385E-1,
5.384615384615E-1,6.153846153846E-1,6.923076923077E-1,7.692307692308E-1,
8.461538461538E-1,9.230769230769E-1,1.E0),.UNSPECIFIED.);
#2316=CIRCLE('',#2315,2.000000000506E0);
#2321=CIRCLE('',#2320,2.000000000609E0);
#2451=EDGE_CURVE('',#2324,#2325,#1512,.T.);
#2453=EDGE_CURVE('',#2324,#2328,#1538,.T.);
#2455=EDGE_CURVE('',#2326,#2328,#1533,.T.);
#2457=EDGE_CURVE('',#2326,#2325,#1508,.T.);
#2467=EDGE_CURVE('',#2328,#2324,#1543,.T.);
#2470=EDGE_CURVE('',#2325,#2326,#1529,.T.);
#2491=EDGE_CURVE('',#2429,#2427,#1548,.T.);
#2493=EDGE_CURVE('',#2427,#2445,#1691,.T.);
#2495=EDGE_CURVE('',#2330,#2445,#1790,.T.);
#2497=EDGE_CURVE('',#2329,#2330,#1764,.T.);
#2499=EDGE_CURVE('',#2329,#2421,#1687,.T.);
#2501=EDGE_CURVE('',#2421,#2419,#1660,.T.);
#2503=EDGE_CURVE('',#2419,#2350,#1683,.T.);
#2505=EDGE_CURVE('',#2352,#2350,#1753,.T.);
#2507=EDGE_CURVE('',#2444,#2352,#1717,.T.);
#2509=EDGE_CURVE('',#2444,#2429,#1679,.T.);
#2517=EDGE_CURVE('',#2361,#2360,#2286,.T.);
#2519=EDGE_CURVE('',#2360,#2361,#2307,.T.);
#2529=EDGE_CURVE('',#2424,#2425,#1553,.T.);
#2531=EDGE_CURVE('',#2425,#2427,#1828,.T.);
#2534=EDGE_CURVE('',#2429,#2424,#1819,.T.);
#2545=EDGE_CURVE('',#2424,#2431,#1571,.T.);
#2547=EDGE_CURVE('',#2433,#2431,#1558,.T.);
#2549=EDGE_CURVE('',#2433,#2425,#1562,.T.);
#2560=EDGE_CURVE('',#2431,#2433,#1567,.T.);
#2563=EDGE_CURVE('',#2424,#2425,#1833,.T.);
#2573=EDGE_CURVE('',#2442,#2409,#1575,.T.);
#2575=EDGE_CURVE('',#2400,#2442,#2036,.T.);
#2577=EDGE_CURVE('',#2399,#2400,#2010,.T.);
#2579=EDGE_CURVE('',#2431,#2399,#1579,.T.);
#2582=EDGE_CURVE('',#2378,#2433,#1583,.T.);
#2584=EDGE_CURVE('',#2380,#2378,#1999,.T.);
#2586=EDGE_CURVE('',#2443,#2380,#1963,.T.);
#2588=EDGE_CURVE('',#2408,#2443,#1587,.T.);
#2590=EDGE_CURVE('',#2408,#2409,#1607,.T.);
#2594=EDGE_CURVE('',#2389,#2388,#2182,.T.);
#2596=EDGE_CURVE('',#2388,#2389,#2203,.T.);
#2600=EDGE_CURVE('',#2396,#2395,#2234,.T.);
#2602=EDGE_CURVE('',#2395,#2396,#2255,.T.);
#2612=EDGE_CURVE('',#2408,#2409,#1592,.T.);
#2615=EDGE_CURVE('',#2379,#2443,#1952,.T.);
#2617=EDGE_CURVE('',#2378,#2379,#1988,.T.);
#2622=EDGE_CURVE('',#2401,#2399,#2021,.T.);
#2624=EDGE_CURVE('',#2442,#2401,#2047,.T.);
#2629=EDGE_CURVE('',#2368,#2367,#2078,.T.);
#2631=EDGE_CURVE('',#2367,#2368,#2099,.T.);
#2635=EDGE_CURVE('',#2375,#2374,#2130,.T.);
#2637=EDGE_CURVE('',#2374,#2375,#2151,.T.);
#2648=EDGE_CURVE('',#2409,#2411,#1602,.T.);
#2650=EDGE_CURVE('',#2411,#2413,#1612,.T.);
#2652=EDGE_CURVE('',#2413,#2408,#1597,.T.);
#2663=EDGE_CURVE('',#2413,#2411,#1617,.T.);
#2679=EDGE_CURVE('',#2439,#2437,#1622,.T.);
#2681=EDGE_CURVE('',#2437,#2439,#1627,.T.);
#2691=EDGE_CURVE('',#2436,#2437,#1631,.T.);
#2693=EDGE_CURVE('',#2441,#2436,#1655,.T.);
#2695=EDGE_CURVE('',#2439,#2441,#1635,.T.);
#2706=EDGE_CURVE('',#2436,#2441,#1650,.T.);
#2719=EDGE_CURVE('',#2416,#2417,#1640,.T.);
#2721=EDGE_CURVE('',#2417,#2416,#1645,.T.);
#2736=EDGE_CURVE('',#2416,#2419,#1675,.T.);
#2739=EDGE_CURVE('',#2421,#2417,#1665,.T.);
#2750=EDGE_CURVE('',#2419,#2421,#1670,.T.);
#2763=EDGE_CURVE('',#2351,#2444,#1706,.T.);
#2765=EDGE_CURVE('',#2350,#2351,#1742,.T.);
#2770=EDGE_CURVE('',#2331,#2329,#1775,.T.);
#2772=EDGE_CURVE('',#2445,#2331,#1801,.T.);
#2775=EDGE_CURVE('',#2427,#2429,#1824,.T.);
#2779=EDGE_CURVE('',#2347,#2346,#1850,.T.);
#2781=EDGE_CURVE('',#2346,#2347,#1871,.T.);
#2785=EDGE_CURVE('',#2340,#2339,#1902,.T.);
#2787=EDGE_CURVE('',#2339,#2340,#1923,.T.);
#2797=EDGE_CURVE('',#2354,#2356,#1731,.T.);
#2799=EDGE_CURVE('',#2356,#2351,#1695,.T.);
#2803=EDGE_CURVE('',#2352,#2354,#1721,.T.);
#2813=EDGE_CURVE('',#2356,#2354,#1726,.T.);
#2838=EDGE_CURVE('',#2335,#2330,#1779,.T.);
#2840=EDGE_CURVE('',#2335,#2333,#1810,.T.);
#2842=EDGE_CURVE('',#2331,#2333,#1805,.T.);
#2853=EDGE_CURVE('',#2333,#2335,#1815,.T.);
#2889=EDGE_CURVE('',#2345,#2346,#1854,.T.);
#2891=EDGE_CURVE('',#2345,#2349,#1880,.T.);
#2893=EDGE_CURVE('',#2347,#2349,#1875,.T.);
#2904=EDGE_CURVE('',#2349,#2345,#1885,.T.);
#2927=EDGE_CURVE('',#2338,#2339,#1906,.T.);
#2929=EDGE_CURVE('',#2338,#2342,#1932,.T.);
#2931=EDGE_CURVE('',#2340,#2342,#1927,.T.);
#2942=EDGE_CURVE('',#2342,#2338,#1937,.T.);
#2965=EDGE_CURVE('',#2382,#2384,#1977,.T.);
#2967=EDGE_CURVE('',#2384,#2379,#1941,.T.);
#2971=EDGE_CURVE('',#2380,#2382,#1967,.T.);
#2981=EDGE_CURVE('',#2384,#2382,#1972,.T.);
#3006=EDGE_CURVE('',#2405,#2400,#2025,.T.);
#3008=EDGE_CURVE('',#2405,#2403,#2056,.T.);
#3010=EDGE_CURVE('',#2401,#2403,#2051,.T.);
#3021=EDGE_CURVE('',#2403,#2405,#2061,.T.);
#3045=EDGE_CURVE('',#2366,#2367,#2082,.T.);
#3047=EDGE_CURVE('',#2366,#2370,#2108,.T.);
#3049=EDGE_CURVE('',#2368,#2370,#2103,.T.);
#3060=EDGE_CURVE('',#2370,#2366,#2113,.T.);
#3083=EDGE_CURVE('',#2373,#2374,#2134,.T.);
#3085=EDGE_CURVE('',#2373,#2377,#2160,.T.);
#3087=EDGE_CURVE('',#2375,#2377,#2155,.T.);
#3098=EDGE_CURVE('',#2377,#2373,#2165,.T.);
#3121=EDGE_CURVE('',#2387,#2388,#2186,.T.);
#3123=EDGE_CURVE('',#2387,#2391,#2212,.T.);
#3125=EDGE_CURVE('',#2389,#2391,#2207,.T.);
#3136=EDGE_CURVE('',#2391,#2387,#2217,.T.);
#3159=EDGE_CURVE('',#2394,#2395,#2238,.T.);
#3161=EDGE_CURVE('',#2394,#2398,#2264,.T.);
#3163=EDGE_CURVE('',#2396,#2398,#2259,.T.);
#3174=EDGE_CURVE('',#2398,#2394,#2269,.T.);
#3197=EDGE_CURVE('',#2359,#2360,#2290,.T.);
#3199=EDGE_CURVE('',#2359,#2363,#2316,.T.);
#3201=EDGE_CURVE('',#2361,#2363,#2311,.T.);
#3212=EDGE_CURVE('',#2363,#2359,#2321,.T.);
#3230=CLOSED_SHELL('',(#2461,#2475,#2485,#2523,#2538,#2553,#2567,#2606,#2641,
#2656,#2669,#2685,#2700,#2713,#2729,#2743,#2756,#2791,#2807,#2818,#2831,#2847,
#2861,#2871,#2883,#2898,#2911,#2921,#2936,#2949,#2959,#2975,#2986,#2999,#3015,
#3029,#3039,#3054,#3067,#3077,#3092,#3105,#3115,#3130,#3143,#3153,#3168,#3181,
#3191,#3206,#3219,#3229));
#3231=MANIFOLD_SOLID_BREP('',#3230);
#3232=(LENGTH_UNIT()NAMED_UNIT(*)SI_UNIT(.MILLI.,.METRE.));
#3234=(NAMED_UNIT(*)PLANE_ANGLE_UNIT()SI_UNIT($,.RADIAN.));
#3237=(NAMED_UNIT(*)SI_UNIT($,.STERADIAN.)SOLID_ANGLE_UNIT());
#3243=AXIS2_PLACEMENT_3D('',#3240,#3241,#3242);
#3244=ADVANCED_BREP_SHAPE_REPRESENTATION('',(#3243,#3231),#3239);
#3249=PRODUCT_DEFINITION('design','',#3248,#3245);
#3250=PRODUCT_DEFINITION_SHAPE('','SHAPE FOR RETAINER_RINGS.',#3249);
#3251=SHAPE_DEFINITION_REPRESENTATION(#3250,#3244);
#3252=NEXT_ASSEMBLY_USAGE_OCCURRENCE('5','Next assembly relationship',
'RETAINER_RINGS',#4409,#3249,$);
#3253=PRODUCT_DEFINITION_SHAPE('Placement #5',
'Placement of RETAINER_RINGS with respect to SHOCK_ABSORBER_ASM',#3252);
#3262=AXIS2_PLACEMENT_3D('',#3259,#3260,#3261);
#3269=CIRCLE('',#3268,6.5E0);
#3274=CIRCLE('',#3273,6.5E0);
#3287=CIRCLE('',#3286,6.5E0);
#3292=CIRCLE('',#3291,6.5E0);
#3306=EDGE_CURVE('',#3295,#3296,#3269,.T.);
#3308=EDGE_CURVE('',#3296,#3295,#3274,.T.);
#3319=EDGE_CURVE('',#3295,#3299,#3278,.T.);
#3321=EDGE_CURVE('',#3299,#3300,#3287,.T.);
#3323=EDGE_CURVE('',#3296,#3300,#3282,.T.);
#3335=EDGE_CURVE('',#3300,#3299,#3292,.T.);
#3351=CLOSED_SHELL('',(#3312,#3327,#3340,#3350));
#3366=B_SPLINE_CURVE_WITH_KNOTS('',3,(#3353,#3354,#3355,#3356,#3357,#3358,#3359,
#3360,#3361,#3362,#3363,#3364,#3365),.UNSPECIFIED.,.F.,.F.,(4,1,1,1,1,1,1,1,1,1,
4),(0.E0,1.E-1,2.E-1,3.E-1,4.E-1,5.E-1,6.E-1,7.E-1,8.E-1,9.E-1,1.E0),
.UNSPECIFIED.);
#3380=B_SPLINE_CURVE_WITH_KNOTS('',3,(#3367,#3368,#3369,#3370,#3371,#3372,#3373,
#3374,#3375,#3376,#3377,#3378,#3379),.UNSPECIFIED.,.F.,.F.,(4,1,1,1,1,1,1,1,1,1,
4),(0.E0,1.E-1,2.E-1,3.E-1,4.E-1,5.E-1,6.E-1,7.E-1,8.E-1,9.E-1,1.E0),
.UNSPECIFIED.);
#3394=B_SPLINE_CURVE_WITH_KNOTS('',3,(#3381,#3382,#3383,#3384,#3385,#3386,#3387,
#3388,#3389,#3390,#3391,#3392,#3393),.UNSPECIFIED.,.F.,.F.,(4,1,1,1,1,1,1,1,1,1,
4),(0.E0,1.E-1,2.E-1,3.E-1,4.E-1,5.E-1,6.E-1,7.E-1,8.E-1,9.E-1,1.E0),
.UNSPECIFIED.);
#3408=B_SPLINE_CURVE_WITH_KNOTS('',3,(#3395,#3396,#3397,#3398,#3399,#3400,#3401,
#3402,#3403,#3404,#3405,#3406,#3407),.UNSPECIFIED.,.F.,.F.,(4,1,1,1,1,1,1,1,1,1,
4),(0.E0,1.E-1,2.E-1,3.E-1,4.E-1,5.E-1,6.E-1,7.E-1,8.E-1,9.E-1,1.E0),
.UNSPECIFIED.);
#3413=CIRCLE('',#3412,6.5E0);
#3418=CIRCLE('',#3417,6.5E0);
#3423=CIRCLE('',#3422,6.5E0);
#3440=EDGE_CURVE('',#3432,#3433,#3366,.T.);
#3442=EDGE_CURVE('',#3433,#3432,#3380,.T.);
#3452=EDGE_CURVE('',#3431,#3434,#3394,.T.);
#3454=EDGE_CURVE('',#3434,#3429,#3408,.T.);
#3456=EDGE_CURVE('',#3429,#3427,#3413,.T.);
#3458=EDGE_CURVE('',#3427,#3426,#3418,.T.);
#3460=EDGE_CURVE('',#3426,#3431,#3423,.T.);
#3465=OPEN_SHELL('',(#3446,#3464));
#3471=CIRCLE('',#3470,1.775E1);
#3476=CIRCLE('',#3475,1.775E1);
#3481=CIRCLE('',#3480,5.5E0);
#3486=CIRCLE('',#3485,5.5E0);
#3499=CIRCLE('',#3498,2.575E1);
#3504=CIRCLE('',#3503,2.575E1);
#3509=CIRCLE('',#3508,1.775E1);
#3514=CIRCLE('',#3513,1.775E1);
#3527=CIRCLE('',#3526,1.7E1);
#3532=CIRCLE('',#3531,2.575E1);
#3543=B_SPLINE_CURVE_WITH_KNOTS('',3,(#3533,#3534,#3535,#3536,#3537,#3538,#3539,
#3540,#3541,#3542),.UNSPECIFIED.,.F.,.F.,(4,1,1,1,1,1,1,4),(0.E0,
1.428571428571E-1,2.857142857143E-1,4.285714285714E-1,5.714285714286E-1,
7.142857142857E-1,8.571428571429E-1,1.E0),.UNSPECIFIED.);
#3548=CIRCLE('',#3547,1.7E1);
#3553=CIRCLE('',#3552,1.7E1);
#3564=B_SPLINE_CURVE_WITH_KNOTS('',3,(#3554,#3555,#3556,#3557,#3558,#3559,#3560,
#3561,#3562,#3563),.UNSPECIFIED.,.F.,.F.,(4,1,1,1,1,1,1,4),(0.E0,
1.428571428571E-1,2.857142857143E-1,4.285714285714E-1,5.714285714286E-1,
7.142857142857E-1,8.571428571429E-1,1.E0),.UNSPECIFIED.);
#3571=B_SPLINE_CURVE_WITH_KNOTS('',3,(#3565,#3566,#3567,#3568,#3569,#3570),
.UNSPECIFIED.,.F.,.F.,(4,1,1,4),(0.E0,3.333333333333E-1,6.666666666667E-1,1.E0),
.UNSPECIFIED.);
#3587=B_SPLINE_CURVE_WITH_KNOTS('',3,(#3572,#3573,#3574,#3575,#3576,#3577,#3578,
#3579,#3580,#3581,#3582,#3583,#3584,#3585,#3586),.UNSPECIFIED.,.F.,.F.,(4,1,1,1,
1,1,1,1,1,1,1,1,4),(0.E0,8.333333333333E-2,1.666666666667E-1,2.5E-1,
3.333333333333E-1,4.166666666667E-1,5.E-1,5.833333333333E-1,6.666666666667E-1,
7.5E-1,8.333333333333E-1,9.166666666667E-1,1.E0),.UNSPECIFIED.);
#3603=B_SPLINE_CURVE_WITH_KNOTS('',3,(#3588,#3589,#3590,#3591,#3592,#3593,#3594,
#3595,#3596,#3597,#3598,#3599,#3600,#3601,#3602),.UNSPECIFIED.,.F.,.F.,(4,1,1,1,
1,1,1,1,1,1,1,1,4),(0.E0,8.333333333333E-2,1.666666666667E-1,2.5E-1,
3.333333333333E-1,4.166666666667E-1,5.E-1,5.833333333333E-1,6.666666666667E-1,
7.5E-1,8.333333333333E-1,9.166666666667E-1,1.E0),.UNSPECIFIED.);
#3618=B_SPLINE_CURVE_WITH_KNOTS('',3,(#3612,#3613,#3614,#3615,#3616,#3617),
.UNSPECIFIED.,.F.,.F.,(4,1,1,4),(0.E0,3.333333333333E-1,6.666666666667E-1,1.E0),
.UNSPECIFIED.);
#3629=B_SPLINE_CURVE_WITH_KNOTS('',3,(#3619,#3620,#3621,#3622,#3623,#3624,#3625,
#3626,#3627,#3628),.UNSPECIFIED.,.F.,.F.,(4,1,1,1,1,1,1,4),(0.E0,
1.428571428571E-1,2.857142857143E-1,4.285714285714E-1,5.714285714286E-1,
7.142857142857E-1,8.571428571429E-1,1.E0),.UNSPECIFIED.);
#3634=CIRCLE('',#3633,1.7E1);
#3639=CIRCLE('',#3638,1.2E1);
#3644=CIRCLE('',#3643,1.162444383883E1);
#3649=CIRCLE('',#3648,1.124099639712E1);
#3654=CIRCLE('',#3653,1.162444383883E1);
#3659=CIRCLE('',#3658,1.2E1);
#3664=CIRCLE('',#3663,1.162444383883E1);
#3669=CIRCLE('',#3668,1.124099639712E1);
#3674=CIRCLE('',#3673,1.162444383883E1);
#3683=CIRCLE('',#3682,1.7E1);
#3694=B_SPLINE_CURVE_WITH_KNOTS('',3,(#3684,#3685,#3686,#3687,#3688,#3689,#3690,
#3691,#3692,#3693),.UNSPECIFIED.,.F.,.F.,(4,1,1,1,1,1,1,4),(0.E0,
1.428571428571E-1,2.857142857143E-1,4.285714285714E-1,5.714285714286E-1,
7.142857142857E-1,8.571428571429E-1,1.E0),.UNSPECIFIED.);
#3709=B_SPLINE_CURVE_WITH_KNOTS('',3,(#3703,#3704,#3705,#3706,#3707,#3708),
.UNSPECIFIED.,.F.,.F.,(4,1,1,4),(0.E0,3.333333333333E-1,6.666666666667E-1,1.E0),
.UNSPECIFIED.);
#3716=B_SPLINE_CURVE_WITH_KNOTS('',3,(#3710,#3711,#3712,#3713,#3714,#3715),
.UNSPECIFIED.,.F.,.F.,(4,1,1,4),(0.E0,3.333333333333E-1,6.666666666667E-1,1.E0),
.UNSPECIFIED.);
#3732=B_SPLINE_CURVE_WITH_KNOTS('',3,(#3717,#3718,#3719,#3720,#3721,#3722,#3723,
#3724,#3725,#3726,#3727,#3728,#3729,#3730,#3731),.UNSPECIFIED.,.F.,.F.,(4,1,1,1,
1,1,1,1,1,1,1,1,4),(0.E0,8.333333333333E-2,1.666666666667E-1,2.5E-1,
3.333333333333E-1,4.166666666667E-1,5.E-1,5.833333333333E-1,6.666666666667E-1,
7.5E-1,8.333333333333E-1,9.166666666667E-1,1.E0),.UNSPECIFIED.);
#3748=B_SPLINE_CURVE_WITH_KNOTS('',3,(#3733,#3734,#3735,#3736,#3737,#3738,#3739,
#3740,#3741,#3742,#3743,#3744,#3745,#3746,#3747),.UNSPECIFIED.,.F.,.F.,(4,1,1,1,
1,1,1,1,1,1,1,1,4),(0.E0,8.333333333333E-2,1.666666666667E-1,2.5E-1,
3.333333333333E-1,4.166666666667E-1,5.E-1,5.833333333333E-1,6.666666666667E-1,
7.5E-1,8.333333333333E-1,9.166666666667E-1,1.E0),.UNSPECIFIED.);
#3753=CIRCLE('',#3752,1.7E1);
#3770=CIRCLE('',#3769,2.575E1);
#3779=CIRCLE('',#3778,1.7E1);
#3784=CIRCLE('',#3783,1.7E1);
#3797=CIRCLE('',#3796,5.5E0);
#3802=CIRCLE('',#3801,5.5E0);
#3869=EDGE_CURVE('',#3858,#3859,#3486,.T.);
#3871=EDGE_CURVE('',#3858,#3861,#3792,.T.);
#3873=EDGE_CURVE('',#3863,#3861,#3802,.T.);
#3875=EDGE_CURVE('',#3863,#3859,#3788,.T.);
#3885=EDGE_CURVE('',#3812,#3814,#3471,.T.);
#3887=EDGE_CURVE('',#3814,#3812,#3476,.T.);
#3891=EDGE_CURVE('',#3859,#3858,#3481,.T.);
#3902=EDGE_CURVE('',#3814,#3810,#3490,.T.);
#3905=EDGE_CURVE('',#3809,#3812,#3494,.T.);
#3907=EDGE_CURVE('',#3810,#3809,#3509,.T.);
#3917=EDGE_CURVE('',#3809,#3810,#3514,.T.);
#3930=EDGE_CURVE('',#3820,#3822,#3499,.T.);
#3932=EDGE_CURVE('',#3822,#3820,#3504,.T.);
#3946=EDGE_CURVE('',#3822,#3817,#3518,.T.);
#3949=EDGE_CURVE('',#3818,#3820,#3522,.T.);
#3951=EDGE_CURVE('',#3818,#3817,#3770,.T.);
#3961=EDGE_CURVE('',#3817,#3818,#3532,.T.);
#3974=EDGE_CURVE('',#3825,#3826,#3527,.T.);
#3976=EDGE_CURVE('',#3825,#3818,#3774,.T.);
#3979=EDGE_CURVE('',#3817,#3826,#3765,.T.);
#3989=EDGE_CURVE('',#3829,#3830,#3548,.T.);
#3991=EDGE_CURVE('',#3832,#3830,#3753,.T.);
#3993=EDGE_CURVE('',#3832,#3834,#3683,.T.);
#3995=EDGE_CURVE('',#3834,#3825,#3761,.T.);
#3998=EDGE_CURVE('',#3826,#3829,#3757,.T.);
#4008=EDGE_CURVE('',#3852,#3853,#3571,.T.);
#4010=EDGE_CURVE('',#3852,#3848,#3644,.T.);
#4012=EDGE_CURVE('',#3848,#3846,#3674,.T.);
#4014=EDGE_CURVE('',#3849,#3846,#3709,.T.);
#4016=EDGE_CURVE('',#3830,#3849,#3543,.T.);
#4019=EDGE_CURVE('',#3855,#3829,#3553,.T.);
#4021=EDGE_CURVE('',#3853,#3855,#3564,.T.);
#4032=EDGE_CURVE('',#3839,#3853,#3607,.T.);
#4034=EDGE_CURVE('',#3839,#3838,#3618,.T.);
#4036=EDGE_CURVE('',#3838,#3852,#3649,.T.);
#4040=EDGE_CURVE('',#3805,#3806,#3587,.T.);
#4042=EDGE_CURVE('',#3806,#3805,#3603,.T.);
#4052=EDGE_CURVE('',#3840,#3839,#3629,.T.);
#4056=EDGE_CURVE('',#3855,#3840,#3611,.T.);
#4066=EDGE_CURVE('',#3837,#3838,#3654,.T.);
#4070=EDGE_CURVE('',#3834,#3840,#3634,.T.);
#4072=EDGE_CURVE('',#3834,#3837,#3678,.T.);
#4082=EDGE_CURVE('',#3848,#3842,#3639,.T.);
#4087=EDGE_CURVE('',#3842,#3837,#3659,.T.);
#4098=EDGE_CURVE('',#3844,#3837,#3664,.T.);
#4100=EDGE_CURVE('',#3846,#3844,#3669,.T.);
#4114=EDGE_CURVE('',#3851,#3832,#3694,.T.);
#4116=EDGE_CURVE('',#3844,#3851,#3716,.T.);
#4128=EDGE_CURVE('',#3849,#3851,#3698,.T.);
#4131=EDGE_CURVE('',#3832,#3830,#3702,.T.);
#4147=EDGE_CURVE('',#3803,#3804,#3732,.T.);
#4149=EDGE_CURVE('',#3804,#3803,#3748,.T.);
#4170=EDGE_CURVE('',#3826,#3825,#3779,.T.);
#4174=EDGE_CURVE('',#3855,#3840,#3784,.T.);
#4208=EDGE_CURVE('',#3861,#3863,#3797,.T.);
#4225=OPEN_SHELL('',(#3879,#3896,#3911,#3924,#3940,#3955,#3968,#3983,#4002,
#4025,#4046,#4060,#4076,#4091,#4106,#4121,#4135,#4153,#4163,#4179,#4191,#4201,
#4214,#4224));
#4240=B_SPLINE_CURVE_WITH_KNOTS('',3,(#4227,#4228,#4229,#4230,#4231,#4232,#4233,
#4234,#4235,#4236,#4237,#4238,#4239),.UNSPECIFIED.,.F.,.F.,(4,1,1,1,1,1,1,1,1,1,
4),(0.E0,1.E-1,2.E-1,3.E-1,4.E-1,5.E-1,6.E-1,7.E-1,8.E-1,9.E-1,1.E0),
.UNSPECIFIED.);
#4254=B_SPLINE_CURVE_WITH_KNOTS('',3,(#4241,#4242,#4243,#4244,#4245,#4246,#4247,
#4248,#4249,#4250,#4251,#4252,#4253),.UNSPECIFIED.,.F.,.F.,(4,1,1,1,1,1,1,1,1,1,
4),(0.E0,1.E-1,2.E-1,3.E-1,4.E-1,5.E-1,6.E-1,7.E-1,8.E-1,9.E-1,1.E0),
.UNSPECIFIED.);
#4268=B_SPLINE_CURVE_WITH_KNOTS('',3,(#4255,#4256,#4257,#4258,#4259,#4260,#4261,
#4262,#4263,#4264,#4265,#4266,#4267),.UNSPECIFIED.,.F.,.F.,(4,1,1,1,1,1,1,1,1,1,
4),(0.E0,1.E-1,2.E-1,3.E-1,4.E-1,5.E-1,6.E-1,7.E-1,8.E-1,9.E-1,1.E0),
.UNSPECIFIED.);
#4282=B_SPLINE_CURVE_WITH_KNOTS('',3,(#4269,#4270,#4271,#4272,#4273,#4274,#4275,
#4276,#4277,#4278,#4279,#4280,#4281),.UNSPECIFIED.,.F.,.F.,(4,1,1,1,1,1,1,1,1,1,
4),(0.E0,1.E-1,2.E-1,3.E-1,4.E-1,5.E-1,6.E-1,7.E-1,8.E-1,9.E-1,1.E0),
.UNSPECIFIED.);
#4287=CIRCLE('',#4286,6.5E0);
#4292=CIRCLE('',#4291,6.5E0);
#4297=CIRCLE('',#4296,6.5E0);
#4313=EDGE_CURVE('',#4307,#4301,#4287,.T.);
#4315=EDGE_CURVE('',#4301,#4300,#4292,.T.);
#4317=EDGE_CURVE('',#4300,#4307,#4297,.T.);
#4327=EDGE_CURVE('',#4305,#4304,#4240,.T.);
#4329=EDGE_CURVE('',#4304,#4305,#4254,.T.);
#4339=EDGE_CURVE('',#4302,#4303,#4268,.T.);
#4341=EDGE_CURVE('',#4303,#4302,#4282,.T.);
#4346=OPEN_SHELL('',(#4321,#4333,#4345));
#4347=MANIFOLD_SOLID_BREP('',#3351);
#4348=SHELL_BASED_SURFACE_MODEL('',(#3465,#4225,#4346));
#4349=(LENGTH_UNIT()NAMED_UNIT(*)SI_UNIT(.MILLI.,.METRE.));
#4351=(NAMED_UNIT(*)PLANE_ANGLE_UNIT()SI_UNIT($,.RADIAN.));
#4354=(NAMED_UNIT(*)SI_UNIT($,.STERADIAN.)SOLID_ANGLE_UNIT());
#4360=AXIS2_PLACEMENT_3D('',#4357,#4358,#4359);
#4361=ADVANCED_BREP_SHAPE_REPRESENTATION('',(#4360,#4347),#4356);
#4365=AXIS2_PLACEMENT_3D('',#4362,#4363,#4364);
#4366=MANIFOLD_SURFACE_SHAPE_REPRESENTATION('',(#4365,#4348),#4356);
#4370=AXIS2_PLACEMENT_3D('',#4367,#4368,#4369);
#4371=SHAPE_REPRESENTATION('',(#4370),#4356);
#4377=PRODUCT_DEFINITION('design','',#4376,#3245);
#4378=PRODUCT_DEFINITION_SHAPE('','SHAPE FOR DAMPER_SHAFT.',#4377);
#4379=SHAPE_DEFINITION_REPRESENTATION(#4378,#4371);
#4380=NEXT_ASSEMBLY_USAGE_OCCURRENCE('6','Next assembly relationship',
'DAMPER_SHAFT',#4409,#4377,$);
#4381=PRODUCT_DEFINITION_SHAPE('Placement #6',
'Placement of DAMPER_SHAFT with respect to SHOCK_ABSORBER_ASM',#4380);
#4390=AXIS2_PLACEMENT_3D('',#4387,#4388,#4389);
#4393=(LENGTH_UNIT()NAMED_UNIT(*)SI_UNIT(.MILLI.,.METRE.));
#4395=(NAMED_UNIT(*)PLANE_ANGLE_UNIT()SI_UNIT($,.RADIAN.));
#4398=(NAMED_UNIT(*)SI_UNIT($,.STERADIAN.)SOLID_ANGLE_UNIT());
#4404=AXIS2_PLACEMENT_3D('',#4401,#4402,#4403);
#4409=PRODUCT_DEFINITION('design','',#4408,#4405);
#4410=NEXT_ASSEMBLY_USAGE_OCCURRENCE('7','Next assembly relationship',
'SHOCK_ABSORBER',#4452,#4409,$);
#4411=PRODUCT_DEFINITION_SHAPE('Placement #7',
'Placement of SHOCK_ABSORBER_ASM with respect to ASMDAMPER_ASM',#4410);
#4419=NEXT_ASSEMBLY_USAGE_OCCURRENCE('8','Next assembly relationship',
'SHOCK_ABSORBER',#4452,#4409,$);
#4420=PRODUCT_DEFINITION_SHAPE('Placement #8',
'Placement of SHOCK_ABSORBER_ASM with respect to ASMDAMPER_ASM',#4419);
#4428=NEXT_ASSEMBLY_USAGE_OCCURRENCE('9','Next assembly relationship','LINK01',
#4452,#182,$);
#4429=PRODUCT_DEFINITION_SHAPE('Placement #9',
'Placement of LINK01 with respect to ASMDAMPER_ASM',#4428);
#4437=(LENGTH_UNIT()NAMED_UNIT(*)SI_UNIT(.MILLI.,.METRE.));
#4439=(NAMED_UNIT(*)PLANE_ANGLE_UNIT()SI_UNIT($,.RADIAN.));
#4442=(NAMED_UNIT(*)SI_UNIT($,.STERADIAN.)SOLID_ANGLE_UNIT());
#4448=AXIS2_PLACEMENT_3D('',#4445,#4446,#4447);
#4452=PRODUCT_DEFINITION('design','',#4451,#4405);
ENDSEC;
END-ISO-10303-21;
