ISO-10303-21;
HEADER;
FILE_DESCRIPTION((''),'2;1');
FILE_NAME('SHOCK_ABSORBER_ASM','2025-03-26T10:17:48',('luong'),(''),
'CREO PARAMETRIC BY PTC INC, 2020053','CREO PARAMETRIC BY PTC INC, 2020053','');
FILE_SCHEMA(('CONFIG_CONTROL_DESIGN'));
ENDSEC;
DATA;
#2=DIRECTION('',(0.E0,1.E0,2.248887742695E-11));
#3=VECTOR('',#2,1.2E2);
#4=CARTESIAN_POINT('',(-1.504090180785E-9,4.6E1,-5.499999999091E0));
#5=LINE('',#4,#3);
#6=DIRECTION('',(0.E0,-1.E0,2.248888482844E-11));
#7=VECTOR('',#6,1.2E2);
#8=CARTESIAN_POINT('',(0.E0,1.66E2,5.499999996392E0));
#9=LINE('',#8,#7);
#10=CARTESIAN_POINT('',(0.E0,1.66E2,0.E0));
#11=DIRECTION('',(0.E0,1.E0,0.E0));
#12=DIRECTION('',(0.E0,0.E0,1.E0));
#13=AXIS2_PLACEMENT_3D('',#10,#11,#12);
#15=CARTESIAN_POINT('',(0.E0,1.66E2,0.E0));
#16=DIRECTION('',(0.E0,1.E0,0.E0));
#17=DIRECTION('',(0.E0,0.E0,-1.E0));
#18=AXIS2_PLACEMENT_3D('',#15,#16,#17);
#20=CARTESIAN_POINT('',(0.E0,1.66E2,0.E0));
#21=DIRECTION('',(0.E0,-1.E0,0.E0));
#22=DIRECTION('',(0.E0,0.E0,-1.E0));
#23=AXIS2_PLACEMENT_3D('',#20,#21,#22);
#25=CARTESIAN_POINT('',(0.E0,1.66E2,0.E0));
#26=DIRECTION('',(0.E0,-1.E0,0.E0));
#27=DIRECTION('',(0.E0,0.E0,1.E0));
#28=AXIS2_PLACEMENT_3D('',#25,#26,#27);
#30=CARTESIAN_POINT('',(0.E0,4.E1,0.E0));
#31=DIRECTION('',(0.E0,1.E0,0.E0));
#32=DIRECTION('',(0.E0,0.E0,1.E0));
#33=AXIS2_PLACEMENT_3D('',#30,#31,#32);
#35=CARTESIAN_POINT('',(0.E0,4.E1,0.E0));
#36=DIRECTION('',(0.E0,1.E0,0.E0));
#37=DIRECTION('',(0.E0,0.E0,-1.E0));
#38=AXIS2_PLACEMENT_3D('',#35,#36,#37);
#40=CARTESIAN_POINT('',(0.E0,4.E1,0.E0));
#41=DIRECTION('',(0.E0,-1.E0,0.E0));
#42=DIRECTION('',(0.E0,0.E0,-1.E0));
#43=AXIS2_PLACEMENT_3D('',#40,#41,#42);
#45=CARTESIAN_POINT('',(0.E0,4.E1,0.E0));
#46=DIRECTION('',(0.E0,-1.E0,0.E0));
#47=DIRECTION('',(0.E0,0.E0,1.E0));
#48=AXIS2_PLACEMENT_3D('',#45,#46,#47);
#50=CARTESIAN_POINT('',(0.E0,1.8E1,0.E0));
#51=DIRECTION('',(0.E0,-1.E0,0.E0));
#52=DIRECTION('',(-4.102064129415E-10,0.E0,-1.E0));
#53=AXIS2_PLACEMENT_3D('',#50,#51,#52);
#55=CARTESIAN_POINT('',(1.612900058935E1,1.600000000004E1,9.749999999364E0));
#56=CARTESIAN_POINT('',(1.635784447797E1,1.600000000011E1,9.371433515638E0));
#57=CARTESIAN_POINT('',(1.673521443373E1,1.591265780263E1,8.622618562678E0));
#58=CARTESIAN_POINT('',(1.707214768915E1,1.555691166223E1,7.602867901343E0));
#59=CARTESIAN_POINT('',(1.722295541934E1,1.500580597625E1,6.695291654182E0));
#60=CARTESIAN_POINT('',(1.721058932645E1,1.426405464383E1,5.910071019446E0));
#61=CARTESIAN_POINT('',(1.704669219515E1,1.333530758853E1,5.278981168845E0));
#62=CARTESIAN_POINT('',(1.673693547818E1,1.222665547949E1,4.853008406673E0));
#63=CARTESIAN_POINT('',(1.644850744117E1,1.141504272519E1,4.749999997842E0));
#64=CARTESIAN_POINT('',(1.628571997866E1,1.099999999642E1,4.749999997842E0));
#66=CARTESIAN_POINT('',(1.017629356887E1,-4.228539859523E0,-4.749999995608E0));
#67=CARTESIAN_POINT('',(1.065338044717E1,-3.080395028541E0,-4.749999995608E0));
#68=CARTESIAN_POINT('',(1.161723839600E1,-7.316201345832E-1,-4.750000002037E0));
#69=CARTESIAN_POINT('',(1.305006591356E1,2.820612431699E0,-4.749999999460E0));
#70=CARTESIAN_POINT('',(1.462417519180E1,6.775362050417E0,-4.750000000125E0));
#71=CARTESIAN_POINT('',(1.572110798795E1,9.560465905975E0,-4.750000000069E0));
#72=CARTESIAN_POINT('',(1.628571997955E1,1.099999999574E1,-4.750000000069E0));
#74=CARTESIAN_POINT('',(1.628571997955E1,1.099999999574E1,-4.750000000069E0));
#75=CARTESIAN_POINT('',(1.645003387016E1,1.141893450367E1,-4.749999999897E0));
#76=CARTESIAN_POINT('',(1.674157829293E1,1.223994334242E1,-4.854975702127E0));
#77=CARTESIAN_POINT('',(1.705457522856E1,1.336583540686E1,-5.292863937346E0));
#78=CARTESIAN_POINT('',(1.721634529914E1,1.431035970736E1,-5.947774255744E0));
#79=CARTESIAN_POINT('',(1.721846164388E1,1.505047651601E1,-6.753893612546E0));
#80=CARTESIAN_POINT('',(1.705485165812E1,1.558475477544E1,-7.666743606426E0));
#81=CARTESIAN_POINT('',(1.671915684124E1,1.591743714068E1,-8.656112066223E0));
#82=CARTESIAN_POINT('',(1.635069176231E1,1.599999999996E1,-9.383265943898E0));
#83=CARTESIAN_POINT('',(1.612900058955E1,1.600000000004E1,-9.750000000886E0));
#85=CARTESIAN_POINT('',(0.E0,1.600000000011E1,0.E0));
#86=DIRECTION('',(0.E0,1.E0,0.E0));
#87=DIRECTION('',(0.E0,0.E0,-1.E0));
#88=AXIS2_PLACEMENT_3D('',#85,#86,#87);
#90=CARTESIAN_POINT('',(0.E0,1.600000000011E1,0.E0));
#91=DIRECTION('',(0.E0,1.E0,0.E0));
#92=DIRECTION('',(8.557888071629E-1,0.E0,-5.173253497893E-1));
#93=AXIS2_PLACEMENT_3D('',#90,#91,#92);
#95=DIRECTION('',(-1.E0,0.E0,-2.993120966145E-11));
#96=VECTOR('',#95,3.225800117698E1);
#97=CARTESIAN_POINT('',(1.612900058955E1,1.600000000004E1,-9.750000000886E0));
#98=LINE('',#97,#96);
#99=DIRECTION('',(1.E0,0.E0,2.993102574417E-11));
#100=VECTOR('',#99,3.257143995728E1);
#101=CARTESIAN_POINT('',(-1.628571997773E1,1.099999999574E1,-4.750000001044E0));
#102=LINE('',#101,#100);
#103=CARTESIAN_POINT('',(-1.628571997773E1,1.099999999574E1,-4.750000001044E0));
#104=CARTESIAN_POINT('',(-1.570692834666E1,9.524313513440E0,-4.750000001044E0));
#105=CARTESIAN_POINT('',(-1.458128500663E1,6.666768354255E0,-4.749999999679E0));
#106=CARTESIAN_POINT('',(-1.298272964509E1,2.651743443102E0,-4.749999999560E0));
#107=CARTESIAN_POINT('',(-1.148421424413E1,-1.058436703691E0,
-4.750000002082E0));
#108=CARTESIAN_POINT('',(-1.059620333328E1,-3.217995978964E0,
-4.749999995435E0));
#109=CARTESIAN_POINT('',(-1.017629356895E1,-4.228539859523E0,
-4.749999995435E0));
#111=CARTESIAN_POINT('',(0.E0,0.E0,-4.75E0));
#112=DIRECTION('',(0.E0,0.E0,-1.E0));
#113=DIRECTION('',(1.E0,-5.255803564659E-10,0.E0));
#114=AXIS2_PLACEMENT_3D('',#111,#112,#113);
#116=CARTESIAN_POINT('',(0.E0,0.E0,-4.75E0));
#117=DIRECTION('',(0.E0,0.E0,-1.E0));
#118=DIRECTION('',(-1.E0,-5.255804674882E-10,0.E0));
#119=AXIS2_PLACEMENT_3D('',#116,#117,#118);
#121=CARTESIAN_POINT('',(0.E0,0.E0,0.E0));
#122=DIRECTION('',(-4.101994299788E-10,0.E0,-1.E0));
#123=DIRECTION('',(9.358576355549E-1,-3.523783278999E-1,-3.838882686459E-10));
#124=AXIS2_PLACEMENT_3D('',#121,#122,#123);
#126=CARTESIAN_POINT('',(0.E0,0.E0,0.E0));
#127=DIRECTION('',(0.E0,0.E0,-1.E0));
#128=DIRECTION('',(0.E0,-1.E0,0.E0));
#129=AXIS2_PLACEMENT_3D('',#126,#127,#128);
#131=CARTESIAN_POINT('',(0.E0,-4.228539934798E0,0.E0));
#132=DIRECTION('',(0.E0,-1.E0,0.E0));
#133=DIRECTION('',(-1.E0,0.E0,-3.846897971944E-10));
#134=AXIS2_PLACEMENT_3D('',#131,#132,#133);
#136=CARTESIAN_POINT('',(0.E0,0.E0,-4.75E0));
#137=DIRECTION('',(0.E0,0.E0,1.E0));
#138=DIRECTION('',(-9.234496448069E-1,-3.837196287734E-1,0.E0));
#139=AXIS2_PLACEMENT_3D('',#136,#137,#138);
#141=CARTESIAN_POINT('',(0.E0,-4.228539934798E0,0.E0));
#142=DIRECTION('',(0.E0,-1.E0,0.E0));
#143=DIRECTION('',(9.061468639183E-1,0.E0,-4.229631910829E-1));
#144=AXIS2_PLACEMENT_3D('',#141,#142,#143);
#146=CARTESIAN_POINT('',(0.E0,-4.228539934798E0,0.E0));
#147=DIRECTION('',(0.E0,-1.E0,0.E0));
#148=DIRECTION('',(1.E0,0.E0,-2.051034285153E-10));
#149=AXIS2_PLACEMENT_3D('',#146,#147,#148);
#151=CARTESIAN_POINT('',(0.E0,0.E0,4.75E0));
#152=DIRECTION('',(0.E0,0.E0,-1.E0));
#153=DIRECTION('',(9.234496448069E-1,-3.837196287734E-1,0.E0));
#154=AXIS2_PLACEMENT_3D('',#151,#152,#153);
#156=CARTESIAN_POINT('',(0.E0,-4.228539934798E0,0.E0));
#157=DIRECTION('',(0.E0,-1.E0,0.E0));
#158=DIRECTION('',(-9.061468641678E-1,0.E0,4.229631905484E-1));
#159=AXIS2_PLACEMENT_3D('',#156,#157,#158);
#161=CARTESIAN_POINT('',(-1.017629357046E1,-4.228539859523E0,4.749999992216E0));
#162=CARTESIAN_POINT('',(-1.062306594574E1,-3.153349120076E0,4.749999992216E0));
#163=CARTESIAN_POINT('',(-1.154391525708E1,-9.119633972565E-1,
4.750000003532E0));
#164=CARTESIAN_POINT('',(-1.302898484294E1,2.767811707812E0,4.749999999314E0));
#165=CARTESIAN_POINT('',(-1.456498983955E1,6.625920877677E0,4.749999999212E0));
#166=CARTESIAN_POINT('',(-1.569804503813E1,9.501664637933E0,4.750000002296E0));
#167=CARTESIAN_POINT('',(-1.628571997890E1,1.099999999642E1,4.750000002296E0));
#169=CARTESIAN_POINT('',(1.628571997866E1,1.099999999642E1,4.749999997842E0));
#170=CARTESIAN_POINT('',(1.570692834768E1,9.524313514090E0,4.749999997842E0));
#171=CARTESIAN_POINT('',(1.458128500610E1,6.666768353952E0,4.750000001308E0));
#172=CARTESIAN_POINT('',(1.298272964544E1,2.651743443188E0,4.749999998659E0));
#173=CARTESIAN_POINT('',(1.148421424328E1,-1.058436703733E0,4.750000004054E0));
#174=CARTESIAN_POINT('',(1.059620333505E1,-3.217995978923E0,4.749999991434E0));
#175=CARTESIAN_POINT('',(1.017629357082E1,-4.228539859523E0,4.749999991434E0));
#177=CARTESIAN_POINT('',(0.E0,0.E0,4.75E0));
#178=DIRECTION('',(0.E0,0.E0,1.E0));
#179=DIRECTION('',(1.E0,-5.255808560663E-10,0.E0));
#180=AXIS2_PLACEMENT_3D('',#177,#178,#179);
#182=CARTESIAN_POINT('',(0.E0,0.E0,4.75E0));
#183=DIRECTION('',(0.E0,0.E0,1.E0));
#184=DIRECTION('',(-1.E0,-5.255810781109E-10,0.E0));
#185=AXIS2_PLACEMENT_3D('',#182,#183,#184);
#187=DIRECTION('',(1.E0,0.E0,2.993109952355E-11));
#188=VECTOR('',#187,3.225800118082E1);
#189=CARTESIAN_POINT('',(-1.612900059147E1,1.600000000004E1,9.749999998399E0));
#190=LINE('',#189,#188);
#191=DIRECTION('',(-1.E0,0.E0,1.367355808684E-10));
#192=VECTOR('',#191,3.257143995757E1);
#193=CARTESIAN_POINT('',(1.628571997866E1,1.099999999642E1,4.749999997842E0));
#194=LINE('',#193,#192);
#195=CARTESIAN_POINT('',(0.E0,1.600000000011E1,0.E0));
#196=DIRECTION('',(0.E0,1.E0,0.E0));
#197=DIRECTION('',(0.E0,0.E0,1.E0));
#198=AXIS2_PLACEMENT_3D('',#195,#196,#197);
#200=CARTESIAN_POINT('',(0.E0,1.600000000011E1,0.E0));
#201=DIRECTION('',(0.E0,1.E0,0.E0));
#202=DIRECTION('',(-8.557888071629E-1,0.E0,5.173253497893E-1));
#203=AXIS2_PLACEMENT_3D('',#200,#201,#202);
#205=DIRECTION('',(1.350421594102E-9,-9.358576390520E-1,3.523783186124E-1));
#206=VECTOR('',#205,2.137077175491E0);
#207=CARTESIAN_POINT('',(-8.040045693652E-9,1.8E1,-1.96E1));
#208=LINE('',#207,#206);
#209=CARTESIAN_POINT('',(-1.612900058743E1,1.600000000004E1,-9.750000001852E0));
#210=CARTESIAN_POINT('',(-1.635784447900E1,1.599999999996E1,-9.371433513636E0));
#211=CARTESIAN_POINT('',(-1.673521443795E1,1.591265779916E1,-8.622618551599E0));
#212=CARTESIAN_POINT('',(-1.707214768272E1,1.555691167169E1,-7.602867930261E0));
#213=CARTESIAN_POINT('',(-1.722295541497E1,1.500580601431E1,-6.695291703554E0));
#214=CARTESIAN_POINT('',(-1.721058932773E1,1.426405466225E1,-5.910071028935E0));
#215=CARTESIAN_POINT('',(-1.704669219738E1,1.333530758858E1,-5.278981176265E0));
#216=CARTESIAN_POINT('',(-1.673693551894E1,1.222665559591E1,-4.853008437653E0));
#217=CARTESIAN_POINT('',(-1.644850746041E1,1.141504277574E1,-4.750000000873E0));
#218=CARTESIAN_POINT('',(-1.628571997773E1,1.099999999574E1,-4.750000001044E0));
#220=CARTESIAN_POINT('',(-1.628571997890E1,1.099999999642E1,4.750000002296E0));
#221=CARTESIAN_POINT('',(-1.645003387017E1,1.141893450613E1,4.750000002296E0));
#222=CARTESIAN_POINT('',(-1.674157829234E1,1.223994335058E1,4.854975702810E0));
#223=CARTESIAN_POINT('',(-1.705457522744E1,1.336583541221E1,5.292863940836E0));
#224=CARTESIAN_POINT('',(-1.721634529617E1,1.431035971582E1,5.947774261189E0));
#225=CARTESIAN_POINT('',(-1.721846164288E1,1.505047652842E1,6.753893632035E0));
#226=CARTESIAN_POINT('',(-1.705485166686E1,1.558475476241E1,7.666743583798E0));
#227=CARTESIAN_POINT('',(-1.671915685152E1,1.591743713520E1,8.656112037904E0));
#228=CARTESIAN_POINT('',(-1.635069177192E1,1.600000000011E1,9.383265928306E0));
#229=CARTESIAN_POINT('',(-1.612900059147E1,1.600000000004E1,9.749999998399E0));
#231=DIRECTION('',(0.E0,9.358576390520E-1,3.523783186124E-1));
#232=VECTOR('',#231,2.137077175491E0);
#233=CARTESIAN_POINT('',(0.E0,1.600000000007E1,1.884694033816E1));
#234=LINE('',#233,#232);
#235=CARTESIAN_POINT('',(0.E0,1.8E1,0.E0));
#236=DIRECTION('',(0.E0,-1.E0,0.E0));
#237=DIRECTION('',(0.E0,0.E0,1.E0));
#238=AXIS2_PLACEMENT_3D('',#235,#236,#237);
#240=DIRECTION('',(-1.218188741462E-10,-1.E0,-1.472971239929E-10));
#241=VECTOR('',#240,2.2E1);
#242=CARTESIAN_POINT('',(-5.360030462435E-9,4.E1,-1.959999999676E1));
#243=LINE('',#242,#241);
#244=DIRECTION('',(0.E0,1.E0,-1.472971239929E-10));
#245=VECTOR('',#244,2.2E1);
#246=CARTESIAN_POINT('',(0.E0,1.8E1,1.96E1));
#247=LINE('',#246,#245);
#248=DIRECTION('',(-5.469106649040E-9,1.868731934628E-9,-1.E0));
#249=VECTOR('',#248,7.5E-1);
#250=CARTESIAN_POINT('',(8.000000002779E0,-3.589316486658E-9,4.75E0));
#251=LINE('',#250,#249);
#252=DIRECTION('',(-5.469107833278E-9,-1.868732724120E-9,1.E0));
#253=VECTOR('',#252,7.5E-1);
#254=CARTESIAN_POINT('',(-7.999999998677E0,0.E0,4.E0));
#255=LINE('',#254,#253);
#256=CARTESIAN_POINT('',(0.E0,0.E0,4.E0));
#257=DIRECTION('',(0.E0,0.E0,1.E0));
#258=DIRECTION('',(-1.E0,0.E0,0.E0));
#259=AXIS2_PLACEMENT_3D('',#256,#257,#258);
#261=CARTESIAN_POINT('',(0.E0,0.E0,4.E0));
#262=DIRECTION('',(0.E0,0.E0,1.E0));
#263=DIRECTION('',(1.E0,0.E0,0.E0));
#264=AXIS2_PLACEMENT_3D('',#261,#262,#263);
#266=CARTESIAN_POINT('',(-5.123475376448E0,0.E0,4.E0));
#267=CARTESIAN_POINT('',(-5.121494122521E0,4.570035947571E-1,4.E0));
#268=CARTESIAN_POINT('',(-5.006655880621E0,1.336499947670E0,4.E0));
#269=CARTESIAN_POINT('',(-4.487554547612E0,2.592906678776E0,4.E0));
#270=CARTESIAN_POINT('',(-3.664259548509E0,3.664391477003E0,4.E0));
#271=CARTESIAN_POINT('',(-2.590651235429E0,4.488413469468E0,4.E0));
#272=CARTESIAN_POINT('',(-1.340644772109E0,5.005883261173E0,4.E0));
#273=CARTESIAN_POINT('',(7.714604883271E-4,5.182373220562E0,4.E0));
#274=CARTESIAN_POINT('',(1.342140292822E0,5.005475772781E0,4.E0));
#275=CARTESIAN_POINT('',(2.591969936055E0,4.487673128076E0,4.E0));
#276=CARTESIAN_POINT('',(3.665409934131E0,3.663187377801E0,4.E0));
#277=CARTESIAN_POINT('',(4.488223336633E0,2.591873332946E0,4.E0));
#278=CARTESIAN_POINT('',(5.007142845815E0,1.334366664907E0,4.E0));
#279=CARTESIAN_POINT('',(5.121666794584E0,4.561193088664E-1,4.E0));
#280=CARTESIAN_POINT('',(5.123475376448E0,0.E0,4.E0));
#282=CARTESIAN_POINT('',(5.123475376448E0,0.E0,4.E0));
#283=CARTESIAN_POINT('',(5.121494122521E0,-4.570035947571E-1,4.E0));
#284=CARTESIAN_POINT('',(5.006655880621E0,-1.336499947670E0,4.E0));
#285=CARTESIAN_POINT('',(4.487554547612E0,-2.592906678776E0,4.E0));
#286=CARTESIAN_POINT('',(3.664259548509E0,-3.664391477003E0,4.E0));
#287=CARTESIAN_POINT('',(2.590651235429E0,-4.488413469468E0,4.E0));
#288=CARTESIAN_POINT('',(1.340644772109E0,-5.005883261173E0,4.E0));
#289=CARTESIAN_POINT('',(-7.714604883352E-4,-5.182373220562E0,4.E0));
#290=CARTESIAN_POINT('',(-1.342140292822E0,-5.005475772781E0,4.E0));
#291=CARTESIAN_POINT('',(-2.591969936055E0,-4.487673128076E0,4.E0));
#292=CARTESIAN_POINT('',(-3.665409934131E0,-3.663187377801E0,4.E0));
#293=CARTESIAN_POINT('',(-4.488223336633E0,-2.591873332946E0,4.E0));
#294=CARTESIAN_POINT('',(-5.007142845815E0,-1.334366664907E0,4.E0));
#295=CARTESIAN_POINT('',(-5.121666794584E0,-4.561193088664E-1,4.E0));
#296=CARTESIAN_POINT('',(-5.123475376448E0,0.E0,4.E0));
#298=DIRECTION('',(5.469107833278E-9,1.868730553017E-9,1.E0));
#299=VECTOR('',#298,7.5E-1);
#300=CARTESIAN_POINT('',(-8.000000002779E0,-3.589315450450E-9,-4.75E0));
#301=LINE('',#300,#299);
#302=DIRECTION('',(5.469106649040E-9,-1.868730158271E-9,-1.E0));
#303=VECTOR('',#302,7.5E-1);
#304=CARTESIAN_POINT('',(7.999999998677E0,0.E0,-4.E0));
#305=LINE('',#304,#303);
#306=CARTESIAN_POINT('',(0.E0,0.E0,-4.E0));
#307=DIRECTION('',(0.E0,0.E0,1.E0));
#308=DIRECTION('',(-1.E0,0.E0,0.E0));
#309=AXIS2_PLACEMENT_3D('',#306,#307,#308);
#311=CARTESIAN_POINT('',(0.E0,0.E0,-4.E0));
#312=DIRECTION('',(0.E0,0.E0,1.E0));
#313=DIRECTION('',(1.E0,0.E0,0.E0));
#314=AXIS2_PLACEMENT_3D('',#311,#312,#313);
#316=CARTESIAN_POINT('',(-5.123475376448E0,0.E0,-4.E0));
#317=CARTESIAN_POINT('',(-5.121666794584E0,-4.561193088664E-1,-4.E0));
#318=CARTESIAN_POINT('',(-5.007142845815E0,-1.334366664907E0,-4.E0));
#319=CARTESIAN_POINT('',(-4.488223336633E0,-2.591873332946E0,-4.E0));
#320=CARTESIAN_POINT('',(-3.665409934131E0,-3.663187377801E0,-4.E0));
#321=CARTESIAN_POINT('',(-2.591969936055E0,-4.487673128076E0,-4.E0));
#322=CARTESIAN_POINT('',(-1.342140292822E0,-5.005475772781E0,-4.E0));
#323=CARTESIAN_POINT('',(-7.714604883352E-4,-5.182373220562E0,-4.E0));
#324=CARTESIAN_POINT('',(1.340644772109E0,-5.005883261173E0,-4.E0));
#325=CARTESIAN_POINT('',(2.590651235429E0,-4.488413469468E0,-4.E0));
#326=CARTESIAN_POINT('',(3.664259548509E0,-3.664391477003E0,-4.E0));
#327=CARTESIAN_POINT('',(4.487554547612E0,-2.592906678776E0,-4.E0));
#328=CARTESIAN_POINT('',(5.006655880621E0,-1.336499947670E0,-4.E0));
#329=CARTESIAN_POINT('',(5.121494122521E0,-4.570035947571E-1,-4.E0));
#330=CARTESIAN_POINT('',(5.123475376448E0,0.E0,-4.E0));
#332=CARTESIAN_POINT('',(5.123475376448E0,0.E0,-4.E0));
#333=CARTESIAN_POINT('',(5.121666794584E0,4.561193088664E-1,-4.E0));
#334=CARTESIAN_POINT('',(5.007142845815E0,1.334366664907E0,-4.E0));
#335=CARTESIAN_POINT('',(4.488223336633E0,2.591873332946E0,-4.E0));
#336=CARTESIAN_POINT('',(3.665409934131E0,3.663187377801E0,-4.E0));
#337=CARTESIAN_POINT('',(2.591969936055E0,4.487673128076E0,-4.E0));
#338=CARTESIAN_POINT('',(1.342140292822E0,5.005475772781E0,-4.E0));
#339=CARTESIAN_POINT('',(7.714604883271E-4,5.182373220562E0,-4.E0));
#340=CARTESIAN_POINT('',(-1.340644772109E0,5.005883261173E0,-4.E0));
#341=CARTESIAN_POINT('',(-2.590651235429E0,4.488413469468E0,-4.E0));
#342=CARTESIAN_POINT('',(-3.664259548509E0,3.664391477003E0,-4.E0));
#343=CARTESIAN_POINT('',(-4.487554547612E0,2.592906678776E0,-4.E0));
#344=CARTESIAN_POINT('',(-5.006655880621E0,1.336499947670E0,-4.E0));
#345=CARTESIAN_POINT('',(-5.121494122521E0,4.570035947571E-1,-4.E0));
#346=CARTESIAN_POINT('',(-5.123475376448E0,0.E0,-4.E0));
#348=DIRECTION('',(0.E0,-1.E0,2.141835210072E-12));
#349=VECTOR('',#348,1.26E2);
#350=CARTESIAN_POINT('',(-4.649006013336E-9,1.66E2,-1.699999999719E1));
#351=LINE('',#350,#349);
#352=DIRECTION('',(0.E0,1.E0,2.141835210072E-12));
#353=VECTOR('',#352,1.26E2);
#354=CARTESIAN_POINT('',(0.E0,4.E1,1.699999999692E1));
#355=LINE('',#354,#353);
#356=CARTESIAN_POINT('',(0.E0,4.6E1,0.E0));
#357=DIRECTION('',(0.E0,1.E0,0.E0));
#358=DIRECTION('',(0.E0,0.E0,1.E0));
#359=AXIS2_PLACEMENT_3D('',#356,#357,#358);
#361=CARTESIAN_POINT('',(0.E0,4.6E1,0.E0));
#362=DIRECTION('',(0.E0,1.E0,0.E0));
#363=DIRECTION('',(0.E0,0.E0,-1.E0));
#364=AXIS2_PLACEMENT_3D('',#361,#362,#363);
#366=VERTEX_POINT('',#330);
#367=VERTEX_POINT('',#316);
#368=VERTEX_POINT('',#266);
#369=VERTEX_POINT('',#280);
#370=CARTESIAN_POINT('',(0.E0,1.66E2,5.499999996392E0));
#371=CARTESIAN_POINT('',(0.E0,4.6E1,5.499999999091E0));
#372=VERTEX_POINT('',#370);
#373=VERTEX_POINT('',#371);
#374=CARTESIAN_POINT('',(0.E0,4.6E1,-5.5E0));
#375=VERTEX_POINT('',#374);
#376=CARTESIAN_POINT('',(-1.504090180785E-9,1.66E2,-5.499999996392E0));
#377=VERTEX_POINT('',#376);
#378=CARTESIAN_POINT('',(-7.999999998677E0,0.E0,4.E0));
#379=CARTESIAN_POINT('',(-8.000000002779E0,-1.401550196235E-9,4.75E0));
#380=VERTEX_POINT('',#378);
#381=VERTEX_POINT('',#379);
#382=CARTESIAN_POINT('',(8.000000002779E0,-3.589316486658E-9,4.75E0));
#383=CARTESIAN_POINT('',(7.999999998677E0,-2.187767535688E-9,4.E0));
#384=VERTEX_POINT('',#382);
#385=VERTEX_POINT('',#383);
#386=CARTESIAN_POINT('',(7.999999998677E0,0.E0,-4.E0));
#387=CARTESIAN_POINT('',(8.000000002779E0,-1.401548271848E-9,-4.75E0));
#388=VERTEX_POINT('',#386);
#389=VERTEX_POINT('',#387);
#390=CARTESIAN_POINT('',(-8.000000002779E0,-3.589315450450E-9,-4.75E0));
#391=CARTESIAN_POINT('',(-7.999999998677E0,-2.187767535688E-9,-4.E0));
#392=VERTEX_POINT('',#390);
#393=VERTEX_POINT('',#391);
#394=CARTESIAN_POINT('',(0.E0,-1.2E1,0.E0));
#395=CARTESIAN_POINT('',(-1.123029162666E1,-4.228539934798E0,
-8.117133542731E-14));
#396=VERTEX_POINT('',#394);
#397=VERTEX_POINT('',#395);
#398=CARTESIAN_POINT('',(-1.017629354119E1,-4.228539934798E0,4.749999977201E0));
#399=VERTEX_POINT('',#398);
#400=CARTESIAN_POINT('',(1.017629357851E1,-4.228539819356E0,4.75E0));
#401=VERTEX_POINT('',#400);
#402=CARTESIAN_POINT('',(1.123029162666E1,-4.228539934798E0,
-2.303371315855E-9));
#403=VERTEX_POINT('',#402);
#404=CARTESIAN_POINT('',(1.612900059144E1,1.600000000011E1,-9.750000003367E0));
#405=CARTESIAN_POINT('',(0.E0,1.600000000011E1,-1.884694033907E1));
#406=VERTEX_POINT('',#404);
#407=VERTEX_POINT('',#405);
#408=VERTEX_POINT('',#74);
#409=VERTEX_POINT('',#66);
#410=VERTEX_POINT('',#169);
#411=VERTEX_POINT('',#55);
#412=CARTESIAN_POINT('',(0.E0,1.600000000011E1,1.884694033907E1));
#413=VERTEX_POINT('',#412);
#414=CARTESIAN_POINT('',(0.E0,1.8E1,1.96E1));
#415=VERTEX_POINT('',#414);
#416=CARTESIAN_POINT('',(-8.040045693652E-9,1.8E1,-1.96E1));
#417=VERTEX_POINT('',#416);
#418=CARTESIAN_POINT('',(0.E0,4.E1,1.959999999676E1));
#419=VERTEX_POINT('',#418);
#420=CARTESIAN_POINT('',(0.E0,4.E1,-1.96E1));
#421=VERTEX_POINT('',#420);
#422=CARTESIAN_POINT('',(-1.628571997890E1,1.099999999642E1,4.750000002296E0));
#423=VERTEX_POINT('',#422);
#424=CARTESIAN_POINT('',(-1.628571997773E1,1.099999999574E1,-4.750000001044E0));
#425=VERTEX_POINT('',#424);
#426=CARTESIAN_POINT('',(-1.017629357851E1,-4.228539819356E0,-4.75E0));
#427=VERTEX_POINT('',#426);
#428=CARTESIAN_POINT('',(-1.612900059144E1,1.600000000011E1,9.750000003367E0));
#429=VERTEX_POINT('',#428);
#430=VERTEX_POINT('',#209);
#431=CARTESIAN_POINT('',(0.E0,4.E1,-1.7E1));
#432=CARTESIAN_POINT('',(0.E0,4.E1,1.7E1));
#433=VERTEX_POINT('',#431);
#434=VERTEX_POINT('',#432);
#435=CARTESIAN_POINT('',(0.E0,1.66E2,1.699999999719E1));
#436=VERTEX_POINT('',#435);
#437=CARTESIAN_POINT('',(0.E0,1.66E2,-1.7E1));
#438=VERTEX_POINT('',#437);
#439=CARTESIAN_POINT('',(0.E0,4.6E1,0.E0));
#440=DIRECTION('',(0.E0,1.E0,0.E0));
#441=DIRECTION('',(0.E0,0.E0,1.E0));
#442=AXIS2_PLACEMENT_3D('',#439,#440,#441);
#443=CYLINDRICAL_SURFACE('',#442,5.5E0);
#445=ORIENTED_EDGE('',*,*,#444,.T.);
#447=ORIENTED_EDGE('',*,*,#446,.F.);
#449=ORIENTED_EDGE('',*,*,#448,.T.);
#451=ORIENTED_EDGE('',*,*,#450,.F.);
#452=EDGE_LOOP('',(#445,#447,#449,#451));
#453=FACE_OUTER_BOUND('',#452,.F.);
#454=ADVANCED_FACE('',(#453),#443,.T.);
#455=CARTESIAN_POINT('',(0.E0,4.6E1,0.E0));
#456=DIRECTION('',(0.E0,1.E0,0.E0));
#457=DIRECTION('',(0.E0,0.E0,1.E0));
#458=AXIS2_PLACEMENT_3D('',#455,#456,#457);
#459=CYLINDRICAL_SURFACE('',#458,5.5E0);
#461=ORIENTED_EDGE('',*,*,#460,.F.);
#462=ORIENTED_EDGE('',*,*,#448,.F.);
#464=ORIENTED_EDGE('',*,*,#463,.F.);
#465=ORIENTED_EDGE('',*,*,#444,.F.);
#466=EDGE_LOOP('',(#461,#462,#464,#465));
#467=FACE_OUTER_BOUND('',#466,.F.);
#468=ADVANCED_FACE('',(#467),#459,.T.);
#469=CARTESIAN_POINT('',(0.E0,1.66E2,0.E0));
#470=DIRECTION('',(0.E0,1.E0,0.E0));
#471=DIRECTION('',(0.E0,0.E0,1.E0));
#472=AXIS2_PLACEMENT_3D('',#469,#470,#471);
#473=PLANE('',#472);
#475=ORIENTED_EDGE('',*,*,#474,.T.);
#477=ORIENTED_EDGE('',*,*,#476,.T.);
#478=EDGE_LOOP('',(#475,#477));
#479=FACE_OUTER_BOUND('',#478,.F.);
#480=ORIENTED_EDGE('',*,*,#460,.T.);
#481=ORIENTED_EDGE('',*,*,#450,.T.);
#482=EDGE_LOOP('',(#480,#481));
#483=FACE_BOUND('',#482,.F.);
#484=ADVANCED_FACE('',(#479,#483),#473,.F.);
#485=CARTESIAN_POINT('',(0.E0,4.E1,0.E0));
#486=DIRECTION('',(0.E0,1.E0,0.E0));
#487=DIRECTION('',(0.E0,0.E0,1.E0));
#488=AXIS2_PLACEMENT_3D('',#485,#486,#487);
#489=CYLINDRICAL_SURFACE('',#488,1.7E1);
#491=ORIENTED_EDGE('',*,*,#490,.F.);
#493=ORIENTED_EDGE('',*,*,#492,.F.);
#494=ORIENTED_EDGE('',*,*,#474,.F.);
#496=ORIENTED_EDGE('',*,*,#495,.F.);
#497=EDGE_LOOP('',(#491,#493,#494,#496));
#498=FACE_OUTER_BOUND('',#497,.F.);
#499=ADVANCED_FACE('',(#498),#489,.F.);
#500=CARTESIAN_POINT('',(0.E0,4.E1,0.E0));
#501=DIRECTION('',(0.E0,1.E0,0.E0));
#502=DIRECTION('',(0.E0,0.E0,1.E0));
#503=AXIS2_PLACEMENT_3D('',#500,#501,#502);
#504=PLANE('',#503);
#506=ORIENTED_EDGE('',*,*,#505,.T.);
#508=ORIENTED_EDGE('',*,*,#507,.T.);
#509=EDGE_LOOP('',(#506,#508));
#510=FACE_OUTER_BOUND('',#509,.F.);
#511=ORIENTED_EDGE('',*,*,#490,.T.);
#513=ORIENTED_EDGE('',*,*,#512,.T.);
#514=EDGE_LOOP('',(#511,#513));
#515=FACE_BOUND('',#514,.F.);
#516=ADVANCED_FACE('',(#510,#515),#504,.F.);
#517=CARTESIAN_POINT('',(0.E0,1.8E1,0.E0));
#518=DIRECTION('',(0.E0,1.E0,0.E0));
#519=DIRECTION('',(0.E0,0.E0,1.E0));
#520=AXIS2_PLACEMENT_3D('',#517,#518,#519);
#521=CYLINDRICAL_SURFACE('',#520,1.96E1);
#523=ORIENTED_EDGE('',*,*,#522,.F.);
#525=ORIENTED_EDGE('',*,*,#524,.F.);
#526=ORIENTED_EDGE('',*,*,#505,.F.);
#528=ORIENTED_EDGE('',*,*,#527,.F.);
#529=EDGE_LOOP('',(#523,#525,#526,#528));
#530=FACE_OUTER_BOUND('',#529,.F.);
#531=ADVANCED_FACE('',(#530),#521,.F.);
#532=CARTESIAN_POINT('',(0.E0,6.885730090500E0,0.E0));
#533=DIRECTION('',(0.E0,1.E0,0.E0));
#534=DIRECTION('',(0.E0,0.E0,1.E0));
#535=AXIS2_PLACEMENT_3D('',#532,#533,#534);
#536=CONICAL_SURFACE('',#535,1.541514583500E1,2.063285285944E1);
#538=ORIENTED_EDGE('',*,*,#537,.T.);
#540=ORIENTED_EDGE('',*,*,#539,.F.);
#541=ORIENTED_EDGE('',*,*,#522,.T.);
#543=ORIENTED_EDGE('',*,*,#542,.F.);
#545=ORIENTED_EDGE('',*,*,#544,.T.);
#547=ORIENTED_EDGE('',*,*,#546,.T.);
#549=ORIENTED_EDGE('',*,*,#548,.T.);
#551=ORIENTED_EDGE('',*,*,#550,.F.);
#553=ORIENTED_EDGE('',*,*,#552,.F.);
#555=ORIENTED_EDGE('',*,*,#554,.T.);
#557=ORIENTED_EDGE('',*,*,#556,.T.);
#558=EDGE_LOOP('',(#538,#540,#541,#543,#545,#547,#549,#551,#553,#555,#557));
#559=FACE_OUTER_BOUND('',#558,.F.);
#560=ADVANCED_FACE('',(#559),#536,.F.);
#561=CARTESIAN_POINT('',(0.E0,1.6E1,-1.429847016816E1));
#562=DIRECTION('',(0.E0,1.E0,0.E0));
#563=DIRECTION('',(0.E0,0.E0,1.E0));
#564=AXIS2_PLACEMENT_3D('',#561,#562,#563);
#565=PLANE('',#564);
#567=ORIENTED_EDGE('',*,*,#566,.T.);
#569=ORIENTED_EDGE('',*,*,#568,.F.);
#570=ORIENTED_EDGE('',*,*,#537,.F.);
#571=EDGE_LOOP('',(#567,#569,#570));
#572=FACE_OUTER_BOUND('',#571,.F.);
#573=ADVANCED_FACE('',(#572),#565,.T.);
#574=CARTESIAN_POINT('',(-1.743272098200E1,1.1E1,-9.75E0));
#575=DIRECTION('',(1.E0,0.E0,0.E0));
#576=DIRECTION('',(0.E0,0.E0,-1.E0));
#577=AXIS2_PLACEMENT_3D('',#574,#575,#576);
#578=CYLINDRICAL_SURFACE('',#577,5.E0);
#579=ORIENTED_EDGE('',*,*,#566,.F.);
#580=ORIENTED_EDGE('',*,*,#556,.F.);
#582=ORIENTED_EDGE('',*,*,#581,.F.);
#584=ORIENTED_EDGE('',*,*,#583,.F.);
#585=EDGE_LOOP('',(#579,#580,#582,#584));
#586=FACE_OUTER_BOUND('',#585,.F.);
#587=ADVANCED_FACE('',(#586),#578,.T.);
#588=CARTESIAN_POINT('',(0.E0,-1.902191780740E-2,-4.75E0));
#589=DIRECTION('',(0.E0,0.E0,1.E0));
#590=DIRECTION('',(0.E0,-1.E0,0.E0));
#591=AXIS2_PLACEMENT_3D('',#588,#589,#590);
#592=PLANE('',#591);
#593=ORIENTED_EDGE('',*,*,#581,.T.);
#594=ORIENTED_EDGE('',*,*,#554,.F.);
#596=ORIENTED_EDGE('',*,*,#595,.F.);
#598=ORIENTED_EDGE('',*,*,#597,.F.);
#599=EDGE_LOOP('',(#593,#594,#596,#598));
#600=FACE_OUTER_BOUND('',#599,.F.);
#602=ORIENTED_EDGE('',*,*,#601,.F.);
#604=ORIENTED_EDGE('',*,*,#603,.F.);
#605=EDGE_LOOP('',(#602,#604));
#606=FACE_BOUND('',#605,.F.);
#607=ADVANCED_FACE('',(#600,#606),#592,.T.);
#608=CARTESIAN_POINT('',(0.E0,0.E0,0.E0));
#609=DIRECTION('',(0.E0,1.E0,0.E0));
#610=DIRECTION('',(-1.E0,0.E0,0.E0));
#611=AXIS2_PLACEMENT_3D('',#608,#609,#610);
#612=SPHERICAL_SURFACE('',#611,1.2E1);
#614=ORIENTED_EDGE('',*,*,#613,.T.);
#616=ORIENTED_EDGE('',*,*,#615,.T.);
#618=ORIENTED_EDGE('',*,*,#617,.T.);
#619=ORIENTED_EDGE('',*,*,#595,.T.);
#620=ORIENTED_EDGE('',*,*,#552,.T.);
#621=EDGE_LOOP('',(#614,#616,#618,#619,#620));
#622=FACE_OUTER_BOUND('',#621,.F.);
#623=ADVANCED_FACE('',(#622),#612,.F.);
#624=CARTESIAN_POINT('',(0.E0,0.E0,0.E0));
#625=DIRECTION('',(0.E0,1.E0,0.E0));
#626=DIRECTION('',(-1.E0,0.E0,0.E0));
#627=AXIS2_PLACEMENT_3D('',#624,#625,#626);
#628=SPHERICAL_SURFACE('',#627,1.2E1);
#629=ORIENTED_EDGE('',*,*,#615,.F.);
#630=ORIENTED_EDGE('',*,*,#613,.F.);
#631=ORIENTED_EDGE('',*,*,#550,.T.);
#633=ORIENTED_EDGE('',*,*,#632,.T.);
#635=ORIENTED_EDGE('',*,*,#634,.T.);
#636=EDGE_LOOP('',(#629,#630,#631,#633,#635));
#637=FACE_OUTER_BOUND('',#636,.F.);
#638=ADVANCED_FACE('',(#637),#628,.F.);
#639=CARTESIAN_POINT('',(0.E0,-1.902191780740E-2,4.75E0));
#640=DIRECTION('',(0.E0,0.E0,1.E0));
#641=DIRECTION('',(0.E0,1.E0,0.E0));
#642=AXIS2_PLACEMENT_3D('',#639,#640,#641);
#643=PLANE('',#642);
#645=ORIENTED_EDGE('',*,*,#644,.T.);
#647=ORIENTED_EDGE('',*,*,#646,.F.);
#648=ORIENTED_EDGE('',*,*,#632,.F.);
#649=ORIENTED_EDGE('',*,*,#548,.F.);
#650=EDGE_LOOP('',(#645,#647,#648,#649));
#651=FACE_OUTER_BOUND('',#650,.F.);
#653=ORIENTED_EDGE('',*,*,#652,.F.);
#655=ORIENTED_EDGE('',*,*,#654,.F.);
#656=EDGE_LOOP('',(#653,#655));
#657=FACE_BOUND('',#656,.F.);
#658=ADVANCED_FACE('',(#651,#657),#643,.F.);
#659=CARTESIAN_POINT('',(-1.743012886400E1,1.1E1,9.75E0));
#660=DIRECTION('',(1.E0,0.E0,0.E0));
#661=DIRECTION('',(0.E0,0.E0,-1.E0));
#662=AXIS2_PLACEMENT_3D('',#659,#660,#661);
#663=CYLINDRICAL_SURFACE('',#662,5.E0);
#665=ORIENTED_EDGE('',*,*,#664,.F.);
#667=ORIENTED_EDGE('',*,*,#666,.F.);
#668=ORIENTED_EDGE('',*,*,#644,.F.);
#669=ORIENTED_EDGE('',*,*,#546,.F.);
#670=EDGE_LOOP('',(#665,#667,#668,#669));
#671=FACE_OUTER_BOUND('',#670,.F.);
#672=ADVANCED_FACE('',(#671),#663,.T.);
#673=CARTESIAN_POINT('',(0.E0,1.6E1,1.429847016816E1));
#674=DIRECTION('',(0.E0,1.E0,0.E0));
#675=DIRECTION('',(0.E0,0.E0,1.E0));
#676=AXIS2_PLACEMENT_3D('',#673,#674,#675);
#677=PLANE('',#676);
#678=ORIENTED_EDGE('',*,*,#664,.T.);
#679=ORIENTED_EDGE('',*,*,#544,.F.);
#681=ORIENTED_EDGE('',*,*,#680,.F.);
#682=EDGE_LOOP('',(#678,#679,#681));
#683=FACE_OUTER_BOUND('',#682,.F.);
#684=ADVANCED_FACE('',(#683),#677,.T.);
#685=CARTESIAN_POINT('',(0.E0,6.885730090500E0,0.E0));
#686=DIRECTION('',(0.E0,1.E0,0.E0));
#687=DIRECTION('',(0.E0,0.E0,1.E0));
#688=AXIS2_PLACEMENT_3D('',#685,#686,#687);
#689=CONICAL_SURFACE('',#688,1.541514583500E1,2.063285285944E1);
#690=ORIENTED_EDGE('',*,*,#539,.T.);
#691=ORIENTED_EDGE('',*,*,#568,.T.);
#692=ORIENTED_EDGE('',*,*,#583,.T.);
#693=ORIENTED_EDGE('',*,*,#597,.T.);
#694=ORIENTED_EDGE('',*,*,#617,.F.);
#695=ORIENTED_EDGE('',*,*,#634,.F.);
#696=ORIENTED_EDGE('',*,*,#646,.T.);
#697=ORIENTED_EDGE('',*,*,#666,.T.);
#698=ORIENTED_EDGE('',*,*,#680,.T.);
#699=ORIENTED_EDGE('',*,*,#542,.T.);
#701=ORIENTED_EDGE('',*,*,#700,.T.);
#702=EDGE_LOOP('',(#690,#691,#692,#693,#694,#695,#696,#697,#698,#699,#701));
#703=FACE_OUTER_BOUND('',#702,.F.);
#704=ADVANCED_FACE('',(#703),#689,.F.);
#705=CARTESIAN_POINT('',(0.E0,1.8E1,0.E0));
#706=DIRECTION('',(0.E0,1.E0,0.E0));
#707=DIRECTION('',(0.E0,0.E0,1.E0));
#708=AXIS2_PLACEMENT_3D('',#705,#706,#707);
#709=CYLINDRICAL_SURFACE('',#708,1.96E1);
#710=ORIENTED_EDGE('',*,*,#524,.T.);
#711=ORIENTED_EDGE('',*,*,#700,.F.);
#712=ORIENTED_EDGE('',*,*,#527,.T.);
#713=ORIENTED_EDGE('',*,*,#507,.F.);
#714=EDGE_LOOP('',(#710,#711,#712,#713));
#715=FACE_OUTER_BOUND('',#714,.F.);
#716=ADVANCED_FACE('',(#715),#709,.F.);
#717=CARTESIAN_POINT('',(0.E0,0.E0,4.75E0));
#718=DIRECTION('',(0.E0,0.E0,-1.E0));
#719=DIRECTION('',(-1.E0,0.E0,0.E0));
#720=AXIS2_PLACEMENT_3D('',#717,#718,#719);
#721=CYLINDRICAL_SURFACE('',#720,8.E0);
#723=ORIENTED_EDGE('',*,*,#722,.F.);
#725=ORIENTED_EDGE('',*,*,#724,.F.);
#726=ORIENTED_EDGE('',*,*,#652,.T.);
#728=ORIENTED_EDGE('',*,*,#727,.F.);
#729=EDGE_LOOP('',(#723,#725,#726,#728));
#730=FACE_OUTER_BOUND('',#729,.F.);
#731=ADVANCED_FACE('',(#730),#721,.T.);
#732=CARTESIAN_POINT('',(0.E0,0.E0,4.E0));
#733=DIRECTION('',(0.E0,0.E0,1.E0));
#734=DIRECTION('',(1.E0,0.E0,0.E0));
#735=AXIS2_PLACEMENT_3D('',#732,#733,#734);
#736=PLANE('',#735);
#738=ORIENTED_EDGE('',*,*,#737,.T.);
#739=ORIENTED_EDGE('',*,*,#722,.T.);
#740=EDGE_LOOP('',(#738,#739));
#741=FACE_OUTER_BOUND('',#740,.F.);
#743=ORIENTED_EDGE('',*,*,#742,.T.);
#745=ORIENTED_EDGE('',*,*,#744,.T.);
#746=EDGE_LOOP('',(#743,#745));
#747=FACE_BOUND('',#746,.F.);
#748=ADVANCED_FACE('',(#741,#747),#736,.F.);
#749=CARTESIAN_POINT('',(0.E0,0.E0,4.75E0));
#750=DIRECTION('',(0.E0,0.E0,-1.E0));
#751=DIRECTION('',(-1.E0,0.E0,0.E0));
#752=AXIS2_PLACEMENT_3D('',#749,#750,#751);
#753=CYLINDRICAL_SURFACE('',#752,8.E0);
#754=ORIENTED_EDGE('',*,*,#727,.T.);
#755=ORIENTED_EDGE('',*,*,#654,.T.);
#756=ORIENTED_EDGE('',*,*,#724,.T.);
#757=ORIENTED_EDGE('',*,*,#737,.F.);
#758=EDGE_LOOP('',(#754,#755,#756,#757));
#759=FACE_OUTER_BOUND('',#758,.F.);
#760=ADVANCED_FACE('',(#759),#753,.T.);
#761=CARTESIAN_POINT('',(0.E0,0.E0,-4.75E0));
#762=DIRECTION('',(0.E0,0.E0,1.E0));
#763=DIRECTION('',(1.E0,0.E0,0.E0));
#764=AXIS2_PLACEMENT_3D('',#761,#762,#763);
#765=CYLINDRICAL_SURFACE('',#764,8.E0);
#767=ORIENTED_EDGE('',*,*,#766,.T.);
#768=ORIENTED_EDGE('',*,*,#601,.T.);
#770=ORIENTED_EDGE('',*,*,#769,.T.);
#772=ORIENTED_EDGE('',*,*,#771,.T.);
#773=EDGE_LOOP('',(#767,#768,#770,#772));
#774=FACE_OUTER_BOUND('',#773,.F.);
#775=ADVANCED_FACE('',(#774),#765,.T.);
#776=CARTESIAN_POINT('',(0.E0,0.E0,-4.75E0));
#777=DIRECTION('',(0.E0,0.E0,1.E0));
#778=DIRECTION('',(1.E0,0.E0,0.E0));
#779=AXIS2_PLACEMENT_3D('',#776,#777,#778);
#780=CYLINDRICAL_SURFACE('',#779,8.E0);
#782=ORIENTED_EDGE('',*,*,#781,.T.);
#783=ORIENTED_EDGE('',*,*,#769,.F.);
#784=ORIENTED_EDGE('',*,*,#603,.T.);
#785=ORIENTED_EDGE('',*,*,#766,.F.);
#786=EDGE_LOOP('',(#782,#783,#784,#785));
#787=FACE_OUTER_BOUND('',#786,.F.);
#788=ADVANCED_FACE('',(#787),#780,.T.);
#789=CARTESIAN_POINT('',(0.E0,0.E0,-4.E0));
#790=DIRECTION('',(0.E0,0.E0,1.E0));
#791=DIRECTION('',(1.E0,0.E0,0.E0));
#792=AXIS2_PLACEMENT_3D('',#789,#790,#791);
#793=PLANE('',#792);
#794=ORIENTED_EDGE('',*,*,#771,.F.);
#795=ORIENTED_EDGE('',*,*,#781,.F.);
#796=EDGE_LOOP('',(#794,#795));
#797=FACE_OUTER_BOUND('',#796,.F.);
#799=ORIENTED_EDGE('',*,*,#798,.T.);
#801=ORIENTED_EDGE('',*,*,#800,.T.);
#802=EDGE_LOOP('',(#799,#801));
#803=FACE_BOUND('',#802,.F.);
#804=ADVANCED_FACE('',(#797,#803),#793,.T.);
#805=CARTESIAN_POINT('',(0.E0,4.E1,0.E0));
#806=DIRECTION('',(0.E0,1.E0,0.E0));
#807=DIRECTION('',(0.E0,0.E0,1.E0));
#808=AXIS2_PLACEMENT_3D('',#805,#806,#807);
#809=CYLINDRICAL_SURFACE('',#808,1.7E1);
#810=ORIENTED_EDGE('',*,*,#492,.T.);
#811=ORIENTED_EDGE('',*,*,#512,.F.);
#812=ORIENTED_EDGE('',*,*,#495,.T.);
#813=ORIENTED_EDGE('',*,*,#476,.F.);
#814=EDGE_LOOP('',(#810,#811,#812,#813));
#815=FACE_OUTER_BOUND('',#814,.F.);
#816=ADVANCED_FACE('',(#815),#809,.F.);
#817=CARTESIAN_POINT('',(0.E0,4.6E1,0.E0));
#818=DIRECTION('',(0.E0,1.E0,0.E0));
#819=DIRECTION('',(0.E0,0.E0,1.E0));
#820=AXIS2_PLACEMENT_3D('',#817,#818,#819);
#821=PLANE('',#820);
#822=ORIENTED_EDGE('',*,*,#463,.T.);
#823=ORIENTED_EDGE('',*,*,#446,.T.);
#824=EDGE_LOOP('',(#822,#823));
#825=FACE_OUTER_BOUND('',#824,.F.);
#826=ADVANCED_FACE('',(#825),#821,.F.);
#829=CARTESIAN_POINT('',(0.E0,0.E0,0.E0));
#830=DIRECTION('',(0.E0,0.E0,-1.E0));
#831=DIRECTION('',(0.E0,-1.E0,0.E0));
#832=AXIS2_PLACEMENT_3D('',#829,#830,#831);
#834=CARTESIAN_POINT('',(0.E0,0.E0,0.E0));
#835=DIRECTION('',(0.E0,0.E0,-1.E0));
#836=DIRECTION('',(0.E0,1.E0,0.E0));
#837=AXIS2_PLACEMENT_3D('',#834,#835,#836);
#839=CARTESIAN_POINT('',(-7.820277413424E-1,6.422687822377E0,
-6.225060225105E-1));
#840=CARTESIAN_POINT('',(-7.228706999537E-1,6.433945266364E0,
-5.806741440319E-1));
#841=CARTESIAN_POINT('',(-6.023590648429E-1,6.452555559628E0,
-5.144478036593E-1));
#842=CARTESIAN_POINT('',(-4.873197877194E-1,6.465132266293E0,
-4.669813282679E-1));
#843=CARTESIAN_POINT('',(-4.327880237519E-1,6.470297215904E0,
-4.449139965872E-1));
#845=CARTESIAN_POINT('',(-4.327880237519E-1,6.470297215904E0,
-4.449139965872E-1));
#846=CARTESIAN_POINT('',(-3.717438013516E-1,6.476077397919E0,
-4.202344241160E-1));
#847=CARTESIAN_POINT('',(-2.577535737886E-1,6.485367274370E0,
-3.647906955331E-1));
#848=CARTESIAN_POINT('',(-1.281114418764E-1,6.493522948254E0,
-2.766432906093E-1));
#849=CARTESIAN_POINT('',(-2.258052273787E-2,6.499081818260E0,
-1.422011852215E-1));
#850=CARTESIAN_POINT('',(5.341913501168E-12,6.5E0,-4.664645717748E-2));
#851=CARTESIAN_POINT('',(0.E0,6.5E0,0.E0));
#853=CARTESIAN_POINT('',(0.E0,6.5E0,0.E0));
#854=CARTESIAN_POINT('',(5.681807619100E-12,6.5E0,-4.892552562299E-2));
#855=CARTESIAN_POINT('',(2.455568094596E-2,6.499017083897E0,
-1.499773440713E-1));
#856=CARTESIAN_POINT('',(1.447375570716E-1,6.492584568610E0,
-2.924252613444E-1));
#857=CARTESIAN_POINT('',(2.857288239126E-1,6.483417006103E0,
-3.805529811390E-1));
#858=CARTESIAN_POINT('',(4.145761019385E-1,6.472294951696E0,
-4.394504510515E-1));
#859=CARTESIAN_POINT('',(4.842856261073E-1,6.465192490772E0,
-4.655679215812E-1));
#861=CARTESIAN_POINT('',(4.842856261073E-1,6.465192490772E0,
-4.655679215812E-1));
#862=CARTESIAN_POINT('',(5.315716263200E-1,6.460214439405E0,
-4.855094374542E-1));
#863=CARTESIAN_POINT('',(6.299337092447E-1,6.448482975485E0,
-5.289860614959E-1));
#864=CARTESIAN_POINT('',(7.317534455464E-1,6.432224071698E0,
-5.872735048231E-1));
#865=CARTESIAN_POINT('',(7.820277412306E-1,6.422687822377E0,
-6.225060226509E-1));
#867=CARTESIAN_POINT('',(7.820277412306E-1,6.422687822377E0,
-6.225060226509E-1));
#868=CARTESIAN_POINT('',(9.695865054996E-1,6.384755883764E0,
-7.782456046065E-1));
#869=CARTESIAN_POINT('',(1.314776811381E0,6.285256329651E0,-1.078364174981E0));
#870=CARTESIAN_POINT('',(1.732841433240E0,6.091979776278E0,-1.499711392389E0));
#871=CARTESIAN_POINT('',(2.050346413434E0,5.877464985880E0,-1.894669969326E0));
#872=CARTESIAN_POINT('',(2.274880137213E0,5.658629936796E0,-2.263433115498E0));
#873=CARTESIAN_POINT('',(2.418177652769E0,5.446730487791E0,-2.605704911943E0));
#874=CARTESIAN_POINT('',(2.492499902014E0,5.245904178732E0,-2.926321728165E0));
#875=CARTESIAN_POINT('',(2.507283995530E0,5.057047239538E0,-3.229510596884E0));
#876=CARTESIAN_POINT('',(2.468811412810E0,4.881089064202E0,-3.516663836769E0));
#877=CARTESIAN_POINT('',(2.379797721973E0,4.717567840046E0,-3.790416739995E0));
#878=CARTESIAN_POINT('',(2.242341366368E0,4.566632349781E0,-4.050254824873E0));
#879=CARTESIAN_POINT('',(2.055432501750E0,4.429387877277E0,-4.294725620593E0));
#880=CARTESIAN_POINT('',(1.818987056969E0,4.306644298616E0,-4.520684119355E0));
#881=CARTESIAN_POINT('',(1.532478910210E0,4.200415655146E0,-4.722798591368E0));
#882=CARTESIAN_POINT('',(1.199201318317E0,4.113736441743E0,-4.892904178337E0));
#883=CARTESIAN_POINT('',(8.250405544681E-1,4.048946618127E0,-5.023033455310E0));
#884=CARTESIAN_POINT('',(4.212813584329E-1,4.009123675374E0,-5.104672565166E0));
#885=CARTESIAN_POINT('',(1.625572982299E-3,3.995403945916E0,-5.132837514737E0));
#886=CARTESIAN_POINT('',(-4.180954012333E-1,4.008917570911E0,
-5.105095907630E0));
#887=CARTESIAN_POINT('',(-8.219038565624E-1,4.048508532071E0,
-5.023900051907E0));
#888=CARTESIAN_POINT('',(-1.196288022453E0,4.113079438310E0,-4.894171171293E0));
#889=CARTESIAN_POINT('',(-1.529747277384E0,4.199609040176E0,-4.724396669171E0));
#890=CARTESIAN_POINT('',(-1.816543909036E0,4.305495295836E0,-4.522765033468E0));
#891=CARTESIAN_POINT('',(-2.053576163481E0,4.428306933906E0,-4.296739469641E0));
#892=CARTESIAN_POINT('',(-2.240920312581E0,4.565508128935E0,-4.052310048819E0));
#893=CARTESIAN_POINT('',(-2.378993561501E0,4.716150230567E0,-3.792678388870E0));
#894=CARTESIAN_POINT('',(-2.468092029495E0,4.879669703737E0,-3.519143913668E0));
#895=CARTESIAN_POINT('',(-2.507296011992E0,5.055539888677E0,-3.231843341309E0));
#896=CARTESIAN_POINT('',(-2.492851582867E0,5.244045879962E0,-2.929342310059E0));
#897=CARTESIAN_POINT('',(-2.419100973741E0,5.445017756745E0,-2.608413167301E0));
#898=CARTESIAN_POINT('',(-2.276637797552E0,5.656559034551E0,-2.266771093308E0));
#899=CARTESIAN_POINT('',(-2.052636291266E0,5.875590073281E0,-1.898074841994E0));
#900=CARTESIAN_POINT('',(-1.734678249438E0,6.091051072901E0,-1.501637935281E0));
#901=CARTESIAN_POINT('',(-1.315514129269E0,6.285077844575E0,-1.078817998965E0));
#902=CARTESIAN_POINT('',(-9.697865406955E-1,6.384720305732E0,
-7.783613842215E-1));
#903=CARTESIAN_POINT('',(-7.820277413424E-1,6.422687822377E0,
-6.225060225105E-1));
#905=CARTESIAN_POINT('',(0.E0,6.5E0,0.E0));
#906=CARTESIAN_POINT('',(-6.026217955878E-12,6.5E0,5.263544345759E-2));
#907=CARTESIAN_POINT('',(2.841005720552E-2,6.498859083911E0,1.615649322037E-1));
#908=CARTESIAN_POINT('',(1.653128839939E-1,6.491431542232E0,3.092783613425E-1));
#909=CARTESIAN_POINT('',(3.198779895789E-1,6.480776806014E0,4.012116012069E-1));
#910=CARTESIAN_POINT('',(5.432307563685E-1,6.460781341536E0,4.852754611529E-1));
#911=CARTESIAN_POINT('',(7.027402686142E-1,6.437686040886E0,5.673677955297E-1));
#912=CARTESIAN_POINT('',(7.820276923063E-1,6.422687832167E0,6.225059831003E-1));
#914=CARTESIAN_POINT('',(7.820276923063E-1,6.422687832167E0,6.225059831003E-1));
#915=CARTESIAN_POINT('',(1.092455021373E0,6.359937988076E0,8.799491188883E-1));
#916=CARTESIAN_POINT('',(1.646149385277E0,6.165821801011E0,1.378570957385E0));
#917=CARTESIAN_POINT('',(2.217271132864E0,5.766008743860E0,2.095563747021E0));
#918=CARTESIAN_POINT('',(2.512847857875E0,5.306535586566E0,2.829117971081E0));
#919=CARTESIAN_POINT('',(2.510269704101E0,4.910839407642E0,3.463460162957E0));
#920=CARTESIAN_POINT('',(2.282389651446E0,4.565719893295E0,4.046544521125E0));
#921=CARTESIAN_POINT('',(1.816419381858E0,4.286152176320E0,4.555420605841E0));
#922=CARTESIAN_POINT('',(1.217135731305E0,4.103294740544E0,4.912046350837E0));
#923=CARTESIAN_POINT('',(4.173526404441E-1,3.993894965245E0,5.135816394392E0));
#924=CARTESIAN_POINT('',(-4.633397551928E-1,3.996316677866E0,5.130848911681E0));
#925=CARTESIAN_POINT('',(-1.294449448031E0,4.116526214066E0,4.884894363227E0));
#926=CARTESIAN_POINT('',(-1.937620973368E0,4.336473773879E0,4.459922256523E0));
#927=CARTESIAN_POINT('',(-2.359887123742E0,4.645291798529E0,3.908429703835E0));
#928=CARTESIAN_POINT('',(-2.528493148093E0,4.994826660991E0,3.327005760767E0));
#929=CARTESIAN_POINT('',(-2.478084293734E0,5.386599719608E0,2.702567188861E0));
#930=CARTESIAN_POINT('',(-2.164874920210E0,5.808828980096E0,2.022779534805E0));
#931=CARTESIAN_POINT('',(-1.608035863065E0,6.181163519037E0,1.342823890175E0));
#932=CARTESIAN_POINT('',(-1.078176100328E0,6.362818837341E0,8.681640372147E-1));
#933=CARTESIAN_POINT('',(-7.820276918274E-1,6.422687832167E0,
6.225059837019E-1));
#935=CARTESIAN_POINT('',(-7.820276918274E-1,6.422687832167E0,
6.225059837019E-1));
#936=CARTESIAN_POINT('',(-7.111902386048E-1,6.436157714234E0,
5.725209258492E-1));
#937=CARTESIAN_POINT('',(-5.667250600571E-1,6.457521897106E0,
4.970404706092E-1));
#938=CARTESIAN_POINT('',(-4.325591914671E-1,6.470726044986E0,
4.439750735231E-1));
#939=CARTESIAN_POINT('',(-3.705488658690E-1,6.475915394409E0,
4.185849286137E-1));
#941=CARTESIAN_POINT('',(-3.705488658690E-1,6.475915394409E0,
4.185849286137E-1));
#942=CARTESIAN_POINT('',(-3.208888306803E-1,6.480227814181E0,
3.958287440987E-1));
#943=CARTESIAN_POINT('',(-2.253480022189E-1,6.487512631066E0,
3.454098240064E-1));
#944=CARTESIAN_POINT('',(-1.068097726457E-1,6.494709435157E0,
2.547793474987E-1));
#945=CARTESIAN_POINT('',(-1.928290265792E-2,6.499201923417E0,
1.302386694293E-1));
#946=CARTESIAN_POINT('',(-4.956844633414E-12,6.5E0,4.269473647411E-2));
#947=CARTESIAN_POINT('',(0.E0,6.5E0,0.E0));
#949=CARTESIAN_POINT('',(4.842856261073E-1,6.465192490772E0,
-4.655679215812E-1));
#950=CARTESIAN_POINT('',(3.713588991225E-1,6.466100340402E0,
-5.704277407589E-1));
#951=CARTESIAN_POINT('',(5.462585232024E-2,6.467857187008E0,
-7.140566336590E-1));
#952=CARTESIAN_POINT('',(-3.066382587436E-1,6.469501716996E0,
-5.791943795885E-1));
#953=CARTESIAN_POINT('',(-4.327880237519E-1,6.470297215904E0,
-4.449139965872E-1));
#955=CARTESIAN_POINT('',(0.E0,0.E0,0.E0));
#956=DIRECTION('',(0.E0,0.E0,-1.E0));
#957=DIRECTION('',(0.E0,1.E0,0.E0));
#958=AXIS2_PLACEMENT_3D('',#955,#956,#957);
#960=CARTESIAN_POINT('',(7.043859059789E-1,6.461721171287E0,0.E0));
#961=CARTESIAN_POINT('',(6.988682046198E-1,6.462322650516E0,
-8.097164503067E-2));
#962=CARTESIAN_POINT('',(6.596763613195E-1,6.463502256311E0,
-2.485017366071E-1));
#963=CARTESIAN_POINT('',(5.534524585332E-1,6.464636439208E0,
-4.013420139070E-1));
#964=CARTESIAN_POINT('',(4.842856261073E-1,6.465192490772E0,
-4.655679215812E-1));
#966=CARTESIAN_POINT('',(-3.705488658690E-1,6.475915394409E0,
4.185849286137E-1));
#967=CARTESIAN_POINT('',(1.431187559222E-1,6.480432980075E0,8.034135287671E-1));
#968=CARTESIAN_POINT('',(6.118166976975E-1,6.487840403829E0,
-2.568091891971E-1));
#969=CARTESIAN_POINT('',(-1.315146998471E-2,6.494630243328E0,
4.235539497436E-1));
#970=CARTESIAN_POINT('',(5.329533787998E-2,6.499241142882E0,8.136146363984E-2));
#971=CARTESIAN_POINT('',(-8.665009830654E-12,6.5E0,4.241043054864E-2));
#972=CARTESIAN_POINT('',(0.E0,6.5E0,0.E0));
#974=CARTESIAN_POINT('',(-5.930872663002E-1,6.472885561676E0,0.E0));
#975=CARTESIAN_POINT('',(-5.873529355536E-1,6.473410977816E0,
9.081243230282E-2));
#976=CARTESIAN_POINT('',(-5.338220792291E-1,6.474441050287E0,
2.590254826937E-1));
#977=CARTESIAN_POINT('',(-4.282468755778E-1,6.475430551694E0,
3.750092276938E-1));
#978=CARTESIAN_POINT('',(-3.705488658690E-1,6.475915394409E0,
4.185849286137E-1));
#980=CARTESIAN_POINT('',(0.E0,6.5E0,0.E0));
#981=CARTESIAN_POINT('',(5.666305127752E-1,6.5E0,7.118337239519E-1));
#982=CARTESIAN_POINT('',(-2.416133801732E0,6.100818739931E0,1.456593700058E0));
#983=CARTESIAN_POINT('',(-2.010954534907E0,5.783426187371E0,2.074657718071E0));
#984=CARTESIAN_POINT('',(-2.568130341747E0,5.301868507604E0,2.834719822002E0));
#985=CARTESIAN_POINT('',(-2.495456790666E0,4.912089834718E0,3.461959258576E0));
#986=CARTESIAN_POINT('',(-2.286359193980E0,4.565384759913E0,4.046946738682E0));
#987=CARTESIAN_POINT('',(-1.815354463948E0,4.286241743852E0,4.555313063041E0));
#988=CARTESIAN_POINT('',(-1.217426118868E0,4.103271039298E0,4.912074738231E0));
#989=CARTESIAN_POINT('',(-4.172561538442E-1,3.993899619555E0,5.135810843129E0));
#990=CARTESIAN_POINT('',(4.632441269957E-1,3.996321162960E0,5.130843195262E0));
#991=CARTESIAN_POINT('',(1.294735454054E0,4.116503013888E0,4.884923259631E0));
#992=CARTESIAN_POINT('',(1.936572657560E0,4.336561488433E0,4.459812878183E0));
#993=CARTESIAN_POINT('',(2.363794595322E0,4.644963554506E0,3.908838803419E0));
#994=CARTESIAN_POINT('',(2.513911894078E0,4.996051364305E0,3.325479218143E0));
#995=CARTESIAN_POINT('',(2.532502224655E0,5.382028631844E0,2.708264750948E0));
#996=CARTESIAN_POINT('',(1.961784902457E0,5.825888174265E0,2.001516328618E0));
#997=CARTESIAN_POINT('',(2.365978521524E0,6.117497465134E0,1.422179655105E0));
#998=CARTESIAN_POINT('',(-5.549630429215E-1,6.5E0,6.971763790678E-1));
#999=CARTESIAN_POINT('',(0.E0,6.5E0,0.E0));
#1001=CARTESIAN_POINT('',(0.E0,6.5E0,0.E0));
#1002=CARTESIAN_POINT('',(2.782233524802E-1,6.5E0,-3.495201201743E-1));
#1003=CARTESIAN_POINT('',(-5.477557580284E-1,6.420501439119E0,
1.447581469173E0));
#1004=CARTESIAN_POINT('',(9.146186372530E-1,6.438803906837E0,
8.295740493878E-1));
#1005=CARTESIAN_POINT('',(7.043859059789E-1,6.461721171287E0,0.E0));
#1007=CARTESIAN_POINT('',(0.E0,0.E0,0.E0));
#1008=DIRECTION('',(0.E0,0.E0,-1.E0));
#1009=DIRECTION('',(1.083670624583E-1,9.941109494288E-1,0.E0));
#1010=AXIS2_PLACEMENT_3D('',#1007,#1008,#1009);
#1012=CARTESIAN_POINT('',(0.E0,0.E0,0.E0));
#1013=DIRECTION('',(0.E0,0.E0,-1.E0));
#1014=DIRECTION('',(0.E0,-1.E0,0.E0));
#1015=AXIS2_PLACEMENT_3D('',#1012,#1013,#1014);
#1017=CARTESIAN_POINT('',(-4.327880237519E-1,6.470297215904E0,
-4.449139965872E-1));
#1018=CARTESIAN_POINT('',(-4.924139594972E-1,6.470742312803E0,
-3.804401874035E-1));
#1019=CARTESIAN_POINT('',(-5.786515222281E-1,6.471618628147E0,
-2.312621928895E-1));
#1020=CARTESIAN_POINT('',(-5.976477091328E-1,6.472467704671E0,
-7.420465264058E-2));
#1021=CARTESIAN_POINT('',(-5.930872663002E-1,6.472885561676E0,0.E0));
#1023=CARTESIAN_POINT('',(0.E0,0.E0,0.E0));
#1024=DIRECTION('',(0.E0,0.E0,-1.E0));
#1025=DIRECTION('',(-9.124419481542E-2,9.958285479501E-1,0.E0));
#1026=AXIS2_PLACEMENT_3D('',#1023,#1024,#1025);
#1028=VERTEX_POINT('',#905);
#1029=VERTEX_POINT('',#912);
#1030=VERTEX_POINT('',#933);
#1031=CARTESIAN_POINT('',(0.E0,-6.5E0,0.E0));
#1032=CARTESIAN_POINT('',(0.E0,6.5E0,0.E0));
#1033=VERTEX_POINT('',#1031);
#1034=VERTEX_POINT('',#1032);
#1035=VERTEX_POINT('',#999);
#1036=VERTEX_POINT('',#867);
#1037=VERTEX_POINT('',#903);
#1038=VERTEX_POINT('',#843);
#1039=VERTEX_POINT('',#851);
#1040=VERTEX_POINT('',#1021);
#1041=CARTESIAN_POINT('',(0.E0,-6.5E0,0.E0));
#1042=CARTESIAN_POINT('',(-5.930872663002E-1,6.472885561676E0,0.E0));
#1043=VERTEX_POINT('',#1041);
#1044=VERTEX_POINT('',#1042);
#1045=VERTEX_POINT('',#978);
#1046=VERTEX_POINT('',#1005);
#1047=CARTESIAN_POINT('',(7.043859059789E-1,6.461721171287E0,0.E0));
#1048=VERTEX_POINT('',#1047);
#1049=VERTEX_POINT('',#964);
#1050=CARTESIAN_POINT('',(0.E0,0.E0,0.E0));
#1051=DIRECTION('',(0.E0,-1.E0,0.E0));
#1052=DIRECTION('',(-1.E0,0.E0,0.E0));
#1053=AXIS2_PLACEMENT_3D('',#1050,#1051,#1052);
#1054=SPHERICAL_SURFACE('',#1053,6.5E0);
#1056=ORIENTED_EDGE('',*,*,#1055,.T.);
#1058=ORIENTED_EDGE('',*,*,#1057,.T.);
#1059=EDGE_LOOP('',(#1056,#1058));
#1060=FACE_OUTER_BOUND('',#1059,.F.);
#1061=ADVANCED_FACE('',(#1060),#1054,.F.);
#1062=CARTESIAN_POINT('',(0.E0,0.E0,0.E0));
#1063=DIRECTION('',(0.E0,-1.E0,0.E0));
#1064=DIRECTION('',(-1.E0,0.E0,0.E0));
#1065=AXIS2_PLACEMENT_3D('',#1062,#1063,#1064);
#1066=SPHERICAL_SURFACE('',#1065,6.5E0);
#1068=ORIENTED_EDGE('',*,*,#1067,.T.);
#1070=ORIENTED_EDGE('',*,*,#1069,.T.);
#1072=ORIENTED_EDGE('',*,*,#1071,.T.);
#1074=ORIENTED_EDGE('',*,*,#1073,.T.);
#1076=ORIENTED_EDGE('',*,*,#1075,.T.);
#1077=EDGE_LOOP('',(#1068,#1070,#1072,#1074,#1076));
#1078=FACE_OUTER_BOUND('',#1077,.F.);
#1079=ADVANCED_FACE('',(#1078),#1066,.F.);
#1080=CARTESIAN_POINT('',(0.E0,0.E0,0.E0));
#1081=DIRECTION('',(0.E0,-1.E0,0.E0));
#1082=DIRECTION('',(-1.E0,0.E0,0.E0));
#1083=AXIS2_PLACEMENT_3D('',#1080,#1081,#1082);
#1084=SPHERICAL_SURFACE('',#1083,6.5E0);
#1086=ORIENTED_EDGE('',*,*,#1085,.T.);
#1088=ORIENTED_EDGE('',*,*,#1087,.T.);
#1090=ORIENTED_EDGE('',*,*,#1089,.T.);
#1092=ORIENTED_EDGE('',*,*,#1091,.T.);
#1093=EDGE_LOOP('',(#1086,#1088,#1090,#1092));
#1094=FACE_OUTER_BOUND('',#1093,.F.);
#1095=ADVANCED_FACE('',(#1094),#1084,.F.);
#1096=CARTESIAN_POINT('',(0.E0,0.E0,0.E0));
#1097=DIRECTION('',(0.E0,-1.E0,0.E0));
#1098=DIRECTION('',(-1.E0,0.E0,0.E0));
#1099=AXIS2_PLACEMENT_3D('',#1096,#1097,#1098);
#1100=SPHERICAL_SURFACE('',#1099,6.5E0);
#1101=ORIENTED_EDGE('',*,*,#1091,.F.);
#1103=ORIENTED_EDGE('',*,*,#1102,.T.);
#1104=EDGE_LOOP('',(#1101,#1103));
#1105=FACE_OUTER_BOUND('',#1104,.F.);
#1106=ADVANCED_FACE('',(#1105),#1100,.F.);
#1107=CARTESIAN_POINT('',(0.E0,0.E0,0.E0));
#1108=DIRECTION('',(0.E0,-1.E0,0.E0));
#1109=DIRECTION('',(-1.E0,0.E0,0.E0));
#1110=AXIS2_PLACEMENT_3D('',#1107,#1108,#1109);
#1111=SPHERICAL_SURFACE('',#1110,6.5E0);
#1113=ORIENTED_EDGE('',*,*,#1112,.T.);
#1114=ORIENTED_EDGE('',*,*,#1089,.F.);
#1116=ORIENTED_EDGE('',*,*,#1115,.T.);
#1118=ORIENTED_EDGE('',*,*,#1117,.T.);
#1120=ORIENTED_EDGE('',*,*,#1119,.T.);
#1122=ORIENTED_EDGE('',*,*,#1121,.T.);
#1123=EDGE_LOOP('',(#1113,#1114,#1116,#1118,#1120,#1122));
#1124=FACE_OUTER_BOUND('',#1123,.F.);
#1125=ORIENTED_EDGE('',*,*,#1073,.F.);
#1127=ORIENTED_EDGE('',*,*,#1126,.T.);
#1128=ORIENTED_EDGE('',*,*,#1067,.F.);
#1129=ORIENTED_EDGE('',*,*,#1075,.F.);
#1130=EDGE_LOOP('',(#1125,#1127,#1128,#1129));
#1131=FACE_BOUND('',#1130,.F.);
#1132=ADVANCED_FACE('',(#1124,#1131),#1111,.F.);
#1133=CARTESIAN_POINT('',(0.E0,0.E0,0.E0));
#1134=DIRECTION('',(0.E0,-1.E0,0.E0));
#1135=DIRECTION('',(-1.E0,0.E0,0.E0));
#1136=AXIS2_PLACEMENT_3D('',#1133,#1134,#1135);
#1137=SPHERICAL_SURFACE('',#1136,6.5E0);
#1139=ORIENTED_EDGE('',*,*,#1138,.T.);
#1141=ORIENTED_EDGE('',*,*,#1140,.T.);
#1142=ORIENTED_EDGE('',*,*,#1071,.F.);
#1143=EDGE_LOOP('',(#1139,#1141,#1142));
#1144=FACE_OUTER_BOUND('',#1143,.F.);
#1145=ADVANCED_FACE('',(#1144),#1137,.F.);
#1146=CARTESIAN_POINT('',(0.E0,0.E0,0.E0));
#1147=DIRECTION('',(0.E0,-1.E0,0.E0));
#1148=DIRECTION('',(-1.E0,0.E0,0.E0));
#1149=AXIS2_PLACEMENT_3D('',#1146,#1147,#1148);
#1150=SPHERICAL_SURFACE('',#1149,6.5E0);
#1151=ORIENTED_EDGE('',*,*,#1069,.F.);
#1153=ORIENTED_EDGE('',*,*,#1152,.T.);
#1155=ORIENTED_EDGE('',*,*,#1154,.T.);
#1156=EDGE_LOOP('',(#1151,#1153,#1155));
#1157=FACE_OUTER_BOUND('',#1156,.F.);
#1158=ADVANCED_FACE('',(#1157),#1150,.F.);
#1162=DIMENSIONAL_EXPONENTS(0.E0,0.E0,0.E0,0.E0,0.E0,0.E0,0.E0);
#1164=PLANE_ANGLE_MEASURE_WITH_UNIT(PLANE_ANGLE_MEASURE(1.745329251994E-2),
#1163);
#1165=(CONVERSION_BASED_UNIT('DEGREE',#1164)NAMED_UNIT(*)PLANE_ANGLE_UNIT());
#1167=UNCERTAINTY_MEASURE_WITH_UNIT(LENGTH_MEASURE(1.864358446254E-2),#1161,
'closure',
'Maximum model space distance between geometric entities at asserted connectivities');
#1168=(GEOMETRIC_REPRESENTATION_CONTEXT(3)GLOBAL_UNCERTAINTY_ASSIGNED_CONTEXT((
#1167))GLOBAL_UNIT_ASSIGNED_CONTEXT((#1161,#1165,#1166))REPRESENTATION_CONTEXT(
'ID1','3'));
#1169=CARTESIAN_POINT('',(0.E0,0.E0,0.E0));
#1170=DIRECTION('',(0.E0,0.E0,1.E0));
#1171=DIRECTION('',(1.E0,0.E0,0.E0));
#1174=APPLICATION_CONTEXT(
'CONFIGURATION CONTROLLED 3D DESIGNS OF MECHANICAL PARTS AND ASSEMBLIES');
#1175=APPLICATION_PROTOCOL_DEFINITION('international standard',
'config_control_design',1994,#1174);
#1176=DESIGN_CONTEXT('',#1174,'design');
#1177=MECHANICAL_CONTEXT('',#1174,'mechanical');
#1178=PRODUCT('DAMPER_BODY','DAMPER_BODY','NOT SPECIFIED',(#1177));
#1179=PRODUCT_DEFINITION_FORMATION_WITH_SPECIFIED_SOURCE('1','LAST_VERSION',
#1178,.MADE.);
#1188=CARTESIAN_POINT('',(-4.792474241350E1,-8.905057620041E1,
3.347621701761E1));
#1189=DIRECTION('',(0.E0,0.E0,1.E0));
#1190=DIRECTION('',(1.E0,0.E0,0.E0));
#1191=AXIS2_PLACEMENT_3D('',#1188,#1189,#1190);
#1192=ITEM_DEFINED_TRANSFORMATION('','',#1172,#1191);
#1193=(REPRESENTATION_RELATIONSHIP('','',#1173,#1185)REPRESENTATION_RELATIONSHIP_WITH_TRANSFORMATION(#1192)SHAPE_REPRESENTATION_RELATIONSHIP());
#1194=CONTEXT_DEPENDENT_SHAPE_REPRESENTATION(#1193,#1187);
#1195=CARTESIAN_POINT('',(2.144994432190E1,-3.000000000547E0,
-1.469353220015E1));
#1196=CARTESIAN_POINT('',(2.144994432194E1,-3.169356349787E0,
-1.469353220009E1));
#1197=CARTESIAN_POINT('',(2.147505510493E1,-3.496192632455E0,
-1.465703223312E1));
#1198=CARTESIAN_POINT('',(2.156314302500E1,-3.906664676736E0,
-1.452742118323E1));
#1199=CARTESIAN_POINT('',(2.169723413724E1,-4.283545784436E0,
-1.432720322618E1));
#1200=CARTESIAN_POINT('',(2.190138890557E1,-4.638330124910E0,
-1.401334661498E1));
#1201=CARTESIAN_POINT('',(2.213779853081E1,-4.879654897053E0,
-1.363802561554E1));
#1202=CARTESIAN_POINT('',(2.239049268281E1,-5.004912511486E0,
-1.321914644561E1));
#1203=CARTESIAN_POINT('',(2.264058962213E1,-5.005787517271E0,
-1.278609268030E1));
#1204=CARTESIAN_POINT('',(2.286990207892E1,-4.883067614895E0,
-1.237054409501E1));
#1205=CARTESIAN_POINT('',(2.304474158637E1,-4.691951975653E0,
-1.204038463991E1));
#1206=CARTESIAN_POINT('',(2.321628177015E1,-4.389593882557E0,
-1.170684122339E1));
#1207=CARTESIAN_POINT('',(2.335474692365E1,-3.956370880808E0,
-1.142730550230E1));
#1208=CARTESIAN_POINT('',(2.343082599414E1,-3.503772382025E0,
-1.126946774337E1));
#1209=CARTESIAN_POINT('',(2.344994432003E1,-3.168075955611E0,
-1.122943058744E1));
#1210=CARTESIAN_POINT('',(2.344994432003E1,-3.E0,-1.122943058744E1));
#1212=DIRECTION('',(8.660254038913E-1,0.E0,-4.999999998150E-1));
#1213=VECTOR('',#1212,7.922962792399E0);
#1214=CARTESIAN_POINT('',(1.658845726773E1,-3.E0,-7.267949192703E0));
#1215=LINE('',#1214,#1213);
#1216=CARTESIAN_POINT('',(2.344994432003E1,-3.E0,-1.122943058744E1));
#1217=CARTESIAN_POINT('',(2.344994432003E1,-2.830480012369E0,
-1.122943058744E1));
#1218=CARTESIAN_POINT('',(2.343083988237E1,-2.503566583609E0,
-1.126953552737E1));
#1219=CARTESIAN_POINT('',(2.336284414409E1,-2.094227754023E0,
-1.141018565158E1));
#1220=CARTESIAN_POINT('',(2.325675916376E1,-1.717664151857E0,
-1.162591199681E1));
#1221=CARTESIAN_POINT('',(2.308728223300E1,-1.362643598269E0,
-1.195919469645E1));
#1222=CARTESIAN_POINT('',(2.287997313944E1,-1.120439946528E0,
-1.235252421064E1));
#1223=CARTESIAN_POINT('',(2.264355246572E1,-9.951063351377E-1,
-1.278083134857E1));
#1224=CARTESIAN_POINT('',(2.239318291523E1,-9.942388249824E-1,
-1.321460887744E1));
#1225=CARTESIAN_POINT('',(2.214845248668E1,-1.116877153543E0,
-1.362014261717E1));
#1226=CARTESIAN_POINT('',(2.195084963594E1,-1.306665901455E0,
-1.393524382705E1));
#1227=CARTESIAN_POINT('',(2.174742282680E1,-1.608726086460E0,
-1.425116121489E1));
#1228=CARTESIAN_POINT('',(2.157422173223E1,-2.041715212959E0,
-1.451139916822E1));
#1229=CARTESIAN_POINT('',(2.147498198838E1,-2.496245064126E0,
-1.465706810459E1));
#1230=CARTESIAN_POINT('',(2.144994432186E1,-2.832023093220E0,
-1.469353220021E1));
#1231=CARTESIAN_POINT('',(2.144994432190E1,-3.000000000547E0,
-1.469353220015E1));
#1233=DIRECTION('',(-8.660254040112E-1,0.E0,4.999999996072E-1));
#1234=VECTOR('',#1233,7.922962792889E0);
#1235=CARTESIAN_POINT('',(2.144994432190E1,-3.000000000547E0,
-1.469353220015E1));
#1236=LINE('',#1235,#1234);
#1237=CARTESIAN_POINT('',(1.558845726796E1,-3.E0,-8.999999999641E0));
#1238=DIRECTION('',(8.660254037846E-1,0.E0,-4.999999999998E-1));
#1239=DIRECTION('',(4.999999999998E-1,0.E0,8.660254037846E-1));
#1240=AXIS2_PLACEMENT_3D('',#1237,#1238,#1239);
#1242=CARTESIAN_POINT('',(1.558845726796E1,-3.E0,-8.999999999641E0));
#1243=DIRECTION('',(8.660254037846E-1,0.E0,-4.999999999998E-1));
#1244=DIRECTION('',(-4.999999999998E-1,0.E0,-8.660254037846E-1));
#1245=AXIS2_PLACEMENT_3D('',#1242,#1243,#1244);
#1247=CARTESIAN_POINT('',(0.E0,-2.E-1,0.E0));
#1248=DIRECTION('',(0.E0,1.E0,0.E0));
#1249=DIRECTION('',(-4.102064129415E-10,0.E0,1.E0));
#1250=AXIS2_PLACEMENT_3D('',#1247,#1248,#1249);
#1252=CARTESIAN_POINT('',(0.E0,-1.421085471520E-14,0.E0));
#1253=DIRECTION('',(0.E0,1.E0,0.E0));
#1254=DIRECTION('',(0.E0,0.E0,1.E0));
#1255=AXIS2_PLACEMENT_3D('',#1252,#1253,#1254);
#1257=CARTESIAN_POINT('',(0.E0,2.E-1,0.E0));
#1258=DIRECTION('',(0.E0,-1.E0,0.E0));
#1259=DIRECTION('',(0.E0,0.E0,-1.E0));
#1260=AXIS2_PLACEMENT_3D('',#1257,#1258,#1259);
#1262=DIRECTION('',(1.450299114364E-10,-7.071067811866E-1,7.071067811865E-1));
#1263=VECTOR('',#1262,2.828427124746E-1);
#1264=CARTESIAN_POINT('',(-5.332684960280E-9,2.E-1,-2.6E1));
#1265=LINE('',#1264,#1263);
#1266=CARTESIAN_POINT('',(0.E0,2.E-1,0.E0));
#1267=DIRECTION('',(0.E0,-1.E0,0.E0));
#1268=DIRECTION('',(-4.102064129415E-10,0.E0,1.E0));
#1269=AXIS2_PLACEMENT_3D('',#1266,#1267,#1268);
#1271=DIRECTION('',(-1.450299114364E-10,7.071067811866E-1,7.071067811865E-1));
#1272=VECTOR('',#1271,2.828427124746E-1);
#1273=CARTESIAN_POINT('',(-5.291664306739E-9,0.E0,2.58E1));
#1274=LINE('',#1273,#1272);
#1275=DIRECTION('',(2.051033172070E-9,1.E0,9.596723575995E-10));
#1276=VECTOR('',#1275,7.999999866575E-1);
#1277=CARTESIAN_POINT('',(-6.973508871975E-9,4.999999999467E0,
2.599999999923E1));
#1278=LINE('',#1277,#1276);
#1279=DIRECTION('',(-1.901374581119E-9,1.E0,-9.666711868967E-10));
#1280=VECTOR('',#1279,8.000000005333E-1);
#1281=CARTESIAN_POINT('',(-5.332684960280E-9,2.E-1,2.6E1));
#1282=LINE('',#1281,#1280);
#1283=DIRECTION('',(-6.345278711723E-9,-1.E0,-9.666711868967E-10));
#1284=VECTOR('',#1283,8.000000005333E-1);
#1285=CARTESIAN_POINT('',(-2.564619875174E-10,1.000000000533E0,
-2.599999999923E1));
#1286=LINE('',#1285,#1284);
#1287=DIRECTION('',(-1.709174961063E-10,-1.E0,9.596723407298E-10));
#1288=VECTOR('',#1287,8.000000007203E-1);
#1289=CARTESIAN_POINT('',(0.E0,5.800000000187E0,-2.599999999999E1));
#1290=LINE('',#1289,#1288);
#1291=CARTESIAN_POINT('',(0.E0,5.8E0,0.E0));
#1292=DIRECTION('',(0.E0,-1.E0,0.E0));
#1293=DIRECTION('',(0.E0,0.E0,-1.E0));
#1294=AXIS2_PLACEMENT_3D('',#1291,#1292,#1293);
#1296=CARTESIAN_POINT('',(-4.566937132841E-10,5.799999972248E0,
-2.580000000053E1));
#1297=DIRECTION('',(-1.E0,2.283468249422E-9,1.946910557333E-11));
#1298=DIRECTION('',(2.283468249437E-9,1.E0,7.885248031503E-10));
#1299=AXIS2_PLACEMENT_3D('',#1296,#1297,#1298);
#1301=CARTESIAN_POINT('',(3.547715934329E-13,5.799999972248E0,
2.580000000053E1));
#1302=DIRECTION('',(-1.E0,2.283468249422E-9,-1.754048020300E-12));
#1303=DIRECTION('',(-1.754048020300E-12,0.E0,1.E0));
#1304=AXIS2_PLACEMENT_3D('',#1301,#1302,#1303);
#1306=CARTESIAN_POINT('',(4.560921051810E-11,5.799999972248E0,0.E0));
#1307=DIRECTION('',(2.283468249422E-9,1.E0,0.E0));
#1308=DIRECTION('',(-1.754447771218E-12,0.E0,-1.E0));
#1309=AXIS2_PLACEMENT_3D('',#1306,#1307,#1308);
#1311=CARTESIAN_POINT('',(-5.023028591627E-10,5.999999971705E0,0.E0));
#1312=DIRECTION('',(-2.283468249422E-9,1.E0,0.E0));
#1313=DIRECTION('',(1.946910558224E-11,0.E0,1.E0));
#1314=AXIS2_PLACEMENT_3D('',#1311,#1312,#1313);
#1316=CARTESIAN_POINT('',(5.023028591627E-10,5.999999971705E0,0.E0));
#1317=DIRECTION('',(2.283468249422E-9,1.E0,0.E0));
#1318=DIRECTION('',(-1.946910558224E-11,0.E0,-1.E0));
#1319=AXIS2_PLACEMENT_3D('',#1316,#1317,#1318);
#1321=CARTESIAN_POINT('',(0.E0,6.E0,0.E0));
#1322=DIRECTION('',(0.E0,-1.E0,0.E0));
#1323=DIRECTION('',(0.E0,0.E0,1.E0));
#1324=AXIS2_PLACEMENT_3D('',#1321,#1322,#1323);
#1326=CARTESIAN_POINT('',(0.E0,6.E0,0.E0));
#1327=DIRECTION('',(0.E0,-1.E0,0.E0));
#1328=DIRECTION('',(0.E0,0.E0,-1.E0));
#1329=AXIS2_PLACEMENT_3D('',#1326,#1327,#1328);
#1331=DIRECTION('',(0.E0,1.E0,0.E0));
#1332=VECTOR('',#1331,1.2E1);
#1333=CARTESIAN_POINT('',(0.E0,-6.E0,-1.699999999517E1));
#1334=LINE('',#1333,#1332);
#1335=DIRECTION('',(0.E0,-1.E0,0.E0));
#1336=VECTOR('',#1335,1.2E1);
#1337=CARTESIAN_POINT('',(-4.649006013336E-9,6.E0,1.699999999517E1));
#1338=LINE('',#1337,#1336);
#1339=CARTESIAN_POINT('',(-5.023028591627E-10,-5.999999971705E0,0.E0));
#1340=DIRECTION('',(2.283468249422E-9,1.E0,0.E0));
#1341=DIRECTION('',(1.946910558224E-11,0.E0,1.E0));
#1342=AXIS2_PLACEMENT_3D('',#1339,#1340,#1341);
#1344=CARTESIAN_POINT('',(5.023028591627E-10,-5.999999971705E0,0.E0));
#1345=DIRECTION('',(-2.283468249422E-9,1.E0,0.E0));
#1346=DIRECTION('',(-1.946910558224E-11,0.E0,-1.E0));
#1347=AXIS2_PLACEMENT_3D('',#1344,#1345,#1346);
#1349=CARTESIAN_POINT('',(0.E0,-6.E0,0.E0));
#1350=DIRECTION('',(0.E0,-1.E0,0.E0));
#1351=DIRECTION('',(0.E0,0.E0,-1.E0));
#1352=AXIS2_PLACEMENT_3D('',#1349,#1350,#1351);
#1354=CARTESIAN_POINT('',(0.E0,-6.E0,0.E0));
#1355=DIRECTION('',(0.E0,-1.E0,0.E0));
#1356=DIRECTION('',(0.E0,0.E0,1.E0));
#1357=AXIS2_PLACEMENT_3D('',#1354,#1355,#1356);
#1359=CARTESIAN_POINT('',(-4.560921051810E-11,-5.799999972248E0,0.E0));
#1360=DIRECTION('',(-2.283468249422E-9,-1.E0,0.E0));
#1361=DIRECTION('',(1.754202841858E-12,0.E0,-1.E0));
#1362=AXIS2_PLACEMENT_3D('',#1359,#1360,#1361);
#1364=CARTESIAN_POINT('',(3.507763497452E-13,-5.799999972248E0,
-2.580000000053E1));
#1365=DIRECTION('',(-1.E0,-2.283468249422E-9,1.754202874706E-12));
#1366=DIRECTION('',(-1.754202874706E-12,0.E0,-1.E0));
#1367=AXIS2_PLACEMENT_3D('',#1364,#1365,#1366);
#1369=CARTESIAN_POINT('',(4.560921051810E-11,-5.799999972248E0,0.E0));
#1370=DIRECTION('',(2.283468249422E-9,-1.E0,0.E0));
#1371=DIRECTION('',(-4.119606157833E-10,0.E0,1.E0));
#1372=AXIS2_PLACEMENT_3D('',#1369,#1370,#1371);
#1374=CARTESIAN_POINT('',(-4.566964253053E-10,-5.799999972248E0,
2.580000000053E1));
#1375=DIRECTION('',(-1.E0,-2.283468249422E-9,-1.946921069043E-11));
#1376=DIRECTION('',(2.283468249437E-9,-1.E0,-7.885603302872E-10));
#1377=AXIS2_PLACEMENT_3D('',#1374,#1375,#1376);
#1379=DIRECTION('',(-4.614822327552E-9,1.E0,9.666711868967E-10));
#1380=VECTOR('',#1379,8.000000005333E-1);
#1381=CARTESIAN_POINT('',(-6.973508871975E-9,-1.000000000533E0,
2.599999999923E1));
#1382=LINE('',#1381,#1380);
#1383=DIRECTION('',(-1.901377862341E-9,1.E0,-9.596767984916E-10));
#1384=VECTOR('',#1383,7.999999866575E-1);
#1385=CARTESIAN_POINT('',(-5.332682361685E-9,-5.799999986124E0,
2.599999999999E1));
#1386=LINE('',#1385,#1384);
#1387=DIRECTION('',(3.205742415002E-10,-1.E0,-9.596812393838E-10));
#1388=VECTOR('',#1387,7.999999866575E-1);
#1389=CARTESIAN_POINT('',(-2.564619875174E-10,-4.999999999467E0,
-2.599999999923E1));
#1390=LINE('',#1389,#1388);
#1391=DIRECTION('',(-1.709181969481E-10,-1.E0,9.666711868967E-10));
#1392=VECTOR('',#1391,8.000000005333E-1);
#1393=CARTESIAN_POINT('',(0.E0,-2.E-1,-2.6E1));
#1394=LINE('',#1393,#1392);
#1395=DIRECTION('',(2.272319534855E-10,0.E0,1.E0));
#1396=VECTOR('',#1395,7.922962794884E0);
#1397=CARTESIAN_POINT('',(-1.999999999669E0,-3.E0,1.8E1));
#1398=LINE('',#1397,#1396);
#1399=CARTESIAN_POINT('',(-1.999999997869E0,-3.E0,2.592296279488E1));
#1400=CARTESIAN_POINT('',(-1.999999997869E0,-2.843378285871E0,
2.592296279488E1));
#1401=CARTESIAN_POINT('',(-1.962935356507E0,-2.540597118445E0,
2.592593664647E1));
#1402=CARTESIAN_POINT('',(-1.822376463364E0,-2.144337308358E0,
2.593621606348E1));
#1403=CARTESIAN_POINT('',(-1.617848416448E0,-1.799062064619E0,
2.595022170412E1));
#1404=CARTESIAN_POINT('',(-1.306760926573E0,-1.460122561876E0,
2.596790548376E1));
#1405=CARTESIAN_POINT('',(-8.966768967772E-1,-1.191581393940E0,
2.598562525249E1));
#1406=CARTESIAN_POINT('',(-4.675023141443E-1,-1.037631231921E0,
2.599702747863E1));
#1407=CARTESIAN_POINT('',(-1.558229965579E-1,-1.000000000501E0,
2.599999999916E1));
#1408=CARTESIAN_POINT('',(-6.973508871975E-9,-1.000000000533E0,
2.599999999923E1));
#1410=CARTESIAN_POINT('',(-6.973508871975E-9,-1.000000000533E0,
2.599999999923E1));
#1411=CARTESIAN_POINT('',(1.561907388387E-1,-1.000000000565E0,
2.599999999929E1));
#1412=CARTESIAN_POINT('',(4.588458804710E-1,-1.036771851409E0,
2.599705945180E1));
#1413=CARTESIAN_POINT('',(8.585542853449E-1,-1.178716541914E0,
2.598669542071E1));
#1414=CARTESIAN_POINT('',(1.205076222123E0,-1.385168332238E0,2.597260834593E1));
#1415=CARTESIAN_POINT('',(1.542948589485E0,-1.697004720438E0,2.595493156013E1));
#1416=CARTESIAN_POINT('',(1.809542466152E0,-2.106073485637E0,2.593728961684E1));
#1417=CARTESIAN_POINT('',(1.962284802213E0,-2.532741509963E0,2.592595160038E1));
#1418=CARTESIAN_POINT('',(1.999999999485E0,-2.844111337492E0,2.592296279476E1));
#1419=CARTESIAN_POINT('',(1.999999999421E0,-3.000000000547E0,2.592296279476E1));
#1421=DIRECTION('',(3.136995217898E-11,0.E0,-1.E0));
#1422=VECTOR('',#1421,7.922962794765E0);
#1423=CARTESIAN_POINT('',(1.999999999421E0,-3.000000000547E0,2.592296279476E1));
#1424=LINE('',#1423,#1422);
#1425=CARTESIAN_POINT('',(0.E0,-3.E0,1.8E1));
#1426=DIRECTION('',(0.E0,0.E0,1.E0));
#1427=DIRECTION('',(-1.E0,0.E0,0.E0));
#1428=AXIS2_PLACEMENT_3D('',#1425,#1426,#1427);
#1430=CARTESIAN_POINT('',(0.E0,-3.E0,1.8E1));
#1431=DIRECTION('',(0.E0,0.E0,1.E0));
#1432=DIRECTION('',(1.E0,0.E0,0.E0));
#1433=AXIS2_PLACEMENT_3D('',#1430,#1431,#1432);
#1435=CARTESIAN_POINT('',(-6.853784626189E-9,-4.999999999467E0,
2.599999999923E1));
#1436=CARTESIAN_POINT('',(-1.560515772326E-1,-4.999999999527E0,
2.599999999916E1));
#1437=CARTESIAN_POINT('',(-4.586667655144E-1,-4.963321806796E0,
2.599706751884E1));
#1438=CARTESIAN_POINT('',(-8.594608571860E-1,-4.820939283101E0,
2.598666760768E1));
#1439=CARTESIAN_POINT('',(-1.206427547646E0,-4.613861462177E0,
2.597254849574E1));
#1440=CARTESIAN_POINT('',(-1.544069311964E0,-4.301614858858E0,
2.595486503864E1));
#1441=CARTESIAN_POINT('',(-1.809870073348E0,-3.893080899299E0,
2.593726252575E1));
#1442=CARTESIAN_POINT('',(-1.962267893417E0,-3.467166886758E0,
2.592595409485E1));
#1443=CARTESIAN_POINT('',(-1.999999997869E0,-3.155909716644E0,
2.592296279488E1));
#1444=CARTESIAN_POINT('',(-1.999999997869E0,-3.E0,2.592296279488E1));
#1446=CARTESIAN_POINT('',(1.999999999421E0,-3.000000000547E0,2.592296279476E1));
#1447=CARTESIAN_POINT('',(1.999999999357E0,-3.156487320020E0,2.592296279477E1));
#1448=CARTESIAN_POINT('',(1.963012040640E0,-3.459194090605E0,2.592592888250E1));
#1449=CARTESIAN_POINT('',(1.822204515442E0,-3.856177103561E0,2.593623258900E1));
#1450=CARTESIAN_POINT('',(1.617136653304E0,-4.201917159992E0,2.595026579778E1));
#1451=CARTESIAN_POINT('',(1.305989714420E0,-4.540497751255E0,2.596794295970E1));
#1452=CARTESIAN_POINT('',(8.960365871467E-1,-4.808702526393E0,
2.598564581208E1));
#1453=CARTESIAN_POINT('',(4.672668276561E-1,-4.962393678749E0,
2.599702970569E1));
#1454=CARTESIAN_POINT('',(1.557548545959E-1,-4.999999999407E0,
2.599999999929E1));
#1455=CARTESIAN_POINT('',(-6.853784626189E-9,-4.999999999467E0,
2.599999999923E1));
#1457=CARTESIAN_POINT('',(-2.564619875174E-10,-4.999999999467E0,
-2.599999999923E1));
#1458=CARTESIAN_POINT('',(1.561029614337E-1,-4.999999999527E0,
-2.599999999923E1));
#1459=CARTESIAN_POINT('',(4.587160825903E-1,-4.963282649048E0,
-2.599706451062E1));
#1460=CARTESIAN_POINT('',(8.589812919474E-1,-4.821129393432E0,
-2.598668207039E1));
#1461=CARTESIAN_POINT('',(1.205767878766E0,-4.614327870528E0,
-2.597257738380E1));
#1462=CARTESIAN_POINT('',(1.543443316454E0,-4.302384024732E0,
-2.595490196203E1));
#1463=CARTESIAN_POINT('',(1.809738384580E0,-3.893463400489E0,
-2.593727488081E1));
#1464=CARTESIAN_POINT('',(1.962290221876E0,-3.467141418906E0,
-2.592595118873E1));
#1465=CARTESIAN_POINT('',(2.000000002965E0,-3.155865021121E0,
-2.592296279449E1));
#1466=CARTESIAN_POINT('',(2.000000002965E0,-3.E0,-2.592296279449E1));
#1468=CARTESIAN_POINT('',(-1.999999995876E0,-3.000000000547E0,
-2.592296279504E1));
#1469=CARTESIAN_POINT('',(-1.999999995812E0,-3.156576063984E0,
-2.592296279504E1));
#1470=CARTESIAN_POINT('',(-1.962958357003E0,-3.459325719817E0,
-2.592593390542E1));
#1471=CARTESIAN_POINT('',(-1.822350401624E0,-3.855765346418E0,
-2.593621977687E1));
#1472=CARTESIAN_POINT('',(-1.617643740128E0,-4.201215896633E0,
-2.595023453293E1));
#1473=CARTESIAN_POINT('',(-1.306604907609E0,-4.539997331499E0,
-2.596791303977E1));
#1474=CARTESIAN_POINT('',(-8.965120184377E-1,-4.808499933328E0,
-2.598563065232E1));
#1475=CARTESIAN_POINT('',(-4.673865768265E-1,-4.962388543701E0,
-2.599702930643E1));
#1476=CARTESIAN_POINT('',(-1.557793440505E-1,-4.999999999407E0,
-2.599999999923E1));
#1477=CARTESIAN_POINT('',(-2.564619875174E-10,-4.999999999467E0,
-2.599999999923E1));
#1479=DIRECTION('',(4.160122876973E-10,0.E0,-1.E0));
#1480=VECTOR('',#1479,7.922962794491E0);
#1481=CARTESIAN_POINT('',(1.999999999669E0,-3.E0,-1.8E1));
#1482=LINE('',#1481,#1480);
#1483=CARTESIAN_POINT('',(2.000000002965E0,-3.E0,-2.592296279449E1));
#1484=CARTESIAN_POINT('',(2.000000002965E0,-2.843564816871E0,
-2.592296279449E1));
#1485=CARTESIAN_POINT('',(1.963050785254E0,-2.540856829172E0,
-2.592592588489E1));
#1486=CARTESIAN_POINT('',(1.822019283419E0,-2.143351439887E0,
-2.593624675758E1));
#1487=CARTESIAN_POINT('',(1.616669012989E0,-1.797418450505E0,
-2.595029478386E1));
#1488=CARTESIAN_POINT('',(1.305223985937E0,-1.458874310946E0,
-2.596797993126E1));
#1489=CARTESIAN_POINT('',(8.956277460494E-1,-1.191152166598E0,
-2.598565906822E1));
#1490=CARTESIAN_POINT('',(4.672933762469E-1,-1.037631074415E0,
-2.599702665211E1));
#1491=CARTESIAN_POINT('',(1.558002814467E-1,-1.000000000501E0,
-2.599999999923E1));
#1492=CARTESIAN_POINT('',(-1.367377417313E-10,-1.000000000533E0,
-2.599999999923E1));
#1494=CARTESIAN_POINT('',(-1.367377417313E-10,-1.000000000533E0,
-2.599999999923E1));
#1495=CARTESIAN_POINT('',(-1.562357579658E-1,-1.000000000565E0,
-2.599999999923E1));
#1496=CARTESIAN_POINT('',(-4.589218586099E-1,-1.036795398097E0,
-2.599705668391E1));
#1497=CARTESIAN_POINT('',(-8.584404970316E-1,-1.178684831977E0,
-2.598669953253E1));
#1498=CARTESIAN_POINT('',(-1.204804879168E0,-1.384966358394E0,
-2.597262092701E1));
#1499=CARTESIAN_POINT('',(-1.542832441143E0,-1.696853305306E0,
-2.595493888782E1));
#1500=CARTESIAN_POINT('',(-1.809461780894E0,-2.105909578622E0,
-2.593729498431E1));
#1501=CARTESIAN_POINT('',(-1.962265557930E0,-2.532627972738E0,
-2.592595339508E1));
#1502=CARTESIAN_POINT('',(-1.999999995940E0,-2.844068470634E0,
-2.592296279503E1));
#1503=CARTESIAN_POINT('',(-1.999999995876E0,-3.000000000547E0,
-2.592296279504E1));
#1505=DIRECTION('',(-4.787521639989E-10,0.E0,1.E0));
#1506=VECTOR('',#1505,7.922962795038E0);
#1507=CARTESIAN_POINT('',(-1.999999995876E0,-3.000000000547E0,
-2.592296279504E1));
#1508=LINE('',#1507,#1506);
#1509=CARTESIAN_POINT('',(0.E0,-3.E0,-1.8E1));
#1510=DIRECTION('',(0.E0,0.E0,-1.E0));
#1511=DIRECTION('',(1.E0,0.E0,0.E0));
#1512=AXIS2_PLACEMENT_3D('',#1509,#1510,#1511);
#1514=CARTESIAN_POINT('',(0.E0,-3.E0,-1.8E1));
#1515=DIRECTION('',(0.E0,0.E0,-1.E0));
#1516=DIRECTION('',(-1.E0,0.E0,0.E0));
#1517=AXIS2_PLACEMENT_3D('',#1514,#1515,#1516);
#1519=DIRECTION('',(1.899890714073E-8,7.071067811866E-1,-7.071067811865E-1));
#1520=VECTOR('',#1519,2.828427124746E-1);
#1521=CARTESIAN_POINT('',(-1.066536673648E-8,-2.E-1,2.6E1));
#1522=LINE('',#1521,#1520);
#1523=CARTESIAN_POINT('',(0.E0,-2.E-1,0.E0));
#1524=DIRECTION('',(0.E0,1.E0,0.E0));
#1525=DIRECTION('',(0.E0,0.E0,-1.E0));
#1526=AXIS2_PLACEMENT_3D('',#1523,#1524,#1525);
#1528=DIRECTION('',(1.870884731786E-8,-7.071067811866E-1,-7.071067811865E-1));
#1529=VECTOR('',#1528,2.828427124746E-1);
#1530=CARTESIAN_POINT('',(-5.291664306739E-9,0.E0,-2.58E1));
#1531=LINE('',#1530,#1529);
#1532=CARTESIAN_POINT('',(0.E0,1.421085471520E-14,0.E0));
#1533=DIRECTION('',(0.E0,-1.E0,0.E0));
#1534=DIRECTION('',(-4.102064129415E-10,0.E0,1.E0));
#1535=AXIS2_PLACEMENT_3D('',#1532,#1533,#1534);
#1537=CARTESIAN_POINT('',(-2.144994431901E1,-3.000000000547E0,
1.469353220437E1));
#1538=CARTESIAN_POINT('',(-2.144994431905E1,-3.169356349787E0,
1.469353220431E1));
#1539=CARTESIAN_POINT('',(-2.147505510627E1,-3.496192632455E0,
1.465703223116E1));
#1540=CARTESIAN_POINT('',(-2.156314302465E1,-3.906664676736E0,
1.452742118375E1));
#1541=CARTESIAN_POINT('',(-2.169723413733E1,-4.283545784436E0,
1.432720322604E1));
#1542=CARTESIAN_POINT('',(-2.190138890554E1,-4.638330124910E0,
1.401334661502E1));
#1543=CARTESIAN_POINT('',(-2.213779853081E1,-4.879654897053E0,
1.363802561553E1));
#1544=CARTESIAN_POINT('',(-2.239049268281E1,-5.004912511486E0,
1.321914644561E1));
#1545=CARTESIAN_POINT('',(-2.264058962212E1,-5.005787517271E0,
1.278609268030E1));
#1546=CARTESIAN_POINT('',(-2.286990207892E1,-4.883067614895E0,
1.237054409500E1));
#1547=CARTESIAN_POINT('',(-2.304474158635E1,-4.691951975653E0,
1.204038463996E1));
#1548=CARTESIAN_POINT('',(-2.321628177022E1,-4.389593882557E0,
1.170684122324E1));
#1549=CARTESIAN_POINT('',(-2.335474692337E1,-3.956370880808E0,
1.142730550287E1));
#1550=CARTESIAN_POINT('',(-2.343082599516E1,-3.503772382025E0,
1.126946774123E1));
#1551=CARTESIAN_POINT('',(-2.344994431782E1,-3.168075955611E0,
1.122943059205E1));
#1552=CARTESIAN_POINT('',(-2.344994431782E1,-3.E0,1.122943059205E1));
#1554=DIRECTION('',(-8.660254035696E-1,0.E0,5.000000003720E-1));
#1555=VECTOR('',#1554,7.922962792792E0);
#1556=CARTESIAN_POINT('',(-1.658845726773E1,-3.E0,7.267949192703E0));
#1557=LINE('',#1556,#1555);
#1558=CARTESIAN_POINT('',(-2.344994431782E1,-3.E0,1.122943059205E1));
#1559=CARTESIAN_POINT('',(-2.344994431782E1,-2.830480012369E0,
1.122943059205E1));
#1560=CARTESIAN_POINT('',(-2.343083988340E1,-2.503566583609E0,
1.126953552523E1));
#1561=CARTESIAN_POINT('',(-2.336284414381E1,-2.094227754023E0,
1.141018565215E1));
#1562=CARTESIAN_POINT('',(-2.325675916384E1,-1.717664151857E0,
1.162591199666E1));
#1563=CARTESIAN_POINT('',(-2.308728223298E1,-1.362643598269E0,
1.195919469649E1));
#1564=CARTESIAN_POINT('',(-2.287997313945E1,-1.120439946528E0,
1.235252421063E1));
#1565=CARTESIAN_POINT('',(-2.264355246572E1,-9.951063351377E-1,
1.278083134857E1));
#1566=CARTESIAN_POINT('',(-2.239318291523E1,-9.942388249824E-1,
1.321460887744E1));
#1567=CARTESIAN_POINT('',(-2.214845248669E1,-1.116877153543E0,
1.362014261716E1));
#1568=CARTESIAN_POINT('',(-2.195084963591E1,-1.306665901455E0,
1.393524382709E1));
#1569=CARTESIAN_POINT('',(-2.174742282689E1,-1.608726086460E0,
1.425116121475E1));
#1570=CARTESIAN_POINT('',(-2.157422173188E1,-2.041715212959E0,
1.451139916874E1));
#1571=CARTESIAN_POINT('',(-2.147498198972E1,-2.496245064126E0,
1.465706810264E1));
#1572=CARTESIAN_POINT('',(-2.144994431897E1,-2.832023093220E0,
1.469353220443E1));
#1573=CARTESIAN_POINT('',(-2.144994431901E1,-3.000000000547E0,
1.469353220437E1));
#1575=DIRECTION('',(8.660254036896E-1,0.E0,-5.000000001643E-1));
#1576=VECTOR('',#1575,7.922962792496E0);
#1577=CARTESIAN_POINT('',(-2.144994431901E1,-3.000000000547E0,
1.469353220437E1));
#1578=LINE('',#1577,#1576);
#1579=CARTESIAN_POINT('',(-1.558845726796E1,-3.E0,8.999999999641E0));
#1580=DIRECTION('',(-8.660254037846E-1,0.E0,4.999999999998E-1));
#1581=DIRECTION('',(-4.999999999998E-1,0.E0,-8.660254037846E-1));
#1582=AXIS2_PLACEMENT_3D('',#1579,#1580,#1581);
#1584=CARTESIAN_POINT('',(-1.558845726796E1,-3.E0,8.999999999641E0));
#1585=DIRECTION('',(-8.660254037846E-1,0.E0,4.999999999998E-1));
#1586=DIRECTION('',(4.999999999998E-1,0.E0,8.660254037846E-1));
#1587=AXIS2_PLACEMENT_3D('',#1584,#1585,#1586);
#1589=CARTESIAN_POINT('',(-2.344994432093E1,-3.000000000547E0,
-1.122943058555E1));
#1590=CARTESIAN_POINT('',(-2.344994432090E1,-3.169356349855E0,
-1.122943058561E1));
#1591=CARTESIAN_POINT('',(-2.343088980965E1,-3.496192632646E0,
-1.126942715368E1));
#1592=CARTESIAN_POINT('',(-2.336268730950E1,-3.906664677031E0,
-1.141051905176E1));
#1593=CARTESIAN_POINT('',(-2.325633902804E1,-4.283545784866E0,
-1.162675434089E1));
#1594=CARTESIAN_POINT('',(-2.308660861380E1,-4.638330125487E0,
-1.196048586206E1));
#1595=CARTESIAN_POINT('',(-2.287977590623E1,-4.879654897694E0,
-1.235288310310E1));
#1596=CARTESIAN_POINT('',(-2.264336297987E1,-5.004912512186E0,
-1.278116224323E1));
#1597=CARTESIAN_POINT('',(-2.239337588746E1,-5.005787517968E0,
-1.321427942892E1));
#1598=CARTESIAN_POINT('',(-2.214815648442E1,-4.883067615548E0,
-1.362064413468E1));
#1599=CARTESIAN_POINT('',(-2.194964976268E1,-4.691951976263E0,
-1.393713931737E1));
#1600=CARTESIAN_POINT('',(-2.174656278256E1,-4.389593883050E0,
-1.425246918263E1));
#1601=CARTESIAN_POINT('',(-2.157371032336E1,-3.956370881140E0,
-1.451215138398E1));
#1602=CARTESIAN_POINT('',(-2.147505835028E1,-3.503772382228E0,
-1.465695667033E1));
#1603=CARTESIAN_POINT('',(-2.144994431758E1,-3.168075955681E0,
-1.469353220646E1));
#1604=CARTESIAN_POINT('',(-2.144994431758E1,-3.E0,-1.469353220646E1));
#1606=DIRECTION('',(-8.660254035638E-1,0.E0,-5.000000003821E-1));
#1607=VECTOR('',#1606,7.922962792014E0);
#1608=CARTESIAN_POINT('',(-1.458845726820E1,-3.E0,-1.073205080742E1));
#1609=LINE('',#1608,#1607);
#1610=CARTESIAN_POINT('',(-2.144994431758E1,-3.E0,-1.469353220646E1));
#1611=CARTESIAN_POINT('',(-2.144994431758E1,-2.830480012279E0,
-1.469353220646E1));
#1612=CARTESIAN_POINT('',(-2.147512399691E1,-2.503566583358E0,
-1.465693480615E1));
#1613=CARTESIAN_POINT('',(-2.156293270786E1,-2.094227753646E0,
-1.452772370809E1));
#1614=CARTESIAN_POINT('',(-2.169671471312E1,-1.717664151306E0,
-1.432798824727E1));
#1615=CARTESIAN_POINT('',(-2.190060753233E1,-1.362643597523E0,
-1.401457556992E1));
#1616=CARTESIAN_POINT('',(-2.213758633698E1,-1.120439945700E0,
-1.363837587123E1));
#1617=CARTESIAN_POINT('',(-2.239030086232E1,-9.951063342297E-1,
-1.321947599262E1));
#1618=CARTESIAN_POINT('',(-2.264077844680E1,-9.942388240813E-1,
-1.278576083690E1));
#1619=CARTESIAN_POINT('',(-2.286961575331E1,-1.116877152700E0,
-1.237105119869E1));
#1620=CARTESIAN_POINT('',(-2.304369998055E1,-1.306665900662E0,
-1.204237150498E1));
#1621=CARTESIAN_POINT('',(-2.321557905934E1,-1.608726085821E0,
-1.170824002659E1));
#1622=CARTESIAN_POINT('',(-2.335435119116E1,-2.041715212529E0,
-1.142812450105E1));
#1623=CARTESIAN_POINT('',(-2.343088431713E1,-2.496245063858E0,
-1.126934589691E1));
#1624=CARTESIAN_POINT('',(-2.344994432096E1,-2.832023093126E0,
-1.122943058549E1));
#1625=CARTESIAN_POINT('',(-2.344994432093E1,-3.000000000547E0,
-1.122943058555E1));
#1627=DIRECTION('',(8.660254039892E-1,0.E0,4.999999996453E-1));
#1628=VECTOR('',#1627,7.922962791951E0);
#1629=CARTESIAN_POINT('',(-2.344994432093E1,-3.000000000547E0,
-1.122943058555E1));
#1630=LINE('',#1629,#1628);
#1631=CARTESIAN_POINT('',(-1.558845726833E1,-3.E0,-8.999999999856E0));
#1632=DIRECTION('',(-8.660254037846E-1,0.E0,-4.999999999998E-1));
#1633=DIRECTION('',(4.999999999998E-1,0.E0,-8.660254037846E-1));
#1634=AXIS2_PLACEMENT_3D('',#1631,#1632,#1633);
#1636=CARTESIAN_POINT('',(-1.558845726833E1,-3.E0,-8.999999999856E0));
#1637=DIRECTION('',(-8.660254037846E-1,0.E0,-4.999999999998E-1));
#1638=DIRECTION('',(-4.999999999998E-1,0.E0,8.660254037846E-1));
#1639=AXIS2_PLACEMENT_3D('',#1636,#1637,#1638);
#1641=DIRECTION('',(4.160122876973E-10,0.E0,-1.E0));
#1642=VECTOR('',#1641,7.922962794491E0);
#1643=CARTESIAN_POINT('',(1.999999999669E0,3.E0,-1.8E1));
#1644=LINE('',#1643,#1642);
#1645=CARTESIAN_POINT('',(2.000000002965E0,3.E0,-2.592296279449E1));
#1646=CARTESIAN_POINT('',(2.000000002965E0,3.156435183129E0,-2.592296279449E1));
#1647=CARTESIAN_POINT('',(1.963050785254E0,3.459143170828E0,-2.592592588489E1));
#1648=CARTESIAN_POINT('',(1.822019283419E0,3.856648560113E0,-2.593624675758E1));
#1649=CARTESIAN_POINT('',(1.616669012989E0,4.202581549495E0,-2.595029478386E1));
#1650=CARTESIAN_POINT('',(1.305223985937E0,4.541125689054E0,-2.596797993126E1));
#1651=CARTESIAN_POINT('',(8.956277460494E-1,4.808847833402E0,
-2.598565906822E1));
#1652=CARTESIAN_POINT('',(4.672933762469E-1,4.962368925585E0,
-2.599702665211E1));
#1653=CARTESIAN_POINT('',(1.558002814467E-1,4.999999999499E0,
-2.599999999923E1));
#1654=CARTESIAN_POINT('',(-1.367377417313E-10,4.999999999467E0,
-2.599999999923E1));
#1656=CARTESIAN_POINT('',(-1.367377417313E-10,4.999999999467E0,
-2.599999999923E1));
#1657=CARTESIAN_POINT('',(-1.562357579658E-1,4.999999999435E0,
-2.599999999923E1));
#1658=CARTESIAN_POINT('',(-4.589218586099E-1,4.963204601903E0,
-2.599705668391E1));
#1659=CARTESIAN_POINT('',(-8.584404970316E-1,4.821315168023E0,
-2.598669953253E1));
#1660=CARTESIAN_POINT('',(-1.204804879168E0,4.615033641606E0,
-2.597262092701E1));
#1661=CARTESIAN_POINT('',(-1.542832441143E0,4.303146694694E0,
-2.595493888782E1));
#1662=CARTESIAN_POINT('',(-1.809461780894E0,3.894090421378E0,
-2.593729498431E1));
#1663=CARTESIAN_POINT('',(-1.962265557930E0,3.467372027262E0,
-2.592595339508E1));
#1664=CARTESIAN_POINT('',(-1.999999995940E0,3.155931529366E0,
-2.592296279503E1));
#1665=CARTESIAN_POINT('',(-1.999999995876E0,2.999999999453E0,
-2.592296279504E1));
#1667=DIRECTION('',(-4.787521639989E-10,0.E0,1.E0));
#1668=VECTOR('',#1667,7.922962795038E0);
#1669=CARTESIAN_POINT('',(-1.999999995876E0,2.999999999453E0,
-2.592296279504E1));
#1670=LINE('',#1669,#1668);
#1671=CARTESIAN_POINT('',(0.E0,3.E0,-1.8E1));
#1672=DIRECTION('',(0.E0,0.E0,-1.E0));
#1673=DIRECTION('',(1.E0,0.E0,0.E0));
#1674=AXIS2_PLACEMENT_3D('',#1671,#1672,#1673);
#1676=CARTESIAN_POINT('',(0.E0,3.E0,-1.8E1));
#1677=DIRECTION('',(0.E0,0.E0,-1.E0));
#1678=DIRECTION('',(-1.E0,0.E0,0.E0));
#1679=AXIS2_PLACEMENT_3D('',#1676,#1677,#1678);
#1681=CARTESIAN_POINT('',(-2.564619875174E-10,1.000000000533E0,
-2.599999999923E1));
#1682=CARTESIAN_POINT('',(1.561029614337E-1,1.000000000473E0,
-2.599999999923E1));
#1683=CARTESIAN_POINT('',(4.587160825903E-1,1.036717350952E0,
-2.599706451062E1));
#1684=CARTESIAN_POINT('',(8.589812919474E-1,1.178870606568E0,
-2.598668207039E1));
#1685=CARTESIAN_POINT('',(1.205767878766E0,1.385672129472E0,-2.597257738380E1));
#1686=CARTESIAN_POINT('',(1.543443316454E0,1.697615975268E0,-2.595490196203E1));
#1687=CARTESIAN_POINT('',(1.809738384580E0,2.106536599511E0,-2.593727488081E1));
#1688=CARTESIAN_POINT('',(1.962290221876E0,2.532858581094E0,-2.592595118873E1));
#1689=CARTESIAN_POINT('',(2.000000002965E0,2.844134978879E0,-2.592296279449E1));
#1690=CARTESIAN_POINT('',(2.000000002965E0,3.E0,-2.592296279449E1));
#1692=CARTESIAN_POINT('',(-1.999999995876E0,2.999999999453E0,
-2.592296279504E1));
#1693=CARTESIAN_POINT('',(-1.999999995812E0,2.843423936016E0,
-2.592296279504E1));
#1694=CARTESIAN_POINT('',(-1.962958357003E0,2.540674280183E0,
-2.592593390542E1));
#1695=CARTESIAN_POINT('',(-1.822350401624E0,2.144234653582E0,
-2.593621977687E1));
#1696=CARTESIAN_POINT('',(-1.617643740128E0,1.798784103367E0,
-2.595023453293E1));
#1697=CARTESIAN_POINT('',(-1.306604907609E0,1.460002668501E0,
-2.596791303977E1));
#1698=CARTESIAN_POINT('',(-8.965120184377E-1,1.191500066672E0,
-2.598563065232E1));
#1699=CARTESIAN_POINT('',(-4.673865768265E-1,1.037611456299E0,
-2.599702930643E1));
#1700=CARTESIAN_POINT('',(-1.557793440505E-1,1.000000000593E0,
-2.599999999923E1));
#1701=CARTESIAN_POINT('',(-2.564619875174E-10,1.000000000533E0,
-2.599999999923E1));
#1703=CARTESIAN_POINT('',(-6.853784626189E-9,1.000000000533E0,
2.599999999923E1));
#1704=CARTESIAN_POINT('',(-1.560515772326E-1,1.000000000473E0,
2.599999999916E1));
#1705=CARTESIAN_POINT('',(-4.586667655144E-1,1.036678193204E0,
2.599706751884E1));
#1706=CARTESIAN_POINT('',(-8.594608571860E-1,1.179060716899E0,
2.598666760768E1));
#1707=CARTESIAN_POINT('',(-1.206427547646E0,1.386138537823E0,2.597254849574E1));
#1708=CARTESIAN_POINT('',(-1.544069311964E0,1.698385141142E0,2.595486503864E1));
#1709=CARTESIAN_POINT('',(-1.809870073348E0,2.106919100701E0,2.593726252575E1));
#1710=CARTESIAN_POINT('',(-1.962267893417E0,2.532833113242E0,2.592595409485E1));
#1711=CARTESIAN_POINT('',(-1.999999997869E0,2.844090283356E0,2.592296279488E1));
#1712=CARTESIAN_POINT('',(-1.999999997869E0,3.E0,2.592296279488E1));
#1714=CARTESIAN_POINT('',(1.999999999421E0,2.999999999453E0,2.592296279476E1));
#1715=CARTESIAN_POINT('',(1.999999999357E0,2.843512679980E0,2.592296279477E1));
#1716=CARTESIAN_POINT('',(1.963012040640E0,2.540805909395E0,2.592592888250E1));
#1717=CARTESIAN_POINT('',(1.822204515442E0,2.143822896439E0,2.593623258900E1));
#1718=CARTESIAN_POINT('',(1.617136653304E0,1.798082840008E0,2.595026579778E1));
#1719=CARTESIAN_POINT('',(1.305989714420E0,1.459502248745E0,2.596794295970E1));
#1720=CARTESIAN_POINT('',(8.960365871467E-1,1.191297473607E0,2.598564581208E1));
#1721=CARTESIAN_POINT('',(4.672668276561E-1,1.037606321251E0,2.599702970569E1));
#1722=CARTESIAN_POINT('',(1.557548545959E-1,1.000000000593E0,2.599999999929E1));
#1723=CARTESIAN_POINT('',(-6.853784626189E-9,1.000000000533E0,
2.599999999923E1));
#1725=DIRECTION('',(2.272319534855E-10,0.E0,1.E0));
#1726=VECTOR('',#1725,7.922962794884E0);
#1727=CARTESIAN_POINT('',(-1.999999999669E0,3.E0,1.8E1));
#1728=LINE('',#1727,#1726);
#1729=CARTESIAN_POINT('',(-1.999999997869E0,3.E0,2.592296279488E1));
#1730=CARTESIAN_POINT('',(-1.999999997869E0,3.156621714129E0,2.592296279488E1));
#1731=CARTESIAN_POINT('',(-1.962935356507E0,3.459402881555E0,2.592593664647E1));
#1732=CARTESIAN_POINT('',(-1.822376463364E0,3.855662691642E0,2.593621606348E1));
#1733=CARTESIAN_POINT('',(-1.617848416448E0,4.200937935381E0,2.595022170412E1));
#1734=CARTESIAN_POINT('',(-1.306760926573E0,4.539877438124E0,2.596790548376E1));
#1735=CARTESIAN_POINT('',(-8.966768967772E-1,4.808418606060E0,
2.598562525249E1));
#1736=CARTESIAN_POINT('',(-4.675023141443E-1,4.962368768079E0,
2.599702747863E1));
#1737=CARTESIAN_POINT('',(-1.558229965579E-1,4.999999999499E0,
2.599999999916E1));
#1738=CARTESIAN_POINT('',(-6.973508871975E-9,4.999999999467E0,
2.599999999923E1));
#1740=CARTESIAN_POINT('',(-6.973508871975E-9,4.999999999467E0,
2.599999999923E1));
#1741=CARTESIAN_POINT('',(1.561907388387E-1,4.999999999435E0,2.599999999929E1));
#1742=CARTESIAN_POINT('',(4.588458804710E-1,4.963228148591E0,2.599705945180E1));
#1743=CARTESIAN_POINT('',(8.585542853449E-1,4.821283458086E0,2.598669542071E1));
#1744=CARTESIAN_POINT('',(1.205076222123E0,4.614831667762E0,2.597260834593E1));
#1745=CARTESIAN_POINT('',(1.542948589485E0,4.302995279562E0,2.595493156013E1));
#1746=CARTESIAN_POINT('',(1.809542466152E0,3.893926514363E0,2.593728961684E1));
#1747=CARTESIAN_POINT('',(1.962284802213E0,3.467258490037E0,2.592595160038E1));
#1748=CARTESIAN_POINT('',(1.999999999485E0,3.155888662508E0,2.592296279476E1));
#1749=CARTESIAN_POINT('',(1.999999999421E0,2.999999999453E0,2.592296279476E1));
#1751=DIRECTION('',(3.136995217898E-11,0.E0,-1.E0));
#1752=VECTOR('',#1751,7.922962794765E0);
#1753=CARTESIAN_POINT('',(1.999999999421E0,2.999999999453E0,2.592296279476E1));
#1754=LINE('',#1753,#1752);
#1755=CARTESIAN_POINT('',(0.E0,3.E0,1.8E1));
#1756=DIRECTION('',(0.E0,0.E0,1.E0));
#1757=DIRECTION('',(-1.E0,0.E0,0.E0));
#1758=AXIS2_PLACEMENT_3D('',#1755,#1756,#1757);
#1760=CARTESIAN_POINT('',(0.E0,3.E0,1.8E1));
#1761=DIRECTION('',(0.E0,0.E0,1.E0));
#1762=DIRECTION('',(1.E0,0.E0,0.E0));
#1763=AXIS2_PLACEMENT_3D('',#1760,#1761,#1762);
#1765=CARTESIAN_POINT('',(2.344994431872E1,2.999999999453E0,1.122943059016E1));
#1766=CARTESIAN_POINT('',(2.344994431869E1,2.830643650145E0,1.122943059022E1));
#1767=CARTESIAN_POINT('',(2.343088981068E1,2.503807367354E0,1.126942715154E1));
#1768=CARTESIAN_POINT('',(2.336268730922E1,2.093335322969E0,1.141051905234E1));
#1769=CARTESIAN_POINT('',(2.325633902811E1,1.716454215134E0,1.162675434074E1));
#1770=CARTESIAN_POINT('',(2.308660861378E1,1.361669874513E0,1.196048586210E1));
#1771=CARTESIAN_POINT('',(2.287977590624E1,1.120345102306E0,1.235288310309E1));
#1772=CARTESIAN_POINT('',(2.264336297987E1,9.950874878143E-1,1.278116224323E1));
#1773=CARTESIAN_POINT('',(2.239337588747E1,9.942124820319E-1,1.321427942892E1));
#1774=CARTESIAN_POINT('',(2.214815648442E1,1.116932384452E0,1.362064413469E1));
#1775=CARTESIAN_POINT('',(2.194964976270E1,1.308048023737E0,1.393713931735E1));
#1776=CARTESIAN_POINT('',(2.174656278250E1,1.610406116950E0,1.425246918272E1));
#1777=CARTESIAN_POINT('',(2.157371032361E1,2.043629118860E0,1.451215138361E1));
#1778=CARTESIAN_POINT('',(2.147505834934E1,2.496227617772E0,1.465695667169E1));
#1779=CARTESIAN_POINT('',(2.144994431959E1,2.831924044319E0,1.469353220352E1));
#1780=CARTESIAN_POINT('',(2.144994431959E1,3.E0,1.469353220352E1));
#1782=DIRECTION('',(8.660254037875E-1,0.E0,4.999999999947E-1));
#1783=VECTOR('',#1782,7.922962792288E0);
#1784=CARTESIAN_POINT('',(1.458845726820E1,3.E0,1.073205080742E1));
#1785=LINE('',#1784,#1783);
#1786=CARTESIAN_POINT('',(2.144994431959E1,3.E0,1.469353220352E1));
#1787=CARTESIAN_POINT('',(2.144994431959E1,3.169519987721E0,1.469353220352E1));
#1788=CARTESIAN_POINT('',(2.147512399598E1,3.496433416642E0,1.465693480751E1));
#1789=CARTESIAN_POINT('',(2.156293270811E1,3.905772246354E0,1.452772370773E1));
#1790=CARTESIAN_POINT('',(2.169671471306E1,4.282335848694E0,1.432798824736E1));
#1791=CARTESIAN_POINT('',(2.190060753235E1,4.637356402477E0,1.401457556990E1));
#1792=CARTESIAN_POINT('',(2.213758633698E1,4.879560054300E0,1.363837587124E1));
#1793=CARTESIAN_POINT('',(2.239030086232E1,5.004893665770E0,1.321947599262E1));
#1794=CARTESIAN_POINT('',(2.264077844680E1,5.005761175919E0,1.278576083691E1));
#1795=CARTESIAN_POINT('',(2.286961575332E1,4.883122847300E0,1.237105119868E1));
#1796=CARTESIAN_POINT('',(2.304369998053E1,4.693334099338E0,1.204237150502E1));
#1797=CARTESIAN_POINT('',(2.321557905941E1,4.391273914179E0,1.170824002643E1));
#1798=CARTESIAN_POINT('',(2.335435119089E1,3.958284787471E0,1.142812450162E1));
#1799=CARTESIAN_POINT('',(2.343088431815E1,3.503754936142E0,1.126934589477E1));
#1800=CARTESIAN_POINT('',(2.344994431875E1,3.167976906874E0,1.122943059010E1));
#1801=CARTESIAN_POINT('',(2.344994431872E1,2.999999999453E0,1.122943059016E1));
#1803=DIRECTION('',(-8.660254036676E-1,0.E0,-5.000000002024E-1));
#1804=VECTOR('',#1803,7.922962792345E0);
#1805=CARTESIAN_POINT('',(2.344994431872E1,2.999999999453E0,1.122943059016E1));
#1806=LINE('',#1805,#1804);
#1807=CARTESIAN_POINT('',(1.558845726833E1,3.E0,8.999999999856E0));
#1808=DIRECTION('',(8.660254037846E-1,0.E0,4.999999999998E-1));
#1809=DIRECTION('',(-4.999999999998E-1,0.E0,8.660254037846E-1));
#1810=AXIS2_PLACEMENT_3D('',#1807,#1808,#1809);
#1812=CARTESIAN_POINT('',(1.558845726833E1,3.E0,8.999999999856E0));
#1813=DIRECTION('',(8.660254037846E-1,0.E0,4.999999999998E-1));
#1814=DIRECTION('',(4.999999999998E-1,0.E0,-8.660254037846E-1));
#1815=AXIS2_PLACEMENT_3D('',#1812,#1813,#1814);
#1817=CARTESIAN_POINT('',(2.144994432190E1,2.999999999453E0,-1.469353220015E1));
#1818=CARTESIAN_POINT('',(2.144994432194E1,2.830643650213E0,-1.469353220009E1));
#1819=CARTESIAN_POINT('',(2.147505510493E1,2.503807367545E0,-1.465703223312E1));
#1820=CARTESIAN_POINT('',(2.156314302500E1,2.093335323264E0,-1.452742118323E1));
#1821=CARTESIAN_POINT('',(2.169723413724E1,1.716454215564E0,-1.432720322618E1));
#1822=CARTESIAN_POINT('',(2.190138890557E1,1.361669875090E0,-1.401334661498E1));
#1823=CARTESIAN_POINT('',(2.213779853081E1,1.120345102947E0,-1.363802561554E1));
#1824=CARTESIAN_POINT('',(2.239049268281E1,9.950874885145E-1,
-1.321914644561E1));
#1825=CARTESIAN_POINT('',(2.264058962213E1,9.942124827291E-1,
-1.278609268030E1));
#1826=CARTESIAN_POINT('',(2.286990207892E1,1.116932385105E0,-1.237054409501E1));
#1827=CARTESIAN_POINT('',(2.304474158637E1,1.308048024347E0,-1.204038463991E1));
#1828=CARTESIAN_POINT('',(2.321628177015E1,1.610406117443E0,-1.170684122339E1));
#1829=CARTESIAN_POINT('',(2.335474692365E1,2.043629119192E0,-1.142730550230E1));
#1830=CARTESIAN_POINT('',(2.343082599414E1,2.496227617975E0,-1.126946774337E1));
#1831=CARTESIAN_POINT('',(2.344994432003E1,2.831924044389E0,-1.122943058744E1));
#1832=CARTESIAN_POINT('',(2.344994432003E1,3.E0,-1.122943058744E1));
#1834=DIRECTION('',(8.660254038913E-1,0.E0,-4.999999998150E-1));
#1835=VECTOR('',#1834,7.922962792399E0);
#1836=CARTESIAN_POINT('',(1.658845726773E1,3.E0,-7.267949192703E0));
#1837=LINE('',#1836,#1835);
#1838=CARTESIAN_POINT('',(2.344994432003E1,3.E0,-1.122943058744E1));
#1839=CARTESIAN_POINT('',(2.344994432003E1,3.169519987631E0,-1.122943058744E1));
#1840=CARTESIAN_POINT('',(2.343083988237E1,3.496433416391E0,-1.126953552737E1));
#1841=CARTESIAN_POINT('',(2.336284414409E1,3.905772245977E0,-1.141018565158E1));
#1842=CARTESIAN_POINT('',(2.325675916376E1,4.282335848143E0,-1.162591199681E1));
#1843=CARTESIAN_POINT('',(2.308728223300E1,4.637356401731E0,-1.195919469645E1));
#1844=CARTESIAN_POINT('',(2.287997313944E1,4.879560053472E0,-1.235252421064E1));
#1845=CARTESIAN_POINT('',(2.264355246572E1,5.004893664862E0,-1.278083134857E1));
#1846=CARTESIAN_POINT('',(2.239318291523E1,5.005761175018E0,-1.321460887744E1));
#1847=CARTESIAN_POINT('',(2.214845248668E1,4.883122846457E0,-1.362014261717E1));
#1848=CARTESIAN_POINT('',(2.195084963594E1,4.693334098545E0,-1.393524382705E1));
#1849=CARTESIAN_POINT('',(2.174742282680E1,4.391273913540E0,-1.425116121489E1));
#1850=CARTESIAN_POINT('',(2.157422173223E1,3.958284787041E0,-1.451139916822E1));
#1851=CARTESIAN_POINT('',(2.147498198838E1,3.503754935874E0,-1.465706810459E1));
#1852=CARTESIAN_POINT('',(2.144994432186E1,3.167976906780E0,-1.469353220021E1));
#1853=CARTESIAN_POINT('',(2.144994432190E1,2.999999999453E0,-1.469353220015E1));
#1855=DIRECTION('',(-8.660254040112E-1,0.E0,4.999999996072E-1));
#1856=VECTOR('',#1855,7.922962792889E0);
#1857=CARTESIAN_POINT('',(2.144994432190E1,2.999999999453E0,-1.469353220015E1));
#1858=LINE('',#1857,#1856);
#1859=CARTESIAN_POINT('',(1.558845726796E1,3.E0,-8.999999999641E0));
#1860=DIRECTION('',(8.660254037846E-1,0.E0,-4.999999999998E-1));
#1861=DIRECTION('',(4.999999999998E-1,0.E0,8.660254037846E-1));
#1862=AXIS2_PLACEMENT_3D('',#1859,#1860,#1861);
#1864=CARTESIAN_POINT('',(1.558845726796E1,3.E0,-8.999999999641E0));
#1865=DIRECTION('',(8.660254037846E-1,0.E0,-4.999999999998E-1));
#1866=DIRECTION('',(-4.999999999998E-1,0.E0,-8.660254037846E-1));
#1867=AXIS2_PLACEMENT_3D('',#1864,#1865,#1866);
#1869=CARTESIAN_POINT('',(-2.344994432093E1,2.999999999453E0,
-1.122943058555E1));
#1870=CARTESIAN_POINT('',(-2.344994432090E1,2.830643650145E0,
-1.122943058561E1));
#1871=CARTESIAN_POINT('',(-2.343088980965E1,2.503807367354E0,
-1.126942715368E1));
#1872=CARTESIAN_POINT('',(-2.336268730950E1,2.093335322969E0,
-1.141051905176E1));
#1873=CARTESIAN_POINT('',(-2.325633902804E1,1.716454215134E0,
-1.162675434089E1));
#1874=CARTESIAN_POINT('',(-2.308660861380E1,1.361669874513E0,
-1.196048586206E1));
#1875=CARTESIAN_POINT('',(-2.287977590623E1,1.120345102306E0,
-1.235288310310E1));
#1876=CARTESIAN_POINT('',(-2.264336297987E1,9.950874878143E-1,
-1.278116224323E1));
#1877=CARTESIAN_POINT('',(-2.239337588746E1,9.942124820319E-1,
-1.321427942892E1));
#1878=CARTESIAN_POINT('',(-2.214815648442E1,1.116932384452E0,
-1.362064413468E1));
#1879=CARTESIAN_POINT('',(-2.194964976268E1,1.308048023737E0,
-1.393713931737E1));
#1880=CARTESIAN_POINT('',(-2.174656278256E1,1.610406116950E0,
-1.425246918263E1));
#1881=CARTESIAN_POINT('',(-2.157371032336E1,2.043629118860E0,
-1.451215138398E1));
#1882=CARTESIAN_POINT('',(-2.147505835028E1,2.496227617772E0,
-1.465695667033E1));
#1883=CARTESIAN_POINT('',(-2.144994431758E1,2.831924044319E0,
-1.469353220646E1));
#1884=CARTESIAN_POINT('',(-2.144994431758E1,3.E0,-1.469353220646E1));
#1886=DIRECTION('',(-8.660254035638E-1,0.E0,-5.000000003821E-1));
#1887=VECTOR('',#1886,7.922962792014E0);
#1888=CARTESIAN_POINT('',(-1.458845726820E1,3.E0,-1.073205080742E1));
#1889=LINE('',#1888,#1887);
#1890=CARTESIAN_POINT('',(-2.144994431758E1,3.E0,-1.469353220646E1));
#1891=CARTESIAN_POINT('',(-2.144994431758E1,3.169519987721E0,
-1.469353220646E1));
#1892=CARTESIAN_POINT('',(-2.147512399691E1,3.496433416642E0,
-1.465693480615E1));
#1893=CARTESIAN_POINT('',(-2.156293270786E1,3.905772246354E0,
-1.452772370809E1));
#1894=CARTESIAN_POINT('',(-2.169671471312E1,4.282335848694E0,
-1.432798824727E1));
#1895=CARTESIAN_POINT('',(-2.190060753233E1,4.637356402477E0,
-1.401457556992E1));
#1896=CARTESIAN_POINT('',(-2.213758633698E1,4.879560054300E0,
-1.363837587123E1));
#1897=CARTESIAN_POINT('',(-2.239030086232E1,5.004893665770E0,
-1.321947599262E1));
#1898=CARTESIAN_POINT('',(-2.264077844680E1,5.005761175919E0,
-1.278576083690E1));
#1899=CARTESIAN_POINT('',(-2.286961575331E1,4.883122847300E0,
-1.237105119869E1));
#1900=CARTESIAN_POINT('',(-2.304369998055E1,4.693334099338E0,
-1.204237150498E1));
#1901=CARTESIAN_POINT('',(-2.321557905934E1,4.391273914179E0,
-1.170824002659E1));
#1902=CARTESIAN_POINT('',(-2.335435119116E1,3.958284787471E0,
-1.142812450105E1));
#1903=CARTESIAN_POINT('',(-2.343088431713E1,3.503754936142E0,
-1.126934589691E1));
#1904=CARTESIAN_POINT('',(-2.344994432096E1,3.167976906874E0,
-1.122943058549E1));
#1905=CARTESIAN_POINT('',(-2.344994432093E1,2.999999999453E0,
-1.122943058555E1));
#1907=DIRECTION('',(8.660254039892E-1,0.E0,4.999999996453E-1));
#1908=VECTOR('',#1907,7.922962791951E0);
#1909=CARTESIAN_POINT('',(-2.344994432093E1,2.999999999453E0,
-1.122943058555E1));
#1910=LINE('',#1909,#1908);
#1911=CARTESIAN_POINT('',(-1.558845726833E1,3.E0,-8.999999999856E0));
#1912=DIRECTION('',(-8.660254037846E-1,0.E0,-4.999999999998E-1));
#1913=DIRECTION('',(4.999999999998E-1,0.E0,-8.660254037846E-1));
#1914=AXIS2_PLACEMENT_3D('',#1911,#1912,#1913);
#1916=CARTESIAN_POINT('',(-1.558845726833E1,3.E0,-8.999999999856E0));
#1917=DIRECTION('',(-8.660254037846E-1,0.E0,-4.999999999998E-1));
#1918=DIRECTION('',(-4.999999999998E-1,0.E0,8.660254037846E-1));
#1919=AXIS2_PLACEMENT_3D('',#1916,#1917,#1918);
#1921=CARTESIAN_POINT('',(-2.144994431901E1,2.999999999453E0,1.469353220437E1));
#1922=CARTESIAN_POINT('',(-2.144994431905E1,2.830643650213E0,1.469353220431E1));
#1923=CARTESIAN_POINT('',(-2.147505510627E1,2.503807367545E0,1.465703223116E1));
#1924=CARTESIAN_POINT('',(-2.156314302465E1,2.093335323264E0,1.452742118375E1));
#1925=CARTESIAN_POINT('',(-2.169723413733E1,1.716454215564E0,1.432720322604E1));
#1926=CARTESIAN_POINT('',(-2.190138890554E1,1.361669875090E0,1.401334661502E1));
#1927=CARTESIAN_POINT('',(-2.213779853081E1,1.120345102947E0,1.363802561553E1));
#1928=CARTESIAN_POINT('',(-2.239049268281E1,9.950874885145E-1,
1.321914644561E1));
#1929=CARTESIAN_POINT('',(-2.264058962212E1,9.942124827291E-1,
1.278609268030E1));
#1930=CARTESIAN_POINT('',(-2.286990207892E1,1.116932385105E0,1.237054409500E1));
#1931=CARTESIAN_POINT('',(-2.304474158635E1,1.308048024347E0,1.204038463996E1));
#1932=CARTESIAN_POINT('',(-2.321628177022E1,1.610406117443E0,1.170684122324E1));
#1933=CARTESIAN_POINT('',(-2.335474692337E1,2.043629119192E0,1.142730550287E1));
#1934=CARTESIAN_POINT('',(-2.343082599516E1,2.496227617975E0,1.126946774123E1));
#1935=CARTESIAN_POINT('',(-2.344994431782E1,2.831924044389E0,1.122943059205E1));
#1936=CARTESIAN_POINT('',(-2.344994431782E1,3.E0,1.122943059205E1));
#1938=DIRECTION('',(-8.660254035696E-1,0.E0,5.000000003720E-1));
#1939=VECTOR('',#1938,7.922962792792E0);
#1940=CARTESIAN_POINT('',(-1.658845726773E1,3.E0,7.267949192703E0));
#1941=LINE('',#1940,#1939);
#1942=CARTESIAN_POINT('',(-2.344994431782E1,3.E0,1.122943059205E1));
#1943=CARTESIAN_POINT('',(-2.344994431782E1,3.169519987631E0,1.122943059205E1));
#1944=CARTESIAN_POINT('',(-2.343083988340E1,3.496433416391E0,1.126953552523E1));
#1945=CARTESIAN_POINT('',(-2.336284414381E1,3.905772245977E0,1.141018565215E1));
#1946=CARTESIAN_POINT('',(-2.325675916384E1,4.282335848143E0,1.162591199666E1));
#1947=CARTESIAN_POINT('',(-2.308728223298E1,4.637356401731E0,1.195919469649E1));
#1948=CARTESIAN_POINT('',(-2.287997313945E1,4.879560053472E0,1.235252421063E1));
#1949=CARTESIAN_POINT('',(-2.264355246572E1,5.004893664862E0,1.278083134857E1));
#1950=CARTESIAN_POINT('',(-2.239318291523E1,5.005761175018E0,1.321460887744E1));
#1951=CARTESIAN_POINT('',(-2.214845248669E1,4.883122846457E0,1.362014261716E1));
#1952=CARTESIAN_POINT('',(-2.195084963591E1,4.693334098545E0,1.393524382709E1));
#1953=CARTESIAN_POINT('',(-2.174742282689E1,4.391273913540E0,1.425116121475E1));
#1954=CARTESIAN_POINT('',(-2.157422173188E1,3.958284787041E0,1.451139916874E1));
#1955=CARTESIAN_POINT('',(-2.147498198972E1,3.503754935874E0,1.465706810264E1));
#1956=CARTESIAN_POINT('',(-2.144994431897E1,3.167976906780E0,1.469353220443E1));
#1957=CARTESIAN_POINT('',(-2.144994431901E1,2.999999999453E0,1.469353220437E1));
#1959=DIRECTION('',(8.660254036896E-1,0.E0,-5.000000001643E-1));
#1960=VECTOR('',#1959,7.922962792496E0);
#1961=CARTESIAN_POINT('',(-2.144994431901E1,2.999999999453E0,1.469353220437E1));
#1962=LINE('',#1961,#1960);
#1963=CARTESIAN_POINT('',(-1.558845726796E1,3.E0,8.999999999641E0));
#1964=DIRECTION('',(-8.660254037846E-1,0.E0,4.999999999998E-1));
#1965=DIRECTION('',(-4.999999999998E-1,0.E0,-8.660254037846E-1));
#1966=AXIS2_PLACEMENT_3D('',#1963,#1964,#1965);
#1968=CARTESIAN_POINT('',(-1.558845726796E1,3.E0,8.999999999641E0));
#1969=DIRECTION('',(-8.660254037846E-1,0.E0,4.999999999998E-1));
#1970=DIRECTION('',(4.999999999998E-1,0.E0,8.660254037846E-1));
#1971=AXIS2_PLACEMENT_3D('',#1968,#1969,#1970);
#1973=CARTESIAN_POINT('',(2.344994431872E1,-3.000000000547E0,1.122943059016E1));
#1974=CARTESIAN_POINT('',(2.344994431869E1,-3.169356349855E0,1.122943059022E1));
#1975=CARTESIAN_POINT('',(2.343088981068E1,-3.496192632646E0,1.126942715154E1));
#1976=CARTESIAN_POINT('',(2.336268730922E1,-3.906664677031E0,1.141051905234E1));
#1977=CARTESIAN_POINT('',(2.325633902811E1,-4.283545784866E0,1.162675434074E1));
#1978=CARTESIAN_POINT('',(2.308660861378E1,-4.638330125487E0,1.196048586210E1));
#1979=CARTESIAN_POINT('',(2.287977590624E1,-4.879654897694E0,1.235288310309E1));
#1980=CARTESIAN_POINT('',(2.264336297987E1,-5.004912512186E0,1.278116224323E1));
#1981=CARTESIAN_POINT('',(2.239337588747E1,-5.005787517968E0,1.321427942892E1));
#1982=CARTESIAN_POINT('',(2.214815648442E1,-4.883067615548E0,1.362064413469E1));
#1983=CARTESIAN_POINT('',(2.194964976270E1,-4.691951976263E0,1.393713931735E1));
#1984=CARTESIAN_POINT('',(2.174656278250E1,-4.389593883050E0,1.425246918272E1));
#1985=CARTESIAN_POINT('',(2.157371032361E1,-3.956370881140E0,1.451215138361E1));
#1986=CARTESIAN_POINT('',(2.147505834934E1,-3.503772382228E0,1.465695667169E1));
#1987=CARTESIAN_POINT('',(2.144994431959E1,-3.168075955681E0,1.469353220352E1));
#1988=CARTESIAN_POINT('',(2.144994431959E1,-3.E0,1.469353220352E1));
#1990=DIRECTION('',(8.660254037875E-1,0.E0,4.999999999947E-1));
#1991=VECTOR('',#1990,7.922962792288E0);
#1992=CARTESIAN_POINT('',(1.458845726820E1,-3.E0,1.073205080742E1));
#1993=LINE('',#1992,#1991);
#1994=CARTESIAN_POINT('',(2.144994431959E1,-3.E0,1.469353220352E1));
#1995=CARTESIAN_POINT('',(2.144994431959E1,-2.830480012279E0,1.469353220352E1));
#1996=CARTESIAN_POINT('',(2.147512399598E1,-2.503566583358E0,1.465693480751E1));
#1997=CARTESIAN_POINT('',(2.156293270811E1,-2.094227753646E0,1.452772370773E1));
#1998=CARTESIAN_POINT('',(2.169671471306E1,-1.717664151306E0,1.432798824736E1));
#1999=CARTESIAN_POINT('',(2.190060753235E1,-1.362643597523E0,1.401457556990E1));
#2000=CARTESIAN_POINT('',(2.213758633698E1,-1.120439945700E0,1.363837587124E1));
#2001=CARTESIAN_POINT('',(2.239030086232E1,-9.951063342297E-1,
1.321947599262E1));
#2002=CARTESIAN_POINT('',(2.264077844680E1,-9.942388240813E-1,
1.278576083691E1));
#2003=CARTESIAN_POINT('',(2.286961575332E1,-1.116877152700E0,1.237105119868E1));
#2004=CARTESIAN_POINT('',(2.304369998053E1,-1.306665900662E0,1.204237150502E1));
#2005=CARTESIAN_POINT('',(2.321557905941E1,-1.608726085821E0,1.170824002643E1));
#2006=CARTESIAN_POINT('',(2.335435119089E1,-2.041715212529E0,1.142812450162E1));
#2007=CARTESIAN_POINT('',(2.343088431815E1,-2.496245063858E0,1.126934589477E1));
#2008=CARTESIAN_POINT('',(2.344994431875E1,-2.832023093126E0,1.122943059010E1));
#2009=CARTESIAN_POINT('',(2.344994431872E1,-3.000000000547E0,1.122943059016E1));
#2011=DIRECTION('',(-8.660254036676E-1,0.E0,-5.000000002024E-1));
#2012=VECTOR('',#2011,7.922962792345E0);
#2013=CARTESIAN_POINT('',(2.344994431872E1,-3.000000000547E0,1.122943059016E1));
#2014=LINE('',#2013,#2012);
#2015=CARTESIAN_POINT('',(1.558845726833E1,-3.E0,8.999999999856E0));
#2016=DIRECTION('',(8.660254037846E-1,0.E0,4.999999999998E-1));
#2017=DIRECTION('',(-4.999999999998E-1,0.E0,8.660254037846E-1));
#2018=AXIS2_PLACEMENT_3D('',#2015,#2016,#2017);
#2020=CARTESIAN_POINT('',(1.558845726833E1,-3.E0,8.999999999856E0));
#2021=DIRECTION('',(8.660254037846E-1,0.E0,4.999999999998E-1));
#2022=DIRECTION('',(4.999999999998E-1,0.E0,-8.660254037846E-1));
#2023=AXIS2_PLACEMENT_3D('',#2020,#2021,#2022);
#2025=CARTESIAN_POINT('',(1.658845726773E1,-3.E0,-7.267949192703E0));
#2026=CARTESIAN_POINT('',(2.344994432003E1,-3.E0,-1.122943058744E1));
#2027=VERTEX_POINT('',#2025);
#2028=VERTEX_POINT('',#2026);
#2029=VERTEX_POINT('',#1195);
#2030=CARTESIAN_POINT('',(1.458845726822E1,-3.000000000547E0,
-1.073205080682E1));
#2031=VERTEX_POINT('',#2030);
#2032=VERTEX_POINT('',#1457);
#2033=VERTEX_POINT('',#1466);
#2034=VERTEX_POINT('',#1468);
#2035=CARTESIAN_POINT('',(-1.999999999669E0,-3.000000000547E0,-1.8E1));
#2036=VERTEX_POINT('',#2035);
#2037=CARTESIAN_POINT('',(2.E0,-3.E0,-1.8E1));
#2038=VERTEX_POINT('',#2037);
#2039=CARTESIAN_POINT('',(-1.458845726820E1,-3.E0,-1.073205080742E1));
#2040=CARTESIAN_POINT('',(-2.144994431758E1,-3.E0,-1.469353220646E1));
#2041=VERTEX_POINT('',#2039);
#2042=VERTEX_POINT('',#2040);
#2043=VERTEX_POINT('',#1589);
#2044=CARTESIAN_POINT('',(-1.658845726824E1,-3.000000000547E0,
-7.267949192385E0));
#2045=VERTEX_POINT('',#2044);
#2046=CARTESIAN_POINT('',(-1.658845726773E1,-3.E0,7.267949192703E0));
#2047=CARTESIAN_POINT('',(-2.344994431782E1,-3.E0,1.122943059205E1));
#2048=VERTEX_POINT('',#2046);
#2049=VERTEX_POINT('',#2047);
#2050=VERTEX_POINT('',#1537);
#2051=CARTESIAN_POINT('',(-1.458845726822E1,-3.000000000547E0,
1.073205080682E1));
#2052=VERTEX_POINT('',#2051);
#2053=VERTEX_POINT('',#1435);
#2054=VERTEX_POINT('',#1444);
#2055=VERTEX_POINT('',#1446);
#2056=CARTESIAN_POINT('',(1.999999999669E0,-3.000000000547E0,1.8E1));
#2057=VERTEX_POINT('',#2056);
#2058=CARTESIAN_POINT('',(-2.E0,-3.E0,1.8E1));
#2059=VERTEX_POINT('',#2058);
#2060=CARTESIAN_POINT('',(1.458845726820E1,-3.E0,1.073205080742E1));
#2061=CARTESIAN_POINT('',(2.144994431959E1,-3.E0,1.469353220352E1));
#2062=VERTEX_POINT('',#2060);
#2063=VERTEX_POINT('',#2061);
#2064=VERTEX_POINT('',#1973);
#2065=CARTESIAN_POINT('',(1.658845726824E1,-3.000000000547E0,7.267949192385E0));
#2066=VERTEX_POINT('',#2065);
#2067=CARTESIAN_POINT('',(1.458845726820E1,3.E0,1.073205080742E1));
#2068=CARTESIAN_POINT('',(2.144994431959E1,3.E0,1.469353220352E1));
#2069=VERTEX_POINT('',#2067);
#2070=VERTEX_POINT('',#2068);
#2071=VERTEX_POINT('',#1765);
#2072=CARTESIAN_POINT('',(1.658845726824E1,2.999999999453E0,7.267949192385E0));
#2073=VERTEX_POINT('',#2072);
#2074=CARTESIAN_POINT('',(1.658845726773E1,3.E0,-7.267949192703E0));
#2075=CARTESIAN_POINT('',(2.344994432003E1,3.E0,-1.122943058744E1));
#2076=VERTEX_POINT('',#2074);
#2077=VERTEX_POINT('',#2075);
#2078=VERTEX_POINT('',#1817);
#2079=CARTESIAN_POINT('',(1.458845726822E1,2.999999999453E0,-1.073205080682E1));
#2080=VERTEX_POINT('',#2079);
#2081=VERTEX_POINT('',#1681);
#2082=VERTEX_POINT('',#1690);
#2083=VERTEX_POINT('',#1692);
#2084=CARTESIAN_POINT('',(-1.999999999669E0,2.999999999453E0,-1.8E1));
#2085=VERTEX_POINT('',#2084);
#2086=CARTESIAN_POINT('',(2.E0,3.E0,-1.8E1));
#2087=VERTEX_POINT('',#2086);
#2088=CARTESIAN_POINT('',(-1.458845726820E1,3.E0,-1.073205080742E1));
#2089=CARTESIAN_POINT('',(-2.144994431758E1,3.E0,-1.469353220646E1));
#2090=VERTEX_POINT('',#2088);
#2091=VERTEX_POINT('',#2089);
#2092=VERTEX_POINT('',#1869);
#2093=CARTESIAN_POINT('',(-1.658845726824E1,2.999999999453E0,
-7.267949192385E0));
#2094=VERTEX_POINT('',#2093);
#2095=CARTESIAN_POINT('',(-1.658845726773E1,3.E0,7.267949192703E0));
#2096=CARTESIAN_POINT('',(-2.344994431782E1,3.E0,1.122943059205E1));
#2097=VERTEX_POINT('',#2095);
#2098=VERTEX_POINT('',#2096);
#2099=VERTEX_POINT('',#1921);
#2100=CARTESIAN_POINT('',(-1.458845726822E1,2.999999999453E0,1.073205080682E1));
#2101=VERTEX_POINT('',#2100);
#2102=VERTEX_POINT('',#1703);
#2103=VERTEX_POINT('',#1712);
#2104=VERTEX_POINT('',#1714);
#2105=CARTESIAN_POINT('',(1.999999999669E0,2.999999999453E0,1.8E1));
#2106=VERTEX_POINT('',#2105);
#2107=CARTESIAN_POINT('',(-2.E0,3.E0,1.8E1));
#2108=VERTEX_POINT('',#2107);
#2109=CARTESIAN_POINT('',(0.E0,5.8E0,-2.6E1));
#2110=CARTESIAN_POINT('',(-1.066535519016E-8,5.8E0,2.6E1));
#2111=VERTEX_POINT('',#2109);
#2112=VERTEX_POINT('',#2110);
#2113=CARTESIAN_POINT('',(4.570484202383E-10,5.999999971705E0,
2.580000000037E1));
#2114=VERTEX_POINT('',#2113);
#2115=CARTESIAN_POINT('',(0.E0,5.999999971705E0,-2.580000000048E1));
#2116=VERTEX_POINT('',#2115);
#2117=CARTESIAN_POINT('',(0.E0,-5.999999971705E0,2.580000000048E1));
#2118=CARTESIAN_POINT('',(0.E0,-5.999999971705E0,-2.580000000048E1));
#2119=VERTEX_POINT('',#2117);
#2120=VERTEX_POINT('',#2118);
#2121=CARTESIAN_POINT('',(-4.605902674328E-10,-5.799999972248E0,
2.599999999999E1));
#2122=VERTEX_POINT('',#2121);
#2123=CARTESIAN_POINT('',(0.E0,-5.799999972248E0,-2.599999999999E1));
#2124=VERTEX_POINT('',#2123);
#2125=CARTESIAN_POINT('',(0.E0,-1.421085471520E-14,2.58E1));
#2126=CARTESIAN_POINT('',(-1.058331399639E-8,-1.421085471520E-14,-2.58E1));
#2127=VERTEX_POINT('',#2125);
#2128=VERTEX_POINT('',#2126);
#2129=CARTESIAN_POINT('',(0.E0,-2.E-1,-2.6E1));
#2130=VERTEX_POINT('',#2129);
#2131=CARTESIAN_POINT('',(-1.066536673648E-8,-2.E-1,2.6E1));
#2132=VERTEX_POINT('',#2131);
#2133=CARTESIAN_POINT('',(-5.332684960280E-9,2.E-1,2.6E1));
#2134=VERTEX_POINT('',#2133);
#2135=CARTESIAN_POINT('',(0.E0,2.E-1,-2.6E1));
#2136=VERTEX_POINT('',#2135);
#2137=CARTESIAN_POINT('',(0.E0,-6.E0,-1.699999999517E1));
#2138=CARTESIAN_POINT('',(0.E0,6.E0,-1.699999999517E1));
#2139=VERTEX_POINT('',#2137);
#2140=VERTEX_POINT('',#2138);
#2141=CARTESIAN_POINT('',(0.E0,6.E0,1.7E1));
#2142=VERTEX_POINT('',#2141);
#2143=CARTESIAN_POINT('',(-4.649006013336E-9,-6.E0,1.699999999517E1));
#2144=VERTEX_POINT('',#2143);
#2145=VERTEX_POINT('',#1740);
#2146=VERTEX_POINT('',#1654);
#2147=VERTEX_POINT('',#1410);
#2148=VERTEX_POINT('',#1492);
#2149=CARTESIAN_POINT('',(2.255905644023E1,-3.E0,-1.302447730816E1));
#2150=DIRECTION('',(-8.660254037846E-1,0.E0,4.999999999998E-1));
#2151=DIRECTION('',(4.999999999998E-1,0.E0,8.660254037846E-1));
#2152=AXIS2_PLACEMENT_3D('',#2149,#2150,#2151);
#2153=CYLINDRICAL_SURFACE('',#2152,1.999999999810E0);
#2155=ORIENTED_EDGE('',*,*,#2154,.F.);
#2157=ORIENTED_EDGE('',*,*,#2156,.T.);
#2159=ORIENTED_EDGE('',*,*,#2158,.F.);
#2161=ORIENTED_EDGE('',*,*,#2160,.T.);
#2162=EDGE_LOOP('',(#2155,#2157,#2159,#2161));
#2163=FACE_OUTER_BOUND('',#2162,.F.);
#2164=ADVANCED_FACE('',(#2163),#2153,.F.);
#2165=CARTESIAN_POINT('',(2.255831887034E1,-3.E0,-1.302405147199E1));
#2166=DIRECTION('',(-8.660254037846E-1,0.E0,4.999999999998E-1));
#2167=DIRECTION('',(4.999999999998E-1,0.E0,8.660254037846E-1));
#2168=AXIS2_PLACEMENT_3D('',#2165,#2166,#2167);
#2169=CYLINDRICAL_SURFACE('',#2168,1.999999999707E0);
#2171=ORIENTED_EDGE('',*,*,#2170,.T.);
#2172=ORIENTED_EDGE('',*,*,#2154,.T.);
#2174=ORIENTED_EDGE('',*,*,#2173,.T.);
#2175=ORIENTED_EDGE('',*,*,#2158,.T.);
#2176=EDGE_LOOP('',(#2171,#2172,#2174,#2175));
#2177=FACE_OUTER_BOUND('',#2176,.F.);
#2178=ADVANCED_FACE('',(#2177),#2169,.F.);
#2179=CARTESIAN_POINT('',(1.558845726800E1,-3.E0,-9.E0));
#2180=DIRECTION('',(8.660254037524E-1,0.E0,-5.000000000556E-1));
#2181=DIRECTION('',(-5.000000000556E-1,0.E0,-8.660254037524E-1));
#2182=AXIS2_PLACEMENT_3D('',#2179,#2180,#2181);
#2183=PLANE('',#2182);
#2184=ORIENTED_EDGE('',*,*,#2156,.F.);
#2185=ORIENTED_EDGE('',*,*,#2170,.F.);
#2186=EDGE_LOOP('',(#2184,#2185));
#2187=FACE_OUTER_BOUND('',#2186,.F.);
#2188=ADVANCED_FACE('',(#2187),#2183,.T.);
#2189=CARTESIAN_POINT('',(0.E0,-2.E-1,0.E0));
#2190=DIRECTION('',(0.E0,-1.E0,0.E0));
#2191=DIRECTION('',(0.E0,0.E0,-1.E0));
#2192=AXIS2_PLACEMENT_3D('',#2189,#2190,#2191);
#2193=CYLINDRICAL_SURFACE('',#2192,2.6E1);
#2195=ORIENTED_EDGE('',*,*,#2194,.T.);
#2197=ORIENTED_EDGE('',*,*,#2196,.T.);
#2199=ORIENTED_EDGE('',*,*,#2198,.F.);
#2201=ORIENTED_EDGE('',*,*,#2200,.F.);
#2203=ORIENTED_EDGE('',*,*,#2202,.T.);
#2205=ORIENTED_EDGE('',*,*,#2204,.T.);
#2207=ORIENTED_EDGE('',*,*,#2206,.T.);
#2209=ORIENTED_EDGE('',*,*,#2208,.F.);
#2211=ORIENTED_EDGE('',*,*,#2210,.F.);
#2213=ORIENTED_EDGE('',*,*,#2212,.T.);
#2214=EDGE_LOOP('',(#2195,#2197,#2199,#2201,#2203,#2205,#2207,#2209,#2211,
#2213));
#2215=FACE_OUTER_BOUND('',#2214,.F.);
#2216=ORIENTED_EDGE('',*,*,#2160,.F.);
#2217=ORIENTED_EDGE('',*,*,#2173,.F.);
#2218=EDGE_LOOP('',(#2216,#2217));
#2219=FACE_BOUND('',#2218,.F.);
#2221=ORIENTED_EDGE('',*,*,#2220,.F.);
#2223=ORIENTED_EDGE('',*,*,#2222,.F.);
#2224=EDGE_LOOP('',(#2221,#2223));
#2225=FACE_BOUND('',#2224,.F.);
#2226=ADVANCED_FACE('',(#2215,#2219,#2225),#2193,.T.);
#2227=CARTESIAN_POINT('',(0.E0,-9.999999999999E-2,0.E0));
#2228=DIRECTION('',(0.E0,-1.E0,0.E0));
#2229=DIRECTION('',(0.E0,0.E0,-1.E0));
#2230=AXIS2_PLACEMENT_3D('',#2227,#2228,#2229);
#2231=CONICAL_SURFACE('',#2230,2.59E1,4.5E1);
#2233=ORIENTED_EDGE('',*,*,#2232,.T.);
#2235=ORIENTED_EDGE('',*,*,#2234,.T.);
#2236=ORIENTED_EDGE('',*,*,#2194,.F.);
#2238=ORIENTED_EDGE('',*,*,#2237,.T.);
#2239=EDGE_LOOP('',(#2233,#2235,#2236,#2238));
#2240=FACE_OUTER_BOUND('',#2239,.F.);
#2241=ADVANCED_FACE('',(#2240),#2231,.T.);
#2242=CARTESIAN_POINT('',(0.E0,1.E-1,0.E0));
#2243=DIRECTION('',(0.E0,1.E0,0.E0));
#2244=DIRECTION('',(0.E0,0.E0,1.E0));
#2245=AXIS2_PLACEMENT_3D('',#2242,#2243,#2244);
#2246=CONICAL_SURFACE('',#2245,2.59E1,4.5E1);
#2247=ORIENTED_EDGE('',*,*,#2232,.F.);
#2249=ORIENTED_EDGE('',*,*,#2248,.T.);
#2251=ORIENTED_EDGE('',*,*,#2250,.F.);
#2253=ORIENTED_EDGE('',*,*,#2252,.T.);
#2254=EDGE_LOOP('',(#2247,#2249,#2251,#2253));
#2255=FACE_OUTER_BOUND('',#2254,.F.);
#2256=ADVANCED_FACE('',(#2255),#2246,.T.);
#2257=CARTESIAN_POINT('',(0.E0,9.999999999999E-2,0.E0));
#2258=DIRECTION('',(0.E0,1.E0,0.E0));
#2259=DIRECTION('',(0.E0,0.E0,1.E0));
#2260=AXIS2_PLACEMENT_3D('',#2257,#2258,#2259);
#2261=CONICAL_SURFACE('',#2260,2.59E1,4.5E1);
#2262=ORIENTED_EDGE('',*,*,#2252,.F.);
#2264=ORIENTED_EDGE('',*,*,#2263,.F.);
#2265=ORIENTED_EDGE('',*,*,#2248,.F.);
#2267=ORIENTED_EDGE('',*,*,#2266,.T.);
#2268=EDGE_LOOP('',(#2262,#2264,#2265,#2267));
#2269=FACE_OUTER_BOUND('',#2268,.F.);
#2270=ADVANCED_FACE('',(#2269),#2261,.T.);
#2271=CARTESIAN_POINT('',(0.E0,5.8E0,0.E0));
#2272=DIRECTION('',(0.E0,-1.E0,0.E0));
#2273=DIRECTION('',(0.E0,0.E0,-1.E0));
#2274=AXIS2_PLACEMENT_3D('',#2271,#2272,#2273);
#2275=CYLINDRICAL_SURFACE('',#2274,2.6E1);
#2277=ORIENTED_EDGE('',*,*,#2276,.F.);
#2279=ORIENTED_EDGE('',*,*,#2278,.F.);
#2281=ORIENTED_EDGE('',*,*,#2280,.F.);
#2283=ORIENTED_EDGE('',*,*,#2282,.F.);
#2284=ORIENTED_EDGE('',*,*,#2263,.T.);
#2286=ORIENTED_EDGE('',*,*,#2285,.F.);
#2288=ORIENTED_EDGE('',*,*,#2287,.F.);
#2290=ORIENTED_EDGE('',*,*,#2289,.F.);
#2292=ORIENTED_EDGE('',*,*,#2291,.F.);
#2294=ORIENTED_EDGE('',*,*,#2293,.T.);
#2295=EDGE_LOOP('',(#2277,#2279,#2281,#2283,#2284,#2286,#2288,#2290,#2292,
#2294));
#2296=FACE_OUTER_BOUND('',#2295,.F.);
#2298=ORIENTED_EDGE('',*,*,#2297,.F.);
#2300=ORIENTED_EDGE('',*,*,#2299,.F.);
#2301=EDGE_LOOP('',(#2298,#2300));
#2302=FACE_BOUND('',#2301,.F.);
#2304=ORIENTED_EDGE('',*,*,#2303,.F.);
#2306=ORIENTED_EDGE('',*,*,#2305,.F.);
#2307=EDGE_LOOP('',(#2304,#2306));
#2308=FACE_BOUND('',#2307,.F.);
#2309=ADVANCED_FACE('',(#2296,#2302,#2308),#2275,.T.);
#2310=CARTESIAN_POINT('',(0.E0,5.8E0,0.E0));
#2311=DIRECTION('',(0.E0,-1.E0,0.E0));
#2312=DIRECTION('',(0.E0,0.E0,-1.E0));
#2313=AXIS2_PLACEMENT_3D('',#2310,#2311,#2312);
#2314=CYLINDRICAL_SURFACE('',#2313,2.6E1);
#2316=ORIENTED_EDGE('',*,*,#2315,.F.);
#2317=ORIENTED_EDGE('',*,*,#2291,.T.);
#2319=ORIENTED_EDGE('',*,*,#2318,.F.);
#2321=ORIENTED_EDGE('',*,*,#2320,.F.);
#2322=ORIENTED_EDGE('',*,*,#2285,.T.);
#2323=ORIENTED_EDGE('',*,*,#2250,.T.);
#2324=ORIENTED_EDGE('',*,*,#2282,.T.);
#2326=ORIENTED_EDGE('',*,*,#2325,.F.);
#2328=ORIENTED_EDGE('',*,*,#2327,.F.);
#2329=ORIENTED_EDGE('',*,*,#2276,.T.);
#2330=EDGE_LOOP('',(#2316,#2317,#2319,#2321,#2322,#2323,#2324,#2326,#2328,
#2329));
#2331=FACE_OUTER_BOUND('',#2330,.F.);
#2333=ORIENTED_EDGE('',*,*,#2332,.F.);
#2335=ORIENTED_EDGE('',*,*,#2334,.F.);
#2336=EDGE_LOOP('',(#2333,#2335));
#2337=FACE_BOUND('',#2336,.F.);
#2339=ORIENTED_EDGE('',*,*,#2338,.F.);
#2341=ORIENTED_EDGE('',*,*,#2340,.F.);
#2342=EDGE_LOOP('',(#2339,#2341));
#2343=FACE_BOUND('',#2342,.F.);
#2344=ADVANCED_FACE('',(#2331,#2337,#2343),#2314,.T.);
#2345=CARTESIAN_POINT('',(-4.560921051810E-11,5.799999972248E0,0.E0));
#2346=DIRECTION('',(2.283468249422E-9,-1.E0,0.E0));
#2347=DIRECTION('',(1.420664064639E-11,0.E0,1.E0));
#2348=AXIS2_PLACEMENT_3D('',#2345,#2346,#2347);
#2349=TOROIDAL_SURFACE('',#2348,2.580000000053E1,1.999999994571E-1);
#2350=ORIENTED_EDGE('',*,*,#2315,.T.);
#2352=ORIENTED_EDGE('',*,*,#2351,.T.);
#2354=ORIENTED_EDGE('',*,*,#2353,.T.);
#2356=ORIENTED_EDGE('',*,*,#2355,.T.);
#2357=EDGE_LOOP('',(#2350,#2352,#2354,#2356));
#2358=FACE_OUTER_BOUND('',#2357,.F.);
#2359=ADVANCED_FACE('',(#2358),#2349,.T.);
#2360=CARTESIAN_POINT('',(4.560921051810E-11,5.799999972248E0,0.E0));
#2361=DIRECTION('',(-2.283468249422E-9,-1.E0,0.E0));
#2362=DIRECTION('',(-1.420664064639E-11,0.E0,-1.E0));
#2363=AXIS2_PLACEMENT_3D('',#2360,#2361,#2362);
#2364=TOROIDAL_SURFACE('',#2363,2.580000000053E1,1.999999994571E-1);
#2365=ORIENTED_EDGE('',*,*,#2355,.F.);
#2367=ORIENTED_EDGE('',*,*,#2366,.T.);
#2368=ORIENTED_EDGE('',*,*,#2351,.F.);
#2369=ORIENTED_EDGE('',*,*,#2293,.F.);
#2370=EDGE_LOOP('',(#2365,#2367,#2368,#2369));
#2371=FACE_OUTER_BOUND('',#2370,.F.);
#2372=ADVANCED_FACE('',(#2371),#2364,.T.);
#2373=CARTESIAN_POINT('',(0.E0,6.E0,0.E0));
#2374=DIRECTION('',(0.E0,1.E0,0.E0));
#2375=DIRECTION('',(0.E0,0.E0,1.E0));
#2376=AXIS2_PLACEMENT_3D('',#2373,#2374,#2375);
#2377=PLANE('',#2376);
#2378=ORIENTED_EDGE('',*,*,#2353,.F.);
#2379=ORIENTED_EDGE('',*,*,#2366,.F.);
#2380=EDGE_LOOP('',(#2378,#2379));
#2381=FACE_OUTER_BOUND('',#2380,.F.);
#2383=ORIENTED_EDGE('',*,*,#2382,.F.);
#2385=ORIENTED_EDGE('',*,*,#2384,.F.);
#2386=EDGE_LOOP('',(#2383,#2385));
#2387=FACE_BOUND('',#2386,.F.);
#2388=ADVANCED_FACE('',(#2381,#2387),#2377,.T.);
#2389=CARTESIAN_POINT('',(0.E0,6.E0,0.E0));
#2390=DIRECTION('',(0.E0,-1.E0,0.E0));
#2391=DIRECTION('',(0.E0,0.E0,-1.E0));
#2392=AXIS2_PLACEMENT_3D('',#2389,#2390,#2391);
#2393=CYLINDRICAL_SURFACE('',#2392,1.7E1);
#2395=ORIENTED_EDGE('',*,*,#2394,.F.);
#2397=ORIENTED_EDGE('',*,*,#2396,.F.);
#2399=ORIENTED_EDGE('',*,*,#2398,.F.);
#2400=ORIENTED_EDGE('',*,*,#2382,.T.);
#2401=EDGE_LOOP('',(#2395,#2397,#2399,#2400));
#2402=FACE_OUTER_BOUND('',#2401,.F.);
#2403=ADVANCED_FACE('',(#2402),#2393,.F.);
#2404=CARTESIAN_POINT('',(0.E0,6.E0,0.E0));
#2405=DIRECTION('',(0.E0,-1.E0,0.E0));
#2406=DIRECTION('',(0.E0,0.E0,-1.E0));
#2407=AXIS2_PLACEMENT_3D('',#2404,#2405,#2406);
#2408=CYLINDRICAL_SURFACE('',#2407,1.7E1);
#2410=ORIENTED_EDGE('',*,*,#2409,.F.);
#2411=ORIENTED_EDGE('',*,*,#2394,.T.);
#2412=ORIENTED_EDGE('',*,*,#2384,.T.);
#2413=ORIENTED_EDGE('',*,*,#2398,.T.);
#2414=EDGE_LOOP('',(#2410,#2411,#2412,#2413));
#2415=FACE_OUTER_BOUND('',#2414,.F.);
#2416=ADVANCED_FACE('',(#2415),#2408,.F.);
#2417=CARTESIAN_POINT('',(0.E0,-6.E0,0.E0));
#2418=DIRECTION('',(0.E0,1.E0,0.E0));
#2419=DIRECTION('',(0.E0,0.E0,1.E0));
#2420=AXIS2_PLACEMENT_3D('',#2417,#2418,#2419);
#2421=PLANE('',#2420);
#2423=ORIENTED_EDGE('',*,*,#2422,.T.);
#2425=ORIENTED_EDGE('',*,*,#2424,.T.);
#2426=EDGE_LOOP('',(#2423,#2425));
#2427=FACE_OUTER_BOUND('',#2426,.F.);
#2428=ORIENTED_EDGE('',*,*,#2409,.T.);
#2429=ORIENTED_EDGE('',*,*,#2396,.T.);
#2430=EDGE_LOOP('',(#2428,#2429));
#2431=FACE_BOUND('',#2430,.F.);
#2432=ADVANCED_FACE('',(#2427,#2431),#2421,.F.);
#2433=CARTESIAN_POINT('',(-4.560921051810E-11,-5.799999972248E0,0.E0));
#2434=DIRECTION('',(-2.283468249422E-9,-1.E0,0.E0));
#2435=DIRECTION('',(1.420664064639E-11,0.E0,1.E0));
#2436=AXIS2_PLACEMENT_3D('',#2433,#2434,#2435);
#2437=TOROIDAL_SURFACE('',#2436,2.580000000053E1,1.999999994571E-1);
#2438=ORIENTED_EDGE('',*,*,#2422,.F.);
#2440=ORIENTED_EDGE('',*,*,#2439,.T.);
#2441=ORIENTED_EDGE('',*,*,#2204,.F.);
#2443=ORIENTED_EDGE('',*,*,#2442,.T.);
#2444=EDGE_LOOP('',(#2438,#2440,#2441,#2443));
#2445=FACE_OUTER_BOUND('',#2444,.F.);
#2446=ADVANCED_FACE('',(#2445),#2437,.T.);
#2447=CARTESIAN_POINT('',(4.560921051810E-11,-5.799999972248E0,0.E0));
#2448=DIRECTION('',(2.283468249422E-9,-1.E0,0.E0));
#2449=DIRECTION('',(-1.420664064639E-11,0.E0,-1.E0));
#2450=AXIS2_PLACEMENT_3D('',#2447,#2448,#2449);
#2451=TOROIDAL_SURFACE('',#2450,2.580000000053E1,1.999999994571E-1);
#2452=ORIENTED_EDGE('',*,*,#2442,.F.);
#2454=ORIENTED_EDGE('',*,*,#2453,.F.);
#2455=ORIENTED_EDGE('',*,*,#2439,.F.);
#2456=ORIENTED_EDGE('',*,*,#2424,.F.);
#2457=EDGE_LOOP('',(#2452,#2454,#2455,#2456));
#2458=FACE_OUTER_BOUND('',#2457,.F.);
#2459=ADVANCED_FACE('',(#2458),#2451,.T.);
#2460=CARTESIAN_POINT('',(0.E0,-2.E-1,0.E0));
#2461=DIRECTION('',(0.E0,-1.E0,0.E0));
#2462=DIRECTION('',(0.E0,0.E0,-1.E0));
#2463=AXIS2_PLACEMENT_3D('',#2460,#2461,#2462);
#2464=CYLINDRICAL_SURFACE('',#2463,2.6E1);
#2465=ORIENTED_EDGE('',*,*,#2212,.F.);
#2467=ORIENTED_EDGE('',*,*,#2466,.F.);
#2469=ORIENTED_EDGE('',*,*,#2468,.F.);
#2470=ORIENTED_EDGE('',*,*,#2206,.F.);
#2471=ORIENTED_EDGE('',*,*,#2453,.T.);
#2472=ORIENTED_EDGE('',*,*,#2202,.F.);
#2474=ORIENTED_EDGE('',*,*,#2473,.F.);
#2476=ORIENTED_EDGE('',*,*,#2475,.F.);
#2477=ORIENTED_EDGE('',*,*,#2196,.F.);
#2479=ORIENTED_EDGE('',*,*,#2478,.T.);
#2480=EDGE_LOOP('',(#2465,#2467,#2469,#2470,#2471,#2472,#2474,#2476,#2477,
#2479));
#2481=FACE_OUTER_BOUND('',#2480,.F.);
#2483=ORIENTED_EDGE('',*,*,#2482,.F.);
#2485=ORIENTED_EDGE('',*,*,#2484,.F.);
#2486=EDGE_LOOP('',(#2483,#2485));
#2487=FACE_BOUND('',#2486,.F.);
#2489=ORIENTED_EDGE('',*,*,#2488,.F.);
#2491=ORIENTED_EDGE('',*,*,#2490,.F.);
#2492=EDGE_LOOP('',(#2489,#2491));
#2493=FACE_BOUND('',#2492,.F.);
#2494=ADVANCED_FACE('',(#2481,#2487,#2493),#2464,.T.);
#2495=CARTESIAN_POINT('',(0.E0,-3.E0,2.6048E1));
#2496=DIRECTION('',(0.E0,0.E0,-1.E0));
#2497=DIRECTION('',(-1.E0,0.E0,0.E0));
#2498=AXIS2_PLACEMENT_3D('',#2495,#2496,#2497);
#2499=CYLINDRICAL_SURFACE('',#2498,2.E0);
#2501=ORIENTED_EDGE('',*,*,#2500,.T.);
#2503=ORIENTED_EDGE('',*,*,#2502,.T.);
#2504=ORIENTED_EDGE('',*,*,#2466,.T.);
#2505=ORIENTED_EDGE('',*,*,#2210,.T.);
#2507=ORIENTED_EDGE('',*,*,#2506,.T.);
#2508=EDGE_LOOP('',(#2501,#2503,#2504,#2505,#2507));
#2509=FACE_OUTER_BOUND('',#2508,.F.);
#2510=ADVANCED_FACE('',(#2509),#2499,.F.);
#2511=CARTESIAN_POINT('',(0.E0,-3.E0,1.8E1));
#2512=DIRECTION('',(0.E0,0.E0,1.E0));
#2513=DIRECTION('',(1.E0,0.E0,0.E0));
#2514=AXIS2_PLACEMENT_3D('',#2511,#2512,#2513);
#2515=PLANE('',#2514);
#2517=ORIENTED_EDGE('',*,*,#2516,.F.);
#2518=ORIENTED_EDGE('',*,*,#2500,.F.);
#2519=EDGE_LOOP('',(#2517,#2518));
#2520=FACE_OUTER_BOUND('',#2519,.F.);
#2521=ADVANCED_FACE('',(#2520),#2515,.T.);
#2522=CARTESIAN_POINT('',(0.E0,-3.E0,2.6048E1));
#2523=DIRECTION('',(0.E0,0.E0,-1.E0));
#2524=DIRECTION('',(-1.E0,0.E0,0.E0));
#2525=AXIS2_PLACEMENT_3D('',#2522,#2523,#2524);
#2526=CYLINDRICAL_SURFACE('',#2525,2.E0);
#2527=ORIENTED_EDGE('',*,*,#2468,.T.);
#2528=ORIENTED_EDGE('',*,*,#2502,.F.);
#2529=ORIENTED_EDGE('',*,*,#2516,.T.);
#2530=ORIENTED_EDGE('',*,*,#2506,.F.);
#2531=ORIENTED_EDGE('',*,*,#2208,.T.);
#2532=EDGE_LOOP('',(#2527,#2528,#2529,#2530,#2531));
#2533=FACE_OUTER_BOUND('',#2532,.F.);
#2534=ADVANCED_FACE('',(#2533),#2526,.F.);
#2535=CARTESIAN_POINT('',(0.E0,-3.E0,-2.6048E1));
#2536=DIRECTION('',(0.E0,0.E0,1.E0));
#2537=DIRECTION('',(1.E0,0.E0,0.E0));
#2538=AXIS2_PLACEMENT_3D('',#2535,#2536,#2537);
#2539=CYLINDRICAL_SURFACE('',#2538,2.E0);
#2540=ORIENTED_EDGE('',*,*,#2200,.T.);
#2542=ORIENTED_EDGE('',*,*,#2541,.F.);
#2544=ORIENTED_EDGE('',*,*,#2543,.T.);
#2546=ORIENTED_EDGE('',*,*,#2545,.F.);
#2547=ORIENTED_EDGE('',*,*,#2473,.T.);
#2548=EDGE_LOOP('',(#2540,#2542,#2544,#2546,#2547));
#2549=FACE_OUTER_BOUND('',#2548,.F.);
#2550=ADVANCED_FACE('',(#2549),#2539,.F.);
#2551=CARTESIAN_POINT('',(0.E0,-3.E0,-2.6048E1));
#2552=DIRECTION('',(0.E0,0.E0,1.E0));
#2553=DIRECTION('',(1.E0,0.E0,0.E0));
#2554=AXIS2_PLACEMENT_3D('',#2551,#2552,#2553);
#2555=CYLINDRICAL_SURFACE('',#2554,2.E0);
#2557=ORIENTED_EDGE('',*,*,#2556,.T.);
#2558=ORIENTED_EDGE('',*,*,#2541,.T.);
#2559=ORIENTED_EDGE('',*,*,#2198,.T.);
#2560=ORIENTED_EDGE('',*,*,#2475,.T.);
#2561=ORIENTED_EDGE('',*,*,#2545,.T.);
#2562=EDGE_LOOP('',(#2557,#2558,#2559,#2560,#2561));
#2563=FACE_OUTER_BOUND('',#2562,.F.);
#2564=ADVANCED_FACE('',(#2563),#2555,.F.);
#2565=CARTESIAN_POINT('',(0.E0,-3.E0,-1.8E1));
#2566=DIRECTION('',(0.E0,0.E0,1.E0));
#2567=DIRECTION('',(-1.E0,0.E0,0.E0));
#2568=AXIS2_PLACEMENT_3D('',#2565,#2566,#2567);
#2569=PLANE('',#2568);
#2570=ORIENTED_EDGE('',*,*,#2543,.F.);
#2571=ORIENTED_EDGE('',*,*,#2556,.F.);
#2572=EDGE_LOOP('',(#2570,#2571));
#2573=FACE_OUTER_BOUND('',#2572,.F.);
#2574=ADVANCED_FACE('',(#2573),#2569,.F.);
#2575=CARTESIAN_POINT('',(0.E0,-1.E-1,0.E0));
#2576=DIRECTION('',(0.E0,-1.E0,0.E0));
#2577=DIRECTION('',(0.E0,0.E0,-1.E0));
#2578=AXIS2_PLACEMENT_3D('',#2575,#2576,#2577);
#2579=CONICAL_SURFACE('',#2578,2.59E1,4.5E1);
#2580=ORIENTED_EDGE('',*,*,#2237,.F.);
#2581=ORIENTED_EDGE('',*,*,#2478,.F.);
#2582=ORIENTED_EDGE('',*,*,#2234,.F.);
#2583=ORIENTED_EDGE('',*,*,#2266,.F.);
#2584=EDGE_LOOP('',(#2580,#2581,#2582,#2583));
#2585=FACE_OUTER_BOUND('',#2584,.F.);
#2586=ADVANCED_FACE('',(#2585),#2579,.T.);
#2587=CARTESIAN_POINT('',(-2.255905644023E1,-3.E0,1.302447730816E1));
#2588=DIRECTION('',(8.660254037846E-1,0.E0,-4.999999999998E-1));
#2589=DIRECTION('',(-4.999999999998E-1,0.E0,-8.660254037846E-1));
#2590=AXIS2_PLACEMENT_3D('',#2587,#2588,#2589);
#2591=CYLINDRICAL_SURFACE('',#2590,1.999999999810E0);
#2593=ORIENTED_EDGE('',*,*,#2592,.F.);
#2595=ORIENTED_EDGE('',*,*,#2594,.T.);
#2597=ORIENTED_EDGE('',*,*,#2596,.F.);
#2598=ORIENTED_EDGE('',*,*,#2482,.T.);
#2599=EDGE_LOOP('',(#2593,#2595,#2597,#2598));
#2600=FACE_OUTER_BOUND('',#2599,.F.);
#2601=ADVANCED_FACE('',(#2600),#2591,.F.);
#2602=CARTESIAN_POINT('',(-2.255831887034E1,-3.E0,1.302405147199E1));
#2603=DIRECTION('',(8.660254037846E-1,0.E0,-4.999999999998E-1));
#2604=DIRECTION('',(-4.999999999998E-1,0.E0,-8.660254037846E-1));
#2605=AXIS2_PLACEMENT_3D('',#2602,#2603,#2604);
#2606=CYLINDRICAL_SURFACE('',#2605,1.999999999707E0);
#2608=ORIENTED_EDGE('',*,*,#2607,.T.);
#2609=ORIENTED_EDGE('',*,*,#2592,.T.);
#2610=ORIENTED_EDGE('',*,*,#2484,.T.);
#2611=ORIENTED_EDGE('',*,*,#2596,.T.);
#2612=EDGE_LOOP('',(#2608,#2609,#2610,#2611));
#2613=FACE_OUTER_BOUND('',#2612,.F.);
#2614=ADVANCED_FACE('',(#2613),#2606,.F.);
#2615=CARTESIAN_POINT('',(-1.558845726800E1,-3.E0,9.E0));
#2616=DIRECTION('',(8.660254037524E-1,0.E0,-5.000000000556E-1));
#2617=DIRECTION('',(5.000000000556E-1,0.E0,8.660254037524E-1));
#2618=AXIS2_PLACEMENT_3D('',#2615,#2616,#2617);
#2619=PLANE('',#2618);
#2620=ORIENTED_EDGE('',*,*,#2594,.F.);
#2621=ORIENTED_EDGE('',*,*,#2607,.F.);
#2622=EDGE_LOOP('',(#2620,#2621));
#2623=FACE_OUTER_BOUND('',#2622,.F.);
#2624=ADVANCED_FACE('',(#2623),#2619,.F.);
#2625=CARTESIAN_POINT('',(-2.255905644017E1,-3.E0,-1.302447730813E1));
#2626=DIRECTION('',(8.660254037846E-1,0.E0,4.999999999998E-1));
#2627=DIRECTION('',(4.999999999998E-1,0.E0,-8.660254037846E-1));
#2628=AXIS2_PLACEMENT_3D('',#2625,#2626,#2627);
#2629=CYLINDRICAL_SURFACE('',#2628,2.000000000506E0);
#2631=ORIENTED_EDGE('',*,*,#2630,.F.);
#2633=ORIENTED_EDGE('',*,*,#2632,.T.);
#2635=ORIENTED_EDGE('',*,*,#2634,.F.);
#2636=ORIENTED_EDGE('',*,*,#2488,.T.);
#2637=EDGE_LOOP('',(#2631,#2633,#2635,#2636));
#2638=FACE_OUTER_BOUND('',#2637,.F.);
#2639=ADVANCED_FACE('',(#2638),#2629,.F.);
#2640=CARTESIAN_POINT('',(-2.255831887028E1,-3.E0,-1.302405147195E1));
#2641=DIRECTION('',(8.660254037846E-1,0.E0,4.999999999998E-1));
#2642=DIRECTION('',(4.999999999998E-1,0.E0,-8.660254037846E-1));
#2643=AXIS2_PLACEMENT_3D('',#2640,#2641,#2642);
#2644=CYLINDRICAL_SURFACE('',#2643,2.000000000609E0);
#2646=ORIENTED_EDGE('',*,*,#2645,.T.);
#2647=ORIENTED_EDGE('',*,*,#2630,.T.);
#2648=ORIENTED_EDGE('',*,*,#2490,.T.);
#2649=ORIENTED_EDGE('',*,*,#2634,.T.);
#2650=EDGE_LOOP('',(#2646,#2647,#2648,#2649));
#2651=FACE_OUTER_BOUND('',#2650,.F.);
#2652=ADVANCED_FACE('',(#2651),#2644,.F.);
#2653=CARTESIAN_POINT('',(-1.558845726800E1,-3.E0,-9.E0));
#2654=DIRECTION('',(8.660254037524E-1,0.E0,5.000000000556E-1));
#2655=DIRECTION('',(-5.000000000556E-1,0.E0,8.660254037524E-1));
#2656=AXIS2_PLACEMENT_3D('',#2653,#2654,#2655);
#2657=PLANE('',#2656);
#2658=ORIENTED_EDGE('',*,*,#2632,.F.);
#2659=ORIENTED_EDGE('',*,*,#2645,.F.);
#2660=EDGE_LOOP('',(#2658,#2659));
#2661=FACE_OUTER_BOUND('',#2660,.F.);
#2662=ADVANCED_FACE('',(#2661),#2657,.F.);
#2663=CARTESIAN_POINT('',(0.E0,3.E0,-2.6048E1));
#2664=DIRECTION('',(0.E0,0.E0,1.E0));
#2665=DIRECTION('',(1.E0,0.E0,0.E0));
#2666=AXIS2_PLACEMENT_3D('',#2663,#2664,#2665);
#2667=CYLINDRICAL_SURFACE('',#2666,2.E0);
#2669=ORIENTED_EDGE('',*,*,#2668,.T.);
#2671=ORIENTED_EDGE('',*,*,#2670,.T.);
#2672=ORIENTED_EDGE('',*,*,#2318,.T.);
#2673=ORIENTED_EDGE('',*,*,#2289,.T.);
#2675=ORIENTED_EDGE('',*,*,#2674,.T.);
#2676=EDGE_LOOP('',(#2669,#2671,#2672,#2673,#2675));
#2677=FACE_OUTER_BOUND('',#2676,.F.);
#2678=ADVANCED_FACE('',(#2677),#2667,.F.);
#2679=CARTESIAN_POINT('',(0.E0,3.E0,-1.8E1));
#2680=DIRECTION('',(0.E0,0.E0,1.E0));
#2681=DIRECTION('',(-1.E0,0.E0,0.E0));
#2682=AXIS2_PLACEMENT_3D('',#2679,#2680,#2681);
#2683=PLANE('',#2682);
#2685=ORIENTED_EDGE('',*,*,#2684,.F.);
#2686=ORIENTED_EDGE('',*,*,#2668,.F.);
#2687=EDGE_LOOP('',(#2685,#2686));
#2688=FACE_OUTER_BOUND('',#2687,.F.);
#2689=ADVANCED_FACE('',(#2688),#2683,.F.);
#2690=CARTESIAN_POINT('',(0.E0,3.E0,-2.6048E1));
#2691=DIRECTION('',(0.E0,0.E0,1.E0));
#2692=DIRECTION('',(1.E0,0.E0,0.E0));
#2693=AXIS2_PLACEMENT_3D('',#2690,#2691,#2692);
#2694=CYLINDRICAL_SURFACE('',#2693,2.E0);
#2695=ORIENTED_EDGE('',*,*,#2320,.T.);
#2696=ORIENTED_EDGE('',*,*,#2670,.F.);
#2697=ORIENTED_EDGE('',*,*,#2684,.T.);
#2698=ORIENTED_EDGE('',*,*,#2674,.F.);
#2699=ORIENTED_EDGE('',*,*,#2287,.T.);
#2700=EDGE_LOOP('',(#2695,#2696,#2697,#2698,#2699));
#2701=FACE_OUTER_BOUND('',#2700,.F.);
#2702=ADVANCED_FACE('',(#2701),#2694,.F.);
#2703=CARTESIAN_POINT('',(0.E0,3.E0,2.6048E1));
#2704=DIRECTION('',(0.E0,0.E0,-1.E0));
#2705=DIRECTION('',(-1.E0,0.E0,0.E0));
#2706=AXIS2_PLACEMENT_3D('',#2703,#2704,#2705);
#2707=CYLINDRICAL_SURFACE('',#2706,2.E0);
#2708=ORIENTED_EDGE('',*,*,#2280,.T.);
#2710=ORIENTED_EDGE('',*,*,#2709,.F.);
#2712=ORIENTED_EDGE('',*,*,#2711,.T.);
#2714=ORIENTED_EDGE('',*,*,#2713,.F.);
#2715=ORIENTED_EDGE('',*,*,#2325,.T.);
#2716=EDGE_LOOP('',(#2708,#2710,#2712,#2714,#2715));
#2717=FACE_OUTER_BOUND('',#2716,.F.);
#2718=ADVANCED_FACE('',(#2717),#2707,.F.);
#2719=CARTESIAN_POINT('',(0.E0,3.E0,2.6048E1));
#2720=DIRECTION('',(0.E0,0.E0,-1.E0));
#2721=DIRECTION('',(-1.E0,0.E0,0.E0));
#2722=AXIS2_PLACEMENT_3D('',#2719,#2720,#2721);
#2723=CYLINDRICAL_SURFACE('',#2722,2.E0);
#2725=ORIENTED_EDGE('',*,*,#2724,.T.);
#2726=ORIENTED_EDGE('',*,*,#2709,.T.);
#2727=ORIENTED_EDGE('',*,*,#2278,.T.);
#2728=ORIENTED_EDGE('',*,*,#2327,.T.);
#2729=ORIENTED_EDGE('',*,*,#2713,.T.);
#2730=EDGE_LOOP('',(#2725,#2726,#2727,#2728,#2729));
#2731=FACE_OUTER_BOUND('',#2730,.F.);
#2732=ADVANCED_FACE('',(#2731),#2723,.F.);
#2733=CARTESIAN_POINT('',(0.E0,3.E0,1.8E1));
#2734=DIRECTION('',(0.E0,0.E0,1.E0));
#2735=DIRECTION('',(1.E0,0.E0,0.E0));
#2736=AXIS2_PLACEMENT_3D('',#2733,#2734,#2735);
#2737=PLANE('',#2736);
#2738=ORIENTED_EDGE('',*,*,#2711,.F.);
#2739=ORIENTED_EDGE('',*,*,#2724,.F.);
#2740=EDGE_LOOP('',(#2738,#2739));
#2741=FACE_OUTER_BOUND('',#2740,.F.);
#2742=ADVANCED_FACE('',(#2741),#2737,.T.);
#2743=CARTESIAN_POINT('',(2.255905644017E1,3.E0,1.302447730813E1));
#2744=DIRECTION('',(-8.660254037846E-1,0.E0,-4.999999999998E-1));
#2745=DIRECTION('',(-4.999999999998E-1,0.E0,8.660254037846E-1));
#2746=AXIS2_PLACEMENT_3D('',#2743,#2744,#2745);
#2747=CYLINDRICAL_SURFACE('',#2746,2.000000000506E0);
#2749=ORIENTED_EDGE('',*,*,#2748,.F.);
#2751=ORIENTED_EDGE('',*,*,#2750,.T.);
#2753=ORIENTED_EDGE('',*,*,#2752,.F.);
#2754=ORIENTED_EDGE('',*,*,#2332,.T.);
#2755=EDGE_LOOP('',(#2749,#2751,#2753,#2754));
#2756=FACE_OUTER_BOUND('',#2755,.F.);
#2757=ADVANCED_FACE('',(#2756),#2747,.F.);
#2758=CARTESIAN_POINT('',(2.255831887028E1,3.E0,1.302405147195E1));
#2759=DIRECTION('',(-8.660254037846E-1,0.E0,-4.999999999998E-1));
#2760=DIRECTION('',(-4.999999999998E-1,0.E0,8.660254037846E-1));
#2761=AXIS2_PLACEMENT_3D('',#2758,#2759,#2760);
#2762=CYLINDRICAL_SURFACE('',#2761,2.000000000609E0);
#2764=ORIENTED_EDGE('',*,*,#2763,.T.);
#2765=ORIENTED_EDGE('',*,*,#2748,.T.);
#2766=ORIENTED_EDGE('',*,*,#2334,.T.);
#2767=ORIENTED_EDGE('',*,*,#2752,.T.);
#2768=EDGE_LOOP('',(#2764,#2765,#2766,#2767));
#2769=FACE_OUTER_BOUND('',#2768,.F.);
#2770=ADVANCED_FACE('',(#2769),#2762,.F.);
#2771=CARTESIAN_POINT('',(1.558845726800E1,3.E0,9.E0));
#2772=DIRECTION('',(8.660254037524E-1,0.E0,5.000000000556E-1));
#2773=DIRECTION('',(5.000000000556E-1,0.E0,-8.660254037524E-1));
#2774=AXIS2_PLACEMENT_3D('',#2771,#2772,#2773);
#2775=PLANE('',#2774);
#2776=ORIENTED_EDGE('',*,*,#2750,.F.);
#2777=ORIENTED_EDGE('',*,*,#2763,.F.);
#2778=EDGE_LOOP('',(#2776,#2777));
#2779=FACE_OUTER_BOUND('',#2778,.F.);
#2780=ADVANCED_FACE('',(#2779),#2775,.T.);
#2781=CARTESIAN_POINT('',(2.255905644023E1,3.E0,-1.302447730816E1));
#2782=DIRECTION('',(-8.660254037846E-1,0.E0,4.999999999998E-1));
#2783=DIRECTION('',(4.999999999998E-1,0.E0,8.660254037846E-1));
#2784=AXIS2_PLACEMENT_3D('',#2781,#2782,#2783);
#2785=CYLINDRICAL_SURFACE('',#2784,1.999999999810E0);
#2787=ORIENTED_EDGE('',*,*,#2786,.F.);
#2789=ORIENTED_EDGE('',*,*,#2788,.T.);
#2791=ORIENTED_EDGE('',*,*,#2790,.F.);
#2792=ORIENTED_EDGE('',*,*,#2338,.T.);
#2793=EDGE_LOOP('',(#2787,#2789,#2791,#2792));
#2794=FACE_OUTER_BOUND('',#2793,.F.);
#2795=ADVANCED_FACE('',(#2794),#2785,.F.);
#2796=CARTESIAN_POINT('',(2.255831887034E1,3.E0,-1.302405147199E1));
#2797=DIRECTION('',(-8.660254037846E-1,0.E0,4.999999999998E-1));
#2798=DIRECTION('',(4.999999999998E-1,0.E0,8.660254037846E-1));
#2799=AXIS2_PLACEMENT_3D('',#2796,#2797,#2798);
#2800=CYLINDRICAL_SURFACE('',#2799,1.999999999707E0);
#2802=ORIENTED_EDGE('',*,*,#2801,.T.);
#2803=ORIENTED_EDGE('',*,*,#2786,.T.);
#2804=ORIENTED_EDGE('',*,*,#2340,.T.);
#2805=ORIENTED_EDGE('',*,*,#2790,.T.);
#2806=EDGE_LOOP('',(#2802,#2803,#2804,#2805));
#2807=FACE_OUTER_BOUND('',#2806,.F.);
#2808=ADVANCED_FACE('',(#2807),#2800,.F.);
#2809=CARTESIAN_POINT('',(1.558845726800E1,3.E0,-9.E0));
#2810=DIRECTION('',(8.660254037524E-1,0.E0,-5.000000000556E-1));
#2811=DIRECTION('',(-5.000000000556E-1,0.E0,-8.660254037524E-1));
#2812=AXIS2_PLACEMENT_3D('',#2809,#2810,#2811);
#2813=PLANE('',#2812);
#2814=ORIENTED_EDGE('',*,*,#2788,.F.);
#2815=ORIENTED_EDGE('',*,*,#2801,.F.);
#2816=EDGE_LOOP('',(#2814,#2815));
#2817=FACE_OUTER_BOUND('',#2816,.F.);
#2818=ADVANCED_FACE('',(#2817),#2813,.T.);
#2819=CARTESIAN_POINT('',(-2.255905644017E1,3.E0,-1.302447730813E1));
#2820=DIRECTION('',(8.660254037846E-1,0.E0,4.999999999998E-1));
#2821=DIRECTION('',(4.999999999998E-1,0.E0,-8.660254037846E-1));
#2822=AXIS2_PLACEMENT_3D('',#2819,#2820,#2821);
#2823=CYLINDRICAL_SURFACE('',#2822,2.000000000506E0);
#2825=ORIENTED_EDGE('',*,*,#2824,.F.);
#2827=ORIENTED_EDGE('',*,*,#2826,.T.);
#2829=ORIENTED_EDGE('',*,*,#2828,.F.);
#2830=ORIENTED_EDGE('',*,*,#2297,.T.);
#2831=EDGE_LOOP('',(#2825,#2827,#2829,#2830));
#2832=FACE_OUTER_BOUND('',#2831,.F.);
#2833=ADVANCED_FACE('',(#2832),#2823,.F.);
#2834=CARTESIAN_POINT('',(-2.255831887028E1,3.E0,-1.302405147195E1));
#2835=DIRECTION('',(8.660254037846E-1,0.E0,4.999999999998E-1));
#2836=DIRECTION('',(4.999999999998E-1,0.E0,-8.660254037846E-1));
#2837=AXIS2_PLACEMENT_3D('',#2834,#2835,#2836);
#2838=CYLINDRICAL_SURFACE('',#2837,2.000000000609E0);
#2840=ORIENTED_EDGE('',*,*,#2839,.T.);
#2841=ORIENTED_EDGE('',*,*,#2824,.T.);
#2842=ORIENTED_EDGE('',*,*,#2299,.T.);
#2843=ORIENTED_EDGE('',*,*,#2828,.T.);
#2844=EDGE_LOOP('',(#2840,#2841,#2842,#2843));
#2845=FACE_OUTER_BOUND('',#2844,.F.);
#2846=ADVANCED_FACE('',(#2845),#2838,.F.);
#2847=CARTESIAN_POINT('',(-1.558845726800E1,3.E0,-9.E0));
#2848=DIRECTION('',(8.660254037524E-1,0.E0,5.000000000556E-1));
#2849=DIRECTION('',(-5.000000000556E-1,0.E0,8.660254037524E-1));
#2850=AXIS2_PLACEMENT_3D('',#2847,#2848,#2849);
#2851=PLANE('',#2850);
#2852=ORIENTED_EDGE('',*,*,#2826,.F.);
#2853=ORIENTED_EDGE('',*,*,#2839,.F.);
#2854=EDGE_LOOP('',(#2852,#2853));
#2855=FACE_OUTER_BOUND('',#2854,.F.);
#2856=ADVANCED_FACE('',(#2855),#2851,.F.);
#2857=CARTESIAN_POINT('',(-2.255905644023E1,3.E0,1.302447730816E1));
#2858=DIRECTION('',(8.660254037846E-1,0.E0,-4.999999999998E-1));
#2859=DIRECTION('',(-4.999999999998E-1,0.E0,-8.660254037846E-1));
#2860=AXIS2_PLACEMENT_3D('',#2857,#2858,#2859);
#2861=CYLINDRICAL_SURFACE('',#2860,1.999999999810E0);
#2863=ORIENTED_EDGE('',*,*,#2862,.F.);
#2865=ORIENTED_EDGE('',*,*,#2864,.T.);
#2867=ORIENTED_EDGE('',*,*,#2866,.F.);
#2868=ORIENTED_EDGE('',*,*,#2303,.T.);
#2869=EDGE_LOOP('',(#2863,#2865,#2867,#2868));
#2870=FACE_OUTER_BOUND('',#2869,.F.);
#2871=ADVANCED_FACE('',(#2870),#2861,.F.);
#2872=CARTESIAN_POINT('',(-2.255831887034E1,3.E0,1.302405147199E1));
#2873=DIRECTION('',(8.660254037846E-1,0.E0,-4.999999999998E-1));
#2874=DIRECTION('',(-4.999999999998E-1,0.E0,-8.660254037846E-1));
#2875=AXIS2_PLACEMENT_3D('',#2872,#2873,#2874);
#2876=CYLINDRICAL_SURFACE('',#2875,1.999999999707E0);
#2878=ORIENTED_EDGE('',*,*,#2877,.T.);
#2879=ORIENTED_EDGE('',*,*,#2862,.T.);
#2880=ORIENTED_EDGE('',*,*,#2305,.T.);
#2881=ORIENTED_EDGE('',*,*,#2866,.T.);
#2882=EDGE_LOOP('',(#2878,#2879,#2880,#2881));
#2883=FACE_OUTER_BOUND('',#2882,.F.);
#2884=ADVANCED_FACE('',(#2883),#2876,.F.);
#2885=CARTESIAN_POINT('',(-1.558845726800E1,3.E0,9.E0));
#2886=DIRECTION('',(8.660254037524E-1,0.E0,-5.000000000556E-1));
#2887=DIRECTION('',(5.000000000556E-1,0.E0,8.660254037524E-1));
#2888=AXIS2_PLACEMENT_3D('',#2885,#2886,#2887);
#2889=PLANE('',#2888);
#2890=ORIENTED_EDGE('',*,*,#2864,.F.);
#2891=ORIENTED_EDGE('',*,*,#2877,.F.);
#2892=EDGE_LOOP('',(#2890,#2891));
#2893=FACE_OUTER_BOUND('',#2892,.F.);
#2894=ADVANCED_FACE('',(#2893),#2889,.F.);
#2895=CARTESIAN_POINT('',(2.255905644017E1,-3.E0,1.302447730813E1));
#2896=DIRECTION('',(-8.660254037846E-1,0.E0,-4.999999999998E-1));
#2897=DIRECTION('',(-4.999999999998E-1,0.E0,8.660254037846E-1));
#2898=AXIS2_PLACEMENT_3D('',#2895,#2896,#2897);
#2899=CYLINDRICAL_SURFACE('',#2898,2.000000000506E0);
#2901=ORIENTED_EDGE('',*,*,#2900,.F.);
#2903=ORIENTED_EDGE('',*,*,#2902,.T.);
#2905=ORIENTED_EDGE('',*,*,#2904,.F.);
#2906=ORIENTED_EDGE('',*,*,#2220,.T.);
#2907=EDGE_LOOP('',(#2901,#2903,#2905,#2906));
#2908=FACE_OUTER_BOUND('',#2907,.F.);
#2909=ADVANCED_FACE('',(#2908),#2899,.F.);
#2910=CARTESIAN_POINT('',(2.255831887028E1,-3.E0,1.302405147195E1));
#2911=DIRECTION('',(-8.660254037846E-1,0.E0,-4.999999999998E-1));
#2912=DIRECTION('',(-4.999999999998E-1,0.E0,8.660254037846E-1));
#2913=AXIS2_PLACEMENT_3D('',#2910,#2911,#2912);
#2914=CYLINDRICAL_SURFACE('',#2913,2.000000000609E0);
#2916=ORIENTED_EDGE('',*,*,#2915,.T.);
#2917=ORIENTED_EDGE('',*,*,#2900,.T.);
#2918=ORIENTED_EDGE('',*,*,#2222,.T.);
#2919=ORIENTED_EDGE('',*,*,#2904,.T.);
#2920=EDGE_LOOP('',(#2916,#2917,#2918,#2919));
#2921=FACE_OUTER_BOUND('',#2920,.F.);
#2922=ADVANCED_FACE('',(#2921),#2914,.F.);
#2923=CARTESIAN_POINT('',(1.558845726800E1,-3.E0,9.E0));
#2924=DIRECTION('',(8.660254037524E-1,0.E0,5.000000000556E-1));
#2925=DIRECTION('',(5.000000000556E-1,0.E0,-8.660254037524E-1));
#2926=AXIS2_PLACEMENT_3D('',#2923,#2924,#2925);
#2927=PLANE('',#2926);
#2928=ORIENTED_EDGE('',*,*,#2902,.F.);
#2929=ORIENTED_EDGE('',*,*,#2915,.F.);
#2930=EDGE_LOOP('',(#2928,#2929));
#2931=FACE_OUTER_BOUND('',#2930,.F.);
#2932=ADVANCED_FACE('',(#2931),#2927,.T.);
#2936=DIMENSIONAL_EXPONENTS(0.E0,0.E0,0.E0,0.E0,0.E0,0.E0,0.E0);
#2938=PLANE_ANGLE_MEASURE_WITH_UNIT(PLANE_ANGLE_MEASURE(1.745329251994E-2),
#2937);
#2939=(CONVERSION_BASED_UNIT('DEGREE',#2938)NAMED_UNIT(*)PLANE_ANGLE_UNIT());
#2941=UNCERTAINTY_MEASURE_WITH_UNIT(LENGTH_MEASURE(7.450876358089E-3),#2935,
'closure',
'Maximum model space distance between geometric entities at asserted connectivities');
#2942=(GEOMETRIC_REPRESENTATION_CONTEXT(3)GLOBAL_UNCERTAINTY_ASSIGNED_CONTEXT((
#2941))GLOBAL_UNIT_ASSIGNED_CONTEXT((#2935,#2939,#2940))REPRESENTATION_CONTEXT(
'ID2','3'));
#2943=CARTESIAN_POINT('',(0.E0,0.E0,0.E0));
#2944=DIRECTION('',(0.E0,0.E0,1.E0));
#2945=DIRECTION('',(1.E0,0.E0,0.E0));
#2948=MECHANICAL_CONTEXT('',#1174,'mechanical');
#2949=PRODUCT('RETAINER_RINGS','RETAINER_RINGS','NOT SPECIFIED',(#2948));
#2950=PRODUCT_DEFINITION_FORMATION_WITH_SPECIFIED_SOURCE('1','LAST_VERSION',
#2949,.MADE.);
#2956=CARTESIAN_POINT('',(-4.792474241350E1,4.758337716060E1,3.347621701761E1));
#2957=DIRECTION('',(-3.296156241215E-1,0.E0,-9.441152156040E-1));
#2958=DIRECTION('',(-9.441152156040E-1,0.E0,3.296156241215E-1));
#2959=AXIS2_PLACEMENT_3D('',#2956,#2957,#2958);
#2960=ITEM_DEFINED_TRANSFORMATION('','',#2946,#2959);
#2961=(REPRESENTATION_RELATIONSHIP('','',#2947,#1185)REPRESENTATION_RELATIONSHIP_WITH_TRANSFORMATION(#2960)SHAPE_REPRESENTATION_RELATIONSHIP());
#2962=CONTEXT_DEPENDENT_SHAPE_REPRESENTATION(#2961,#2955);
#2964=CARTESIAN_POINT('',(1.908387094857E-9,4.200000051641E0,4.960846658204E0));
#2965=CARTESIAN_POINT('',(2.436916560689E-1,4.201244050263E0,4.959793451947E0));
#2966=CARTESIAN_POINT('',(7.127901231620E-1,4.229715434582E0,4.899869063531E0));
#2967=CARTESIAN_POINT('',(1.325080872524E0,4.351710122818E0,4.657890555276E0));
#2968=CARTESIAN_POINT('',(1.804744247785E0,4.538693930506E0,4.302673576518E0));
#2969=CARTESIAN_POINT('',(2.135976788339E0,4.775827160267E0,3.872671070002E0));
#2970=CARTESIAN_POINT('',(2.312154808576E0,5.076257016557E0,3.357571981142E0));
#2971=CARTESIAN_POINT('',(2.308951280802E0,5.422515876717E0,2.772675829465E0));
#2972=CARTESIAN_POINT('',(2.046191774736E0,5.792922623178E0,2.167823072774E0));
#2973=CARTESIAN_POINT('',(1.724022446912E0,6.126286381454E0,1.448440197065E0));
#2974=CARTESIAN_POINT('',(6.095207344189E-1,6.424896073994E0,1.048797460521E0));
#2975=CARTESIAN_POINT('',(6.561130634227E-1,6.470564605052E0,
1.892351800175E-1));
#2976=CARTESIAN_POINT('',(4.359453037680E-1,6.485364422458E0,
5.857477062707E-6));
#2978=CARTESIAN_POINT('',(4.359453037680E-1,6.485364422458E0,
5.857477062707E-6));
#2979=CARTESIAN_POINT('',(4.652958630300E-1,6.483390944054E0,
5.955115256586E-1));
#2980=CARTESIAN_POINT('',(-1.104286838194E0,6.490229386292E0,
2.151647897769E-2));
#2981=CARTESIAN_POINT('',(-1.331677768896E0,6.223438187386E0,1.446200314404E0));
#2982=CARTESIAN_POINT('',(-1.974276137051E0,5.912344421557E0,1.896629326376E0));
#2983=CARTESIAN_POINT('',(-2.238831982080E0,5.549587311858E0,2.575347457926E0));
#2984=CARTESIAN_POINT('',(-2.334910794221E0,5.201718565023E0,3.142640433049E0));
#2985=CARTESIAN_POINT('',(-2.220308607135E0,4.876620302282E0,3.697873954826E0));
#2986=CARTESIAN_POINT('',(-1.924483271778E0,4.603279580317E0,4.182849546376E0));
#2987=CARTESIAN_POINT('',(-1.426348591493E0,4.377322514624E0,4.607380975160E0));
#2988=CARTESIAN_POINT('',(-7.576664597002E-1,4.233031196140E0,
4.893233629698E0));
#2989=CARTESIAN_POINT('',(-2.574683494163E-1,4.200382802205E0,
4.960522610314E0));
#2990=CARTESIAN_POINT('',(1.908387094857E-9,4.200000051641E0,4.960846658204E0));
#2992=CARTESIAN_POINT('',(4.359452328109E-1,6.485364427231E0,0.E0));
#2993=CARTESIAN_POINT('',(4.653023569436E-1,6.483391045710E0,
-5.955078322068E-1));
#2994=CARTESIAN_POINT('',(-1.104285268499E0,6.490229751172E0,
-2.151771070134E-2));
#2995=CARTESIAN_POINT('',(-1.331675978992E0,6.223438979168E0,
-1.446197693358E0));
#2996=CARTESIAN_POINT('',(-1.974275321132E0,5.912345203517E0,
-1.896628106854E0));
#2997=CARTESIAN_POINT('',(-2.238831674228E0,5.549587983557E0,
-2.575346243041E0));
#2998=CARTESIAN_POINT('',(-2.334910905868E0,5.201719072931E0,
-3.142639550457E0));
#2999=CARTESIAN_POINT('',(-2.220308958126E0,4.876620621732E0,
-3.697873331289E0));
#3000=CARTESIAN_POINT('',(-1.924483736227E0,4.603279746579E0,
-4.182849159743E0));
#3001=CARTESIAN_POINT('',(-1.426349052634E0,4.377322531556E0,
-4.607380828789E0));
#3002=CARTESIAN_POINT('',(-7.576667049174E-1,4.233031120538E0,
-4.893233671226E0));
#3003=CARTESIAN_POINT('',(-2.574684361889E-1,4.200382701987E0,
-4.960522694976E0));
#3004=CARTESIAN_POINT('',(-1.908387622125E-9,4.199999949498E0,
-4.960846744681E0));
#3006=CARTESIAN_POINT('',(-1.908387622125E-9,4.199999949498E0,
-4.960846744681E0));
#3007=CARTESIAN_POINT('',(2.436917366894E-1,4.201243950196E0,
-4.959793536898E0));
#3008=CARTESIAN_POINT('',(7.127903639665E-1,4.229715356835E0,
-4.899869107759E0));
#3009=CARTESIAN_POINT('',(1.325081319774E0,4.351710127713E0,-4.657890434376E0));
#3010=CARTESIAN_POINT('',(1.804744740394E0,4.538694069230E0,-4.302673231651E0));
#3011=CARTESIAN_POINT('',(2.135977223024E0,4.775827442731E0,-3.872670494244E0));
#3012=CARTESIAN_POINT('',(2.312155033667E0,5.076257521306E0,-3.357571085884E0));
#3013=CARTESIAN_POINT('',(2.308951199028E0,5.422516576672E0,-2.772674570979E0));
#3014=CARTESIAN_POINT('',(2.046190729181E0,5.792923507893E0,-2.167821731926E0));
#3015=CARTESIAN_POINT('',(1.724022044489E0,6.126287182139E0,-1.448437669304E0));
#3016=CARTESIAN_POINT('',(6.095144839060E-1,6.424896963352E0,
-1.048798069659E0));
#3017=CARTESIAN_POINT('',(6.561123740983E-1,6.470564894292E0,
-1.892288162401E-1));
#3018=CARTESIAN_POINT('',(4.359431926468E-1,6.485364564370E0,0.E0));
#3020=CARTESIAN_POINT('',(0.E0,0.E0,0.E0));
#3021=DIRECTION('',(0.E0,0.E0,-1.E0));
#3022=DIRECTION('',(6.706818348413E-2,9.977483945184E-1,0.E0));
#3023=AXIS2_PLACEMENT_3D('',#3020,#3021,#3022);
#3025=CARTESIAN_POINT('',(0.E0,0.E0,0.E0));
#3026=DIRECTION('',(0.E0,0.E0,-1.E0));
#3027=DIRECTION('',(0.E0,-1.E0,0.E0));
#3028=AXIS2_PLACEMENT_3D('',#3025,#3026,#3027);
#3030=CARTESIAN_POINT('',(0.E0,0.E0,0.E0));
#3031=DIRECTION('',(0.E0,0.E0,-1.E0));
#3032=DIRECTION('',(0.E0,1.E0,0.E0));
#3033=AXIS2_PLACEMENT_3D('',#3030,#3031,#3032);
#3035=CARTESIAN_POINT('',(0.E0,6.5E0,0.E0));
#3036=CARTESIAN_POINT('',(0.E0,-6.5E0,0.E0));
#3037=VERTEX_POINT('',#3035);
#3038=VERTEX_POINT('',#3036);
#3039=CARTESIAN_POINT('',(4.359431926468E-1,6.485364564370E0,0.E0));
#3040=VERTEX_POINT('',#3039);
#3041=CARTESIAN_POINT('',(4.359452328109E-1,6.485364427231E0,0.E0));
#3042=VERTEX_POINT('',#3041);
#3043=VERTEX_POINT('',#2990);
#3044=VERTEX_POINT('',#2978);
#3045=VERTEX_POINT('',#3006);
#3046=CARTESIAN_POINT('',(0.E0,0.E0,0.E0));
#3047=DIRECTION('',(0.E0,-1.E0,0.E0));
#3048=DIRECTION('',(-1.E0,0.E0,0.E0));
#3049=AXIS2_PLACEMENT_3D('',#3046,#3047,#3048);
#3050=SPHERICAL_SURFACE('',#3049,6.5E0);
#3052=ORIENTED_EDGE('',*,*,#3051,.T.);
#3054=ORIENTED_EDGE('',*,*,#3053,.T.);
#3055=EDGE_LOOP('',(#3052,#3054));
#3056=FACE_OUTER_BOUND('',#3055,.F.);
#3057=ADVANCED_FACE('',(#3056),#3050,.F.);
#3058=CARTESIAN_POINT('',(0.E0,0.E0,0.E0));
#3059=DIRECTION('',(0.E0,-1.E0,0.E0));
#3060=DIRECTION('',(-1.E0,0.E0,0.E0));
#3061=AXIS2_PLACEMENT_3D('',#3058,#3059,#3060);
#3062=SPHERICAL_SURFACE('',#3061,6.5E0);
#3064=ORIENTED_EDGE('',*,*,#3063,.T.);
#3066=ORIENTED_EDGE('',*,*,#3065,.T.);
#3068=ORIENTED_EDGE('',*,*,#3067,.T.);
#3070=ORIENTED_EDGE('',*,*,#3069,.T.);
#3072=ORIENTED_EDGE('',*,*,#3071,.T.);
#3073=EDGE_LOOP('',(#3064,#3066,#3068,#3070,#3072));
#3074=FACE_OUTER_BOUND('',#3073,.F.);
#3075=ADVANCED_FACE('',(#3074),#3062,.F.);
#3078=CARTESIAN_POINT('',(0.E0,-3.41E1,0.E0));
#3079=DIRECTION('',(0.E0,1.E0,0.E0));
#3080=DIRECTION('',(1.E0,0.E0,0.E0));
#3081=AXIS2_PLACEMENT_3D('',#3078,#3079,#3080);
#3083=CARTESIAN_POINT('',(0.E0,-3.41E1,0.E0));
#3084=DIRECTION('',(0.E0,1.E0,0.E0));
#3085=DIRECTION('',(-1.E0,0.E0,0.E0));
#3086=AXIS2_PLACEMENT_3D('',#3083,#3084,#3085);
#3088=CARTESIAN_POINT('',(0.E0,-3.41E1,0.E0));
#3089=DIRECTION('',(0.E0,-1.E0,0.E0));
#3090=DIRECTION('',(-1.E0,0.E0,0.E0));
#3091=AXIS2_PLACEMENT_3D('',#3088,#3089,#3090);
#3093=CARTESIAN_POINT('',(0.E0,-3.41E1,0.E0));
#3094=DIRECTION('',(0.E0,-1.E0,0.E0));
#3095=DIRECTION('',(1.E0,0.E0,0.E0));
#3096=AXIS2_PLACEMENT_3D('',#3093,#3094,#3095);
#3098=DIRECTION('',(4.600001188041E-10,1.E0,0.E0));
#3099=VECTOR('',#3098,8.8E0);
#3100=CARTESIAN_POINT('',(-1.774999999707E1,-3.41E1,-4.854109219807E-9));
#3101=LINE('',#3100,#3099);
#3102=DIRECTION('',(4.600001188041E-10,-1.E0,0.E0));
#3103=VECTOR('',#3102,8.8E0);
#3104=CARTESIAN_POINT('',(1.774999999302E1,-2.53E1,0.E0));
#3105=LINE('',#3104,#3103);
#3106=CARTESIAN_POINT('',(0.E0,-2.53E1,0.E0));
#3107=DIRECTION('',(0.E0,1.E0,0.E0));
#3108=DIRECTION('',(1.E0,0.E0,0.E0));
#3109=AXIS2_PLACEMENT_3D('',#3106,#3107,#3108);
#3111=CARTESIAN_POINT('',(0.E0,-2.53E1,0.E0));
#3112=DIRECTION('',(0.E0,1.E0,0.E0));
#3113=DIRECTION('',(-1.E0,0.E0,0.E0));
#3114=AXIS2_PLACEMENT_3D('',#3111,#3112,#3113);
#3116=CARTESIAN_POINT('',(0.E0,-2.53E1,0.E0));
#3117=DIRECTION('',(0.E0,-1.E0,0.E0));
#3118=DIRECTION('',(-1.E0,0.E0,0.E0));
#3119=AXIS2_PLACEMENT_3D('',#3116,#3117,#3118);
#3121=CARTESIAN_POINT('',(0.E0,-2.53E1,0.E0));
#3122=DIRECTION('',(0.E0,-1.E0,0.E0));
#3123=DIRECTION('',(1.E0,0.E0,0.E0));
#3124=AXIS2_PLACEMENT_3D('',#3121,#3122,#3123);
#3126=DIRECTION('',(-2.838225062381E-9,1.E0,-2.347292251832E-9));
#3127=VECTOR('',#3126,1.5E0);
#3128=CARTESIAN_POINT('',(-2.574999999574E1,-2.53E1,-7.041876755495E-9));
#3129=LINE('',#3128,#3127);
#3130=DIRECTION('',(-2.838225062381E-9,-1.E0,0.E0));
#3131=VECTOR('',#3130,1.5E0);
#3132=CARTESIAN_POINT('',(2.575E1,-2.38E1,0.E0));
#3133=LINE('',#3132,#3131);
#3134=CARTESIAN_POINT('',(0.E0,-2.E1,0.E0));
#3135=DIRECTION('',(0.E0,-1.E0,0.E0));
#3136=DIRECTION('',(1.E0,0.E0,0.E0));
#3137=AXIS2_PLACEMENT_3D('',#3134,#3135,#3136);
#3139=CARTESIAN_POINT('',(0.E0,-2.38E1,0.E0));
#3140=DIRECTION('',(0.E0,1.E0,0.E0));
#3141=DIRECTION('',(-1.E0,0.E0,-4.102064129415E-10));
#3142=AXIS2_PLACEMENT_3D('',#3139,#3140,#3141);
#3144=CARTESIAN_POINT('',(-1.429545382275E1,-1.8E1,9.199999999217E0));
#3145=CARTESIAN_POINT('',(-1.454220308683E1,-1.800000000015E1,
8.816587747987E0));
#3146=CARTESIAN_POINT('',(-1.495911115122E1,-1.791044723546E1,
8.057718329878E0));
#3147=CARTESIAN_POINT('',(-1.536430043183E1,-1.754418781697E1,
7.023061942752E0));
#3148=CARTESIAN_POINT('',(-1.559221770723E1,-1.697620175233E1,
6.105059329786E0));
#3149=CARTESIAN_POINT('',(-1.566906848524E1,-1.621765248523E1,
5.320600146274E0));
#3150=CARTESIAN_POINT('',(-1.561297244786E1,-1.528305968857E1,
4.703061057783E0));
#3151=CARTESIAN_POINT('',(-1.543720385343E1,-1.418918288702E1,
4.296024309253E0));
#3152=CARTESIAN_POINT('',(-1.525378764206E1,-1.340046184915E1,
4.199999998839E0));
#3153=CARTESIAN_POINT('',(-1.514730192357E1,-1.300000000209E1,
4.199999998839E0));
#3155=CARTESIAN_POINT('',(0.E0,-1.8E1,0.E0));
#3156=DIRECTION('',(0.E0,1.E0,0.E0));
#3157=DIRECTION('',(-1.E0,0.E0,-4.102064129415E-10));
#3158=AXIS2_PLACEMENT_3D('',#3155,#3156,#3157);
#3160=CARTESIAN_POINT('',(0.E0,-1.8E1,0.E0));
#3161=DIRECTION('',(0.E0,1.E0,0.E0));
#3162=DIRECTION('',(-8.409090485933E-1,0.E0,-5.411764702886E-1));
#3163=AXIS2_PLACEMENT_3D('',#3160,#3161,#3162);
#3165=CARTESIAN_POINT('',(-1.514730191876E1,-1.300000000278E1,
-4.199999997932E0));
#3166=CARTESIAN_POINT('',(-1.525524606215E1,-1.340594656234E1,
-4.199999998098E0));
#3167=CARTESIAN_POINT('',(-1.544095010666E1,-1.420601607572E1,
-4.298718118962E0));
#3168=CARTESIAN_POINT('',(-1.561734167137E1,-1.531545570754E1,
-4.717863512384E0));
#3169=CARTESIAN_POINT('',(-1.566925684526E1,-1.626151715643E1,
-5.355780854815E0));
#3170=CARTESIAN_POINT('',(-1.558308340336E1,-1.701698188535E1,
-6.157626718722E0));
#3171=CARTESIAN_POINT('',(-1.534538883286E1,-1.756874501413E1,
-7.078759044778E0));
#3172=CARTESIAN_POINT('',(-1.494447276333E1,-1.791430291495E1,
-8.085377106132E0));
#3173=CARTESIAN_POINT('',(-1.453600260653E1,-1.799999999986E1,
-8.826222379968E0));
#3174=CARTESIAN_POINT('',(-1.429545381978E1,-1.8E1,-9.199999996972E0));
#3176=CARTESIAN_POINT('',(-1.083917409166E1,2.978641467933E0,
-4.199999998668E0));
#3177=CARTESIAN_POINT('',(-1.125336194845E1,1.471426049211E0,
-4.199999998668E0));
#3178=CARTESIAN_POINT('',(-1.212425010181E1,-1.720991403287E0,
-4.200000000346E0));
#3179=CARTESIAN_POINT('',(-1.354007009160E1,-6.972480804870E0,
-4.200000000788E0));
#3180=CARTESIAN_POINT('',(-1.459518604464E1,-1.092365262133E1,
-4.199999997932E0));
#3181=CARTESIAN_POINT('',(-1.514730191876E1,-1.300000000278E1,
-4.199999997932E0));
#3183=CARTESIAN_POINT('',(0.E0,4.960846699868E0,-4.2E0));
#3184=CARTESIAN_POINT('',(4.424973773036E-1,4.958928340929E0,-4.2E0));
#3185=CARTESIAN_POINT('',(1.294076776691E0,4.847735296460E0,-4.2E0));
#3186=CARTESIAN_POINT('',(2.510602919696E0,4.345111200472E0,-4.2E0));
#3187=CARTESIAN_POINT('',(3.548076777881E0,3.547949223736E0,-4.2E0));
#3188=CARTESIAN_POINT('',(4.345942759707E0,2.508419227605E0,-4.2E0));
#3189=CARTESIAN_POINT('',(4.846987170679E0,1.298090269854E0,-4.2E0));
#3190=CARTESIAN_POINT('',(5.017875028820E0,-7.469094887538E-4,-4.2E0));
#3191=CARTESIAN_POINT('',(4.846592630682E0,-1.299538222249E0,-4.2E0));
#3192=CARTESIAN_POINT('',(4.345226006523E0,-2.509695952007E0,-4.2E0));
#3193=CARTESIAN_POINT('',(3.546910929363E0,-3.549063035655E0,-4.2E0));
#3194=CARTESIAN_POINT('',(2.509602495822E0,-4.345758701789E0,-4.2E0));
#3195=CARTESIAN_POINT('',(1.292011253429E0,-4.848206798755E0,-4.2E0));
#3196=CARTESIAN_POINT('',(4.416411788403E-1,-4.959095538239E0,-4.2E0));
#3197=CARTESIAN_POINT('',(0.E0,-4.960846711056E0,-4.2E0));
#3199=CARTESIAN_POINT('',(0.E0,-4.960846711056E0,-4.2E0));
#3200=CARTESIAN_POINT('',(-4.424973838770E-1,-4.958928350210E0,-4.2E0));
#3201=CARTESIAN_POINT('',(-1.294076794522E0,-4.847735297317E0,-4.2E0));
#3202=CARTESIAN_POINT('',(-2.510603043694E0,-4.345111143605E0,-4.2E0));
#3203=CARTESIAN_POINT('',(-3.548076812471E0,-3.547949157828E0,-4.2E0));
#3204=CARTESIAN_POINT('',(-4.345942833516E0,-2.508419132675E0,-4.2E0));
#3205=CARTESIAN_POINT('',(-4.846987180720E0,-1.298090187305E0,-4.2E0));
#3206=CARTESIAN_POINT('',(-5.017875022751E0,7.469852086269E-4,-4.2E0));
#3207=CARTESIAN_POINT('',(-4.846592644877E0,1.299538195812E0,-4.2E0));
#3208=CARTESIAN_POINT('',(-4.345225990115E0,2.509695952238E0,-4.2E0));
#3209=CARTESIAN_POINT('',(-3.546910960231E0,3.549063035893E0,-4.2E0));
#3210=CARTESIAN_POINT('',(-2.509602453033E0,4.345758715472E0,-4.2E0));
#3211=CARTESIAN_POINT('',(-1.292011263914E0,4.848206794809E0,-4.2E0));
#3212=CARTESIAN_POINT('',(-4.416411823549E-1,4.959095529808E0,-4.2E0));
#3213=CARTESIAN_POINT('',(0.E0,4.960846699868E0,-4.2E0));
#3215=DIRECTION('',(-1.E0,0.E0,1.282301017518E-10));
#3216=VECTOR('',#3215,3.029460384150E1);
#3217=CARTESIAN_POINT('',(1.514730192274E1,-1.300000000278E1,
-4.200000001816E0));
#3218=LINE('',#3217,#3216);
#3219=DIRECTION('',(1.E0,0.E0,-1.923450071374E-10));
#3220=VECTOR('',#3219,2.859090763981E1);
#3221=CARTESIAN_POINT('',(-1.429545381978E1,-1.8E1,-9.199999996972E0));
#3222=LINE('',#3221,#3220);
#3223=CARTESIAN_POINT('',(1.514730192274E1,-1.300000000278E1,
-4.200000001816E0));
#3224=CARTESIAN_POINT('',(1.464296917457E1,-1.110335107470E1,
-4.200000001816E0));
#3225=CARTESIAN_POINT('',(1.365177075751E1,-7.388772764032E0,
-4.199999998753E0));
#3226=CARTESIAN_POINT('',(1.217358596018E1,-1.901689771864E0,
-4.200000001641E0));
#3227=CARTESIAN_POINT('',(1.127431002810E1,1.395196707366E0,-4.199999997002E0));
#3228=CARTESIAN_POINT('',(1.083917409231E1,2.978641467933E0,-4.199999997002E0));
#3230=CARTESIAN_POINT('',(1.429545382003E1,-1.8E1,-9.200000002471E0));
#3231=CARTESIAN_POINT('',(1.454220307724E1,-1.799999999985E1,
-8.816587762293E0));
#3232=CARTESIAN_POINT('',(1.495911113808E1,-1.791044723780E1,
-8.057718352476E0));
#3233=CARTESIAN_POINT('',(1.536430041358E1,-1.754418784690E1,
-7.023062005331E0));
#3234=CARTESIAN_POINT('',(1.559221769853E1,-1.697620176973E1,
-6.105059348405E0));
#3235=CARTESIAN_POINT('',(1.566906848891E1,-1.621765250920E1,
-5.320600167770E0));
#3236=CARTESIAN_POINT('',(1.561297244635E1,-1.528305973538E1,
-4.703061085715E0));
#3237=CARTESIAN_POINT('',(1.543720387704E1,-1.418918297927E1,
-4.296024329496E0));
#3238=CARTESIAN_POINT('',(1.525378765142E1,-1.340046188827E1,
-4.200000001981E0));
#3239=CARTESIAN_POINT('',(1.514730192274E1,-1.300000000278E1,
-4.200000001816E0));
#3241=CARTESIAN_POINT('',(0.E0,-1.8E1,0.E0));
#3242=DIRECTION('',(0.E0,1.E0,0.E0));
#3243=DIRECTION('',(1.E0,0.E0,0.E0));
#3244=AXIS2_PLACEMENT_3D('',#3241,#3242,#3243);
#3246=CARTESIAN_POINT('',(0.E0,0.E0,0.E0));
#3247=DIRECTION('',(4.101994299788E-10,0.E0,-1.E0));
#3248=DIRECTION('',(-9.687036532362E-1,2.482201285288E-1,-3.973616863758E-10));
#3249=AXIS2_PLACEMENT_3D('',#3246,#3247,#3248);
#3251=CARTESIAN_POINT('',(0.E0,2.978641542346E0,0.E0));
#3252=DIRECTION('',(0.E0,1.E0,0.E0));
#3253=DIRECTION('',(-9.324466808952E-1,0.E0,-3.613076075694E-1));
#3254=AXIS2_PLACEMENT_3D('',#3251,#3252,#3253);
#3256=CARTESIAN_POINT('',(0.E0,0.E0,-4.2E0));
#3257=DIRECTION('',(0.E0,0.E0,1.E0));
#3258=DIRECTION('',(9.642538543040E-1,2.649801963541E-1,0.E0));
#3259=AXIS2_PLACEMENT_3D('',#3256,#3257,#3258);
#3261=CARTESIAN_POINT('',(0.E0,2.978641542346E0,0.E0));
#3262=DIRECTION('',(0.E0,1.E0,0.E0));
#3263=DIRECTION('',(1.E0,0.E0,0.E0));
#3264=AXIS2_PLACEMENT_3D('',#3261,#3262,#3263);
#3266=CARTESIAN_POINT('',(0.E0,0.E0,0.E0));
#3267=DIRECTION('',(0.E0,0.E0,-1.E0));
#3268=DIRECTION('',(0.E0,1.E0,0.E0));
#3269=AXIS2_PLACEMENT_3D('',#3266,#3267,#3268);
#3271=CARTESIAN_POINT('',(0.E0,2.978641542346E0,0.E0));
#3272=DIRECTION('',(0.E0,1.E0,0.E0));
#3273=DIRECTION('',(9.324466810434E-1,0.E0,3.613076071869E-1));
#3274=AXIS2_PLACEMENT_3D('',#3271,#3272,#3273);
#3276=CARTESIAN_POINT('',(0.E0,0.E0,4.2E0));
#3277=DIRECTION('',(0.E0,0.E0,-1.E0));
#3278=DIRECTION('',(-9.642538543040E-1,2.649801963541E-1,0.E0));
#3279=AXIS2_PLACEMENT_3D('',#3276,#3277,#3278);
#3281=CARTESIAN_POINT('',(0.E0,2.978641542346E0,0.E0));
#3282=DIRECTION('',(0.E0,1.E0,0.E0));
#3283=DIRECTION('',(-1.E0,0.E0,-4.102064129415E-10));
#3284=AXIS2_PLACEMENT_3D('',#3281,#3282,#3283);
#3286=DIRECTION('',(-2.482201191941E-1,9.687036556281E-1,0.E0));
#3287=VECTOR('',#3286,2.165640788521E1);
#3288=CARTESIAN_POINT('',(1.7E1,-1.8E1,0.E0));
#3289=LINE('',#3288,#3287);
#3290=CARTESIAN_POINT('',(0.E0,-1.8E1,0.E0));
#3291=DIRECTION('',(0.E0,1.E0,0.E0));
#3292=DIRECTION('',(8.409090482741E-1,0.E0,5.411764707845E-1));
#3293=AXIS2_PLACEMENT_3D('',#3290,#3291,#3292);
#3295=CARTESIAN_POINT('',(1.514730191793E1,-1.300000000209E1,4.200000000910E0));
#3296=CARTESIAN_POINT('',(1.525524605043E1,-1.340594652042E1,4.200000000910E0));
#3297=CARTESIAN_POINT('',(1.544095008856E1,-1.420601597144E1,4.298718093731E0));
#3298=CARTESIAN_POINT('',(1.561734166675E1,-1.531545563457E1,4.717863473659E0));
#3299=CARTESIAN_POINT('',(1.566925684627E1,-1.626151709215E1,5.355780797947E0));
#3300=CARTESIAN_POINT('',(1.558308340826E1,-1.701698187004E1,6.157626692634E0));
#3301=CARTESIAN_POINT('',(1.534538883940E1,-1.756874500839E1,7.078759033024E0));
#3302=CARTESIAN_POINT('',(1.494447277079E1,-1.791430291229E1,8.085377091184E0));
#3303=CARTESIAN_POINT('',(1.453600260793E1,-1.800000000014E1,8.826222379368E0));
#3304=CARTESIAN_POINT('',(1.429545381707E1,-1.8E1,9.200000002149E0));
#3306=DIRECTION('',(1.E0,0.E0,6.836779388693E-11));
#3307=VECTOR('',#3306,3.029460384150E1);
#3308=CARTESIAN_POINT('',(-1.514730192357E1,-1.300000000209E1,
4.199999998839E0));
#3309=LINE('',#3308,#3307);
#3310=DIRECTION('',(-1.E0,0.E0,-1.025515594522E-10));
#3311=VECTOR('',#3310,2.859090763981E1);
#3312=CARTESIAN_POINT('',(1.429545381707E1,-1.8E1,9.200000002149E0));
#3313=LINE('',#3312,#3311);
#3314=CARTESIAN_POINT('',(-1.514730192357E1,-1.300000000209E1,
4.199999998839E0));
#3315=CARTESIAN_POINT('',(-1.460680461387E1,-1.096734666568E1,
4.199999998839E0));
#3316=CARTESIAN_POINT('',(-1.356699085909E1,-7.072642579207E0,
4.200000000537E0));
#3317=CARTESIAN_POINT('',(-1.211166776791E1,-1.674214503218E0,
4.199999999861E0));
#3318=CARTESIAN_POINT('',(-1.124765900605E1,1.492178859479E0,4.199999999966E0));
#3319=CARTESIAN_POINT('',(-1.083917409116E1,2.978641467933E0,4.199999999966E0));
#3321=CARTESIAN_POINT('',(1.083917409281E1,2.978641467933E0,4.199999995704E0));
#3322=CARTESIAN_POINT('',(1.125336194954E1,1.471426049195E0,4.199999995704E0));
#3323=CARTESIAN_POINT('',(1.212425010118E1,-1.720991403191E0,4.200000002126E0));
#3324=CARTESIAN_POINT('',(1.354007009217E1,-6.972480805181E0,4.199999999003E0));
#3325=CARTESIAN_POINT('',(1.459518604373E1,-1.092365262067E1,4.200000000910E0));
#3326=CARTESIAN_POINT('',(1.514730191793E1,-1.300000000209E1,4.200000000910E0));
#3328=CARTESIAN_POINT('',(0.E0,-4.960846711056E0,4.2E0));
#3329=CARTESIAN_POINT('',(4.424973838770E-1,-4.958928350210E0,4.2E0));
#3330=CARTESIAN_POINT('',(1.294076794522E0,-4.847735297317E0,4.2E0));
#3331=CARTESIAN_POINT('',(2.510603043694E0,-4.345111143605E0,4.2E0));
#3332=CARTESIAN_POINT('',(3.548076812471E0,-3.547949157828E0,4.2E0));
#3333=CARTESIAN_POINT('',(4.345942833516E0,-2.508419132675E0,4.2E0));
#3334=CARTESIAN_POINT('',(4.846987180720E0,-1.298090187305E0,4.2E0));
#3335=CARTESIAN_POINT('',(5.017875022751E0,7.469852086111E-4,4.2E0));
#3336=CARTESIAN_POINT('',(4.846592644877E0,1.299538195812E0,4.2E0));
#3337=CARTESIAN_POINT('',(4.345225990115E0,2.509695952238E0,4.2E0));
#3338=CARTESIAN_POINT('',(3.546910960231E0,3.549063035893E0,4.2E0));
#3339=CARTESIAN_POINT('',(2.509602453033E0,4.345758715472E0,4.2E0));
#3340=CARTESIAN_POINT('',(1.292011263914E0,4.848206794809E0,4.2E0));
#3341=CARTESIAN_POINT('',(4.416411823549E-1,4.959095529808E0,4.2E0));
#3342=CARTESIAN_POINT('',(0.E0,4.960846699868E0,4.2E0));
#3344=CARTESIAN_POINT('',(0.E0,4.960846699868E0,4.2E0));
#3345=CARTESIAN_POINT('',(-4.424973773036E-1,4.958928340929E0,4.2E0));
#3346=CARTESIAN_POINT('',(-1.294076776692E0,4.847735296460E0,4.2E0));
#3347=CARTESIAN_POINT('',(-2.510602919696E0,4.345111200472E0,4.2E0));
#3348=CARTESIAN_POINT('',(-3.548076777881E0,3.547949223736E0,4.2E0));
#3349=CARTESIAN_POINT('',(-4.345942759707E0,2.508419227605E0,4.2E0));
#3350=CARTESIAN_POINT('',(-4.846987170679E0,1.298090269854E0,4.2E0));
#3351=CARTESIAN_POINT('',(-5.017875028820E0,-7.469094887481E-4,4.2E0));
#3352=CARTESIAN_POINT('',(-4.846592630682E0,-1.299538222249E0,4.2E0));
#3353=CARTESIAN_POINT('',(-4.345226006523E0,-2.509695952007E0,4.2E0));
#3354=CARTESIAN_POINT('',(-3.546910929363E0,-3.549063035655E0,4.2E0));
#3355=CARTESIAN_POINT('',(-2.509602495822E0,-4.345758701789E0,4.2E0));
#3356=CARTESIAN_POINT('',(-1.292011253429E0,-4.848206798755E0,4.2E0));
#3357=CARTESIAN_POINT('',(-4.416411788404E-1,-4.959095538239E0,4.2E0));
#3358=CARTESIAN_POINT('',(0.E0,-4.960846711056E0,4.2E0));
#3360=CARTESIAN_POINT('',(0.E0,-1.8E1,0.E0));
#3361=DIRECTION('',(0.E0,-1.E0,0.E0));
#3362=DIRECTION('',(8.409090482837E-1,0.E0,5.411764707696E-1));
#3363=AXIS2_PLACEMENT_3D('',#3360,#3361,#3362);
#3365=DIRECTION('',(0.E0,1.E0,0.E0));
#3366=VECTOR('',#3365,2.E0);
#3367=CARTESIAN_POINT('',(-1.7E1,-2.E1,-6.973509020005E-9));
#3368=LINE('',#3367,#3366);
#3369=DIRECTION('',(0.E0,-1.E0,0.E0));
#3370=VECTOR('',#3369,2.E0);
#3371=CARTESIAN_POINT('',(1.7E1,-1.8E1,0.E0));
#3372=LINE('',#3371,#3370);
#3373=DIRECTION('',(9.172366328139E-1,3.983427662506E-1,3.762563489651E-10));
#3374=VECTOR('',#3373,9.539523048874E0);
#3375=CARTESIAN_POINT('',(-2.575E1,-2.38E1,-1.056281513324E-8));
#3376=LINE('',#3375,#3374);
#3377=CARTESIAN_POINT('',(0.E0,-2.38E1,0.E0));
#3378=DIRECTION('',(0.E0,1.E0,0.E0));
#3379=DIRECTION('',(1.E0,0.E0,0.E0));
#3380=AXIS2_PLACEMENT_3D('',#3377,#3378,#3379);
#3382=DIRECTION('',(9.172366328139E-1,-3.983427662506E-1,0.E0));
#3383=VECTOR('',#3382,9.539523048874E0);
#3384=CARTESIAN_POINT('',(1.7E1,-2.E1,0.E0));
#3385=LINE('',#3384,#3383);
#3386=CARTESIAN_POINT('',(0.E0,-2.E1,0.E0));
#3387=DIRECTION('',(0.E0,-1.E0,0.E0));
#3388=DIRECTION('',(-1.E0,0.E0,-4.102064129415E-10));
#3389=AXIS2_PLACEMENT_3D('',#3386,#3387,#3388);
#3391=CARTESIAN_POINT('',(0.E0,-1.8E1,0.E0));
#3392=DIRECTION('',(0.E0,-1.E0,0.E0));
#3393=DIRECTION('',(-8.409090482837E-1,0.E0,-5.411764707696E-1));
#3394=AXIS2_PLACEMENT_3D('',#3391,#3392,#3393);
#3396=DIRECTION('',(-2.328444406895E-11,1.E0,0.E0));
#3397=VECTOR('',#3396,1.159E2);
#3398=CARTESIAN_POINT('',(-5.499999999091E0,-1.5E2,-1.504090180785E-9));
#3399=LINE('',#3398,#3397);
#3400=DIRECTION('',(-2.328444406895E-11,-1.E0,0.E0));
#3401=VECTOR('',#3400,1.159E2);
#3402=CARTESIAN_POINT('',(5.500000001789E0,-3.41E1,0.E0));
#3403=LINE('',#3402,#3401);
#3404=CARTESIAN_POINT('',(0.E0,-1.5E2,0.E0));
#3405=DIRECTION('',(0.E0,1.E0,0.E0));
#3406=DIRECTION('',(1.E0,0.E0,0.E0));
#3407=AXIS2_PLACEMENT_3D('',#3404,#3405,#3406);
#3409=CARTESIAN_POINT('',(0.E0,-1.5E2,0.E0));
#3410=DIRECTION('',(0.E0,1.E0,0.E0));
#3411=DIRECTION('',(-1.E0,0.E0,0.E0));
#3412=AXIS2_PLACEMENT_3D('',#3409,#3410,#3411);
#3414=VERTEX_POINT('',#3328);
#3415=VERTEX_POINT('',#3342);
#3416=VERTEX_POINT('',#3183);
#3417=VERTEX_POINT('',#3197);
#3418=CARTESIAN_POINT('',(1.775E1,-2.53E1,0.E0));
#3419=CARTESIAN_POINT('',(-1.775E1,-2.53E1,0.E0));
#3420=VERTEX_POINT('',#3418);
#3421=VERTEX_POINT('',#3419);
#3422=CARTESIAN_POINT('',(1.774999999707E1,-3.41E1,0.E0));
#3423=VERTEX_POINT('',#3422);
#3424=CARTESIAN_POINT('',(-1.775E1,-3.41E1,0.E0));
#3425=VERTEX_POINT('',#3424);
#3426=CARTESIAN_POINT('',(-2.575E1,-2.38E1,-1.056281513324E-8));
#3427=CARTESIAN_POINT('',(2.575E1,-2.38E1,1.143529715198E-14));
#3428=VERTEX_POINT('',#3426);
#3429=VERTEX_POINT('',#3427);
#3430=CARTESIAN_POINT('',(2.574999999574E1,-2.53E1,0.E0));
#3431=VERTEX_POINT('',#3430);
#3432=CARTESIAN_POINT('',(-2.575E1,-2.53E1,0.E0));
#3433=VERTEX_POINT('',#3432);
#3434=CARTESIAN_POINT('',(1.7E1,-2.E1,0.E0));
#3435=CARTESIAN_POINT('',(-1.7E1,-2.E1,-6.973501470488E-9));
#3436=VERTEX_POINT('',#3434);
#3437=VERTEX_POINT('',#3435);
#3438=CARTESIAN_POINT('',(-1.7E1,-1.8E1,-6.973509020005E-9));
#3439=CARTESIAN_POINT('',(-1.429545382443E1,-1.8E1,9.199999997473E0));
#3440=VERTEX_POINT('',#3438);
#3441=VERTEX_POINT('',#3439);
#3442=CARTESIAN_POINT('',(1.429545382082E1,-1.8E1,9.200000003083E0));
#3443=VERTEX_POINT('',#3442);
#3444=CARTESIAN_POINT('',(1.7E1,-1.8E1,0.E0));
#3445=VERTEX_POINT('',#3444);
#3446=CARTESIAN_POINT('',(1.162444383883E1,2.978641542346E0,0.E0));
#3447=CARTESIAN_POINT('',(1.083917407574E1,2.978641542346E0,-4.199999990234E0));
#3448=VERTEX_POINT('',#3446);
#3449=VERTEX_POINT('',#3447);
#3450=VERTEX_POINT('',#3223);
#3451=VERTEX_POINT('',#3230);
#3452=CARTESIAN_POINT('',(0.E0,1.2E1,0.E0));
#3453=VERTEX_POINT('',#3452);
#3454=CARTESIAN_POINT('',(1.083917407650E1,2.978641542346E0,4.199999988287E0));
#3455=VERTEX_POINT('',#3454);
#3456=CARTESIAN_POINT('',(-1.083917410214E1,2.978641432524E0,4.2E0));
#3457=VERTEX_POINT('',#3456);
#3458=CARTESIAN_POINT('',(-1.162444383883E1,2.978641542346E0,
-4.768421409568E-9));
#3459=VERTEX_POINT('',#3458);
#3460=VERTEX_POINT('',#3314);
#3461=CARTESIAN_POINT('',(1.514730191793E1,-1.300000000209E1,4.200000000910E0));
#3462=VERTEX_POINT('',#3461);
#3463=VERTEX_POINT('',#3176);
#3464=VERTEX_POINT('',#3181);
#3465=CARTESIAN_POINT('',(-1.429545382609E1,-1.8E1,-9.199999994906E0));
#3466=VERTEX_POINT('',#3465);
#3467=CARTESIAN_POINT('',(5.5E0,-3.41E1,0.E0));
#3468=CARTESIAN_POINT('',(-5.5E0,-3.41E1,0.E0));
#3469=VERTEX_POINT('',#3467);
#3470=VERTEX_POINT('',#3468);
#3471=CARTESIAN_POINT('',(5.499999999091E0,-1.5E2,0.E0));
#3472=VERTEX_POINT('',#3471);
#3473=CARTESIAN_POINT('',(-5.5E0,-1.5E2,0.E0));
#3474=VERTEX_POINT('',#3473);
#3475=CARTESIAN_POINT('',(0.E0,-3.41E1,0.E0));
#3476=DIRECTION('',(0.E0,-1.E0,0.E0));
#3477=DIRECTION('',(1.E0,0.E0,0.E0));
#3478=AXIS2_PLACEMENT_3D('',#3475,#3476,#3477);
#3479=CYLINDRICAL_SURFACE('',#3478,5.5E0);
#3481=ORIENTED_EDGE('',*,*,#3480,.F.);
#3483=ORIENTED_EDGE('',*,*,#3482,.T.);
#3485=ORIENTED_EDGE('',*,*,#3484,.F.);
#3487=ORIENTED_EDGE('',*,*,#3486,.T.);
#3488=EDGE_LOOP('',(#3481,#3483,#3485,#3487));
#3489=FACE_OUTER_BOUND('',#3488,.F.);
#3490=ADVANCED_FACE('',(#3489),#3479,.T.);
#3491=CARTESIAN_POINT('',(0.E0,-3.41E1,0.E0));
#3492=DIRECTION('',(0.E0,1.E0,0.E0));
#3493=DIRECTION('',(-1.E0,0.E0,0.E0));
#3494=AXIS2_PLACEMENT_3D('',#3491,#3492,#3493);
#3495=PLANE('',#3494);
#3497=ORIENTED_EDGE('',*,*,#3496,.T.);
#3499=ORIENTED_EDGE('',*,*,#3498,.T.);
#3500=EDGE_LOOP('',(#3497,#3499));
#3501=FACE_OUTER_BOUND('',#3500,.F.);
#3503=ORIENTED_EDGE('',*,*,#3502,.T.);
#3504=ORIENTED_EDGE('',*,*,#3480,.T.);
#3505=EDGE_LOOP('',(#3503,#3504));
#3506=FACE_BOUND('',#3505,.F.);
#3507=ADVANCED_FACE('',(#3501,#3506),#3495,.F.);
#3508=CARTESIAN_POINT('',(0.E0,-2.53E1,0.E0));
#3509=DIRECTION('',(0.E0,-1.E0,0.E0));
#3510=DIRECTION('',(1.E0,0.E0,0.E0));
#3511=AXIS2_PLACEMENT_3D('',#3508,#3509,#3510);
#3512=CYLINDRICAL_SURFACE('',#3511,1.775E1);
#3514=ORIENTED_EDGE('',*,*,#3513,.F.);
#3515=ORIENTED_EDGE('',*,*,#3496,.F.);
#3517=ORIENTED_EDGE('',*,*,#3516,.F.);
#3519=ORIENTED_EDGE('',*,*,#3518,.F.);
#3520=EDGE_LOOP('',(#3514,#3515,#3517,#3519));
#3521=FACE_OUTER_BOUND('',#3520,.F.);
#3522=ADVANCED_FACE('',(#3521),#3512,.T.);
#3523=CARTESIAN_POINT('',(0.E0,-2.53E1,0.E0));
#3524=DIRECTION('',(0.E0,-1.E0,0.E0));
#3525=DIRECTION('',(1.E0,0.E0,0.E0));
#3526=AXIS2_PLACEMENT_3D('',#3523,#3524,#3525);
#3527=CYLINDRICAL_SURFACE('',#3526,1.775E1);
#3529=ORIENTED_EDGE('',*,*,#3528,.F.);
#3530=ORIENTED_EDGE('',*,*,#3516,.T.);
#3531=ORIENTED_EDGE('',*,*,#3498,.F.);
#3532=ORIENTED_EDGE('',*,*,#3513,.T.);
#3533=EDGE_LOOP('',(#3529,#3530,#3531,#3532));
#3534=FACE_OUTER_BOUND('',#3533,.F.);
#3535=ADVANCED_FACE('',(#3534),#3527,.T.);
#3536=CARTESIAN_POINT('',(0.E0,-2.53E1,0.E0));
#3537=DIRECTION('',(0.E0,1.E0,0.E0));
#3538=DIRECTION('',(-1.E0,0.E0,0.E0));
#3539=AXIS2_PLACEMENT_3D('',#3536,#3537,#3538);
#3540=PLANE('',#3539);
#3542=ORIENTED_EDGE('',*,*,#3541,.T.);
#3544=ORIENTED_EDGE('',*,*,#3543,.T.);
#3545=EDGE_LOOP('',(#3542,#3544));
#3546=FACE_OUTER_BOUND('',#3545,.F.);
#3547=ORIENTED_EDGE('',*,*,#3518,.T.);
#3548=ORIENTED_EDGE('',*,*,#3528,.T.);
#3549=EDGE_LOOP('',(#3547,#3548));
#3550=FACE_BOUND('',#3549,.F.);
#3551=ADVANCED_FACE('',(#3546,#3550),#3540,.F.);
#3552=CARTESIAN_POINT('',(0.E0,-2.38E1,0.E0));
#3553=DIRECTION('',(0.E0,-1.E0,0.E0));
#3554=DIRECTION('',(1.E0,0.E0,0.E0));
#3555=AXIS2_PLACEMENT_3D('',#3552,#3553,#3554);
#3556=CYLINDRICAL_SURFACE('',#3555,2.575E1);
#3558=ORIENTED_EDGE('',*,*,#3557,.F.);
#3559=ORIENTED_EDGE('',*,*,#3541,.F.);
#3561=ORIENTED_EDGE('',*,*,#3560,.F.);
#3563=ORIENTED_EDGE('',*,*,#3562,.T.);
#3564=EDGE_LOOP('',(#3558,#3559,#3561,#3563));
#3565=FACE_OUTER_BOUND('',#3564,.F.);
#3566=ADVANCED_FACE('',(#3565),#3556,.T.);
#3567=CARTESIAN_POINT('',(0.E0,-2.38E1,0.E0));
#3568=DIRECTION('',(0.E0,-1.E0,0.E0));
#3569=DIRECTION('',(1.E0,0.E0,0.E0));
#3570=AXIS2_PLACEMENT_3D('',#3567,#3568,#3569);
#3571=CYLINDRICAL_SURFACE('',#3570,2.575E1);
#3573=ORIENTED_EDGE('',*,*,#3572,.T.);
#3574=ORIENTED_EDGE('',*,*,#3560,.T.);
#3575=ORIENTED_EDGE('',*,*,#3543,.F.);
#3576=ORIENTED_EDGE('',*,*,#3557,.T.);
#3577=EDGE_LOOP('',(#3573,#3574,#3575,#3576));
#3578=FACE_OUTER_BOUND('',#3577,.F.);
#3579=ADVANCED_FACE('',(#3578),#3571,.T.);
#3580=CARTESIAN_POINT('',(0.E0,-2.19E1,0.E0));
#3581=DIRECTION('',(0.E0,-1.E0,0.E0));
#3582=DIRECTION('',(1.E0,0.E0,0.E0));
#3583=AXIS2_PLACEMENT_3D('',#3580,#3581,#3582);
#3584=CONICAL_SURFACE('',#3583,2.1375E1,6.652538240186E1);
#3586=ORIENTED_EDGE('',*,*,#3585,.F.);
#3588=ORIENTED_EDGE('',*,*,#3587,.T.);
#3589=ORIENTED_EDGE('',*,*,#3572,.F.);
#3591=ORIENTED_EDGE('',*,*,#3590,.T.);
#3592=EDGE_LOOP('',(#3586,#3588,#3589,#3591));
#3593=FACE_OUTER_BOUND('',#3592,.F.);
#3594=ADVANCED_FACE('',(#3593),#3584,.T.);
#3595=CARTESIAN_POINT('',(0.E0,-1.8E1,0.E0));
#3596=DIRECTION('',(0.E0,-1.E0,0.E0));
#3597=DIRECTION('',(1.E0,0.E0,0.E0));
#3598=AXIS2_PLACEMENT_3D('',#3595,#3596,#3597);
#3599=CYLINDRICAL_SURFACE('',#3598,1.7E1);
#3601=ORIENTED_EDGE('',*,*,#3600,.T.);
#3603=ORIENTED_EDGE('',*,*,#3602,.F.);
#3605=ORIENTED_EDGE('',*,*,#3604,.T.);
#3607=ORIENTED_EDGE('',*,*,#3606,.T.);
#3608=ORIENTED_EDGE('',*,*,#3585,.T.);
#3610=ORIENTED_EDGE('',*,*,#3609,.T.);
#3611=EDGE_LOOP('',(#3601,#3603,#3605,#3607,#3608,#3610));
#3612=FACE_OUTER_BOUND('',#3611,.F.);
#3613=ADVANCED_FACE('',(#3612),#3599,.T.);
#3614=CARTESIAN_POINT('',(0.E0,-7.510679285E0,0.E0));
#3615=DIRECTION('',(0.E0,-1.E0,0.E0));
#3616=DIRECTION('',(1.E0,0.E0,0.E0));
#3617=AXIS2_PLACEMENT_3D('',#3614,#3615,#3616);
#3618=CONICAL_SURFACE('',#3617,1.431222193400E1,1.437221297148E1);
#3620=ORIENTED_EDGE('',*,*,#3619,.F.);
#3622=ORIENTED_EDGE('',*,*,#3621,.T.);
#3624=ORIENTED_EDGE('',*,*,#3623,.T.);
#3626=ORIENTED_EDGE('',*,*,#3625,.F.);
#3628=ORIENTED_EDGE('',*,*,#3627,.F.);
#3629=ORIENTED_EDGE('',*,*,#3600,.F.);
#3631=ORIENTED_EDGE('',*,*,#3630,.F.);
#3633=ORIENTED_EDGE('',*,*,#3632,.F.);
#3634=EDGE_LOOP('',(#3620,#3622,#3624,#3626,#3628,#3629,#3631,#3633));
#3635=FACE_OUTER_BOUND('',#3634,.F.);
#3636=ADVANCED_FACE('',(#3635),#3618,.T.);
#3637=CARTESIAN_POINT('',(0.E0,-8.713431816449E-1,-4.2E0));
#3638=DIRECTION('',(0.E0,0.E0,1.E0));
#3639=DIRECTION('',(0.E0,-1.E0,0.E0));
#3640=AXIS2_PLACEMENT_3D('',#3637,#3638,#3639);
#3641=PLANE('',#3640);
#3642=ORIENTED_EDGE('',*,*,#3619,.T.);
#3644=ORIENTED_EDGE('',*,*,#3643,.F.);
#3646=ORIENTED_EDGE('',*,*,#3645,.T.);
#3648=ORIENTED_EDGE('',*,*,#3647,.T.);
#3649=EDGE_LOOP('',(#3642,#3644,#3646,#3648));
#3650=FACE_OUTER_BOUND('',#3649,.F.);
#3652=ORIENTED_EDGE('',*,*,#3651,.T.);
#3654=ORIENTED_EDGE('',*,*,#3653,.T.);
#3655=EDGE_LOOP('',(#3652,#3654));
#3656=FACE_BOUND('',#3655,.F.);
#3657=ADVANCED_FACE('',(#3650,#3656),#3641,.F.);
#3658=CARTESIAN_POINT('',(-1.584117948900E1,-1.3E1,-9.2E0));
#3659=DIRECTION('',(1.E0,0.E0,0.E0));
#3660=DIRECTION('',(0.E0,0.E0,-1.E0));
#3661=AXIS2_PLACEMENT_3D('',#3658,#3659,#3660);
#3662=CYLINDRICAL_SURFACE('',#3661,5.E0);
#3664=ORIENTED_EDGE('',*,*,#3663,.T.);
#3665=ORIENTED_EDGE('',*,*,#3643,.T.);
#3666=ORIENTED_EDGE('',*,*,#3632,.T.);
#3668=ORIENTED_EDGE('',*,*,#3667,.T.);
#3669=EDGE_LOOP('',(#3664,#3665,#3666,#3668));
#3670=FACE_OUTER_BOUND('',#3669,.F.);
#3671=ADVANCED_FACE('',(#3670),#3662,.F.);
#3672=CARTESIAN_POINT('',(0.E0,-7.510679285E0,0.E0));
#3673=DIRECTION('',(0.E0,-1.E0,0.E0));
#3674=DIRECTION('',(1.E0,0.E0,0.E0));
#3675=AXIS2_PLACEMENT_3D('',#3672,#3673,#3674);
#3676=CONICAL_SURFACE('',#3675,1.431222193400E1,1.437221297148E1);
#3678=ORIENTED_EDGE('',*,*,#3677,.T.);
#3679=ORIENTED_EDGE('',*,*,#3645,.F.);
#3680=ORIENTED_EDGE('',*,*,#3663,.F.);
#3682=ORIENTED_EDGE('',*,*,#3681,.F.);
#3684=ORIENTED_EDGE('',*,*,#3683,.T.);
#3685=EDGE_LOOP('',(#3678,#3679,#3680,#3682,#3684));
#3686=FACE_OUTER_BOUND('',#3685,.F.);
#3687=ADVANCED_FACE('',(#3686),#3676,.T.);
#3688=CARTESIAN_POINT('',(0.E0,0.E0,0.E0));
#3689=DIRECTION('',(0.E0,-1.E0,0.E0));
#3690=DIRECTION('',(1.E0,0.E0,0.E0));
#3691=AXIS2_PLACEMENT_3D('',#3688,#3689,#3690);
#3692=SPHERICAL_SURFACE('',#3691,1.2E1);
#3694=ORIENTED_EDGE('',*,*,#3693,.F.);
#3695=ORIENTED_EDGE('',*,*,#3621,.F.);
#3696=ORIENTED_EDGE('',*,*,#3647,.F.);
#3697=ORIENTED_EDGE('',*,*,#3677,.F.);
#3699=ORIENTED_EDGE('',*,*,#3698,.F.);
#3700=EDGE_LOOP('',(#3694,#3695,#3696,#3697,#3699));
#3701=FACE_OUTER_BOUND('',#3700,.F.);
#3702=ADVANCED_FACE('',(#3701),#3692,.T.);
#3703=CARTESIAN_POINT('',(0.E0,0.E0,0.E0));
#3704=DIRECTION('',(0.E0,-1.E0,0.E0));
#3705=DIRECTION('',(1.E0,0.E0,0.E0));
#3706=AXIS2_PLACEMENT_3D('',#3703,#3704,#3705);
#3707=SPHERICAL_SURFACE('',#3706,1.2E1);
#3708=ORIENTED_EDGE('',*,*,#3698,.T.);
#3710=ORIENTED_EDGE('',*,*,#3709,.F.);
#3712=ORIENTED_EDGE('',*,*,#3711,.F.);
#3713=ORIENTED_EDGE('',*,*,#3623,.F.);
#3714=ORIENTED_EDGE('',*,*,#3693,.T.);
#3715=EDGE_LOOP('',(#3708,#3710,#3712,#3713,#3714));
#3716=FACE_OUTER_BOUND('',#3715,.F.);
#3717=ADVANCED_FACE('',(#3716),#3707,.T.);
#3718=CARTESIAN_POINT('',(0.E0,-7.510679285E0,0.E0));
#3719=DIRECTION('',(0.E0,-1.E0,0.E0));
#3720=DIRECTION('',(1.E0,0.E0,0.E0));
#3721=AXIS2_PLACEMENT_3D('',#3718,#3719,#3720);
#3722=CONICAL_SURFACE('',#3721,1.431222193400E1,1.437221297148E1);
#3723=ORIENTED_EDGE('',*,*,#3683,.F.);
#3724=ORIENTED_EDGE('',*,*,#3604,.F.);
#3726=ORIENTED_EDGE('',*,*,#3725,.F.);
#3728=ORIENTED_EDGE('',*,*,#3727,.F.);
#3729=ORIENTED_EDGE('',*,*,#3709,.T.);
#3730=EDGE_LOOP('',(#3723,#3724,#3726,#3728,#3729));
#3731=FACE_OUTER_BOUND('',#3730,.F.);
#3732=ADVANCED_FACE('',(#3731),#3722,.T.);
#3733=CARTESIAN_POINT('',(-1.584027427E1,-1.3E1,9.2E0));
#3734=DIRECTION('',(1.E0,0.E0,0.E0));
#3735=DIRECTION('',(0.E0,0.E0,-1.E0));
#3736=AXIS2_PLACEMENT_3D('',#3733,#3734,#3735);
#3737=CYLINDRICAL_SURFACE('',#3736,5.E0);
#3738=ORIENTED_EDGE('',*,*,#3627,.T.);
#3740=ORIENTED_EDGE('',*,*,#3739,.T.);
#3741=ORIENTED_EDGE('',*,*,#3725,.T.);
#3743=ORIENTED_EDGE('',*,*,#3742,.T.);
#3744=EDGE_LOOP('',(#3738,#3740,#3741,#3743));
#3745=FACE_OUTER_BOUND('',#3744,.F.);
#3746=ADVANCED_FACE('',(#3745),#3737,.F.);
#3747=CARTESIAN_POINT('',(0.E0,-8.713431816449E-1,4.2E0));
#3748=DIRECTION('',(0.E0,0.E0,1.E0));
#3749=DIRECTION('',(0.E0,1.E0,0.E0));
#3750=AXIS2_PLACEMENT_3D('',#3747,#3748,#3749);
#3751=PLANE('',#3750);
#3752=ORIENTED_EDGE('',*,*,#3625,.T.);
#3753=ORIENTED_EDGE('',*,*,#3711,.T.);
#3754=ORIENTED_EDGE('',*,*,#3727,.T.);
#3755=ORIENTED_EDGE('',*,*,#3739,.F.);
#3756=EDGE_LOOP('',(#3752,#3753,#3754,#3755));
#3757=FACE_OUTER_BOUND('',#3756,.F.);
#3759=ORIENTED_EDGE('',*,*,#3758,.T.);
#3761=ORIENTED_EDGE('',*,*,#3760,.T.);
#3762=EDGE_LOOP('',(#3759,#3761));
#3763=FACE_BOUND('',#3762,.F.);
#3764=ADVANCED_FACE('',(#3757,#3763),#3751,.T.);
#3765=CARTESIAN_POINT('',(0.E0,-1.8E1,1.311021532189E1));
#3766=DIRECTION('',(0.E0,1.E0,0.E0));
#3767=DIRECTION('',(0.E0,0.E0,-1.E0));
#3768=AXIS2_PLACEMENT_3D('',#3765,#3766,#3767);
#3769=PLANE('',#3768);
#3770=ORIENTED_EDGE('',*,*,#3602,.T.);
#3771=ORIENTED_EDGE('',*,*,#3742,.F.);
#3772=EDGE_LOOP('',(#3770,#3771));
#3773=FACE_OUTER_BOUND('',#3772,.F.);
#3774=ADVANCED_FACE('',(#3773),#3769,.T.);
#3775=CARTESIAN_POINT('',(0.E0,-1.8E1,0.E0));
#3776=DIRECTION('',(0.E0,-1.E0,0.E0));
#3777=DIRECTION('',(1.E0,0.E0,0.E0));
#3778=AXIS2_PLACEMENT_3D('',#3775,#3776,#3777);
#3779=CYLINDRICAL_SURFACE('',#3778,1.7E1);
#3780=ORIENTED_EDGE('',*,*,#3609,.F.);
#3782=ORIENTED_EDGE('',*,*,#3781,.T.);
#3783=ORIENTED_EDGE('',*,*,#3606,.F.);
#3784=ORIENTED_EDGE('',*,*,#3681,.T.);
#3786=ORIENTED_EDGE('',*,*,#3785,.F.);
#3787=ORIENTED_EDGE('',*,*,#3630,.T.);
#3788=EDGE_LOOP('',(#3780,#3782,#3783,#3784,#3786,#3787));
#3789=FACE_OUTER_BOUND('',#3788,.F.);
#3790=ADVANCED_FACE('',(#3789),#3779,.T.);
#3791=CARTESIAN_POINT('',(0.E0,-2.19E1,0.E0));
#3792=DIRECTION('',(0.E0,-1.E0,0.E0));
#3793=DIRECTION('',(1.E0,0.E0,0.E0));
#3794=AXIS2_PLACEMENT_3D('',#3791,#3792,#3793);
#3795=CONICAL_SURFACE('',#3794,2.1375E1,6.652538240186E1);
#3796=ORIENTED_EDGE('',*,*,#3590,.F.);
#3797=ORIENTED_EDGE('',*,*,#3562,.F.);
#3798=ORIENTED_EDGE('',*,*,#3587,.F.);
#3799=ORIENTED_EDGE('',*,*,#3781,.F.);
#3800=EDGE_LOOP('',(#3796,#3797,#3798,#3799));
#3801=FACE_OUTER_BOUND('',#3800,.F.);
#3802=ADVANCED_FACE('',(#3801),#3795,.T.);
#3803=CARTESIAN_POINT('',(0.E0,-1.8E1,-1.311021532189E1));
#3804=DIRECTION('',(0.E0,1.E0,0.E0));
#3805=DIRECTION('',(0.E0,0.E0,-1.E0));
#3806=AXIS2_PLACEMENT_3D('',#3803,#3804,#3805);
#3807=PLANE('',#3806);
#3808=ORIENTED_EDGE('',*,*,#3785,.T.);
#3809=ORIENTED_EDGE('',*,*,#3667,.F.);
#3810=EDGE_LOOP('',(#3808,#3809));
#3811=FACE_OUTER_BOUND('',#3810,.F.);
#3812=ADVANCED_FACE('',(#3811),#3807,.T.);
#3813=CARTESIAN_POINT('',(0.E0,-3.41E1,0.E0));
#3814=DIRECTION('',(0.E0,-1.E0,0.E0));
#3815=DIRECTION('',(1.E0,0.E0,0.E0));
#3816=AXIS2_PLACEMENT_3D('',#3813,#3814,#3815);
#3817=CYLINDRICAL_SURFACE('',#3816,5.5E0);
#3818=ORIENTED_EDGE('',*,*,#3486,.F.);
#3820=ORIENTED_EDGE('',*,*,#3819,.F.);
#3821=ORIENTED_EDGE('',*,*,#3482,.F.);
#3822=ORIENTED_EDGE('',*,*,#3502,.F.);
#3823=EDGE_LOOP('',(#3818,#3820,#3821,#3822));
#3824=FACE_OUTER_BOUND('',#3823,.F.);
#3825=ADVANCED_FACE('',(#3824),#3817,.T.);
#3826=CARTESIAN_POINT('',(0.E0,-1.5E2,0.E0));
#3827=DIRECTION('',(0.E0,1.E0,0.E0));
#3828=DIRECTION('',(-1.E0,0.E0,0.E0));
#3829=AXIS2_PLACEMENT_3D('',#3826,#3827,#3828);
#3830=PLANE('',#3829);
#3831=ORIENTED_EDGE('',*,*,#3819,.T.);
#3832=ORIENTED_EDGE('',*,*,#3484,.T.);
#3833=EDGE_LOOP('',(#3831,#3832));
#3834=FACE_OUTER_BOUND('',#3833,.F.);
#3835=ADVANCED_FACE('',(#3834),#3830,.F.);
#3838=CARTESIAN_POINT('',(1.017486657936E-9,4.200000051641E0,
-4.960846658204E0));
#3839=CARTESIAN_POINT('',(2.574683520686E-1,4.200382802119E0,
-4.960522610234E0));
#3840=CARTESIAN_POINT('',(7.576664617938E-1,4.233031196024E0,
-4.893233629476E0));
#3841=CARTESIAN_POINT('',(1.426348591363E0,4.377322514089E0,-4.607380975280E0));
#3842=CARTESIAN_POINT('',(1.924483272573E0,4.603279581374E0,-4.182849546546E0));
#3843=CARTESIAN_POINT('',(2.220308602864E0,4.876620304347E0,-3.697873948214E0));
#3844=CARTESIAN_POINT('',(2.334910811161E0,5.201718566905E0,-3.142640444096E0));
#3845=CARTESIAN_POINT('',(2.238831922206E0,5.549587313761E0,-2.575347398651E0));
#3846=CARTESIAN_POINT('',(1.974276366617E0,5.912344419899E0,-1.896629529348E0));
#3847=CARTESIAN_POINT('',(1.331676908280E0,6.223438197917E0,-1.446199546279E0));
#3848=CARTESIAN_POINT('',(1.104290042297E0,6.490229349150E0,
-2.151934199184E-2));
#3849=CARTESIAN_POINT('',(-4.653027679387E-1,6.483391024111E0,
-5.955053552418E-1));
#3850=CARTESIAN_POINT('',(-4.359432049571E-1,6.485364563542E0,
-3.477537550853E-8));
#3852=CARTESIAN_POINT('',(-4.359432049571E-1,6.485364563542E0,
-3.477537550853E-8));
#3853=CARTESIAN_POINT('',(-6.561123019866E-1,6.470564897705E0,
-1.892288565473E-1));
#3854=CARTESIAN_POINT('',(-6.095143979067E-1,6.424896990313E0,
-1.048797911020E0));
#3855=CARTESIAN_POINT('',(-1.724021957552E0,6.126287223179E0,
-1.448437612004E0));
#3856=CARTESIAN_POINT('',(-2.046190650178E0,5.792923567048E0,
-2.167821643285E0));
#3857=CARTESIAN_POINT('',(-2.308951131454E0,5.422516648204E0,
-2.772674488338E0));
#3858=CARTESIAN_POINT('',(-2.312154976977E0,5.076257603258E0,
-3.357571000079E0));
#3859=CARTESIAN_POINT('',(-2.135977180422E0,4.775827532820E0,
-3.872670406287E0));
#3860=CARTESIAN_POINT('',(-1.804744710164E0,4.538694160676E0,
-4.302673147902E0));
#3861=CARTESIAN_POINT('',(-1.325081289866E0,4.351710229393E0,
-4.657890346648E0));
#3862=CARTESIAN_POINT('',(-7.127903774015E-1,4.229715454971E0,
-4.899869019978E0));
#3863=CARTESIAN_POINT('',(-2.436917440097E-1,4.201244050938E0,
-4.959793451520E0));
#3864=CARTESIAN_POINT('',(1.017486657936E-9,4.200000051641E0,
-4.960846658204E0));
#3866=CARTESIAN_POINT('',(-1.017486181672E-9,4.199999949498E0,
4.960846744681E0));
#3867=CARTESIAN_POINT('',(2.574683432909E-1,4.200382701302E0,4.960522695708E0));
#3868=CARTESIAN_POINT('',(7.576664466870E-1,4.233031097710E0,4.893233718214E0));
#3869=CARTESIAN_POINT('',(1.426348623593E0,4.377322412359E0,4.607381063384E0));
#3870=CARTESIAN_POINT('',(1.924483303949E0,4.603279490087E0,4.182849632478E0));
#3871=CARTESIAN_POINT('',(2.220308652976E0,4.876620212940E0,3.697874039141E0));
#3872=CARTESIAN_POINT('',(2.334910873441E0,5.201718488292E0,3.142640529445E0));
#3873=CARTESIAN_POINT('',(2.238831989317E0,5.549587245609E0,2.575347483727E0));
#3874=CARTESIAN_POINT('',(1.974276460205E0,5.912344365719E0,1.896629617144E0));
#3875=CARTESIAN_POINT('',(1.331676958211E0,6.223438162347E0,1.446199602413E0));
#3876=CARTESIAN_POINT('',(1.104290274083E0,6.490229330546E0,2.151949799902E-2));
#3877=CARTESIAN_POINT('',(-4.653028861077E-1,6.483391022947E0,
5.955051977296E-1));
#3878=CARTESIAN_POINT('',(-4.359431185355E-1,6.485364569352E0,
-3.477536842419E-8));
#3880=CARTESIAN_POINT('',(-4.359431185355E-1,6.485364569352E0,
-3.477536842419E-8));
#3881=CARTESIAN_POINT('',(-6.561123522160E-1,6.470564899305E0,
1.892287491410E-1));
#3882=CARTESIAN_POINT('',(-6.095144939024E-1,6.424896961048E0,
1.048798100713E0));
#3883=CARTESIAN_POINT('',(-1.724022041647E0,6.126287182788E0,1.448437661129E0));
#3884=CARTESIAN_POINT('',(-2.046190731786E0,5.792923507259E0,2.167821733666E0));
#3885=CARTESIAN_POINT('',(-2.308951201144E0,5.422516576022E0,2.772674569837E0));
#3886=CARTESIAN_POINT('',(-2.312155033396E0,5.076257520986E0,3.357571086844E0));
#3887=CARTESIAN_POINT('',(-2.135977220675E0,4.775827442070E0,3.872670496387E0));
#3888=CARTESIAN_POINT('',(-1.804744737172E0,4.538694068504E0,4.302673233746E0));
#3889=CARTESIAN_POINT('',(-1.325081318607E0,4.351710126825E0,4.657890435377E0));
#3890=CARTESIAN_POINT('',(-7.127903659310E-1,4.229715356759E0,
4.899869107419E0));
#3891=CARTESIAN_POINT('',(-2.436917394586E-1,4.201243950190E0,
4.959793536760E0));
#3892=CARTESIAN_POINT('',(-1.017486181672E-9,4.199999949498E0,
4.960846744681E0));
#3894=CARTESIAN_POINT('',(0.E0,0.E0,0.E0));
#3895=DIRECTION('',(0.E0,0.E0,1.E0));
#3896=DIRECTION('',(-6.706817401066E-2,9.977483951552E-1,0.E0));
#3897=AXIS2_PLACEMENT_3D('',#3894,#3895,#3896);
#3899=CARTESIAN_POINT('',(0.E0,0.E0,0.E0));
#3900=DIRECTION('',(0.E0,0.E0,1.E0));
#3901=DIRECTION('',(0.E0,-1.E0,0.E0));
#3902=AXIS2_PLACEMENT_3D('',#3899,#3900,#3901);
#3904=CARTESIAN_POINT('',(0.E0,0.E0,0.E0));
#3905=DIRECTION('',(0.E0,0.E0,1.E0));
#3906=DIRECTION('',(0.E0,1.E0,0.E0));
#3907=AXIS2_PLACEMENT_3D('',#3904,#3905,#3906);
#3909=CARTESIAN_POINT('',(0.E0,6.5E0,0.E0));
#3910=CARTESIAN_POINT('',(0.E0,-6.5E0,0.E0));
#3911=VERTEX_POINT('',#3909);
#3912=VERTEX_POINT('',#3910);
#3913=VERTEX_POINT('',#3866);
#3914=VERTEX_POINT('',#3878);
#3915=VERTEX_POINT('',#3852);
#3916=VERTEX_POINT('',#3864);
#3917=CARTESIAN_POINT('',(-4.359431310693E-1,6.485364568509E0,0.E0));
#3918=VERTEX_POINT('',#3917);
#3919=CARTESIAN_POINT('',(0.E0,0.E0,0.E0));
#3920=DIRECTION('',(0.E0,-1.E0,0.E0));
#3921=DIRECTION('',(-1.E0,0.E0,0.E0));
#3922=AXIS2_PLACEMENT_3D('',#3919,#3920,#3921);
#3923=SPHERICAL_SURFACE('',#3922,6.5E0);
#3925=ORIENTED_EDGE('',*,*,#3924,.T.);
#3927=ORIENTED_EDGE('',*,*,#3926,.T.);
#3929=ORIENTED_EDGE('',*,*,#3928,.T.);
#3930=EDGE_LOOP('',(#3925,#3927,#3929));
#3931=FACE_OUTER_BOUND('',#3930,.F.);
#3932=ADVANCED_FACE('',(#3931),#3923,.T.);
#3933=CARTESIAN_POINT('',(0.E0,0.E0,0.E0));
#3934=DIRECTION('',(0.E0,-1.E0,0.E0));
#3935=DIRECTION('',(-1.E0,0.E0,0.E0));
#3936=AXIS2_PLACEMENT_3D('',#3933,#3934,#3935);
#3937=SPHERICAL_SURFACE('',#3936,6.5E0);
#3939=ORIENTED_EDGE('',*,*,#3938,.T.);
#3941=ORIENTED_EDGE('',*,*,#3940,.T.);
#3942=EDGE_LOOP('',(#3939,#3941));
#3943=FACE_OUTER_BOUND('',#3942,.F.);
#3944=ADVANCED_FACE('',(#3943),#3937,.T.);
#3945=CARTESIAN_POINT('',(0.E0,0.E0,0.E0));
#3946=DIRECTION('',(0.E0,-1.E0,0.E0));
#3947=DIRECTION('',(-1.E0,0.E0,0.E0));
#3948=AXIS2_PLACEMENT_3D('',#3945,#3946,#3947);
#3949=SPHERICAL_SURFACE('',#3948,6.5E0);
#3951=ORIENTED_EDGE('',*,*,#3950,.T.);
#3953=ORIENTED_EDGE('',*,*,#3952,.T.);
#3954=EDGE_LOOP('',(#3951,#3953));
#3955=FACE_OUTER_BOUND('',#3954,.F.);
#3956=ADVANCED_FACE('',(#3955),#3949,.T.);
#3960=DIMENSIONAL_EXPONENTS(0.E0,0.E0,0.E0,0.E0,0.E0,0.E0,0.E0);
#3962=PLANE_ANGLE_MEASURE_WITH_UNIT(PLANE_ANGLE_MEASURE(1.745329251994E-2),
#3961);
#3963=(CONVERSION_BASED_UNIT('DEGREE',#3962)NAMED_UNIT(*)PLANE_ANGLE_UNIT());
#3965=UNCERTAINTY_MEASURE_WITH_UNIT(LENGTH_MEASURE(1.776268295835E-2),#3959,
'closure',
'Maximum model space distance between geometric entities at asserted connectivities');
#3966=(GEOMETRIC_REPRESENTATION_CONTEXT(3)GLOBAL_UNCERTAINTY_ASSIGNED_CONTEXT((
#3965))GLOBAL_UNIT_ASSIGNED_CONTEXT((#3959,#3963,#3964))REPRESENTATION_CONTEXT(
'ID3','3'));
#3967=CARTESIAN_POINT('',(0.E0,0.E0,0.E0));
#3968=DIRECTION('',(0.E0,0.E0,1.E0));
#3969=DIRECTION('',(1.E0,0.E0,0.E0));
#3972=DESIGN_CONTEXT('',#1174,'design');
#3973=MECHANICAL_CONTEXT('',#1174,'mechanical');
#3974=PRODUCT('DAMPER_SHAFT','DAMPER_SHAFT','NOT SPECIFIED',(#3973));
#3975=PRODUCT_DEFINITION_FORMATION_WITH_SPECIFIED_SOURCE('1','LAST_VERSION',
#3974,.MADE.);
#3981=CARTESIAN_POINT('',(-4.792474241350E1,1.710494237996E2,3.347621701761E1));
#3982=DIRECTION('',(0.E0,0.E0,1.E0));
#3983=DIRECTION('',(1.E0,0.E0,0.E0));
#3984=AXIS2_PLACEMENT_3D('',#3981,#3982,#3983);
#3985=ITEM_DEFINED_TRANSFORMATION('','',#3970,#3984);
#3986=(REPRESENTATION_RELATIONSHIP('','',#3971,#1185)REPRESENTATION_RELATIONSHIP_WITH_TRANSFORMATION(#3985)SHAPE_REPRESENTATION_RELATIONSHIP());
#3987=CONTEXT_DEPENDENT_SHAPE_REPRESENTATION(#3986,#3980);
#3989=DIMENSIONAL_EXPONENTS(0.E0,0.E0,0.E0,0.E0,0.E0,0.E0,0.E0);
#3991=PLANE_ANGLE_MEASURE_WITH_UNIT(PLANE_ANGLE_MEASURE(1.745329251994E-2),
#3990);
#3992=(CONVERSION_BASED_UNIT('DEGREE',#3991)NAMED_UNIT(*)PLANE_ANGLE_UNIT());
#3994=UNCERTAINTY_MEASURE_WITH_UNIT(LENGTH_MEASURE(2.991313050997E-2),#3988,
'closure',
'Maximum model space distance between geometric entities at asserted connectivities');
#3995=(GEOMETRIC_REPRESENTATION_CONTEXT(3)GLOBAL_UNCERTAINTY_ASSIGNED_CONTEXT((
#3994))GLOBAL_UNIT_ASSIGNED_CONTEXT((#3988,#3992,#3993))REPRESENTATION_CONTEXT(
'ID4','3'));
#3996=CARTESIAN_POINT('',(0.E0,0.E0,0.E0));
#3997=DIRECTION('',(0.E0,0.E0,1.E0));
#3998=DIRECTION('',(1.E0,0.E0,0.E0));
#4000=MECHANICAL_CONTEXT('',#1174,'mechanical');
#4001=PRODUCT('SHOCK_ABSORBER_ASM','SHOCK_ABSORBER_ASM','NOT SPECIFIED',
(#4000));
#4002=PRODUCT_DEFINITION_FORMATION_WITH_SPECIFIED_SOURCE('1','LAST_VERSION',
#4001,.MADE.);
#4004=PRODUCT_CATEGORY('part','');
#4005=PRODUCT_RELATED_PRODUCT_CATEGORY('assembly','',(#4001));
#4006=PRODUCT_CATEGORY_RELATIONSHIP('','',#4004,#4005);
#4007=PRODUCT_CATEGORY('part','');
#4008=PRODUCT_RELATED_PRODUCT_CATEGORY('detail','',(#1178,#2949,#3974));
#4009=PRODUCT_CATEGORY_RELATIONSHIP('','',#4007,#4008);
#4010=SECURITY_CLASSIFICATION_LEVEL('unclassified');
#4011=SECURITY_CLASSIFICATION('','',#4010);
#4012=CC_DESIGN_SECURITY_CLASSIFICATION(#4011,(#1179,#2950,#3975,#4002,#1186,
#2954,#3979));
#4013=APPROVAL_STATUS('approved');
#4014=APPROVAL(#4013,'');
#4015=CC_DESIGN_APPROVAL(#4014,(#4011,#1179,#2950,#3975,#4002,#1180,#2951,#3976,
#4003));
#4016=CALENDAR_DATE(125,26,3);
#4017=COORDINATED_UNIVERSAL_TIME_OFFSET(7,0,.AHEAD.);
#4018=LOCAL_TIME(10,17,4.8E1,#4017);
#4019=DATE_AND_TIME(#4016,#4018);
#4020=APPROVAL_DATE_TIME(#4019,#4014);
#4021=DATE_TIME_ROLE('creation_date');
#4022=CC_DESIGN_DATE_AND_TIME_ASSIGNMENT(#4019,#4021,(#1180,#2951,#3976,#4003));
#4023=DATE_TIME_ROLE('classification_date');
#4024=CC_DESIGN_DATE_AND_TIME_ASSIGNMENT(#4019,#4023,(#4011));
#4025=PERSON('UNSPECIFIED','UNSPECIFIED',$,$,$,$);
#4026=ORGANIZATION('UNSPECIFIED','UNSPECIFIED','UNSPECIFIED');
#4027=PERSON_AND_ORGANIZATION(#4025,#4026);
#4028=APPROVAL_ROLE('approver');
#4029=APPROVAL_PERSON_ORGANIZATION(#4027,#4014,#4028);
#4030=PERSON_AND_ORGANIZATION_ROLE('creator');
#4031=CC_DESIGN_PERSON_AND_ORGANIZATION_ASSIGNMENT(#4027,#4030,(#1179,#2950,
#3975,#4002,#1180,#2951,#3976,#4003));
#4032=PERSON_AND_ORGANIZATION_ROLE('design_supplier');
#4033=CC_DESIGN_PERSON_AND_ORGANIZATION_ASSIGNMENT(#4027,#4032,(#1179,#2950,
#3975,#4002));
#4034=PERSON_AND_ORGANIZATION_ROLE('classification_officer');
#4035=CC_DESIGN_PERSON_AND_ORGANIZATION_ASSIGNMENT(#4027,#4034,(#4011));
#4036=PERSON_AND_ORGANIZATION_ROLE('design_owner');
#4037=CC_DESIGN_PERSON_AND_ORGANIZATION_ASSIGNMENT(#4027,#4036,(#4001,#1178,
#2949,#3974));
#14=CIRCLE('',#13,1.7E1);
#19=CIRCLE('',#18,1.7E1);
#24=CIRCLE('',#23,5.5E0);
#29=CIRCLE('',#28,5.5E0);
#34=CIRCLE('',#33,1.96E1);
#39=CIRCLE('',#38,1.96E1);
#44=CIRCLE('',#43,1.7E1);
#49=CIRCLE('',#48,1.7E1);
#54=CIRCLE('',#53,1.96E1);
#65=B_SPLINE_CURVE_WITH_KNOTS('',3,(#55,#56,#57,#58,#59,#60,#61,#62,#63,#64),
.UNSPECIFIED.,.F.,.F.,(4,1,1,1,1,1,1,4),(0.E0,1.428571428571E-1,
2.857142857143E-1,4.285714285714E-1,5.714285714286E-1,7.142857142857E-1,
8.571428571429E-1,1.E0),.UNSPECIFIED.);
#73=B_SPLINE_CURVE_WITH_KNOTS('',3,(#66,#67,#68,#69,#70,#71,#72),.UNSPECIFIED.,
.F.,.F.,(4,1,1,1,4),(0.E0,2.5E-1,5.E-1,7.5E-1,1.E0),.UNSPECIFIED.);
#84=B_SPLINE_CURVE_WITH_KNOTS('',3,(#74,#75,#76,#77,#78,#79,#80,#81,#82,#83),
.UNSPECIFIED.,.F.,.F.,(4,1,1,1,1,1,1,4),(0.E0,1.428571428571E-1,
2.857142857143E-1,4.285714285714E-1,5.714285714286E-1,7.142857142857E-1,
8.571428571429E-1,1.E0),.UNSPECIFIED.);
#89=CIRCLE('',#88,1.884694033907E1);
#94=CIRCLE('',#93,1.884694033907E1);
#110=B_SPLINE_CURVE_WITH_KNOTS('',3,(#103,#104,#105,#106,#107,#108,#109),
.UNSPECIFIED.,.F.,.F.,(4,1,1,1,4),(0.E0,2.5E-1,5.E-1,7.5E-1,1.E0),
.UNSPECIFIED.);
#115=CIRCLE('',#114,8.E0);
#120=CIRCLE('',#119,8.E0);
#125=CIRCLE('',#124,1.2E1);
#130=CIRCLE('',#129,1.2E1);
#135=CIRCLE('',#134,1.123029162666E1);
#140=CIRCLE('',#139,1.101986842027E1);
#145=CIRCLE('',#144,1.123029162666E1);
#150=CIRCLE('',#149,1.123029162666E1);
#155=CIRCLE('',#154,1.101986842027E1);
#160=CIRCLE('',#159,1.123029162666E1);
#168=B_SPLINE_CURVE_WITH_KNOTS('',3,(#161,#162,#163,#164,#165,#166,#167),
.UNSPECIFIED.,.F.,.F.,(4,1,1,1,4),(0.E0,2.5E-1,5.E-1,7.5E-1,1.E0),
.UNSPECIFIED.);
#176=B_SPLINE_CURVE_WITH_KNOTS('',3,(#169,#170,#171,#172,#173,#174,#175),
.UNSPECIFIED.,.F.,.F.,(4,1,1,1,4),(0.E0,2.5E-1,5.E-1,7.5E-1,1.E0),
.UNSPECIFIED.);
#181=CIRCLE('',#180,8.E0);
#186=CIRCLE('',#185,8.E0);
#199=CIRCLE('',#198,1.884694033907E1);
#204=CIRCLE('',#203,1.884694033907E1);
#219=B_SPLINE_CURVE_WITH_KNOTS('',3,(#209,#210,#211,#212,#213,#214,#215,#216,
#217,#218),.UNSPECIFIED.,.F.,.F.,(4,1,1,1,1,1,1,4),(0.E0,1.428571428571E-1,
2.857142857143E-1,4.285714285714E-1,5.714285714286E-1,7.142857142857E-1,
8.571428571429E-1,1.E0),.UNSPECIFIED.);
#230=B_SPLINE_CURVE_WITH_KNOTS('',3,(#220,#221,#222,#223,#224,#225,#226,#227,
#228,#229),.UNSPECIFIED.,.F.,.F.,(4,1,1,1,1,1,1,4),(0.E0,1.428571428571E-1,
2.857142857143E-1,4.285714285714E-1,5.714285714286E-1,7.142857142857E-1,
8.571428571429E-1,1.E0),.UNSPECIFIED.);
#239=CIRCLE('',#238,1.96E1);
#260=CIRCLE('',#259,8.E0);
#265=CIRCLE('',#264,8.E0);
#281=B_SPLINE_CURVE_WITH_KNOTS('',3,(#266,#267,#268,#269,#270,#271,#272,#273,
#274,#275,#276,#277,#278,#279,#280),.UNSPECIFIED.,.F.,.F.,(4,1,1,1,1,1,1,1,1,1,
1,1,4),(0.E0,8.333333333333E-2,1.666666666667E-1,2.5E-1,3.333333333333E-1,
4.166666666667E-1,5.E-1,5.833333333333E-1,6.666666666667E-1,7.5E-1,
8.333333333333E-1,9.166666666667E-1,1.E0),.UNSPECIFIED.);
#297=B_SPLINE_CURVE_WITH_KNOTS('',3,(#282,#283,#284,#285,#286,#287,#288,#289,
#290,#291,#292,#293,#294,#295,#296),.UNSPECIFIED.,.F.,.F.,(4,1,1,1,1,1,1,1,1,1,
1,1,4),(0.E0,8.333333333333E-2,1.666666666667E-1,2.5E-1,3.333333333333E-1,
4.166666666667E-1,5.E-1,5.833333333333E-1,6.666666666667E-1,7.5E-1,
8.333333333333E-1,9.166666666667E-1,1.E0),.UNSPECIFIED.);
#310=CIRCLE('',#309,8.E0);
#315=CIRCLE('',#314,8.E0);
#331=B_SPLINE_CURVE_WITH_KNOTS('',3,(#316,#317,#318,#319,#320,#321,#322,#323,
#324,#325,#326,#327,#328,#329,#330),.UNSPECIFIED.,.F.,.F.,(4,1,1,1,1,1,1,1,1,1,
1,1,4),(0.E0,8.333333333333E-2,1.666666666667E-1,2.5E-1,3.333333333333E-1,
4.166666666667E-1,5.E-1,5.833333333333E-1,6.666666666667E-1,7.5E-1,
8.333333333333E-1,9.166666666667E-1,1.E0),.UNSPECIFIED.);
#347=B_SPLINE_CURVE_WITH_KNOTS('',3,(#332,#333,#334,#335,#336,#337,#338,#339,
#340,#341,#342,#343,#344,#345,#346),.UNSPECIFIED.,.F.,.F.,(4,1,1,1,1,1,1,1,1,1,
1,1,4),(0.E0,8.333333333333E-2,1.666666666667E-1,2.5E-1,3.333333333333E-1,
4.166666666667E-1,5.E-1,5.833333333333E-1,6.666666666667E-1,7.5E-1,
8.333333333333E-1,9.166666666667E-1,1.E0),.UNSPECIFIED.);
#360=CIRCLE('',#359,5.5E0);
#365=CIRCLE('',#364,5.5E0);
#444=EDGE_CURVE('',#372,#373,#9,.T.);
#446=EDGE_CURVE('',#375,#373,#365,.T.);
#448=EDGE_CURVE('',#375,#377,#5,.T.);
#450=EDGE_CURVE('',#372,#377,#29,.T.);
#460=EDGE_CURVE('',#377,#372,#24,.T.);
#463=EDGE_CURVE('',#373,#375,#360,.T.);
#474=EDGE_CURVE('',#436,#438,#14,.T.);
#476=EDGE_CURVE('',#438,#436,#19,.T.);
#490=EDGE_CURVE('',#433,#434,#44,.T.);
#492=EDGE_CURVE('',#438,#433,#351,.T.);
#495=EDGE_CURVE('',#434,#436,#355,.T.);
#505=EDGE_CURVE('',#419,#421,#34,.T.);
#507=EDGE_CURVE('',#421,#419,#39,.T.);
#512=EDGE_CURVE('',#434,#433,#49,.T.);
#522=EDGE_CURVE('',#417,#415,#54,.T.);
#524=EDGE_CURVE('',#421,#417,#243,.T.);
#527=EDGE_CURVE('',#415,#419,#247,.T.);
#537=EDGE_CURVE('',#406,#407,#94,.T.);
#539=EDGE_CURVE('',#417,#407,#208,.T.);
#542=EDGE_CURVE('',#413,#415,#234,.T.);
#544=EDGE_CURVE('',#413,#411,#199,.T.);
#546=EDGE_CURVE('',#411,#410,#65,.T.);
#548=EDGE_CURVE('',#410,#401,#176,.T.);
#550=EDGE_CURVE('',#403,#401,#150,.T.);
#552=EDGE_CURVE('',#409,#403,#145,.T.);
#554=EDGE_CURVE('',#409,#408,#73,.T.);
#556=EDGE_CURVE('',#408,#406,#84,.T.);
#566=EDGE_CURVE('',#406,#430,#98,.T.);
#568=EDGE_CURVE('',#407,#430,#89,.T.);
#581=EDGE_CURVE('',#425,#408,#102,.T.);
#583=EDGE_CURVE('',#430,#425,#219,.T.);
#595=EDGE_CURVE('',#427,#409,#140,.T.);
#597=EDGE_CURVE('',#425,#427,#110,.T.);
#601=EDGE_CURVE('',#389,#392,#115,.T.);
#603=EDGE_CURVE('',#392,#389,#120,.T.);
#613=EDGE_CURVE('',#403,#396,#125,.T.);
#615=EDGE_CURVE('',#396,#397,#130,.T.);
#617=EDGE_CURVE('',#397,#427,#135,.T.);
#632=EDGE_CURVE('',#401,#399,#155,.T.);
#634=EDGE_CURVE('',#399,#397,#160,.T.);
#644=EDGE_CURVE('',#410,#423,#194,.T.);
#646=EDGE_CURVE('',#399,#423,#168,.T.);
#652=EDGE_CURVE('',#384,#381,#181,.T.);
#654=EDGE_CURVE('',#381,#384,#186,.T.);
#664=EDGE_CURVE('',#429,#411,#190,.T.);
#666=EDGE_CURVE('',#423,#429,#230,.T.);
#680=EDGE_CURVE('',#429,#413,#204,.T.);
#700=EDGE_CURVE('',#415,#417,#239,.T.);
#722=EDGE_CURVE('',#385,#380,#265,.T.);
#724=EDGE_CURVE('',#384,#385,#251,.T.);
#727=EDGE_CURVE('',#380,#381,#255,.T.);
#737=EDGE_CURVE('',#380,#385,#260,.T.);
#742=EDGE_CURVE('',#368,#369,#281,.T.);
#744=EDGE_CURVE('',#369,#368,#297,.T.);
#766=EDGE_CURVE('',#388,#389,#305,.T.);
#769=EDGE_CURVE('',#392,#393,#301,.T.);
#771=EDGE_CURVE('',#393,#388,#310,.T.);
#781=EDGE_CURVE('',#388,#393,#315,.T.);
#798=EDGE_CURVE('',#367,#366,#331,.T.);
#800=EDGE_CURVE('',#366,#367,#347,.T.);
#827=OPEN_SHELL('',(#454,#468,#484,#499,#516,#531,#560,#573,#587,#607,#623,#638,
#658,#672,#684,#704,#716,#731,#748,#760,#775,#788,#804,#816,#826));
#833=CIRCLE('',#832,6.5E0);
#838=CIRCLE('',#837,6.5E0);
#844=B_SPLINE_CURVE_WITH_KNOTS('',3,(#839,#840,#841,#842,#843),.UNSPECIFIED.,
.F.,.F.,(4,1,4),(0.E0,5.E-1,1.E0),.UNSPECIFIED.);
#852=B_SPLINE_CURVE_WITH_KNOTS('',3,(#845,#846,#847,#848,#849,#850,#851),
.UNSPECIFIED.,.F.,.F.,(4,1,1,1,4),(0.E0,2.5E-1,5.E-1,7.5E-1,1.E0),
.UNSPECIFIED.);
#860=B_SPLINE_CURVE_WITH_KNOTS('',3,(#853,#854,#855,#856,#857,#858,#859),
.UNSPECIFIED.,.F.,.F.,(4,1,1,1,4),(0.E0,2.5E-1,5.E-1,7.5E-1,1.E0),
.UNSPECIFIED.);
#866=B_SPLINE_CURVE_WITH_KNOTS('',3,(#861,#862,#863,#864,#865),.UNSPECIFIED.,
.F.,.F.,(4,1,4),(0.E0,5.E-1,1.E0),.UNSPECIFIED.);
#904=B_SPLINE_CURVE_WITH_KNOTS('',3,(#867,#868,#869,#870,#871,#872,#873,#874,
#875,#876,#877,#878,#879,#880,#881,#882,#883,#884,#885,#886,#887,#888,#889,#890,
#891,#892,#893,#894,#895,#896,#897,#898,#899,#900,#901,#902,#903),.UNSPECIFIED.,
.F.,.F.,(4,1,1,1,1,1,1,1,1,1,1,1,1,1,1,1,1,1,1,1,1,1,1,1,1,1,1,1,1,1,1,1,1,1,4),
(0.E0,2.941176470588E-2,5.882352941176E-2,8.823529411765E-2,1.176470588235E-1,
1.470588235294E-1,1.764705882353E-1,2.058823529412E-1,2.352941176471E-1,
2.647058823529E-1,2.941176470588E-1,3.235294117647E-1,3.529411764706E-1,
3.823529411765E-1,4.117647058824E-1,4.411764705882E-1,4.705882352941E-1,5.E-1,
5.294117647059E-1,5.588235294118E-1,5.882352941176E-1,6.176470588235E-1,
6.470588235294E-1,6.764705882353E-1,7.058823529412E-1,7.352941176471E-1,
7.647058823529E-1,7.941176470588E-1,8.235294117647E-1,8.529411764706E-1,
8.823529411765E-1,9.117647058824E-1,9.411764705882E-1,9.705882352941E-1,1.E0),
.UNSPECIFIED.);
#913=B_SPLINE_CURVE_WITH_KNOTS('',3,(#905,#906,#907,#908,#909,#910,#911,#912),
.UNSPECIFIED.,.F.,.F.,(4,1,1,1,1,4),(0.E0,2.E-1,4.E-1,6.E-1,8.E-1,1.E0),
.UNSPECIFIED.);
#934=B_SPLINE_CURVE_WITH_KNOTS('',3,(#914,#915,#916,#917,#918,#919,#920,#921,
#922,#923,#924,#925,#926,#927,#928,#929,#930,#931,#932,#933),.UNSPECIFIED.,.F.,
.F.,(4,1,1,1,1,1,1,1,1,1,1,1,1,1,1,1,1,4),(0.E0,5.882352941176E-2,
1.176470588235E-1,1.764705882353E-1,2.352941176471E-1,2.941176470588E-1,
3.529411764706E-1,4.117647058824E-1,4.705882352941E-1,5.294117647059E-1,
5.882352941176E-1,6.470588235294E-1,7.058823529412E-1,7.647058823529E-1,
8.235294117647E-1,8.823529411765E-1,9.411764705882E-1,1.E0),.UNSPECIFIED.);
#940=B_SPLINE_CURVE_WITH_KNOTS('',3,(#935,#936,#937,#938,#939),.UNSPECIFIED.,
.F.,.F.,(4,1,4),(0.E0,5.E-1,1.E0),.UNSPECIFIED.);
#948=B_SPLINE_CURVE_WITH_KNOTS('',3,(#941,#942,#943,#944,#945,#946,#947),
.UNSPECIFIED.,.F.,.F.,(4,1,1,1,4),(0.E0,2.5E-1,5.E-1,7.5E-1,1.E0),
.UNSPECIFIED.);
#954=B_SPLINE_CURVE_WITH_KNOTS('',3,(#949,#950,#951,#952,#953),.UNSPECIFIED.,
.F.,.F.,(4,1,4),(0.E0,5.E-1,1.E0),.UNSPECIFIED.);
#959=CIRCLE('',#958,6.5E0);
#965=B_SPLINE_CURVE_WITH_KNOTS('',3,(#960,#961,#962,#963,#964),.UNSPECIFIED.,
.F.,.F.,(4,1,4),(0.E0,5.E-1,1.E0),.UNSPECIFIED.);
#973=B_SPLINE_CURVE_WITH_KNOTS('',3,(#966,#967,#968,#969,#970,#971,#972),
.UNSPECIFIED.,.F.,.F.,(4,1,1,1,4),(0.E0,2.5E-1,5.E-1,7.5E-1,1.E0),
.UNSPECIFIED.);
#979=B_SPLINE_CURVE_WITH_KNOTS('',3,(#974,#975,#976,#977,#978),.UNSPECIFIED.,
.F.,.F.,(4,1,4),(0.E0,5.E-1,1.E0),.UNSPECIFIED.);
#1000=B_SPLINE_CURVE_WITH_KNOTS('',3,(#980,#981,#982,#983,#984,#985,#986,#987,
#988,#989,#990,#991,#992,#993,#994,#995,#996,#997,#998,#999),.UNSPECIFIED.,.T.,
.F.,(4,1,1,1,1,1,1,1,1,1,1,1,1,1,1,1,1,4),(0.E0,5.882352941176E-2,
1.176470588235E-1,1.764705882353E-1,2.352941176471E-1,2.941176470588E-1,
3.529411764706E-1,4.117647058824E-1,4.705882352941E-1,5.294117647059E-1,
5.882352941176E-1,6.470588235294E-1,7.058823529412E-1,7.647058823529E-1,
8.235294117647E-1,8.823529411765E-1,9.411764705882E-1,1.E0),.UNSPECIFIED.);
#1006=B_SPLINE_CURVE_WITH_KNOTS('',3,(#1001,#1002,#1003,#1004,#1005),
.UNSPECIFIED.,.F.,.F.,(4,1,4),(0.E0,5.E-1,1.E0),.UNSPECIFIED.);
#1011=CIRCLE('',#1010,6.5E0);
#1016=CIRCLE('',#1015,6.5E0);
#1022=B_SPLINE_CURVE_WITH_KNOTS('',3,(#1017,#1018,#1019,#1020,#1021),
.UNSPECIFIED.,.F.,.F.,(4,1,4),(0.E0,5.E-1,1.E0),.UNSPECIFIED.);
#1027=CIRCLE('',#1026,6.5E0);
#1055=EDGE_CURVE('',#1033,#1034,#833,.T.);
#1057=EDGE_CURVE('',#1034,#1033,#838,.T.);
#1067=EDGE_CURVE('',#1037,#1038,#844,.T.);
#1069=EDGE_CURVE('',#1038,#1039,#852,.T.);
#1071=EDGE_CURVE('',#1039,#1049,#860,.T.);
#1073=EDGE_CURVE('',#1049,#1036,#866,.T.);
#1075=EDGE_CURVE('',#1036,#1037,#904,.T.);
#1085=EDGE_CURVE('',#1028,#1029,#913,.T.);
#1087=EDGE_CURVE('',#1029,#1030,#934,.T.);
#1089=EDGE_CURVE('',#1030,#1045,#940,.T.);
#1091=EDGE_CURVE('',#1045,#1028,#948,.T.);
#1102=EDGE_CURVE('',#1045,#1028,#973,.T.);
#1112=EDGE_CURVE('',#1044,#1045,#979,.T.);
#1115=EDGE_CURVE('',#1030,#1035,#1000,.T.);
#1117=EDGE_CURVE('',#1035,#1046,#1006,.T.);
#1119=EDGE_CURVE('',#1046,#1043,#1011,.T.);
#1121=EDGE_CURVE('',#1043,#1044,#1016,.T.);
#1126=EDGE_CURVE('',#1049,#1038,#954,.T.);
#1138=EDGE_CURVE('',#1039,#1048,#959,.T.);
#1140=EDGE_CURVE('',#1048,#1049,#965,.T.);
#1152=EDGE_CURVE('',#1038,#1040,#1022,.T.);
#1154=EDGE_CURVE('',#1040,#1039,#1027,.T.);
#1159=OPEN_SHELL('',(#1061,#1079,#1095,#1106,#1132,#1145,#1158));
#1160=SHELL_BASED_SURFACE_MODEL('',(#827,#1159));
#1161=(LENGTH_UNIT()NAMED_UNIT(*)SI_UNIT(.MILLI.,.METRE.));
#1163=(NAMED_UNIT(*)PLANE_ANGLE_UNIT()SI_UNIT($,.RADIAN.));
#1166=(NAMED_UNIT(*)SI_UNIT($,.STERADIAN.)SOLID_ANGLE_UNIT());
#1172=AXIS2_PLACEMENT_3D('',#1169,#1170,#1171);
#1173=MANIFOLD_SURFACE_SHAPE_REPRESENTATION('',(#1172,#1160),#1168);
#1180=PRODUCT_DEFINITION('design','',#1179,#1176);
#1181=PRODUCT_DEFINITION_SHAPE('','SHAPE FOR DAMPER_BODY.',#1180);
#1182=SHAPE_DEFINITION_REPRESENTATION(#1181,#1173);
#1183=SHAPE_DEFINITION_REPRESENTATION(#1184,#1185);
#1184=PRODUCT_DEFINITION_SHAPE('','SHAPE FOR SHOCK_ABSORBER_ASM.',#4003);
#1185=SHAPE_REPRESENTATION('',(#1191,#2959,#3984,#3999),#3995);
#1186=NEXT_ASSEMBLY_USAGE_OCCURRENCE('0','Next assembly relationship',
'DAMPER_BODY',#4003,#1180,$);
#1187=PRODUCT_DEFINITION_SHAPE('Placement #0',
'Placement of DAMPER_BODY with respect to SHOCK_ABSORBER_ASM',#1186);
#1211=B_SPLINE_CURVE_WITH_KNOTS('',3,(#1195,#1196,#1197,#1198,#1199,#1200,#1201,
#1202,#1203,#1204,#1205,#1206,#1207,#1208,#1209,#1210),.UNSPECIFIED.,.F.,.F.,(4,
1,1,1,1,1,1,1,1,1,1,1,1,4),(0.E0,7.692307692308E-2,1.538461538462E-1,
2.307692307692E-1,3.076923076923E-1,3.846153846154E-1,4.615384615385E-1,
5.384615384615E-1,6.153846153846E-1,6.923076923077E-1,7.692307692308E-1,
8.461538461538E-1,9.230769230769E-1,1.E0),.UNSPECIFIED.);
#1232=B_SPLINE_CURVE_WITH_KNOTS('',3,(#1216,#1217,#1218,#1219,#1220,#1221,#1222,
#1223,#1224,#1225,#1226,#1227,#1228,#1229,#1230,#1231),.UNSPECIFIED.,.F.,.F.,(4,
1,1,1,1,1,1,1,1,1,1,1,1,4),(0.E0,7.692307692308E-2,1.538461538462E-1,
2.307692307692E-1,3.076923076923E-1,3.846153846154E-1,4.615384615385E-1,
5.384615384615E-1,6.153846153846E-1,6.923076923077E-1,7.692307692308E-1,
8.461538461538E-1,9.230769230769E-1,1.E0),.UNSPECIFIED.);
#1241=CIRCLE('',#1240,1.999999999810E0);
#1246=CIRCLE('',#1245,1.999999999707E0);
#1251=CIRCLE('',#1250,2.6E1);
#1256=CIRCLE('',#1255,2.58E1);
#1261=CIRCLE('',#1260,2.6E1);
#1270=CIRCLE('',#1269,2.6E1);
#1295=CIRCLE('',#1294,2.6E1);
#1300=CIRCLE('',#1299,1.999999994571E-1);
#1305=CIRCLE('',#1304,1.999999994571E-1);
#1310=CIRCLE('',#1309,2.599999999999E1);
#1315=CIRCLE('',#1314,2.580000000048E1);
#1320=CIRCLE('',#1319,2.580000000048E1);
#1325=CIRCLE('',#1324,1.7E1);
#1330=CIRCLE('',#1329,1.7E1);
#1343=CIRCLE('',#1342,2.580000000048E1);
#1348=CIRCLE('',#1347,2.580000000048E1);
#1353=CIRCLE('',#1352,1.7E1);
#1358=CIRCLE('',#1357,1.7E1);
#1363=CIRCLE('',#1362,2.599999999999E1);
#1368=CIRCLE('',#1367,1.999999994571E-1);
#1373=CIRCLE('',#1372,2.599999999999E1);
#1378=CIRCLE('',#1377,1.999999994571E-1);
#1409=B_SPLINE_CURVE_WITH_KNOTS('',3,(#1399,#1400,#1401,#1402,#1403,#1404,#1405,
#1406,#1407,#1408),.UNSPECIFIED.,.F.,.F.,(4,1,1,1,1,1,1,4),(0.E0,
1.428571428571E-1,2.857142857143E-1,4.285714285714E-1,5.714285714286E-1,
7.142857142857E-1,8.571428571429E-1,1.E0),.UNSPECIFIED.);
#1420=B_SPLINE_CURVE_WITH_KNOTS('',3,(#1410,#1411,#1412,#1413,#1414,#1415,#1416,
#1417,#1418,#1419),.UNSPECIFIED.,.F.,.F.,(4,1,1,1,1,1,1,4),(0.E0,
1.428571428571E-1,2.857142857143E-1,4.285714285714E-1,5.714285714286E-1,
7.142857142857E-1,8.571428571429E-1,1.E0),.UNSPECIFIED.);
#1429=CIRCLE('',#1428,2.E0);
#1434=CIRCLE('',#1433,2.E0);
#1445=B_SPLINE_CURVE_WITH_KNOTS('',3,(#1435,#1436,#1437,#1438,#1439,#1440,#1441,
#1442,#1443,#1444),.UNSPECIFIED.,.F.,.F.,(4,1,1,1,1,1,1,4),(0.E0,
1.428571428571E-1,2.857142857143E-1,4.285714285714E-1,5.714285714286E-1,
7.142857142857E-1,8.571428571429E-1,1.E0),.UNSPECIFIED.);
#1456=B_SPLINE_CURVE_WITH_KNOTS('',3,(#1446,#1447,#1448,#1449,#1450,#1451,#1452,
#1453,#1454,#1455),.UNSPECIFIED.,.F.,.F.,(4,1,1,1,1,1,1,4),(0.E0,
1.428571428571E-1,2.857142857143E-1,4.285714285714E-1,5.714285714286E-1,
7.142857142857E-1,8.571428571429E-1,1.E0),.UNSPECIFIED.);
#1467=B_SPLINE_CURVE_WITH_KNOTS('',3,(#1457,#1458,#1459,#1460,#1461,#1462,#1463,
#1464,#1465,#1466),.UNSPECIFIED.,.F.,.F.,(4,1,1,1,1,1,1,4),(0.E0,
1.428571428571E-1,2.857142857143E-1,4.285714285714E-1,5.714285714286E-1,
7.142857142857E-1,8.571428571429E-1,1.E0),.UNSPECIFIED.);
#1478=B_SPLINE_CURVE_WITH_KNOTS('',3,(#1468,#1469,#1470,#1471,#1472,#1473,#1474,
#1475,#1476,#1477),.UNSPECIFIED.,.F.,.F.,(4,1,1,1,1,1,1,4),(0.E0,
1.428571428571E-1,2.857142857143E-1,4.285714285714E-1,5.714285714286E-1,
7.142857142857E-1,8.571428571429E-1,1.E0),.UNSPECIFIED.);
#1493=B_SPLINE_CURVE_WITH_KNOTS('',3,(#1483,#1484,#1485,#1486,#1487,#1488,#1489,
#1490,#1491,#1492),.UNSPECIFIED.,.F.,.F.,(4,1,1,1,1,1,1,4),(0.E0,
1.428571428571E-1,2.857142857143E-1,4.285714285714E-1,5.714285714286E-1,
7.142857142857E-1,8.571428571429E-1,1.E0),.UNSPECIFIED.);
#1504=B_SPLINE_CURVE_WITH_KNOTS('',3,(#1494,#1495,#1496,#1497,#1498,#1499,#1500,
#1501,#1502,#1503),.UNSPECIFIED.,.F.,.F.,(4,1,1,1,1,1,1,4),(0.E0,
1.428571428571E-1,2.857142857143E-1,4.285714285714E-1,5.714285714286E-1,
7.142857142857E-1,8.571428571429E-1,1.E0),.UNSPECIFIED.);
#1513=CIRCLE('',#1512,2.E0);
#1518=CIRCLE('',#1517,2.E0);
#1527=CIRCLE('',#1526,2.6E1);
#1536=CIRCLE('',#1535,2.58E1);
#1553=B_SPLINE_CURVE_WITH_KNOTS('',3,(#1537,#1538,#1539,#1540,#1541,#1542,#1543,
#1544,#1545,#1546,#1547,#1548,#1549,#1550,#1551,#1552),.UNSPECIFIED.,.F.,.F.,(4,
1,1,1,1,1,1,1,1,1,1,1,1,4),(0.E0,7.692307692308E-2,1.538461538462E-1,
2.307692307692E-1,3.076923076923E-1,3.846153846154E-1,4.615384615385E-1,
5.384615384615E-1,6.153846153846E-1,6.923076923077E-1,7.692307692308E-1,
8.461538461538E-1,9.230769230769E-1,1.E0),.UNSPECIFIED.);
#1574=B_SPLINE_CURVE_WITH_KNOTS('',3,(#1558,#1559,#1560,#1561,#1562,#1563,#1564,
#1565,#1566,#1567,#1568,#1569,#1570,#1571,#1572,#1573),.UNSPECIFIED.,.F.,.F.,(4,
1,1,1,1,1,1,1,1,1,1,1,1,4),(0.E0,7.692307692308E-2,1.538461538462E-1,
2.307692307692E-1,3.076923076923E-1,3.846153846154E-1,4.615384615385E-1,
5.384615384615E-1,6.153846153846E-1,6.923076923077E-1,7.692307692308E-1,
8.461538461538E-1,9.230769230769E-1,1.E0),.UNSPECIFIED.);
#1583=CIRCLE('',#1582,1.999999999810E0);
#1588=CIRCLE('',#1587,1.999999999707E0);
#1605=B_SPLINE_CURVE_WITH_KNOTS('',3,(#1589,#1590,#1591,#1592,#1593,#1594,#1595,
#1596,#1597,#1598,#1599,#1600,#1601,#1602,#1603,#1604),.UNSPECIFIED.,.F.,.F.,(4,
1,1,1,1,1,1,1,1,1,1,1,1,4),(0.E0,7.692307692308E-2,1.538461538462E-1,
2.307692307692E-1,3.076923076923E-1,3.846153846154E-1,4.615384615385E-1,
5.384615384615E-1,6.153846153846E-1,6.923076923077E-1,7.692307692308E-1,
8.461538461538E-1,9.230769230769E-1,1.E0),.UNSPECIFIED.);
#1626=B_SPLINE_CURVE_WITH_KNOTS('',3,(#1610,#1611,#1612,#1613,#1614,#1615,#1616,
#1617,#1618,#1619,#1620,#1621,#1622,#1623,#1624,#1625),.UNSPECIFIED.,.F.,.F.,(4,
1,1,1,1,1,1,1,1,1,1,1,1,4),(0.E0,7.692307692308E-2,1.538461538462E-1,
2.307692307692E-1,3.076923076923E-1,3.846153846154E-1,4.615384615385E-1,
5.384615384615E-1,6.153846153846E-1,6.923076923077E-1,7.692307692308E-1,
8.461538461538E-1,9.230769230769E-1,1.E0),.UNSPECIFIED.);
#1635=CIRCLE('',#1634,2.000000000506E0);
#1640=CIRCLE('',#1639,2.000000000609E0);
#1655=B_SPLINE_CURVE_WITH_KNOTS('',3,(#1645,#1646,#1647,#1648,#1649,#1650,#1651,
#1652,#1653,#1654),.UNSPECIFIED.,.F.,.F.,(4,1,1,1,1,1,1,4),(0.E0,
1.428571428571E-1,2.857142857143E-1,4.285714285714E-1,5.714285714286E-1,
7.142857142857E-1,8.571428571429E-1,1.E0),.UNSPECIFIED.);
#1666=B_SPLINE_CURVE_WITH_KNOTS('',3,(#1656,#1657,#1658,#1659,#1660,#1661,#1662,
#1663,#1664,#1665),.UNSPECIFIED.,.F.,.F.,(4,1,1,1,1,1,1,4),(0.E0,
1.428571428571E-1,2.857142857143E-1,4.285714285714E-1,5.714285714286E-1,
7.142857142857E-1,8.571428571429E-1,1.E0),.UNSPECIFIED.);
#1675=CIRCLE('',#1674,2.E0);
#1680=CIRCLE('',#1679,2.E0);
#1691=B_SPLINE_CURVE_WITH_KNOTS('',3,(#1681,#1682,#1683,#1684,#1685,#1686,#1687,
#1688,#1689,#1690),.UNSPECIFIED.,.F.,.F.,(4,1,1,1,1,1,1,4),(0.E0,
1.428571428571E-1,2.857142857143E-1,4.285714285714E-1,5.714285714286E-1,
7.142857142857E-1,8.571428571429E-1,1.E0),.UNSPECIFIED.);
#1702=B_SPLINE_CURVE_WITH_KNOTS('',3,(#1692,#1693,#1694,#1695,#1696,#1697,#1698,
#1699,#1700,#1701),.UNSPECIFIED.,.F.,.F.,(4,1,1,1,1,1,1,4),(0.E0,
1.428571428571E-1,2.857142857143E-1,4.285714285714E-1,5.714285714286E-1,
7.142857142857E-1,8.571428571429E-1,1.E0),.UNSPECIFIED.);
#1713=B_SPLINE_CURVE_WITH_KNOTS('',3,(#1703,#1704,#1705,#1706,#1707,#1708,#1709,
#1710,#1711,#1712),.UNSPECIFIED.,.F.,.F.,(4,1,1,1,1,1,1,4),(0.E0,
1.428571428571E-1,2.857142857143E-1,4.285714285714E-1,5.714285714286E-1,
7.142857142857E-1,8.571428571429E-1,1.E0),.UNSPECIFIED.);
#1724=B_SPLINE_CURVE_WITH_KNOTS('',3,(#1714,#1715,#1716,#1717,#1718,#1719,#1720,
#1721,#1722,#1723),.UNSPECIFIED.,.F.,.F.,(4,1,1,1,1,1,1,4),(0.E0,
1.428571428571E-1,2.857142857143E-1,4.285714285714E-1,5.714285714286E-1,
7.142857142857E-1,8.571428571429E-1,1.E0),.UNSPECIFIED.);
#1739=B_SPLINE_CURVE_WITH_KNOTS('',3,(#1729,#1730,#1731,#1732,#1733,#1734,#1735,
#1736,#1737,#1738),.UNSPECIFIED.,.F.,.F.,(4,1,1,1,1,1,1,4),(0.E0,
1.428571428571E-1,2.857142857143E-1,4.285714285714E-1,5.714285714286E-1,
7.142857142857E-1,8.571428571429E-1,1.E0),.UNSPECIFIED.);
#1750=B_SPLINE_CURVE_WITH_KNOTS('',3,(#1740,#1741,#1742,#1743,#1744,#1745,#1746,
#1747,#1748,#1749),.UNSPECIFIED.,.F.,.F.,(4,1,1,1,1,1,1,4),(0.E0,
1.428571428571E-1,2.857142857143E-1,4.285714285714E-1,5.714285714286E-1,
7.142857142857E-1,8.571428571429E-1,1.E0),.UNSPECIFIED.);
#1759=CIRCLE('',#1758,2.E0);
#1764=CIRCLE('',#1763,2.E0);
#1781=B_SPLINE_CURVE_WITH_KNOTS('',3,(#1765,#1766,#1767,#1768,#1769,#1770,#1771,
#1772,#1773,#1774,#1775,#1776,#1777,#1778,#1779,#1780),.UNSPECIFIED.,.F.,.F.,(4,
1,1,1,1,1,1,1,1,1,1,1,1,4),(0.E0,7.692307692308E-2,1.538461538462E-1,
2.307692307692E-1,3.076923076923E-1,3.846153846154E-1,4.615384615385E-1,
5.384615384615E-1,6.153846153846E-1,6.923076923077E-1,7.692307692308E-1,
8.461538461538E-1,9.230769230769E-1,1.E0),.UNSPECIFIED.);
#1802=B_SPLINE_CURVE_WITH_KNOTS('',3,(#1786,#1787,#1788,#1789,#1790,#1791,#1792,
#1793,#1794,#1795,#1796,#1797,#1798,#1799,#1800,#1801),.UNSPECIFIED.,.F.,.F.,(4,
1,1,1,1,1,1,1,1,1,1,1,1,4),(0.E0,7.692307692308E-2,1.538461538462E-1,
2.307692307692E-1,3.076923076923E-1,3.846153846154E-1,4.615384615385E-1,
5.384615384615E-1,6.153846153846E-1,6.923076923077E-1,7.692307692308E-1,
8.461538461538E-1,9.230769230769E-1,1.E0),.UNSPECIFIED.);
#1811=CIRCLE('',#1810,2.000000000506E0);
#1816=CIRCLE('',#1815,2.000000000609E0);
#1833=B_SPLINE_CURVE_WITH_KNOTS('',3,(#1817,#1818,#1819,#1820,#1821,#1822,#1823,
#1824,#1825,#1826,#1827,#1828,#1829,#1830,#1831,#1832),.UNSPECIFIED.,.F.,.F.,(4,
1,1,1,1,1,1,1,1,1,1,1,1,4),(0.E0,7.692307692308E-2,1.538461538462E-1,
2.307692307692E-1,3.076923076923E-1,3.846153846154E-1,4.615384615385E-1,
5.384615384615E-1,6.153846153846E-1,6.923076923077E-1,7.692307692308E-1,
8.461538461538E-1,9.230769230769E-1,1.E0),.UNSPECIFIED.);
#1854=B_SPLINE_CURVE_WITH_KNOTS('',3,(#1838,#1839,#1840,#1841,#1842,#1843,#1844,
#1845,#1846,#1847,#1848,#1849,#1850,#1851,#1852,#1853),.UNSPECIFIED.,.F.,.F.,(4,
1,1,1,1,1,1,1,1,1,1,1,1,4),(0.E0,7.692307692308E-2,1.538461538462E-1,
2.307692307692E-1,3.076923076923E-1,3.846153846154E-1,4.615384615385E-1,
5.384615384615E-1,6.153846153846E-1,6.923076923077E-1,7.692307692308E-1,
8.461538461538E-1,9.230769230769E-1,1.E0),.UNSPECIFIED.);
#1863=CIRCLE('',#1862,1.999999999810E0);
#1868=CIRCLE('',#1867,1.999999999707E0);
#1885=B_SPLINE_CURVE_WITH_KNOTS('',3,(#1869,#1870,#1871,#1872,#1873,#1874,#1875,
#1876,#1877,#1878,#1879,#1880,#1881,#1882,#1883,#1884),.UNSPECIFIED.,.F.,.F.,(4,
1,1,1,1,1,1,1,1,1,1,1,1,4),(0.E0,7.692307692308E-2,1.538461538462E-1,
2.307692307692E-1,3.076923076923E-1,3.846153846154E-1,4.615384615385E-1,
5.384615384615E-1,6.153846153846E-1,6.923076923077E-1,7.692307692308E-1,
8.461538461538E-1,9.230769230769E-1,1.E0),.UNSPECIFIED.);
#1906=B_SPLINE_CURVE_WITH_KNOTS('',3,(#1890,#1891,#1892,#1893,#1894,#1895,#1896,
#1897,#1898,#1899,#1900,#1901,#1902,#1903,#1904,#1905),.UNSPECIFIED.,.F.,.F.,(4,
1,1,1,1,1,1,1,1,1,1,1,1,4),(0.E0,7.692307692308E-2,1.538461538462E-1,
2.307692307692E-1,3.076923076923E-1,3.846153846154E-1,4.615384615385E-1,
5.384615384615E-1,6.153846153846E-1,6.923076923077E-1,7.692307692308E-1,
8.461538461538E-1,9.230769230769E-1,1.E0),.UNSPECIFIED.);
#1915=CIRCLE('',#1914,2.000000000506E0);
#1920=CIRCLE('',#1919,2.000000000609E0);
#1937=B_SPLINE_CURVE_WITH_KNOTS('',3,(#1921,#1922,#1923,#1924,#1925,#1926,#1927,
#1928,#1929,#1930,#1931,#1932,#1933,#1934,#1935,#1936),.UNSPECIFIED.,.F.,.F.,(4,
1,1,1,1,1,1,1,1,1,1,1,1,4),(0.E0,7.692307692308E-2,1.538461538462E-1,
2.307692307692E-1,3.076923076923E-1,3.846153846154E-1,4.615384615385E-1,
5.384615384615E-1,6.153846153846E-1,6.923076923077E-1,7.692307692308E-1,
8.461538461538E-1,9.230769230769E-1,1.E0),.UNSPECIFIED.);
#1958=B_SPLINE_CURVE_WITH_KNOTS('',3,(#1942,#1943,#1944,#1945,#1946,#1947,#1948,
#1949,#1950,#1951,#1952,#1953,#1954,#1955,#1956,#1957),.UNSPECIFIED.,.F.,.F.,(4,
1,1,1,1,1,1,1,1,1,1,1,1,4),(0.E0,7.692307692308E-2,1.538461538462E-1,
2.307692307692E-1,3.076923076923E-1,3.846153846154E-1,4.615384615385E-1,
5.384615384615E-1,6.153846153846E-1,6.923076923077E-1,7.692307692308E-1,
8.461538461538E-1,9.230769230769E-1,1.E0),.UNSPECIFIED.);
#1967=CIRCLE('',#1966,1.999999999810E0);
#1972=CIRCLE('',#1971,1.999999999707E0);
#1989=B_SPLINE_CURVE_WITH_KNOTS('',3,(#1973,#1974,#1975,#1976,#1977,#1978,#1979,
#1980,#1981,#1982,#1983,#1984,#1985,#1986,#1987,#1988),.UNSPECIFIED.,.F.,.F.,(4,
1,1,1,1,1,1,1,1,1,1,1,1,4),(0.E0,7.692307692308E-2,1.538461538462E-1,
2.307692307692E-1,3.076923076923E-1,3.846153846154E-1,4.615384615385E-1,
5.384615384615E-1,6.153846153846E-1,6.923076923077E-1,7.692307692308E-1,
8.461538461538E-1,9.230769230769E-1,1.E0),.UNSPECIFIED.);
#2010=B_SPLINE_CURVE_WITH_KNOTS('',3,(#1994,#1995,#1996,#1997,#1998,#1999,#2000,
#2001,#2002,#2003,#2004,#2005,#2006,#2007,#2008,#2009),.UNSPECIFIED.,.F.,.F.,(4,
1,1,1,1,1,1,1,1,1,1,1,1,4),(0.E0,7.692307692308E-2,1.538461538462E-1,
2.307692307692E-1,3.076923076923E-1,3.846153846154E-1,4.615384615385E-1,
5.384615384615E-1,6.153846153846E-1,6.923076923077E-1,7.692307692308E-1,
8.461538461538E-1,9.230769230769E-1,1.E0),.UNSPECIFIED.);
#2019=CIRCLE('',#2018,2.000000000506E0);
#2024=CIRCLE('',#2023,2.000000000609E0);
#2154=EDGE_CURVE('',#2027,#2028,#1215,.T.);
#2156=EDGE_CURVE('',#2027,#2031,#1241,.T.);
#2158=EDGE_CURVE('',#2029,#2031,#1236,.T.);
#2160=EDGE_CURVE('',#2029,#2028,#1211,.T.);
#2170=EDGE_CURVE('',#2031,#2027,#1246,.T.);
#2173=EDGE_CURVE('',#2028,#2029,#1232,.T.);
#2194=EDGE_CURVE('',#2132,#2130,#1251,.T.);
#2196=EDGE_CURVE('',#2130,#2148,#1394,.T.);
#2198=EDGE_CURVE('',#2033,#2148,#1493,.T.);
#2200=EDGE_CURVE('',#2032,#2033,#1467,.T.);
#2202=EDGE_CURVE('',#2032,#2124,#1390,.T.);
#2204=EDGE_CURVE('',#2124,#2122,#1363,.T.);
#2206=EDGE_CURVE('',#2122,#2053,#1386,.T.);
#2208=EDGE_CURVE('',#2055,#2053,#1456,.T.);
#2210=EDGE_CURVE('',#2147,#2055,#1420,.T.);
#2212=EDGE_CURVE('',#2147,#2132,#1382,.T.);
#2220=EDGE_CURVE('',#2064,#2063,#1989,.T.);
#2222=EDGE_CURVE('',#2063,#2064,#2010,.T.);
#2232=EDGE_CURVE('',#2127,#2128,#1256,.T.);
#2234=EDGE_CURVE('',#2128,#2130,#1531,.T.);
#2237=EDGE_CURVE('',#2132,#2127,#1522,.T.);
#2248=EDGE_CURVE('',#2127,#2134,#1274,.T.);
#2250=EDGE_CURVE('',#2136,#2134,#1261,.T.);
#2252=EDGE_CURVE('',#2136,#2128,#1265,.T.);
#2263=EDGE_CURVE('',#2134,#2136,#1270,.T.);
#2266=EDGE_CURVE('',#2127,#2128,#1536,.T.);
#2276=EDGE_CURVE('',#2145,#2112,#1278,.T.);
#2278=EDGE_CURVE('',#2103,#2145,#1739,.T.);
#2280=EDGE_CURVE('',#2102,#2103,#1713,.T.);
#2282=EDGE_CURVE('',#2134,#2102,#1282,.T.);
#2285=EDGE_CURVE('',#2081,#2136,#1286,.T.);
#2287=EDGE_CURVE('',#2083,#2081,#1702,.T.);
#2289=EDGE_CURVE('',#2146,#2083,#1666,.T.);
#2291=EDGE_CURVE('',#2111,#2146,#1290,.T.);
#2293=EDGE_CURVE('',#2111,#2112,#1310,.T.);
#2297=EDGE_CURVE('',#2092,#2091,#1885,.T.);
#2299=EDGE_CURVE('',#2091,#2092,#1906,.T.);
#2303=EDGE_CURVE('',#2099,#2098,#1937,.T.);
#2305=EDGE_CURVE('',#2098,#2099,#1958,.T.);
#2315=EDGE_CURVE('',#2111,#2112,#1295,.T.);
#2318=EDGE_CURVE('',#2082,#2146,#1655,.T.);
#2320=EDGE_CURVE('',#2081,#2082,#1691,.T.);
#2325=EDGE_CURVE('',#2104,#2102,#1724,.T.);
#2327=EDGE_CURVE('',#2145,#2104,#1750,.T.);
#2332=EDGE_CURVE('',#2071,#2070,#1781,.T.);
#2334=EDGE_CURVE('',#2070,#2071,#1802,.T.);
#2338=EDGE_CURVE('',#2078,#2077,#1833,.T.);
#2340=EDGE_CURVE('',#2077,#2078,#1854,.T.);
#2351=EDGE_CURVE('',#2112,#2114,#1305,.T.);
#2353=EDGE_CURVE('',#2114,#2116,#1315,.T.);
#2355=EDGE_CURVE('',#2116,#2111,#1300,.T.);
#2366=EDGE_CURVE('',#2116,#2114,#1320,.T.);
#2382=EDGE_CURVE('',#2142,#2140,#1325,.T.);
#2384=EDGE_CURVE('',#2140,#2142,#1330,.T.);
#2394=EDGE_CURVE('',#2139,#2140,#1334,.T.);
#2396=EDGE_CURVE('',#2144,#2139,#1358,.T.);
#2398=EDGE_CURVE('',#2142,#2144,#1338,.T.);
#2409=EDGE_CURVE('',#2139,#2144,#1353,.T.);
#2422=EDGE_CURVE('',#2119,#2120,#1343,.T.);
#2424=EDGE_CURVE('',#2120,#2119,#1348,.T.);
#2439=EDGE_CURVE('',#2119,#2122,#1378,.T.);
#2442=EDGE_CURVE('',#2124,#2120,#1368,.T.);
#2453=EDGE_CURVE('',#2122,#2124,#1373,.T.);
#2466=EDGE_CURVE('',#2054,#2147,#1409,.T.);
#2468=EDGE_CURVE('',#2053,#2054,#1445,.T.);
#2473=EDGE_CURVE('',#2034,#2032,#1478,.T.);
#2475=EDGE_CURVE('',#2148,#2034,#1504,.T.);
#2478=EDGE_CURVE('',#2130,#2132,#1527,.T.);
#2482=EDGE_CURVE('',#2050,#2049,#1553,.T.);
#2484=EDGE_CURVE('',#2049,#2050,#1574,.T.);
#2488=EDGE_CURVE('',#2043,#2042,#1605,.T.);
#2490=EDGE_CURVE('',#2042,#2043,#1626,.T.);
#2500=EDGE_CURVE('',#2057,#2059,#1434,.T.);
#2502=EDGE_CURVE('',#2059,#2054,#1398,.T.);
#2506=EDGE_CURVE('',#2055,#2057,#1424,.T.);
#2516=EDGE_CURVE('',#2059,#2057,#1429,.T.);
#2541=EDGE_CURVE('',#2038,#2033,#1482,.T.);
#2543=EDGE_CURVE('',#2038,#2036,#1513,.T.);
#2545=EDGE_CURVE('',#2034,#2036,#1508,.T.);
#2556=EDGE_CURVE('',#2036,#2038,#1518,.T.);
#2592=EDGE_CURVE('',#2048,#2049,#1557,.T.);
#2594=EDGE_CURVE('',#2048,#2052,#1583,.T.);
#2596=EDGE_CURVE('',#2050,#2052,#1578,.T.);
#2607=EDGE_CURVE('',#2052,#2048,#1588,.T.);
#2630=EDGE_CURVE('',#2041,#2042,#1609,.T.);
#2632=EDGE_CURVE('',#2041,#2045,#1635,.T.);
#2634=EDGE_CURVE('',#2043,#2045,#1630,.T.);
#2645=EDGE_CURVE('',#2045,#2041,#1640,.T.);
#2668=EDGE_CURVE('',#2085,#2087,#1680,.T.);
#2670=EDGE_CURVE('',#2087,#2082,#1644,.T.);
#2674=EDGE_CURVE('',#2083,#2085,#1670,.T.);
#2684=EDGE_CURVE('',#2087,#2085,#1675,.T.);
#2709=EDGE_CURVE('',#2108,#2103,#1728,.T.);
#2711=EDGE_CURVE('',#2108,#2106,#1759,.T.);
#2713=EDGE_CURVE('',#2104,#2106,#1754,.T.);
#2724=EDGE_CURVE('',#2106,#2108,#1764,.T.);
#2748=EDGE_CURVE('',#2069,#2070,#1785,.T.);
#2750=EDGE_CURVE('',#2069,#2073,#1811,.T.);
#2752=EDGE_CURVE('',#2071,#2073,#1806,.T.);
#2763=EDGE_CURVE('',#2073,#2069,#1816,.T.);
#2786=EDGE_CURVE('',#2076,#2077,#1837,.T.);
#2788=EDGE_CURVE('',#2076,#2080,#1863,.T.);
#2790=EDGE_CURVE('',#2078,#2080,#1858,.T.);
#2801=EDGE_CURVE('',#2080,#2076,#1868,.T.);
#2824=EDGE_CURVE('',#2090,#2091,#1889,.T.);
#2826=EDGE_CURVE('',#2090,#2094,#1915,.T.);
#2828=EDGE_CURVE('',#2092,#2094,#1910,.T.);
#2839=EDGE_CURVE('',#2094,#2090,#1920,.T.);
#2862=EDGE_CURVE('',#2097,#2098,#1941,.T.);
#2864=EDGE_CURVE('',#2097,#2101,#1967,.T.);
#2866=EDGE_CURVE('',#2099,#2101,#1962,.T.);
#2877=EDGE_CURVE('',#2101,#2097,#1972,.T.);
#2900=EDGE_CURVE('',#2062,#2063,#1993,.T.);
#2902=EDGE_CURVE('',#2062,#2066,#2019,.T.);
#2904=EDGE_CURVE('',#2064,#2066,#2014,.T.);
#2915=EDGE_CURVE('',#2066,#2062,#2024,.T.);
#2933=CLOSED_SHELL('',(#2164,#2178,#2188,#2226,#2241,#2256,#2270,#2309,#2344,
#2359,#2372,#2388,#2403,#2416,#2432,#2446,#2459,#2494,#2510,#2521,#2534,#2550,
#2564,#2574,#2586,#2601,#2614,#2624,#2639,#2652,#2662,#2678,#2689,#2702,#2718,
#2732,#2742,#2757,#2770,#2780,#2795,#2808,#2818,#2833,#2846,#2856,#2871,#2884,
#2894,#2909,#2922,#2932));
#2934=MANIFOLD_SOLID_BREP('',#2933);
#2935=(LENGTH_UNIT()NAMED_UNIT(*)SI_UNIT(.MILLI.,.METRE.));
#2937=(NAMED_UNIT(*)PLANE_ANGLE_UNIT()SI_UNIT($,.RADIAN.));
#2940=(NAMED_UNIT(*)SI_UNIT($,.STERADIAN.)SOLID_ANGLE_UNIT());
#2946=AXIS2_PLACEMENT_3D('',#2943,#2944,#2945);
#2947=ADVANCED_BREP_SHAPE_REPRESENTATION('',(#2946,#2934),#2942);
#2951=PRODUCT_DEFINITION('design','',#2950,#1176);
#2952=PRODUCT_DEFINITION_SHAPE('','SHAPE FOR RETAINER_RINGS.',#2951);
#2953=SHAPE_DEFINITION_REPRESENTATION(#2952,#2947);
#2954=NEXT_ASSEMBLY_USAGE_OCCURRENCE('1','Next assembly relationship',
'RETAINER_RINGS',#4003,#2951,$);
#2955=PRODUCT_DEFINITION_SHAPE('Placement #1',
'Placement of RETAINER_RINGS with respect to SHOCK_ABSORBER_ASM',#2954);
#2977=B_SPLINE_CURVE_WITH_KNOTS('',3,(#2964,#2965,#2966,#2967,#2968,#2969,#2970,
#2971,#2972,#2973,#2974,#2975,#2976),.UNSPECIFIED.,.F.,.F.,(4,1,1,1,1,1,1,1,1,1,
4),(0.E0,1.E-1,2.E-1,3.E-1,4.E-1,5.E-1,6.E-1,7.E-1,8.E-1,9.E-1,1.E0),
.UNSPECIFIED.);
#2991=B_SPLINE_CURVE_WITH_KNOTS('',3,(#2978,#2979,#2980,#2981,#2982,#2983,#2984,
#2985,#2986,#2987,#2988,#2989,#2990),.UNSPECIFIED.,.F.,.F.,(4,1,1,1,1,1,1,1,1,1,
4),(0.E0,1.E-1,2.E-1,3.E-1,4.E-1,5.E-1,6.E-1,7.E-1,8.E-1,9.E-1,1.E0),
.UNSPECIFIED.);
#3005=B_SPLINE_CURVE_WITH_KNOTS('',3,(#2992,#2993,#2994,#2995,#2996,#2997,#2998,
#2999,#3000,#3001,#3002,#3003,#3004),.UNSPECIFIED.,.F.,.F.,(4,1,1,1,1,1,1,1,1,1,
4),(0.E0,1.E-1,2.E-1,3.E-1,4.E-1,5.E-1,6.E-1,7.E-1,8.E-1,9.E-1,1.E0),
.UNSPECIFIED.);
#3019=B_SPLINE_CURVE_WITH_KNOTS('',3,(#3006,#3007,#3008,#3009,#3010,#3011,#3012,
#3013,#3014,#3015,#3016,#3017,#3018),.UNSPECIFIED.,.F.,.F.,(4,1,1,1,1,1,1,1,1,1,
4),(0.E0,1.E-1,2.E-1,3.E-1,4.E-1,5.E-1,6.E-1,7.E-1,8.E-1,9.E-1,1.E0),
.UNSPECIFIED.);
#3024=CIRCLE('',#3023,6.5E0);
#3029=CIRCLE('',#3028,6.5E0);
#3034=CIRCLE('',#3033,6.5E0);
#3051=EDGE_CURVE('',#3043,#3044,#2977,.T.);
#3053=EDGE_CURVE('',#3044,#3043,#2991,.T.);
#3063=EDGE_CURVE('',#3042,#3045,#3005,.T.);
#3065=EDGE_CURVE('',#3045,#3040,#3019,.T.);
#3067=EDGE_CURVE('',#3040,#3038,#3024,.T.);
#3069=EDGE_CURVE('',#3038,#3037,#3029,.T.);
#3071=EDGE_CURVE('',#3037,#3042,#3034,.T.);
#3076=OPEN_SHELL('',(#3057,#3075));
#3082=CIRCLE('',#3081,1.775E1);
#3087=CIRCLE('',#3086,1.775E1);
#3092=CIRCLE('',#3091,5.5E0);
#3097=CIRCLE('',#3096,5.5E0);
#3110=CIRCLE('',#3109,2.575E1);
#3115=CIRCLE('',#3114,2.575E1);
#3120=CIRCLE('',#3119,1.775E1);
#3125=CIRCLE('',#3124,1.775E1);
#3138=CIRCLE('',#3137,1.7E1);
#3143=CIRCLE('',#3142,2.575E1);
#3154=B_SPLINE_CURVE_WITH_KNOTS('',3,(#3144,#3145,#3146,#3147,#3148,#3149,#3150,
#3151,#3152,#3153),.UNSPECIFIED.,.F.,.F.,(4,1,1,1,1,1,1,4),(0.E0,
1.428571428571E-1,2.857142857143E-1,4.285714285714E-1,5.714285714286E-1,
7.142857142857E-1,8.571428571429E-1,1.E0),.UNSPECIFIED.);
#3159=CIRCLE('',#3158,1.7E1);
#3164=CIRCLE('',#3163,1.7E1);
#3175=B_SPLINE_CURVE_WITH_KNOTS('',3,(#3165,#3166,#3167,#3168,#3169,#3170,#3171,
#3172,#3173,#3174),.UNSPECIFIED.,.F.,.F.,(4,1,1,1,1,1,1,4),(0.E0,
1.428571428571E-1,2.857142857143E-1,4.285714285714E-1,5.714285714286E-1,
7.142857142857E-1,8.571428571429E-1,1.E0),.UNSPECIFIED.);
#3182=B_SPLINE_CURVE_WITH_KNOTS('',3,(#3176,#3177,#3178,#3179,#3180,#3181),
.UNSPECIFIED.,.F.,.F.,(4,1,1,4),(0.E0,3.333333333333E-1,6.666666666667E-1,1.E0),
.UNSPECIFIED.);
#3198=B_SPLINE_CURVE_WITH_KNOTS('',3,(#3183,#3184,#3185,#3186,#3187,#3188,#3189,
#3190,#3191,#3192,#3193,#3194,#3195,#3196,#3197),.UNSPECIFIED.,.F.,.F.,(4,1,1,1,
1,1,1,1,1,1,1,1,4),(0.E0,8.333333333333E-2,1.666666666667E-1,2.5E-1,
3.333333333333E-1,4.166666666667E-1,5.E-1,5.833333333333E-1,6.666666666667E-1,
7.5E-1,8.333333333333E-1,9.166666666667E-1,1.E0),.UNSPECIFIED.);
#3214=B_SPLINE_CURVE_WITH_KNOTS('',3,(#3199,#3200,#3201,#3202,#3203,#3204,#3205,
#3206,#3207,#3208,#3209,#3210,#3211,#3212,#3213),.UNSPECIFIED.,.F.,.F.,(4,1,1,1,
1,1,1,1,1,1,1,1,4),(0.E0,8.333333333333E-2,1.666666666667E-1,2.5E-1,
3.333333333333E-1,4.166666666667E-1,5.E-1,5.833333333333E-1,6.666666666667E-1,
7.5E-1,8.333333333333E-1,9.166666666667E-1,1.E0),.UNSPECIFIED.);
#3229=B_SPLINE_CURVE_WITH_KNOTS('',3,(#3223,#3224,#3225,#3226,#3227,#3228),
.UNSPECIFIED.,.F.,.F.,(4,1,1,4),(0.E0,3.333333333333E-1,6.666666666667E-1,1.E0),
.UNSPECIFIED.);
#3240=B_SPLINE_CURVE_WITH_KNOTS('',3,(#3230,#3231,#3232,#3233,#3234,#3235,#3236,
#3237,#3238,#3239),.UNSPECIFIED.,.F.,.F.,(4,1,1,1,1,1,1,4),(0.E0,
1.428571428571E-1,2.857142857143E-1,4.285714285714E-1,5.714285714286E-1,
7.142857142857E-1,8.571428571429E-1,1.E0),.UNSPECIFIED.);
#3245=CIRCLE('',#3244,1.7E1);
#3250=CIRCLE('',#3249,1.2E1);
#3255=CIRCLE('',#3254,1.162444383883E1);
#3260=CIRCLE('',#3259,1.124099639712E1);
#3265=CIRCLE('',#3264,1.162444383883E1);
#3270=CIRCLE('',#3269,1.2E1);
#3275=CIRCLE('',#3274,1.162444383883E1);
#3280=CIRCLE('',#3279,1.124099639712E1);
#3285=CIRCLE('',#3284,1.162444383883E1);
#3294=CIRCLE('',#3293,1.7E1);
#3305=B_SPLINE_CURVE_WITH_KNOTS('',3,(#3295,#3296,#3297,#3298,#3299,#3300,#3301,
#3302,#3303,#3304),.UNSPECIFIED.,.F.,.F.,(4,1,1,1,1,1,1,4),(0.E0,
1.428571428571E-1,2.857142857143E-1,4.285714285714E-1,5.714285714286E-1,
7.142857142857E-1,8.571428571429E-1,1.E0),.UNSPECIFIED.);
#3320=B_SPLINE_CURVE_WITH_KNOTS('',3,(#3314,#3315,#3316,#3317,#3318,#3319),
.UNSPECIFIED.,.F.,.F.,(4,1,1,4),(0.E0,3.333333333333E-1,6.666666666667E-1,1.E0),
.UNSPECIFIED.);
#3327=B_SPLINE_CURVE_WITH_KNOTS('',3,(#3321,#3322,#3323,#3324,#3325,#3326),
.UNSPECIFIED.,.F.,.F.,(4,1,1,4),(0.E0,3.333333333333E-1,6.666666666667E-1,1.E0),
.UNSPECIFIED.);
#3343=B_SPLINE_CURVE_WITH_KNOTS('',3,(#3328,#3329,#3330,#3331,#3332,#3333,#3334,
#3335,#3336,#3337,#3338,#3339,#3340,#3341,#3342),.UNSPECIFIED.,.F.,.F.,(4,1,1,1,
1,1,1,1,1,1,1,1,4),(0.E0,8.333333333333E-2,1.666666666667E-1,2.5E-1,
3.333333333333E-1,4.166666666667E-1,5.E-1,5.833333333333E-1,6.666666666667E-1,
7.5E-1,8.333333333333E-1,9.166666666667E-1,1.E0),.UNSPECIFIED.);
#3359=B_SPLINE_CURVE_WITH_KNOTS('',3,(#3344,#3345,#3346,#3347,#3348,#3349,#3350,
#3351,#3352,#3353,#3354,#3355,#3356,#3357,#3358),.UNSPECIFIED.,.F.,.F.,(4,1,1,1,
1,1,1,1,1,1,1,1,4),(0.E0,8.333333333333E-2,1.666666666667E-1,2.5E-1,
3.333333333333E-1,4.166666666667E-1,5.E-1,5.833333333333E-1,6.666666666667E-1,
7.5E-1,8.333333333333E-1,9.166666666667E-1,1.E0),.UNSPECIFIED.);
#3364=CIRCLE('',#3363,1.7E1);
#3381=CIRCLE('',#3380,2.575E1);
#3390=CIRCLE('',#3389,1.7E1);
#3395=CIRCLE('',#3394,1.7E1);
#3408=CIRCLE('',#3407,5.5E0);
#3413=CIRCLE('',#3412,5.5E0);
#3480=EDGE_CURVE('',#3469,#3470,#3097,.T.);
#3482=EDGE_CURVE('',#3469,#3472,#3403,.T.);
#3484=EDGE_CURVE('',#3474,#3472,#3413,.T.);
#3486=EDGE_CURVE('',#3474,#3470,#3399,.T.);
#3496=EDGE_CURVE('',#3423,#3425,#3082,.T.);
#3498=EDGE_CURVE('',#3425,#3423,#3087,.T.);
#3502=EDGE_CURVE('',#3470,#3469,#3092,.T.);
#3513=EDGE_CURVE('',#3425,#3421,#3101,.T.);
#3516=EDGE_CURVE('',#3420,#3423,#3105,.T.);
#3518=EDGE_CURVE('',#3421,#3420,#3120,.T.);
#3528=EDGE_CURVE('',#3420,#3421,#3125,.T.);
#3541=EDGE_CURVE('',#3431,#3433,#3110,.T.);
#3543=EDGE_CURVE('',#3433,#3431,#3115,.T.);
#3557=EDGE_CURVE('',#3433,#3428,#3129,.T.);
#3560=EDGE_CURVE('',#3429,#3431,#3133,.T.);
#3562=EDGE_CURVE('',#3429,#3428,#3381,.T.);
#3572=EDGE_CURVE('',#3428,#3429,#3143,.T.);
#3585=EDGE_CURVE('',#3436,#3437,#3138,.T.);
#3587=EDGE_CURVE('',#3436,#3429,#3385,.T.);
#3590=EDGE_CURVE('',#3428,#3437,#3376,.T.);
#3600=EDGE_CURVE('',#3440,#3441,#3159,.T.);
#3602=EDGE_CURVE('',#3443,#3441,#3364,.T.);
#3604=EDGE_CURVE('',#3443,#3445,#3294,.T.);
#3606=EDGE_CURVE('',#3445,#3436,#3372,.T.);
#3609=EDGE_CURVE('',#3437,#3440,#3368,.T.);
#3619=EDGE_CURVE('',#3463,#3464,#3182,.T.);
#3621=EDGE_CURVE('',#3463,#3459,#3255,.T.);
#3623=EDGE_CURVE('',#3459,#3457,#3285,.T.);
#3625=EDGE_CURVE('',#3460,#3457,#3320,.T.);
#3627=EDGE_CURVE('',#3441,#3460,#3154,.T.);
#3630=EDGE_CURVE('',#3466,#3440,#3164,.T.);
#3632=EDGE_CURVE('',#3464,#3466,#3175,.T.);
#3643=EDGE_CURVE('',#3450,#3464,#3218,.T.);
#3645=EDGE_CURVE('',#3450,#3449,#3229,.T.);
#3647=EDGE_CURVE('',#3449,#3463,#3260,.T.);
#3651=EDGE_CURVE('',#3416,#3417,#3198,.T.);
#3653=EDGE_CURVE('',#3417,#3416,#3214,.T.);
#3663=EDGE_CURVE('',#3451,#3450,#3240,.T.);
#3667=EDGE_CURVE('',#3466,#3451,#3222,.T.);
#3677=EDGE_CURVE('',#3448,#3449,#3265,.T.);
#3681=EDGE_CURVE('',#3445,#3451,#3245,.T.);
#3683=EDGE_CURVE('',#3445,#3448,#3289,.T.);
#3693=EDGE_CURVE('',#3459,#3453,#3250,.T.);
#3698=EDGE_CURVE('',#3453,#3448,#3270,.T.);
#3709=EDGE_CURVE('',#3455,#3448,#3275,.T.);
#3711=EDGE_CURVE('',#3457,#3455,#3280,.T.);
#3725=EDGE_CURVE('',#3462,#3443,#3305,.T.);
#3727=EDGE_CURVE('',#3455,#3462,#3327,.T.);
#3739=EDGE_CURVE('',#3460,#3462,#3309,.T.);
#3742=EDGE_CURVE('',#3443,#3441,#3313,.T.);
#3758=EDGE_CURVE('',#3414,#3415,#3343,.T.);
#3760=EDGE_CURVE('',#3415,#3414,#3359,.T.);
#3781=EDGE_CURVE('',#3437,#3436,#3390,.T.);
#3785=EDGE_CURVE('',#3466,#3451,#3395,.T.);
#3819=EDGE_CURVE('',#3472,#3474,#3408,.T.);
#3836=OPEN_SHELL('',(#3490,#3507,#3522,#3535,#3551,#3566,#3579,#3594,#3613,
#3636,#3657,#3671,#3687,#3702,#3717,#3732,#3746,#3764,#3774,#3790,#3802,#3812,
#3825,#3835));
#3851=B_SPLINE_CURVE_WITH_KNOTS('',3,(#3838,#3839,#3840,#3841,#3842,#3843,#3844,
#3845,#3846,#3847,#3848,#3849,#3850),.UNSPECIFIED.,.F.,.F.,(4,1,1,1,1,1,1,1,1,1,
4),(0.E0,1.E-1,2.E-1,3.E-1,4.E-1,5.E-1,6.E-1,7.E-1,8.E-1,9.E-1,1.E0),
.UNSPECIFIED.);
#3865=B_SPLINE_CURVE_WITH_KNOTS('',3,(#3852,#3853,#3854,#3855,#3856,#3857,#3858,
#3859,#3860,#3861,#3862,#3863,#3864),.UNSPECIFIED.,.F.,.F.,(4,1,1,1,1,1,1,1,1,1,
4),(0.E0,1.E-1,2.E-1,3.E-1,4.E-1,5.E-1,6.E-1,7.E-1,8.E-1,9.E-1,1.E0),
.UNSPECIFIED.);
#3879=B_SPLINE_CURVE_WITH_KNOTS('',3,(#3866,#3867,#3868,#3869,#3870,#3871,#3872,
#3873,#3874,#3875,#3876,#3877,#3878),.UNSPECIFIED.,.F.,.F.,(4,1,1,1,1,1,1,1,1,1,
4),(0.E0,1.E-1,2.E-1,3.E-1,4.E-1,5.E-1,6.E-1,7.E-1,8.E-1,9.E-1,1.E0),
.UNSPECIFIED.);
#3893=B_SPLINE_CURVE_WITH_KNOTS('',3,(#3880,#3881,#3882,#3883,#3884,#3885,#3886,
#3887,#3888,#3889,#3890,#3891,#3892),.UNSPECIFIED.,.F.,.F.,(4,1,1,1,1,1,1,1,1,1,
4),(0.E0,1.E-1,2.E-1,3.E-1,4.E-1,5.E-1,6.E-1,7.E-1,8.E-1,9.E-1,1.E0),
.UNSPECIFIED.);
#3898=CIRCLE('',#3897,6.5E0);
#3903=CIRCLE('',#3902,6.5E0);
#3908=CIRCLE('',#3907,6.5E0);
#3924=EDGE_CURVE('',#3918,#3912,#3898,.T.);
#3926=EDGE_CURVE('',#3912,#3911,#3903,.T.);
#3928=EDGE_CURVE('',#3911,#3918,#3908,.T.);
#3938=EDGE_CURVE('',#3916,#3915,#3851,.T.);
#3940=EDGE_CURVE('',#3915,#3916,#3865,.T.);
#3950=EDGE_CURVE('',#3913,#3914,#3879,.T.);
#3952=EDGE_CURVE('',#3914,#3913,#3893,.T.);
#3957=OPEN_SHELL('',(#3932,#3944,#3956));
#3958=SHELL_BASED_SURFACE_MODEL('',(#3076,#3836,#3957));
#3959=(LENGTH_UNIT()NAMED_UNIT(*)SI_UNIT(.MILLI.,.METRE.));
#3961=(NAMED_UNIT(*)PLANE_ANGLE_UNIT()SI_UNIT($,.RADIAN.));
#3964=(NAMED_UNIT(*)SI_UNIT($,.STERADIAN.)SOLID_ANGLE_UNIT());
#3970=AXIS2_PLACEMENT_3D('',#3967,#3968,#3969);
#3971=MANIFOLD_SURFACE_SHAPE_REPRESENTATION('',(#3970,#3958),#3966);
#3976=PRODUCT_DEFINITION('design','',#3975,#3972);
#3977=PRODUCT_DEFINITION_SHAPE('','SHAPE FOR DAMPER_SHAFT.',#3976);
#3978=SHAPE_DEFINITION_REPRESENTATION(#3977,#3971);
#3979=NEXT_ASSEMBLY_USAGE_OCCURRENCE('2','Next assembly relationship',
'DAMPER_SHAFT',#4003,#3976,$);
#3980=PRODUCT_DEFINITION_SHAPE('Placement #2',
'Placement of DAMPER_SHAFT with respect to SHOCK_ABSORBER_ASM',#3979);
#3988=(LENGTH_UNIT()NAMED_UNIT(*)SI_UNIT(.MILLI.,.METRE.));
#3990=(NAMED_UNIT(*)PLANE_ANGLE_UNIT()SI_UNIT($,.RADIAN.));
#3993=(NAMED_UNIT(*)SI_UNIT($,.STERADIAN.)SOLID_ANGLE_UNIT());
#3999=AXIS2_PLACEMENT_3D('',#3996,#3997,#3998);
#4003=PRODUCT_DEFINITION('design','',#4002,#3972);
ENDSEC;
END-ISO-10303-21;
