ISO-10303-21;
HEADER;
FILE_DESCRIPTION (( 'STEP AP214' ),
    '1' );
FILE_NAME ('Shock Absorber.STEP',
    '2020-03-28T21:33:25',
    ( '' ),
    ( '' ),
    'SwSTEP 2.0',
    'SolidWorks 2020',
    '' );
FILE_SCHEMA (( 'AUTOMOTIVE_DESIGN' ));
ENDSEC;

DATA;
#1 = DIRECTION ( 'NONE',  ( 1.000000000000000000, 2.040851148208007998E-16, 0.0000000000000000000 ) ) ;
#2 = ADVANCED_FACE ( 'NONE', ( #3107 ), #5133, .F. ) ;
#3 = DIRECTION ( 'NONE',  ( -0.8660254037844432595, 0.0000000000000000000, 0.4999999999999920064 ) ) ;
#4 = ORIENTED_EDGE ( 'NONE', *, *, #721, .F. ) ;
#5 = CARTESIAN_POINT ( 'NONE',  ( 21.43895035093610346, 44.23970238671477517, 15.57630918575054046 ) ) ;
#6 = CARTESIAN_POINT ( 'NONE',  ( 0.8873218772165851753, -1.202820474924078287, -25.98513697222109187 ) ) ;
#7 = CARTESIAN_POINT ( 'NONE',  ( 12.30089172663605623, -2.340498917533699874, -4.199999999999999289 ) ) ;
#8 = CARTESIAN_POINT ( 'NONE',  ( 21.59860002724760619, 1.998002690041430274, 14.47431403682655038 ) ) ;
#9 = VECTOR ( 'NONE', #1148, 1000.000000000000000 ) ;
#10 = ADVANCED_FACE ( 'NONE', ( #2108 ), #1610, .F. ) ;
#11 = CARTESIAN_POINT ( 'NONE',  ( 8.188950350936110567, 41.76966518505413006, -25.20299768182156797 ) ) ;
#12 = CARTESIAN_POINT ( 'NONE',  ( 8.000000000000000000, 0.0000000000000000000, -4.750000000000000888 ) ) ;
#13 = CARTESIAN_POINT ( 'NONE',  ( -23.33941200930445703, -1.991997481464663489, 11.45783086732120104 ) ) ;
#14 = VERTEX_POINT ( 'NONE', #4830 ) ;
#15 = UNCERTAINTY_MEASURE_WITH_UNIT (LENGTH_MEASURE( 1.000000000000000082E-05 ), #2548, 'distance_accuracy_value', 'NONE');
#16 = CARTESIAN_POINT ( 'NONE',  ( -11.43362879187304770, 78.96785591202161925, -15.73703995451274196 ) ) ;
#17 = DIRECTION ( 'NONE',  ( 0.0000000000000000000, 0.0000000000000000000, -1.000000000000000000 ) ) ;
#18 = CARTESIAN_POINT ( 'NONE',  ( -24.03600538078072191, 92.16604663898941396, -10.70869420618302925 ) ) ;
#19 = AXIS2_PLACEMENT_3D ( 'NONE', #4487, #3991, #899 ) ;
#20 = DIRECTION ( 'NONE',  ( 0.0000000000000000000, -1.000000000000000000, 1.748414716487482370E-16 ) ) ;
#21 = CARTESIAN_POINT ( 'NONE',  ( -15.23547200884741315, -13.33158208410775458, -4.199999999999996625 ) ) ;
#22 = DIRECTION ( 'NONE',  ( -0.8660254037844362651, 0.0000000000000000000, -0.5000000000000039968 ) ) ;
#23 = CLOSED_SHELL ( 'NONE', ( #4138, #2347, #5566, #4950, #4743, #1087, #4014, #5240, #1212, #1485, #6273, #175, #596, #2392, #4542, #2965, #3316, #875, #262, #5935, #2014, #1132, #1013, #5601, #877, #3381, #3043 ) ) ;
#24 = CARTESIAN_POINT ( 'NONE',  ( 5.118487643167557865E-15, 95.55774430703965550, -27.86374894231408206 ) ) ;
#25 = VECTOR ( 'NONE', #5255, 1000.000000000000114 ) ;
#26 = ORIENTED_EDGE ( 'NONE', *, *, #2182, .F. ) ;
#27 = ORIENTED_EDGE ( 'NONE', *, *, #2058, .F. ) ;
#28 = EDGE_LOOP ( 'NONE', ( #3867, #3393 ) ) ;
#29 = MECHANICAL_DESIGN_GEOMETRIC_PRESENTATION_REPRESENTATION (  '', ( #3657 ), #1644 ) ;
#30 = AXIS2_PLACEMENT_3D ( 'NONE', #6548, #991, #3023 ) ;
#31 = DIRECTION ( 'NONE',  ( -0.0000000000000000000, 0.0000000000000000000, -1.000000000000000000 ) ) ;
#32 = CARTESIAN_POINT ( 'NONE',  ( -17.74999999999999645, -25.30000000000000071, 0.0000000000000000000 ) ) ;
#33 = CIRCLE ( 'NONE', #4507, 11.62444386751201897 ) ;
#34 = LINE ( 'NONE', #2082, #6329 ) ;
#35 = CARTESIAN_POINT ( 'NONE',  ( 11.43362879187305836, 22.41479539086640926, -15.73703995451274018 ) ) ;
#36 = CIRCLE ( 'NONE', #1876, 11.23029167033340059 ) ;
#37 = CARTESIAN_POINT ( 'NONE',  ( 14.96681439593652563, 70.67291171451259402, 10.87402716741075537 ) ) ;
#38 = CARTESIAN_POINT ( 'NONE',  ( -18.49999999999999645, 0.0000000000000000000, 0.0000000000000000000 ) ) ;
#39 = CARTESIAN_POINT ( 'NONE',  ( -16.41119680763927846, 11.31991556102658159, -4.749999999999997335 ) ) ;
#40 = SURFACE_SIDE_STYLE ('',( #2618 ) ) ;
#41 = ORIENTED_EDGE ( 'NONE', *, *, #5038, .F. ) ;
#42 = CIRCLE ( 'NONE', #912, 5.499999999999986677 ) ;
#43 = CARTESIAN_POINT ( 'NONE',  ( -26.50000000000000000, 56.22128844978334428, 8.610371950172016398 ) ) ;
#44 = DIRECTION ( 'NONE',  ( 1.133932221432734415E-16, -1.000000000000000000, -0.0000000000000000000 ) ) ;
#45 = EDGE_CURVE ( 'NONE', #4771, #2659, #3121, .T. ) ;
#46 = CARTESIAN_POINT ( 'NONE',  ( -0.2621677115422619830, 4.987015573611280672, 25.99899209292150104 ) ) ;
#47 = DIRECTION ( 'NONE',  ( -0.0000000000000000000, -1.000000000000000000, -0.0000000000000000000 ) ) ;
#48 = SURFACE_SIDE_STYLE ('',( #1060 ) ) ;
#49 = CARTESIAN_POINT ( 'NONE',  ( 23.14802333289727798, 1.492166226626203462, 11.83966901652710391 ) ) ;
#50 = AXIS2_PLACEMENT_3D ( 'NONE', #6170, #5242, #2713 ) ;
#51 = CARTESIAN_POINT ( 'NONE',  ( 5.716814395936525628, 15.96317212613717018, 17.59454555146034238 ) ) ;
#52 = CARTESIAN_POINT ( 'NONE',  ( 17.21623213320666679, 14.80578987304346050, -6.489397446000450209 ) ) ;
#53 = PRESENTATION_STYLE_ASSIGNMENT (( #4492 ) ) ;
#54 = ORIENTED_EDGE ( 'NONE', *, *, #5761, .F. ) ;
#55 = CARTESIAN_POINT ( 'NONE',  ( 11.43362879187305836, 75.28121404646205406, -15.73703995451274018 ) ) ;
#56 = CARTESIAN_POINT ( 'NONE',  ( 4.229567185944098802E-15, -25.30000000000000426, 0.0000000000000000000 ) ) ;
#57 = CARTESIAN_POINT ( 'NONE',  ( -5.594154100468861301, 92.16604663898935712, -20.57843194697211686 ) ) ;
#58 = ADVANCED_FACE ( 'NONE', ( #2798 ), #4893, .T. ) ;
#59 = CARTESIAN_POINT ( 'NONE',  ( -23.10677048476791384, 1.401099923658653879, 11.92104423962731552 ) ) ;
#60 = DIRECTION ( 'NONE',  ( 0.0000000000000000000, 1.000000000000000000, 0.0000000000000000000 ) ) ;
#61 =( LENGTH_UNIT ( ) NAMED_UNIT ( * ) SI_UNIT ( .MILLI., .METRE. ) );
#62 = CARTESIAN_POINT ( 'NONE',  ( 8.188950350936110567, 49.76966518505413006, -25.20299768182156797 ) ) ;
#63 = DIRECTION ( 'NONE',  ( -1.000000000000000000, 0.0000000000000000000, 0.0000000000000000000 ) ) ;
#64 = ORIENTED_EDGE ( 'NONE', *, *, #3577, .F. ) ;
#65 = VERTEX_POINT ( 'NONE', #2834 ) ;
#66 = ADVANCED_BREP_SHAPE_REPRESENTATION ( '', ( #4333, #2408 ), #1453 ) ;
#67 = CARTESIAN_POINT ( 'NONE',  ( -17.74999999999999289, -34.09999999999999432, 2.173748068486551641E-15 ) ) ;
#68 = CARTESIAN_POINT ( 'NONE',  ( 13.72969192145108153, -7.668780691395119753, 4.199999999999997513 ) ) ;
#69 = LINE ( 'NONE', #5704, #3474 ) ;
#70 = CARTESIAN_POINT ( 'NONE',  ( -5.716814395936523852, 43.61298611783391266, -17.59454555146034238 ) ) ;
#71 = PRESENTATION_STYLE_ASSIGNMENT (( #5179 ) ) ;
#72 = CARTESIAN_POINT ( 'NONE',  ( 18.49999999999999645, 35.64981399169672471, 2.265596578422603396E-15 ) ) ;
#73 = CARTESIAN_POINT ( 'NONE',  ( -4.599209252765739109, 3.248666373169079696E-13, 21.74322280873948543 ) ) ;
#74 = FACE_OUTER_BOUND ( 'NONE', #1193, .T. ) ;
#75 = MANIFOLD_SOLID_BREP ( 'Cut-Revolve1', #4715 ) ;
#76 = DIRECTION ( 'NONE',  ( -0.0000000000000000000, 1.000000000000000000, -0.0000000000000000000 ) ) ;
#77 = CARTESIAN_POINT ( 'NONE',  ( 8.188950350936110567, 49.76966518505413006, -25.20299768182156797 ) ) ;
#78 = PLANE ( 'NONE',  #4504 ) ;
#79 = CARTESIAN_POINT ( 'NONE',  ( 0.0000000000000000000, 0.0000000000000000000, 8.000000000000000000 ) ) ;
#80 = CARTESIAN_POINT ( 'NONE',  ( 3.184081677783118585E-15, 6.000000000000000000, 26.00000000000000355 ) ) ;
#81 = CARTESIAN_POINT ( 'NONE',  ( 21.45730849866320966, 2.737824737205076353, 14.68279816336127652 ) ) ;
#82 = CARTESIAN_POINT ( 'NONE',  ( -5.716814395936527404, 50.98626984895305014, 17.59454555146033528 ) ) ;
#83 = CARTESIAN_POINT ( 'NONE',  ( 17.20050838701386553, 15.01859682976178689, -6.755475635574311966 ) ) ;
#84 = PRESENTATION_STYLE_ASSIGNMENT (( #3625 ) ) ;
#85 = EDGE_LOOP ( 'NONE', ( #1713, #2875, #4107, #3333 ) ) ;
#86 = CARTESIAN_POINT ( 'NONE',  ( -11.43362879187305481, 84.49781871036094572, 15.73703995451274018 ) ) ;
#87 = DIRECTION ( 'NONE',  ( 1.133932221432734415E-16, -1.000000000000000000, -0.0000000000000000000 ) ) ;
#88 = CARTESIAN_POINT ( 'NONE',  ( -22.43882588288695956, 92.16604663898939975, -13.53195556772303831 ) ) ;
#89 = CARTESIAN_POINT ( 'NONE',  ( -21.88229768336688252, 1.409504560139740681, 14.04196592726134085 ) ) ;
#90 = DIRECTION ( 'NONE',  ( 0.8660254037844328234, 0.0000000000000000000, 0.5000000000000101030 ) ) ;
#91 = CARTESIAN_POINT ( 'NONE',  ( -16.37790070187221403, 39.63140005476532224, 22.54224642132906098 ) ) ;
#92 = ORIENTED_EDGE ( 'NONE', *, *, #1536, .F. ) ;
#93 = ORIENTED_EDGE ( 'NONE', *, *, #1983, .F. ) ;
#94 = EDGE_CURVE ( 'NONE', #6359, #5401, #5928, .T. ) ;
#95 = ORIENTED_EDGE ( 'NONE', *, *, #6409, .F. ) ;
#96 = ADVANCED_FACE ( 'NONE', ( #1809, #3794 ), #4265, .F. ) ;
#97 = ORIENTED_EDGE ( 'NONE', *, *, #299, .F. ) ;
#98 = COLOUR_RGB ( '',1.000000000000000000, 0.0000000000000000000, 0.0000000000000000000 ) ;
#99 = EDGE_CURVE ( 'NONE', #5785, #3087, #5142, .T. ) ;
#100 = DIRECTION ( 'NONE',  ( 0.0000000000000000000, 1.364088399844866250E-16, 1.000000000000000000 ) ) ;
#101 = DIRECTION ( 'NONE',  ( 0.0000000000000000000, 0.0000000000000000000, 1.000000000000000000 ) ) ;
#102 = CARTESIAN_POINT ( 'NONE',  ( 3.573283826362257527E-15, 32.25811632364619896, -19.45205114840794280 ) ) ;
#103 =( NAMED_UNIT ( * ) SI_UNIT ( $, .STERADIAN. ) SOLID_ANGLE_UNIT ( ) );
#104 = CARTESIAN_POINT ( 'NONE',  ( 18.49999999999999289, 34.72815352530682986, 6.011014380308770555 ) ) ;
#105 = ADVANCED_FACE ( 'NONE', ( #5854 ), #1299, .F. ) ;
#106 = CARTESIAN_POINT ( 'NONE',  ( -16.51985460369277803, -2.727667598070827763E-14, 9.020146592205517067 ) ) ;
#107 = CARTESIAN_POINT ( 'NONE',  ( -16.83282483631769821, 12.58514504131137635, -5.005080119025255847 ) ) ;
#108 = CARTESIAN_POINT ( 'NONE',  ( -21.43895035093610346, 53.45630705061369525, -15.57630918575054402 ) ) ;
#109 = CARTESIAN_POINT ( 'NONE',  ( -1.936233200357320827, -2.482347826756505338, -25.92781613242154037 ) ) ;
#110 =( NAMED_UNIT ( * ) SI_UNIT ( $, .STERADIAN. ) SOLID_ANGLE_UNIT ( ) );
#111 = CARTESIAN_POINT ( 'NONE',  ( 11.43362879187305303, -1.548376735270761584, 15.73703995451274018 ) ) ;
#112 = CARTESIAN_POINT ( 'NONE',  ( 0.0000000000000000000, 3.000000000000000000, 18.00000000000000000 ) ) ;
#113 = DIRECTION ( 'NONE',  ( 0.0000000000000000000, 0.0000000000000000000, -1.000000000000000000 ) ) ;
#114 = ORIENTED_EDGE ( 'NONE', *, *, #393, .T. ) ;
#115 = CARTESIAN_POINT ( 'NONE',  ( -18.49999999999999645, 63.29962798339347785, 0.0000000000000000000 ) ) ;
#116 = CARTESIAN_POINT ( 'NONE',  ( 5.123475382979799875, 4.000000000000000000, -6.274447728276469912E-16 ) ) ;
#117 = CARTESIAN_POINT ( 'NONE',  ( -23.13287887485619621, 92.16604663898939975, -12.43225773360208386 ) ) ;
#118 = CARTESIAN_POINT ( 'NONE',  ( 2.000000000000000000, 3.261066364170328580, -25.92296279363144151 ) ) ;
#119 = CARTESIAN_POINT ( 'NONE',  ( -14.58845726811992094, 3.000000000000000444, 10.73205080756884477 ) ) ;
#120 = DIRECTION ( 'NONE',  ( 0.0000000000000000000, 0.0000000000000000000, 1.000000000000000000 ) ) ;
#121 = ITEM_DEFINED_TRANSFORMATION ( 'NONE', 'NONE', #269,  #2408 ) ;
#122 = CARTESIAN_POINT ( 'NONE',  ( 26.50000000000000000, 63.59457218090248887, 8.610371950172021727 ) ) ;
#123 = ORIENTED_EDGE ( 'NONE', *, *, #5923, .T. ) ;
#124 = ORIENTED_EDGE ( 'NONE', *, *, #3803, .F. ) ;
#125 = CIRCLE ( 'NONE', #5559, 18.84694033905140387 ) ;
#126 = EDGE_LOOP ( 'NONE', ( #4090, #5159, #54, #5290, #1901, #840, #832, #1601, #328, #2328 ) ) ;
#127 = CIRCLE ( 'NONE', #6407, 12.00000000000000000 ) ;
#128 = DIRECTION ( 'NONE',  ( 1.000000000000000000, 1.119229979353040281E-16, 0.0000000000000000000 ) ) ;
#129 = DIRECTION ( 'NONE',  ( 1.000000000000000000, 0.0000000000000000000, 0.0000000000000000000 ) ) ;
#130 = VECTOR ( 'NONE', #2558, 1000.000000000000000 ) ;
#131 = CARTESIAN_POINT ( 'NONE',  ( 5.716814395936525628, 23.96317212613716663, 17.59454555146034238 ) ) ;
#132 = EDGE_CURVE ( 'NONE', #6155, #5570, #3128, .T. ) ;
#133 =( NAMED_UNIT ( * ) SI_UNIT ( $, .STERADIAN. ) SOLID_ANGLE_UNIT ( ) );
#134 = CARTESIAN_POINT ( 'NONE',  ( -5.716814395936523852, 59.61298611783389845, -17.59454555146034238 ) ) ;
#135 = MECHANICAL_DESIGN_GEOMETRIC_PRESENTATION_REPRESENTATION (  '', ( #4294 ), #2382 ) ;
#136 = CARTESIAN_POINT ( 'NONE',  ( 0.0000000000000000000, 6.000000000000000000, 0.0000000000000000000 ) ) ;
#137 = CARTESIAN_POINT ( 'NONE',  ( -16.87806708327284966, 12.74225227551134942, -5.060451443027164764 ) ) ;
#138 = CARTESIAN_POINT ( 'NONE',  ( 16.37790070187220692, 35.31804192032488743, 22.54224642132905743 ) ) ;
#139 = CARTESIAN_POINT ( 'NONE',  ( 21.44994432064348899, -2.735666648616512653, 14.69353220438485152 ) ) ;
#140 =( GEOMETRIC_REPRESENTATION_CONTEXT ( 3 ) GLOBAL_UNCERTAINTY_ASSIGNED_CONTEXT ( ( #3563 ) ) GLOBAL_UNIT_ASSIGNED_CONTEXT ( ( #3383, #4245, #2236 ) ) REPRESENTATION_CONTEXT ( 'NONE', 'WORKASPACE' ) );
#141 = FACE_OUTER_BOUND ( 'NONE', #2971, .T. ) ;
#142 = DIRECTION ( 'NONE',  ( 1.133932221432734415E-16, -1.000000000000000000, -0.0000000000000000000 ) ) ;
#143 =( NAMED_UNIT ( * ) PLANE_ANGLE_UNIT ( ) SI_UNIT ( $, .RADIAN. ) );
#144 = DIRECTION ( 'NONE',  ( -0.0000000000000000000, 1.000000000000000000, -0.0000000000000000000 ) ) ;
#145 = B_SPLINE_CURVE_WITH_KNOTS ( 'NONE', 3,
 ( #345, #276, #5809, #1858, #5866, #1893 ),
 .UNSPECIFIED., .F., .F.,
 ( 4, 2, 4 ),
 ( 0.08447064840445357714, 0.09271590863000467309, 0.1009611688555557829 ),
 .UNSPECIFIED. ) ;
#146 = CARTESIAN_POINT ( 'NONE',  ( 11.43362879187305303, 35.31804192032488743, 15.73703995451274018 ) ) ;
#147 = AXIS2_PLACEMENT_3D ( 'NONE', #568, #1104, #2596 ) ;
#148 = VECTOR ( 'NONE', #329, 1000.000000000000000 ) ;
#149 = CARTESIAN_POINT ( 'NONE',  ( 16.74219737474138014, 12.27952122039039651, -4.905614848734766831 ) ) ;
#150 = DIRECTION ( 'NONE',  ( -0.0000000000000000000, -1.000000000000000000, -0.0000000000000000000 ) ) ;
#151 = ORIENTED_EDGE ( 'NONE', *, *, #5235, .T. ) ;
#152 = CARTESIAN_POINT ( 'NONE',  ( -18.49999999999999645, 100.1660466389891297, 0.0000000000000000000 ) ) ;
#153 = CARTESIAN_POINT ( 'NONE',  ( 21.59909009074365116, 1.996536574332693936, -14.47358189862957190 ) ) ;
#154 = CARTESIAN_POINT ( 'NONE',  ( -6.386385036815444671, 92.16604663898931449, -19.98323427793597062 ) ) ;
#155 = COLOUR_RGB ( '',1.000000000000000000, 0.0000000000000000000, 0.0000000000000000000 ) ;
#156 = CARTESIAN_POINT ( 'NONE',  ( -21.59860002724771277, -4.001997309958569282, -14.47431403682640116 ) ) ;
#157 = PRESENTATION_STYLE_ASSIGNMENT (( #5165 ) ) ;
#158 = CARTESIAN_POINT ( 'NONE',  ( -16.37790070187220692, 15.66822792862814673, -22.54224642132906098 ) ) ;
#159 = CARTESIAN_POINT ( 'NONE',  ( -26.50000000000000000, 17.51154886140792044, -8.610371950172025279 ) ) ;
#160 = VERTEX_POINT ( 'NONE', #2469 ) ;
#161 = ORIENTED_EDGE ( 'NONE', *, *, #5313, .T. ) ;
#162 = STYLED_ITEM ( 'NONE', ( #2850 ), #4950 ) ;
#163 = ORIENTED_EDGE ( 'NONE', *, *, #5246, .T. ) ;
#164 = CARTESIAN_POINT ( 'NONE',  ( -23.44994432064368439, -3.132197206375725518, 11.22943058924679427 ) ) ;
#165 = CARTESIAN_POINT ( 'NONE',  ( 6.075285034573137766E-16, 4.960846701924984892, -4.200000000000000178 ) ) ;
#166 = FACE_OUTER_BOUND ( 'NONE', #509, .T. ) ;
#167 = EDGE_CURVE ( 'NONE', #2231, #6060, #2999, .T. ) ;
#168 = SURFACE_STYLE_FILL_AREA ( #1183 ) ;
#169 = CARTESIAN_POINT ( 'NONE',  ( 8.188950350936103462, 13.52996279833934423, 25.20299768182156797 ) ) ;
#170 = CARTESIAN_POINT ( 'NONE',  ( 1.836970198721029747E-14, -150.0000000000000000, 0.0000000000000000000 ) ) ;
#171 = CARTESIAN_POINT ( 'NONE',  ( -16.74314311369890973, 15.86290172287239919, 8.546523743986323751 ) ) ;
#172 = ADVANCED_FACE ( 'NONE', ( #2032 ), #1430, .F. ) ;
#173 = CARTESIAN_POINT ( 'NONE',  ( -21.48019759438079035, -2.473058507074253232, -14.64961270582132435 ) ) ;
#174 = CARTESIAN_POINT ( 'NONE',  ( 26.50000000000001066, 39.00468378588445262, -8.610371950172012845 ) ) ;
#175 = ADVANCED_FACE ( 'NONE', ( #6554, #4557 ), #4055, .T. ) ;
#176 = CARTESIAN_POINT ( 'NONE',  ( -21.59170059022661903, 4.005593858753392134, 14.48476584624382646 ) ) ;
#177 = CARTESIAN_POINT ( 'NONE',  ( 1.897962315649964760, 2.355865121615570157, -25.93068192920268800 ) ) ;
#178 = CARTESIAN_POINT ( 'NONE',  ( 18.50000000000000000, 46.08302331949456487, 2.265596578422603396E-15 ) ) ;
#179 = DIRECTION ( 'NONE',  ( -0.0000000000000000000, -0.0000000000000000000, 1.000000000000000000 ) ) ;
#180 = CARTESIAN_POINT ( 'NONE',  ( 5.716814395936525628, -2.470037201660653103, 17.59454555146034238 ) ) ;
#181 = VERTEX_POINT ( 'NONE', #1470 ) ;
#182 = CARTESIAN_POINT ( 'NONE',  ( 26.50000000000000000, 54.08302331949455777, 3.245314017740485765E-15 ) ) ;
#183 = CARTESIAN_POINT ( 'NONE',  ( 16.74064871226156725, 15.85376961502673865, 8.538885553237324899 ) ) ;
#184 = DIRECTION ( 'NONE',  ( 0.0000000000000000000, 0.0000000000000000000, -1.000000000000000000 ) ) ;
#185 = CARTESIAN_POINT ( 'NONE',  ( 0.5179941364746266652, 4.936151355238114213, -25.99515414357554377 ) ) ;
#186 = CARTESIAN_POINT ( 'NONE',  ( -1.747182461836130241, -1.992463275468595363, 25.94142199106030588 ) ) ;
#187 = CARTESIAN_POINT ( 'NONE',  ( 8.188950350936110567, 12.90324652945847461, -25.20299768182156797 ) ) ;
#188 = CARTESIAN_POINT ( 'NONE',  ( 16.37790070187221048, 61.75125124812272048, 22.54224642132906098 ) ) ;
#189 = EDGE_LOOP ( 'NONE', ( #5629, #4969 ) ) ;
#190 = ORIENTED_EDGE ( 'NONE', *, *, #1498, .T. ) ;
#191 = CARTESIAN_POINT ( 'NONE',  ( 11.43362879187304948, 61.75125124812272048, 15.73703995451273840 ) ) ;
#192 = ORIENTED_EDGE ( 'NONE', *, *, #3040, .F. ) ;
#193 = CARTESIAN_POINT ( 'NONE',  ( -21.59909009074354813, -4.003463425667305842, 14.47358189862972644 ) ) ;
#194 = DIRECTION ( 'NONE',  ( 1.133932221432734415E-16, -1.000000000000000000, -0.0000000000000000000 ) ) ;
#195 = AXIS2_PLACEMENT_3D ( 'NONE', #3907, #5937, #4441 ) ;
#196 = FILL_AREA_STYLE_COLOUR ( '', #5701 ) ;
#197 = CARTESIAN_POINT ( 'NONE',  ( -16.37790070187220692, 23.66822792862814495, -22.54224642132905743 ) ) ;
#198 = FACE_OUTER_BOUND ( 'NONE', #2286, .T. ) ;
#199 = CYLINDRICAL_SURFACE ( 'NONE', #1429, 26.00000000000000355 ) ;
#200 = CARTESIAN_POINT ( 'NONE',  ( 0.0000000000000000000, 0.0000000000000000000, 0.0000000000000000000 ) ) ;
#201 = UNCERTAINTY_MEASURE_WITH_UNIT (LENGTH_MEASURE( 1.000000000000000082E-05 ), #271, 'distance_accuracy_value', 'NONE');
#202 = CARTESIAN_POINT ( 'NONE',  ( 8.188950350936103462, -2.470037201660651327, 25.20299768182156797 ) ) ;
#203 = CARTESIAN_POINT ( 'NONE',  ( 23.10219314106732114, -1.410044673898284584, 11.92897743032977687 ) ) ;
#204 = CARTESIAN_POINT ( 'NONE',  ( -7.347880794884120722E-16, -12.00000000000000178, 0.0000000000000000000 ) ) ;
#205 = CARTESIAN_POINT ( 'NONE',  ( 0.5194174366955254252, 1.064209669732143926, -25.99512712631050348 ) ) ;
#206 = CARTESIAN_POINT ( 'NONE',  ( 18.49999999999999645, 10.13826513028879717, -6.011014380308762561 ) ) ;
#207 = PRESENTATION_STYLE_ASSIGNMENT (( #2187 ) ) ;
#208 = CARTESIAN_POINT ( 'NONE',  ( -18.49999999999998934, 19.35486979418771369, 6.011014380308763450 ) ) ;
#209 = CARTESIAN_POINT ( 'NONE',  ( -25.98076211353319565, 3.000000000000000000, 14.99999999999993960 ) ) ;
#210 = VERTEX_POINT ( 'NONE', #6051 ) ;
#211 = CARTESIAN_POINT ( 'NONE',  ( 16.37790070187221758, 38.41479539086640216, -22.54224642132905743 ) ) ;
#212 = CARTESIAN_POINT ( 'NONE',  ( 17.05069624023300179, 15.53307166425738650, 7.614776226690874950 ) ) ;
#213 = PRODUCT ( 'spherical bearing', 'spherical bearing', '', ( #4978 ) ) ;
#214 =( NAMED_UNIT ( * ) PLANE_ANGLE_UNIT ( ) SI_UNIT ( $, .RADIAN. ) );
#215 = ADVANCED_FACE ( 'NONE', ( #1400 ), #5561, .T. ) ;
#216 = FILL_AREA_STYLE_COLOUR ( '', #3013 ) ;
#217 = DIRECTION ( 'NONE',  ( 0.0000000000000000000, 0.0000000000000000000, 1.000000000000000000 ) ) ;
#218 = DIRECTION ( 'NONE',  ( 0.8660254037844362651, 0.0000000000000000000, 0.5000000000000039968 ) ) ;
#219 = CARTESIAN_POINT ( 'NONE',  ( -8.188950350936107014, -4.313358134440433922, 25.20299768182156797 ) ) ;
#220 = DIRECTION ( 'NONE',  ( 0.0000000000000000000, 0.0000000000000000000, 1.000000000000000000 ) ) ;
#221 = VERTEX_POINT ( 'NONE', #432 ) ;
#222 =( NAMED_UNIT ( * ) SI_UNIT ( $, .STERADIAN. ) SOLID_ANGLE_UNIT ( ) );
#223 = CARTESIAN_POINT ( 'NONE',  ( -14.96681439593652740, 57.14294891617326044, 10.87402716741075359 ) ) ;
#224 = VERTEX_POINT ( 'NONE', #6585 ) ;
#225 = DIRECTION ( 'NONE',  ( -0.0000000000000000000, -0.0000000000000000000, -1.000000000000000000 ) ) ;
#226 = STYLED_ITEM ( 'NONE', ( #2352 ), #1280 ) ;
#227 = CARTESIAN_POINT ( 'NONE',  ( 15.45039322587417630, -14.31076753821011138, 4.363469356792201381 ) ) ;
#228 = B_SPLINE_CURVE_WITH_KNOTS ( 'NONE', 3,
 ( #6027, #3503, #3001, #5028 ),
 .UNSPECIFIED., .F., .F.,
 ( 4, 4 ),
 ( 0.02304641157051810080, 0.03959287584984032271 ),
 .UNSPECIFIED. ) ;
#229 = CARTESIAN_POINT ( 'NONE',  ( 18.50000000000000000, 83.87110244148009031, -6.011014380308762561 ) ) ;
#230 = UNCERTAINTY_MEASURE_WITH_UNIT (LENGTH_MEASURE( 1.000000000000000082E-05 ), #687, 'distance_accuracy_value', 'NONE');
#231 = VECTOR ( 'NONE', #3956, 1000.000000000000000 ) ;
#232 =( NAMED_UNIT ( * ) PLANE_ANGLE_UNIT ( ) SI_UNIT ( $, .RADIAN. ) );
#233 = CARTESIAN_POINT ( 'NONE',  ( 16.37790070187220692, 32.88483259252705437, 22.54224642132905743 ) ) ;
#234 = CARTESIAN_POINT ( 'NONE',  ( -20.88671295460726895, -1.833259810575999972E-15, 15.55363454328688988 ) ) ;
#235 = DIRECTION ( 'NONE',  ( 0.0000000000000000000, 0.0000000000000000000, 1.000000000000000000 ) ) ;
#236 = AXIS2_PLACEMENT_3D ( 'NONE', #3717, #5323, #2826 ) ;
#237 = CARTESIAN_POINT ( 'NONE',  ( -26.50000000000000000, 29.78807912198554320, 8.610371950172016398 ) ) ;
#238 = CARTESIAN_POINT ( 'NONE',  ( 22.25430198870008880, -1.063422543285152067, 13.44479026276168732 ) ) ;
#239 = PRESENTATION_LAYER_ASSIGNMENT (  '', '', ( #5468 ) ) ;
#240 = AXIS2_PLACEMENT_3D ( 'NONE', #1870, #3426, #4992 ) ;
#241 = CARTESIAN_POINT ( 'NONE',  ( -21.47977748589796221, 3.524206919695688445, 14.65022645404552115 ) ) ;
#242 = CARTESIAN_POINT ( 'NONE',  ( 0.0000000000000000000, 3.000000000000000000, -18.00000000000000000 ) ) ;
#243 = CARTESIAN_POINT ( 'NONE',  ( -1.191094608787419176E-15, 23.04151165974727888, 19.45205114840794280 ) ) ;
#244 = CARTESIAN_POINT ( 'NONE',  ( 1.797659251768569222, -3.886346962640100600, 25.93782855899829443 ) ) ;
#245 = CARTESIAN_POINT ( 'NONE',  ( -1.191094608787419176E-15, 70.34113964314076384, 19.45205114840793925 ) ) ;
#246 = ORIENTED_EDGE ( 'NONE', *, *, #4823, .T. ) ;
#247 = COLOUR_RGB ( '',1.000000000000000000, 0.0000000000000000000, 0.0000000000000000000 ) ;
#248 = CARTESIAN_POINT ( 'NONE',  ( 26.50000000000000000, 16.29494419750901102, 8.610371950172021727 ) ) ;
#249 = DIRECTION ( 'NONE',  ( -0.8660254037844362651, 0.0000000000000000000, -0.5000000000000039968 ) ) ;
#250 = SURFACE_STYLE_FILL_AREA ( #4387 ) ;
#251 = PRODUCT_RELATED_PRODUCT_CATEGORY ( 'part', '', ( #6395 ) ) ;
#252 = AXIS2_PLACEMENT_3D ( 'NONE', #3435, #5964, #1404 ) ;
#253 = CARTESIAN_POINT ( 'NONE',  ( 25.98076211353329867, -3.000000000000000000, -14.99999999999975664 ) ) ;
#254 = CARTESIAN_POINT ( 'NONE',  ( -21.43895035093610346, 35.02309772281586220, -15.57630918575054402 ) ) ;
#255 = AXIS2_PLACEMENT_3D ( 'NONE', #2589, #2972, #2471 ) ;
#256 = B_SPLINE_CURVE_WITH_KNOTS ( 'NONE', 3,
 ( #4924, #2397, #6022, #859, #5884, #4431, #5955, #3365, #3466, #5458, #5497, #934, #1396, #2360 ),
 .UNSPECIFIED., .F., .F.,
 ( 4, 2, 2, 2, 2, 2, 4 ),
 ( 0.006255221074826319665, 0.007037337391574168335, 0.007819453708322017874, 0.008210511866695940908, 0.008601570025069865677, 0.008992628183443790446, 0.009383686341817713480 ),
 .UNSPECIFIED. ) ;
#257 = CARTESIAN_POINT ( 'NONE',  ( 26.50000000000000000, 0.2949441975090231205, 8.610371950172021727 ) ) ;
#258 = ORIENTED_EDGE ( 'NONE', *, *, #6569, .T. ) ;
#259 = CARTESIAN_POINT ( 'NONE',  ( 23.44428457930155218, -3.263157315449826790, 11.24127121404026042 ) ) ;
#260 = CARTESIAN_POINT ( 'NONE',  ( -5.716814395936527404, 22.11985119335738403, 17.59454555146033883 ) ) ;
#261 = EDGE_LOOP ( 'NONE', ( #2109, #2077 ) ) ;
#262 = ADVANCED_FACE ( 'NONE', ( #1034 ), #903, .F. ) ;
#263 = COLOUR_RGB ( '',1.000000000000000000, 0.0000000000000000000, 0.0000000000000000000 ) ;
#264 = CARTESIAN_POINT ( 'NONE',  ( -14.96681439593652740, 20.27653026057760499, 10.87402716741075359 ) ) ;
#265 = CIRCLE ( 'NONE', #1124, 4.000000000000000000 ) ;
#266 = CARTESIAN_POINT ( 'NONE',  ( -22.25300178678906704, -4.935937599477247417, 13.44694651034989796 ) ) ;
#267 = CARTESIAN_POINT ( 'NONE',  ( -1.230316301465430584, 4.598224009332425588, -25.97153058416118299 ) ) ;
#268 = CARTESIAN_POINT ( 'NONE',  ( -11.43362879187305303, 58.06460938256314819, 15.73703995451273663 ) ) ;
#269 = AXIS2_PLACEMENT_3D ( 'NONE', #6472, #1889, #842 ) ;
#270 = AXIS2_PLACEMENT_3D ( 'NONE', #4287, #759, #323 ) ;
#271 =( LENGTH_UNIT ( ) NAMED_UNIT ( * ) SI_UNIT ( .MILLI., .METRE. ) );
#272 = CARTESIAN_POINT ( 'NONE',  ( -26.50000000000000000, 26.43320932779782240, 0.0000000000000000000 ) ) ;
#273 = CARTESIAN_POINT ( 'NONE',  ( -26.29159476481910573, -5.818730866071270378E-15, 3.258640070706616321 ) ) ;
#274 = CARTESIAN_POINT ( 'NONE',  ( -15.58845726811991561, -3.000000000000000000, 8.999999999999962697 ) ) ;
#275 = CYLINDRICAL_SURFACE ( 'NONE', #5152, 2.000000000000000000 ) ;
#276 = CARTESIAN_POINT ( 'NONE',  ( 11.22577997472862599, -1.702873245928562040, 4.750000000000000888 ) ) ;
#277 = CARTESIAN_POINT ( 'NONE',  ( 5.118487643167557865E-15, 5.824906995848370350, -27.86374894231408206 ) ) ;
#278 = CARTESIAN_POINT ( 'NONE',  ( -1.191094608787419176E-15, 4.608302331949453823, 19.45205114840794280 ) ) ;
#279 = FACE_OUTER_BOUND ( 'NONE', #1510, .T. ) ;
#280 = CARTESIAN_POINT ( 'NONE',  ( 11.43362879187304948, 6.451623264729235530, 15.73703995451273840 ) ) ;
#281 = DIRECTION ( 'NONE',  ( 0.0000000000000000000, 1.000000000000000000, -3.846707125290959924E-17 ) ) ;
#282 = CARTESIAN_POINT ( 'NONE',  ( 5.716814395936530069, 60.20287451285195601, -17.59454555146033528 ) ) ;
#283 =( NAMED_UNIT ( * ) SI_UNIT ( $, .STERADIAN. ) SOLID_ANGLE_UNIT ( ) );
#284 = ORIENTED_EDGE ( 'NONE', *, *, #299, .T. ) ;
#285 = CARTESIAN_POINT ( 'NONE',  ( 21.43895035093610346, 52.23970238671476807, 15.57630918575054046 ) ) ;
#286 = CARTESIAN_POINT ( 'NONE',  ( 22.64751431602428156, 1.000093912559427256, -12.77334009141731030 ) ) ;
#287 = DIRECTION ( 'NONE',  ( 0.0000000000000000000, -1.000000000000000000, 2.913572898174986172E-16 ) ) ;
#288 = CARTESIAN_POINT ( 'NONE',  ( -22.50000000000000000, 0.0000000000000000000, 0.0000000000000000000 ) ) ;
#289 = CARTESIAN_POINT ( 'NONE',  ( 0.0000000000000000000, 40.00000000000000711, 19.59999999999998721 ) ) ;
#290 = CARTESIAN_POINT ( 'NONE',  ( 26.50000000000001066, 28.57147445808662312, -8.610371950172012845 ) ) ;
#291 = CARTESIAN_POINT ( 'NONE',  ( 21.43895035093610346, 81.10612104231043418, 15.57630918575054046 ) ) ;
#292 = CARTESIAN_POINT ( 'NONE',  ( 0.0000000000000000000, 0.0000000000000000000, -4.000000000000000000 ) ) ;
#293 = EDGE_LOOP ( 'NONE', ( #1782, #2978, #4831, #3021 ) ) ;
#294 = FACE_OUTER_BOUND ( 'NONE', #5571, .T. ) ;
#295 = CARTESIAN_POINT ( 'NONE',  ( 11.43362879187305481, 48.84800471866423521, -15.73703995451273840 ) ) ;
#296 = ORIENTED_EDGE ( 'NONE', *, *, #1209, .F. ) ;
#297 = CARTESIAN_POINT ( 'NONE',  ( -18.49999999999998934, 0.9216604663898882999, 6.011014380308763450 ) ) ;
#298 = CARTESIAN_POINT ( 'NONE',  ( -22.45177255886775569, -5.000046762611841444, 13.11239640230786563 ) ) ;
#299 = EDGE_CURVE ( 'NONE', #2219, #3590, #5145, .T. ) ;
#300 = DIRECTION ( 'NONE',  ( -0.5000000000000044409, 0.0000000000000000000, 0.8660254037844361541 ) ) ;
#301 = ADVANCED_FACE ( 'NONE', ( #1278 ), #2807, .T. ) ;
#302 = EDGE_LOOP ( 'NONE', ( #1108, #3276 ) ) ;
#303 = FILL_AREA_STYLE_COLOUR ( '', #2169 ) ;
#304 = EDGE_CURVE ( 'NONE', #1976, #6531, #3975, .T. ) ;
#305 = CARTESIAN_POINT ( 'NONE',  ( -47.92474241349964359, -89.05057620040861366, 33.47621701760772339 ) ) ;
#306 = CARTESIAN_POINT ( 'NONE',  ( -16.37790070187221048, 47.63140005476531513, 22.54224642132905743 ) ) ;
#307 = CARTESIAN_POINT ( 'NONE',  ( -6.574006057258610980, -1.092434779252969688E-16, 22.87628905727396145 ) ) ;
#308 = CARTESIAN_POINT ( 'NONE',  ( 0.0000000000000000000, -6.000000000000000000, 0.0000000000000000000 ) ) ;
#309 = DIRECTION ( 'NONE',  ( -0.8660254037844433705, 0.0000000000000000000, 0.4999999999999920619 ) ) ;
#310 = FILL_AREA_STYLE_COLOUR ( '', #4110 ) ;
#311 = PRESENTATION_LAYER_ASSIGNMENT (  '', '', ( #5004 ) ) ;
#312 = CARTESIAN_POINT ( 'NONE',  ( 8.188950350936103462, 71.26280010953063027, 25.20299768182156797 ) ) ;
#313 = CARTESIAN_POINT ( 'NONE',  ( 0.0000000000000000000, 17.99999999999998934, 19.59999999999998721 ) ) ;
#314 = EDGE_CURVE ( 'NONE', #4499, #3204, #470, .T. ) ;
#315 = DIRECTION ( 'NONE',  ( 0.0000000000000000000, 3.846707125290959924E-17, 1.000000000000000000 ) ) ;
#316 = CARTESIAN_POINT ( 'NONE',  ( 3.573283826362257527E-15, 32.25811632364619896, -19.45205114840794280 ) ) ;
#317 = FILL_AREA_STYLE_COLOUR ( '', #4496 ) ;
#318 = CARTESIAN_POINT ( 'NONE',  ( 18.49999999999999645, 74.94944197509020967, 2.265596578422603396E-15 ) ) ;
#319 =( NAMED_UNIT ( * ) PLANE_ANGLE_UNIT ( ) SI_UNIT ( $, .RADIAN. ) );
#320 = ORIENTED_EDGE ( 'NONE', *, *, #517, .T. ) ;
#321 = CARTESIAN_POINT ( 'NONE',  ( 8.188950350936103462, 5.529962798339344232, 25.20299768182156797 ) ) ;
#322 = CARTESIAN_POINT ( 'NONE',  ( -2.000000000000000000, -2.999999999999999556, -18.00000000000000000 ) ) ;
#323 = DIRECTION ( 'NONE',  ( 1.000000000000000000, 0.0000000000000000000, 0.0000000000000000000 ) ) ;
#324 = CARTESIAN_POINT ( 'NONE',  ( -22.77189817468801536, -4.935937599477245641, -12.54819160264493227 ) ) ;
#325 = DIRECTION ( 'NONE',  ( 1.000000000000000000, 0.0000000000000000000, 0.0000000000000000000 ) ) ;
#326 = CARTESIAN_POINT ( 'NONE',  ( 21.43895035093610701, 66.35955358007217342, -15.57630918575053514 ) ) ;
#327 = CARTESIAN_POINT ( 'NONE',  ( 5.118487643167556288E-15, 87.55774430703964128, -27.86374894231407140 ) ) ;
#328 = ORIENTED_EDGE ( 'NONE', *, *, #6495, .F. ) ;
#329 = DIRECTION ( 'NONE',  ( -0.0000000000000000000, -1.000000000000000000, -0.0000000000000000000 ) ) ;
#330 = CARTESIAN_POINT ( 'NONE',  ( -11.43362879187304948, 58.06460938256315529, 15.73703995451273840 ) ) ;
#331 = ORIENTED_EDGE ( 'NONE', *, *, #3973, .T. ) ;
#332 = CARTESIAN_POINT ( 'NONE',  ( 5.716814395936530069, 12.90324652945847461, -17.59454555146033883 ) ) ;
#333 = PRODUCT_DEFINITION_SHAPE ( 'NONE', 'NONE',  #6600 ) ;
#334 = CARTESIAN_POINT ( 'NONE',  ( 0.0000000000000000000, -3.000000000000000000, -18.00000000000000000 ) ) ;
#335 = CARTESIAN_POINT ( 'NONE',  ( 15.14849602336247081, -17.72653438237839296, 7.561159189340624032 ) ) ;
#336 = ORIENTED_EDGE ( 'NONE', *, *, #1785, .F. ) ;
#337 = CARTESIAN_POINT ( 'NONE',  ( -11.43362879187305303, 76.49781871036095993, 15.73703995451273663 ) ) ;
#338 = PRODUCT_DEFINITION ( 'UNKNOWN', '', #1779, #1676 ) ;
#339 = AXIS2_PLACEMENT_3D ( 'NONE', #1973, #411, #2975 ) ;
#340 = APPLICATION_PROTOCOL_DEFINITION ( 'draft international standard', 'automotive_design', 1998, #5339 ) ;
#341 = CARTESIAN_POINT ( 'NONE',  ( -8.188950350936107014, 85.41947917675085478, 25.20299768182156797 ) ) ;
#342 = FACE_BOUND ( 'NONE', #302, .T. ) ;
#343 = DIRECTION ( 'NONE',  ( 0.0000000000000000000, 0.0000000000000000000, 1.000000000000000000 ) ) ;
#344 = CARTESIAN_POINT ( 'NONE',  ( -5.123475382979799875, 4.000000000000000000, 0.0000000000000000000 ) ) ;
#345 = CARTESIAN_POINT ( 'NONE',  ( 10.17629357874269225, -4.228539818807469430, 4.750000000000000000 ) ) ;
#346 = CIRCLE ( 'NONE', #4066, 19.59999999999998721 ) ;
#347 = CARTESIAN_POINT ( 'NONE',  ( 21.43895035093610346, 73.10612104231041997, 15.57630918575054046 ) ) ;
#348 = EDGE_CURVE ( 'NONE', #3140, #4671, #4689, .T. ) ;
#349 = CARTESIAN_POINT ( 'NONE',  ( 11.43362879187305303, 6.451623264729236418, 15.73703995451273663 ) ) ;
#350 = COLOUR_RGB ( '',1.000000000000000000, 0.0000000000000000000, 0.0000000000000000000 ) ;
#351 =( NAMED_UNIT ( * ) SI_UNIT ( $, .STERADIAN. ) SOLID_ANGLE_UNIT ( ) );
#352 = CARTESIAN_POINT ( 'NONE',  ( -18.49999999999998934, 74.65449777758118444, 6.011014380308763450 ) ) ;
#353 = CARTESIAN_POINT ( 'NONE',  ( 0.2629993731694152959, 1.013060044897955869, 25.99898613001905900 ) ) ;
#354 = AXIS2_PLACEMENT_3D ( 'NONE', #1285, #6342, #1797 ) ;
#355 = B_SPLINE_CURVE_WITH_KNOTS ( 'NONE', 3,
 ( #549, #39, #1687, #1120, #3705, #107, #137, #3156, #5738, #4216, #6238, #5182, #6108, #3212, #3615, #5248, #1554, #618, #2574, #2649, #2147, #4179, #585, #1655 ),
 .UNSPECIFIED., .F., .F.,
 ( 4, 2, 2, 2, 2, 2, 2, 2, 2, 2, 2, 4 ),
 ( 2.120784425212786508E-07, 0.001017921121760013070, 0.001526775643418757473, 0.002035630165077502093, 0.003053339208394990033, 0.003562193730053734436, 0.004071048251712477972, 0.005088757295029969381, 0.006106466338347460790, 0.006615320860006208663, 0.007124175381664958270, 0.008141884424982460955 ),
 .UNSPECIFIED. ) ;
#356 = CARTESIAN_POINT ( 'NONE',  ( -18.49999999999999289, 66.65449777758121286, 6.011014380308766114 ) ) ;
#357 = DIRECTION ( 'NONE',  ( -0.5000000000000039968, 0.0000000000000000000, 0.8660254037844363761 ) ) ;
#358 = VERTEX_POINT ( 'NONE', #530 ) ;
#359 = CARTESIAN_POINT ( 'NONE',  ( -26.50000000000000000, 80.81117684480140895, -8.610371950172023503 ) ) ;
#360 = DIRECTION ( 'NONE',  ( 0.0000000000000000000, 1.000000000000000000, 1.748414716487481876E-16 ) ) ;
#361 = CARTESIAN_POINT ( 'NONE',  ( 21.99866483951564788, -4.735289409808082439, -13.85895033126644194 ) ) ;
#362 = CIRCLE ( 'NONE', #2809, 19.59999999999998721 ) ;
#363 = CARTESIAN_POINT ( 'NONE',  ( -23.26965468351805910, -4.220048631017375484, -11.59863943030493871 ) ) ;
#364 = FACE_BOUND ( 'NONE', #626, .T. ) ;
#365 = SURFACE_STYLE_USAGE ( .BOTH. , #1427 ) ;
#366 = CARTESIAN_POINT ( 'NONE',  ( -21.43895035093611057, 12.27653026057761032, 15.57630918575053691 ) ) ;
#367 =( NAMED_UNIT ( * ) PLANE_ANGLE_UNIT ( ) SI_UNIT ( $, .RADIAN. ) );
#368 = EDGE_LOOP ( 'NONE', ( #5074, #1471 ) ) ;
#369 = CARTESIAN_POINT ( 'NONE',  ( 21.87731239353922774, -4.598900076341345233, 14.05052811941202329 ) ) ;
#370 = CARTESIAN_POINT ( 'NONE',  ( -18.49999999999999645, 26.43320932779781884, 0.0000000000000000000 ) ) ;
#371 = VERTEX_POINT ( 'NONE', #12 ) ;
#372 = CARTESIAN_POINT ( 'NONE',  ( 11.43362879187305481, 67.28121404646206827, -15.73703995451273840 ) ) ;
#373 = PRESENTATION_LAYER_ASSIGNMENT (  '', '', ( #2079 ) ) ;
#374 = FACE_OUTER_BOUND ( 'NONE', #1335, .T. ) ;
#375 = CARTESIAN_POINT ( 'NONE',  ( 14.95190809459959347, -17.86024235797798454, 8.015690869731296075 ) ) ;
#376 = VECTOR ( 'NONE', #5656, 1000.000000000000000 ) ;
#377 = TOROIDAL_SURFACE ( 'NONE', #1341, 25.80000000000000426, 0.2000000000000000111 ) ;
#378 = EDGE_LOOP ( 'NONE', ( #5506, #5799 ) ) ;
#379 = CARTESIAN_POINT ( 'NONE',  ( 11.43362879187305658, 48.84800471866424232, -15.73703995451273663 ) ) ;
#380 = STYLED_ITEM ( 'NONE', ( #71 ), #3728 ) ;
#381 = STYLED_ITEM ( 'NONE', ( #84 ), #4416 ) ;
#382 = APPLICATION_PROTOCOL_DEFINITION ( 'draft international standard', 'automotive_design', 1998, #536 ) ;
#383 = CARTESIAN_POINT ( 'NONE',  ( 3.184081677783118585E-15, 6.000000000000000000, 26.00000000000000355 ) ) ;
#384 = DIRECTION ( 'NONE',  ( 1.000000000000000000, -0.0000000000000000000, -0.0000000000000000000 ) ) ;
#385 = DIRECTION ( 'NONE',  ( 1.000000000000000000, 0.0000000000000000000, 0.0000000000000000000 ) ) ;
#386 = EDGE_CURVE ( 'NONE', #2355, #6482, #958, .T. ) ;
#387 = CIRCLE ( 'NONE', #6230, 5.123475382979800763 ) ;
#388 = CARTESIAN_POINT ( 'NONE',  ( -26.50000000000000000, 47.29962798339347785, 0.0000000000000000000 ) ) ;
#389 = CARTESIAN_POINT ( 'NONE',  ( -25.74999999999999645, -25.30000000000000782, 3.153465507804434404E-15 ) ) ;
#390 =( LENGTH_UNIT ( ) NAMED_UNIT ( * ) SI_UNIT ( .MILLI., .METRE. ) );
#391 = CARTESIAN_POINT ( 'NONE',  ( -11.43362879187304948, 58.06460938256315529, 15.73703995451273840 ) ) ;
#392 = SURFACE_STYLE_USAGE ( .BOTH. , #5948 ) ;
#393 = EDGE_CURVE ( 'NONE', #2590, #694, #1316, .T. ) ;
#394 = CARTESIAN_POINT ( 'NONE',  ( -14.96681439593652740, 57.14294891617326044, 10.87402716741075359 ) ) ;
#395 = CARTESIAN_POINT ( 'NONE',  ( 5.716814395936525628, 5.529962798339344232, 17.59454555146034238 ) ) ;
#396 = EDGE_CURVE ( 'NONE', #5234, #6220, #5878, .T. ) ;
#397 = CYLINDRICAL_SURFACE ( 'NONE', #2936, 19.59999999999998721 ) ;
#398 = ORIENTED_EDGE ( 'NONE', *, *, #4904, .T. ) ;
#399 = CARTESIAN_POINT ( 'NONE',  ( 26.50000000000000000, 72.51623264729238372, 3.245314017740485765E-15 ) ) ;
#400 = CARTESIAN_POINT ( 'NONE',  ( -1.590475138130929444, 1.780377356825910473, 25.95141004820791863 ) ) ;
#401 = FACE_OUTER_BOUND ( 'NONE', #6312, .T. ) ;
#402 = CARTESIAN_POINT ( 'NONE',  ( 0.0000000000000000000, 5.800000000000000711, 0.0000000000000000000 ) ) ;
#403 =( NAMED_UNIT ( * ) SI_UNIT ( $, .STERADIAN. ) SOLID_ANGLE_UNIT ( ) );
#404 = CARTESIAN_POINT ( 'NONE',  ( 16.37790070187221048, 80.18446057592056775, 22.54224642132906098 ) ) ;
#405 = CARTESIAN_POINT ( 'NONE',  ( -21.43895035093610346, 63.88951637841153541, -15.57630918575054224 ) ) ;
#406 = SURFACE_STYLE_USAGE ( .BOTH. , #2938 ) ;
#407 = ORIENTED_EDGE ( 'NONE', *, *, #5716, .T. ) ;
#408 = CARTESIAN_POINT ( 'NONE',  ( 21.56420637828256659, -3.887132458862021522, 14.52541005916206274 ) ) ;
#409 = CARTESIAN_POINT ( 'NONE',  ( 18.49999999999999289, 16.29494419750901102, 6.011014380308770555 ) ) ;
#410 = CARTESIAN_POINT ( 'NONE',  ( 11.43362879187304948, 43.31804192032488743, 15.73703995451273840 ) ) ;
#411 = DIRECTION ( 'NONE',  ( -0.8660254037844328234, 0.0000000000000000000, -0.5000000000000101030 ) ) ;
#412 = ORIENTED_EDGE ( 'NONE', *, *, #3285, .F. ) ;
#413 = VERTEX_POINT ( 'NONE', #5377 ) ;
#414 = DIRECTION ( 'NONE',  ( 1.000000000000000000, 0.0000000000000000000, 0.0000000000000000000 ) ) ;
#415 = CARTESIAN_POINT ( 'NONE',  ( -15.23552319331147409, -13.33177457400502597, 4.199999999999994849 ) ) ;
#416 = CARTESIAN_POINT ( 'NONE',  ( 22.44984773459986016, 4.999893901425474851, -13.11570677863553946 ) ) ;
#417 = CARTESIAN_POINT ( 'NONE',  ( -23.10184805376723460, 1.409504560139740903, -11.92964272333846942 ) ) ;
#418 = CARTESIAN_POINT ( 'NONE',  ( -1.191094608787419176E-15, -3.391697668050543513, 19.45205114840793925 ) ) ;
#419 = CARTESIAN_POINT ( 'NONE',  ( 23.44994432064375189, -2.735666648616513097, -11.22943058924662374 ) ) ;
#420 = CARTESIAN_POINT ( 'NONE',  ( 14.96681439593652563, 81.10612104231043418, 10.87402716741075537 ) ) ;
#421 = CARTESIAN_POINT ( 'NONE',  ( 14.96681439593652740, 66.35955358007217342, -10.87402716741075004 ) ) ;
#422 = DIRECTION ( 'NONE',  ( -0.4999999999999983902, 0.0000000000000000000, -0.8660254037844397068 ) ) ;
#423 = ORIENTED_EDGE ( 'NONE', *, *, #5516, .F. ) ;
#424 = CARTESIAN_POINT ( 'NONE',  ( -1.706162547722519354E-15, 67.90793031534292368, 27.86374894231408206 ) ) ;
#425 = SURFACE_STYLE_FILL_AREA ( #456 ) ;
#426 = CARTESIAN_POINT ( 'NONE',  ( 22.45177255886785161, -5.000046762611842333, -13.11239640230770753 ) ) ;
#427 =( GEOMETRIC_REPRESENTATION_CONTEXT ( 3 ) GLOBAL_UNCERTAINTY_ASSIGNED_CONTEXT ( ( #3044 ) ) GLOBAL_UNIT_ASSIGNED_CONTEXT ( ( #2345, #4373, #2980 ) ) REPRESENTATION_CONTEXT ( 'NONE', 'WORKASPACE' ) );
#428 = DIRECTION ( 'NONE',  ( 0.0000000000000000000, 0.0000000000000000000, 1.000000000000000000 ) ) ;
#429 = DIRECTION ( 'NONE',  ( 1.133932221432734415E-16, -1.000000000000000000, -0.0000000000000000000 ) ) ;
#430 = CARTESIAN_POINT ( 'NONE',  ( 5.118487643167557077E-15, 69.12453497924184376, -27.86374894231407495 ) ) ;
#431 = CARTESIAN_POINT ( 'NONE',  ( 8.188950350936103462, 71.26280010953063027, 25.20299768182156797 ) ) ;
#432 = CARTESIAN_POINT ( 'NONE',  ( -23.44994432064359913, -2.999999999999999556, -11.22943058924695414 ) ) ;
#433 = VERTEX_POINT ( 'NONE', #1920 ) ;
#434 =( LENGTH_UNIT ( ) NAMED_UNIT ( * ) SI_UNIT ( .MILLI., .METRE. ) );
#435 = CARTESIAN_POINT ( 'NONE',  ( -1.191094608787419176E-15, 12.60830233194944938, 19.45205114840793925 ) ) ;
#436 = CARTESIAN_POINT ( 'NONE',  ( 5.716814395936525628, 60.82959078173281853, 17.59454555146034238 ) ) ;
#437 = EDGE_CURVE ( 'NONE', #2140, #1734, #1750, .T. ) ;
#438 = CARTESIAN_POINT ( 'NONE',  ( 1.002054122105771938, 4.735796950572932928, 25.98091100582930224 ) ) ;
#439 = EDGE_LOOP ( 'NONE', ( #4358, #6193, #2564, #2415 ) ) ;
#440 = ORIENTED_EDGE ( 'NONE', *, *, #6570, .F. ) ;
#441 = VERTEX_POINT ( 'NONE', #1413 ) ;
#442 = PRODUCT_CONTEXT ( 'NONE', #6017, 'mechanical' ) ;
#443 = PRODUCT ( 'spring', 'spring', '', ( #442 ) ) ;
#444 = DIRECTION ( 'NONE',  ( -0.0000000000000000000, 1.000000000000000000, -0.0000000000000000000 ) ) ;
#445 = CARTESIAN_POINT ( 'NONE',  ( -1.590525749820203005, 1.780438061635885028, -25.95140700395944933 ) ) ;
#446 = CARTESIAN_POINT ( 'NONE',  ( -23.33403465333970672, 1.996536574332695713, -11.46856976789784177 ) ) ;
#447 = CARTESIAN_POINT ( 'NONE',  ( 16.37790070187221758, 77.71442337425989422, -22.54224642132905743 ) ) ;
#448 = CARTESIAN_POINT ( 'NONE',  ( 5.716814395936525628, 42.39638145393499968, 17.59454555146034238 ) ) ;
#449 = CARTESIAN_POINT ( 'NONE',  ( -18.49999999999999289, 8.921660466389885968, 6.011014380308766114 ) ) ;
#450 = CARTESIAN_POINT ( 'NONE',  ( 3.573283826362257527E-15, 32.25811632364619896, -19.45205114840794280 ) ) ;
#451 = CARTESIAN_POINT ( 'NONE',  ( -11.43362879187304948, 2.764981399169671228, 15.73703995451273840 ) ) ;
#452 = ORIENTED_EDGE ( 'NONE', *, *, #4175, .T. ) ;
#453 = VECTOR ( 'NONE', #3146, 1000.000000000000000 ) ;
#454 = VERTEX_POINT ( 'NONE', #4411 ) ;
#455 = CARTESIAN_POINT ( 'NONE',  ( -16.37790070187220692, 78.96785591202161925, -22.54224642132905743 ) ) ;
#456 = FILL_AREA_STYLE ('',( #3989 ) ) ;
#457 = CARTESIAN_POINT ( 'NONE',  ( 0.5178627580371795158, -1.063812040274283222, 25.99515687564475286 ) ) ;
#458 = AXIS2_PLACEMENT_3D ( 'NONE', #1932, #795, #1836 ) ;
#459 = DIRECTION ( 'NONE',  ( 0.0000000000000000000, 0.0000000000000000000, 1.000000000000000000 ) ) ;
#460 = FACE_OUTER_BOUND ( 'NONE', #6524, .T. ) ;
#461 = CARTESIAN_POINT ( 'NONE',  ( 16.37790070187221048, 61.75125124812271338, 22.54224642132906098 ) ) ;
#462 = CARTESIAN_POINT ( 'NONE',  ( -18.49999999999999289, -7.078339533610108703, 6.011014380308766114 ) ) ;
#463 = VERTEX_POINT ( 'NONE', #4445 ) ;
#464 = CLOSED_SHELL ( 'NONE', ( #1790, #2252, #2539, #1906, #4142, #3840 ) ) ;
#465 = FILL_AREA_STYLE_COLOUR ( '', #4302 ) ;
#466 = AXIS2_PLACEMENT_3D ( 'NONE', #5653, #3133, #4977 ) ;
#467 = CARTESIAN_POINT ( 'NONE',  ( 18.49999999999999645, 35.64981399169672471, 2.265596578422603396E-15 ) ) ;
#468 = ADVANCED_FACE ( 'NONE', ( #1450 ), #2881, .T. ) ;
#469 = CARTESIAN_POINT ( 'NONE',  ( -18.49999999999998934, 56.22128844978334428, 6.011014380308763450 ) ) ;
#470 = CIRCLE ( 'NONE', #4189, 17.75000000000000000 ) ;
#471 = DIRECTION ( 'NONE',  ( 1.776356839400250465E-15, 1.840854212694046822E-16, 1.000000000000000000 ) ) ;
#472 = PRESENTATION_LAYER_ASSIGNMENT (  '', '', ( #4294 ) ) ;
#473 = CARTESIAN_POINT ( 'NONE',  ( 21.43895035093610701, 11.05992559667869202, -15.57630918575053514 ) ) ;
#474 = ORIENTED_EDGE ( 'NONE', *, *, #3803, .T. ) ;
#475 = VERTEX_POINT ( 'NONE', #6473 ) ;
#476 = EDGE_CURVE ( 'NONE', #5569, #3818, #5253, .T. ) ;
#477 = ORIENTED_EDGE ( 'NONE', *, *, #5519, .T. ) ;
#478 = B_SPLINE_CURVE_WITH_KNOTS ( 'NONE', 3,
 ( #5710, #645, #3184, #2207, #2650, #3737 ),
 .UNSPECIFIED., .F., .F.,
 ( 4, 2, 4 ),
 ( 0.02705062881716843032, 0.03525479569604933472, 0.04345896257493024606 ),
 .UNSPECIFIED. ) ;
#479 = VECTOR ( 'NONE', #5009, 1000.000000000000000 ) ;
#480 = CARTESIAN_POINT ( 'NONE',  ( 22.77068091045530451, 4.936577456714848822, -12.55039573432404509 ) ) ;
#481 = CARTESIAN_POINT ( 'NONE',  ( -23.42205872838909642, 2.480466720194182795, -11.28750738058580616 ) ) ;
#482 = CARTESIAN_POINT ( 'NONE',  ( 18.49999999999999645, 38.08302331949455066, 2.265596578422603396E-15 ) ) ;
#483 =( GEOMETRIC_REPRESENTATION_CONTEXT ( 3 ) GLOBAL_UNCERTAINTY_ASSIGNED_CONTEXT ( ( #3769 ) ) GLOBAL_UNIT_ASSIGNED_CONTEXT ( ( #5693, #1708, #5627 ) ) REPRESENTATION_CONTEXT ( 'NONE', 'WORKASPACE' ) );
#484 = VECTOR ( 'NONE', #1725, 999.9999999999998863 ) ;
#485 = SHAPE_REPRESENTATION_RELATIONSHIP ( 'NONE' , 'NONE' ,  #2772, #2212 ) ;
#486 = CARTESIAN_POINT ( 'NONE',  ( -18.49999999999999289, 27.35486979418771014, 6.011014380308766114 ) ) ;
#487 = CARTESIAN_POINT ( 'NONE',  ( 5.716814395936525628, 42.39638145393499968, 17.59454555146034238 ) ) ;
#488 = VECTOR ( 'NONE', #1059, 1000.000000000000000 ) ;
#489 = CARTESIAN_POINT ( 'NONE',  ( -14.28269835721908443, 5.910519959953692393, -4.750000000000000000 ) ) ;
#490 = VECTOR ( 'NONE', #4911, 1000.000000000000000 ) ;
#491 = CARTESIAN_POINT ( 'NONE',  ( -23.27430174029414545, -1.771267403633040027, -11.59055321699864116 ) ) ;
#492 = ORIENTED_EDGE ( 'NONE', *, *, #3492, .T. ) ;
#493 = CARTESIAN_POINT ( 'NONE',  ( -16.37790070187221403, 39.63140005476532224, 22.54224642132906098 ) ) ;
#494 = LINE ( 'NONE', #2522, #5045 ) ;
#495 = CARTESIAN_POINT ( 'NONE',  ( 24.98076211353331644, 3.000000000000000444, -16.73205080756864049 ) ) ;
#496 =( LENGTH_UNIT ( ) NAMED_UNIT ( * ) SI_UNIT ( .MILLI., .METRE. ) );
#497 = FILL_AREA_STYLE_COLOUR ( '', #5899 ) ;
#498 = CARTESIAN_POINT ( 'NONE',  ( 16.37790070187220692, 72.18446057592055354, 22.54224642132905743 ) ) ;
#499 =( NAMED_UNIT ( * ) PLANE_ANGLE_UNIT ( ) SI_UNIT ( $, .RADIAN. ) );
#500 = UNCERTAINTY_MEASURE_WITH_UNIT (LENGTH_MEASURE( 1.000000000000000082E-05 ), #5176, 'distance_accuracy_value', 'NONE');
#501 = CARTESIAN_POINT ( 'NONE',  ( -5.716814395936523852, 78.04619544563172440, -17.59454555146034238 ) ) ;
#502 = CARTESIAN_POINT ( 'NONE',  ( 11.43362879187305481, 85.71442337425989422, -15.73703995451273840 ) ) ;
#503 = B_SPLINE_CURVE_WITH_KNOTS ( 'NONE', 3,
 ( #6254, #2161, #2699, #734, #3754, #4789, #156, #4233, #1707, #5294, #3721, #2763, #5755, #1198, #2253, #324, #2861, #1364, #4458, #1466, #2436, #2830, #363, #4353, #6420, #3926, #3428, #2896, #1907, #3896 ),
 .UNSPECIFIED., .F., .F.,
 ( 4, 2, 2, 2, 2, 2, 2, 2, 2, 2, 2, 2, 2, 2, 4 ),
 ( 4.336808689942017736E-19, 0.0003909512898071419392, 0.0007819025796142834448, 0.001172853869421426089, 0.001563805159228568841, 0.002345707738842857382, 0.003127610318457146356, 0.003518561608264292578, 0.003909512898071438800, 0.004300464187878586322, 0.004691415477685732111, 0.005082366767492877899, 0.005473318057300023687, 0.005864269347107171210, 0.006255220636914316998 ),
 .UNSPECIFIED. ) ;
#504 = CARTESIAN_POINT ( 'NONE',  ( -21.99866483951553775, 1.264710590191919337, 13.85895033126659115 ) ) ;
#505 = SURFACE_STYLE_FILL_AREA ( #2562 ) ;
#506 = CARTESIAN_POINT ( 'NONE',  ( -26.50000000000000000, 0.9216604663898887440, 8.610371950172016398 ) ) ;
#507 = ORIENTED_EDGE ( 'NONE', *, *, #314, .T. ) ;
#508 = ORIENTED_EDGE ( 'NONE', *, *, #4701, .F. ) ;
#509 = EDGE_LOOP ( 'NONE', ( #336, #477 ) ) ;
#510 = UNCERTAINTY_MEASURE_WITH_UNIT (LENGTH_MEASURE( 1.000000000000000082E-05 ), #1935, 'distance_accuracy_value', 'NONE');
#511 = EDGE_CURVE ( 'NONE', #3538, #2228, #5972, .T. ) ;
#512 = EDGE_CURVE ( 'NONE', #6399, #3358, #3231, .T. ) ;
#513 = SURFACE_STYLE_USAGE ( .BOTH. , #3078 ) ;
#514 = CARTESIAN_POINT ( 'NONE',  ( -23.23259914904075174, 1.678864843231103077, -11.67283527774035967 ) ) ;
#515 = EDGE_CURVE ( 'NONE', #5134, #4760, #5442, .T. ) ;
#516 = CARTESIAN_POINT ( 'NONE',  ( -18.49999999999999289, 46.37796751700358300, -6.011014380308773219 ) ) ;
#517 = EDGE_CURVE ( 'NONE', #3038, #1346, #4151, .T. ) ;
#518 = CARTESIAN_POINT ( 'NONE',  ( 14.96681439593652740, 74.35955358007214500, -10.87402716741075004 ) ) ;
#519 = CARTESIAN_POINT ( 'NONE',  ( 14.96681439593652740, 47.92634425227434036, -10.87402716741075004 ) ) ;
#520 = MECHANICAL_DESIGN_GEOMETRIC_PRESENTATION_REPRESENTATION (  '', ( #1499 ), #4382 ) ;
#521 = CARTESIAN_POINT ( 'NONE',  ( -12.25168877311600468, 0.8321669717757551599, -4.750000000000000888 ) ) ;
#522 = CARTESIAN_POINT ( 'NONE',  ( 23.00157936541973314, 4.735267902271488083, 12.12184710169175972 ) ) ;
#523 = EDGE_LOOP ( 'NONE', ( #1611, #706, #3008, #4442 ) ) ;
#524 = CARTESIAN_POINT ( 'NONE',  ( 16.37790070187221048, 80.18446057592053933, 22.54224642132906098 ) ) ;
#525 = CARTESIAN_POINT ( 'NONE',  ( 23.27430174029407794, -1.771267403633040027, 11.59055321699880459 ) ) ;
#526 = DIRECTION ( 'NONE',  ( 0.0000000000000000000, 1.000000000000000000, 0.0000000000000000000 ) ) ;
#527 = DIRECTION ( 'NONE',  ( 0.0000000000000000000, 0.0000000000000000000, 1.000000000000000000 ) ) ;
#528 = CARTESIAN_POINT ( 'NONE',  ( 15.58845726811978949, -3.000000000000000000, 9.000000000000181188 ) ) ;
#529 = CARTESIAN_POINT ( 'NONE',  ( 26.50000000000000000, 38.08302331949455066, 3.245314017740485765E-15 ) ) ;
#530 = CARTESIAN_POINT ( 'NONE',  ( 3.184081643530795435E-15, 1.000000000000000000, 26.00000000000000355 ) ) ;
#531 = CARTESIAN_POINT ( 'NONE',  ( -22.18681792710330214, -1.102764265014183120, 13.55580146496891736 ) ) ;
#532 = ORIENTED_EDGE ( 'NONE', *, *, #6246, .T. ) ;
#533 = CARTESIAN_POINT ( 'NONE',  ( -1.191094608787419176E-15, 67.90793031534292368, 19.45205114840793925 ) ) ;
#534 = PRESENTATION_STYLE_ASSIGNMENT (( #564 ) ) ;
#535 = CARTESIAN_POINT ( 'NONE',  ( -26.50000000000000000, 92.16604663898934291, 0.0000000000000000000 ) ) ;
#536 = APPLICATION_CONTEXT ( 'automotive_design' ) ;
#537 = CARTESIAN_POINT ( 'NONE',  ( -23.36147730076155327, 2.112867541137977589, 11.41244550646232092 ) ) ;
#538 = DIRECTION ( 'NONE',  ( 0.0000000000000000000, 1.000000000000000000, 0.0000000000000000000 ) ) ;
#539 = CARTESIAN_POINT ( 'NONE',  ( -1.706162547722519354E-15, 86.34113964314074963, 27.86374894231408206 ) ) ;
#540 = VERTEX_POINT ( 'NONE', #778 ) ;
#541 = ORIENTED_EDGE ( 'NONE', *, *, #3438, .T. ) ;
#542 = ORIENTED_EDGE ( 'NONE', *, *, #3076, .T. ) ;
#543 = DIRECTION ( 'NONE',  ( -0.8660254037844398178, 0.0000000000000000000, 0.4999999999999980016 ) ) ;
#544 = CARTESIAN_POINT ( 'NONE',  ( 1.797692579898159115, -3.886268628214834653, -25.93782619367486220 ) ) ;
#545 = CARTESIAN_POINT ( 'NONE',  ( 3.573283826362257527E-15, 24.25811632364619186, -19.45205114840793925 ) ) ;
#546 = FILL_AREA_STYLE_COLOUR ( '', #155 ) ;
#547 = CARTESIAN_POINT ( 'NONE',  ( 14.96681439593652563, 52.23970238671476807, 10.87402716741075537 ) ) ;
#548 = CARTESIAN_POINT ( 'NONE',  ( -5.125536514757701667, -2.869677577991207379E-16, 22.57891177346391132 ) ) ;
#549 = CARTESIAN_POINT ( 'NONE',  ( -16.28571998612486027, 10.99999999999995026, -4.750000000000000000 ) ) ;
#550 = EDGE_CURVE ( 'NONE', #454, #3826, #848, .T. ) ;
#551 = CARTESIAN_POINT ( 'NONE',  ( 22.38543338271162142, 4.987208380330578450, 13.22530583699646023 ) ) ;
#552 = ORIENTED_EDGE ( 'NONE', *, *, #3160, .T. ) ;
#553 = CARTESIAN_POINT ( 'NONE',  ( 16.37790070187221758, 67.28121404646206827, -22.54224642132905743 ) ) ;
#554 = FACE_OUTER_BOUND ( 'NONE', #1579, .T. ) ;
#555 = CARTESIAN_POINT ( 'NONE',  ( -3.465881193137118390E-17, 5.000000000000000000, -26.00000000000000355 ) ) ;
#556 = CARTESIAN_POINT ( 'NONE',  ( -1.797485074629098678, -2.113301937866489233, -25.93784066722928827 ) ) ;
#557 = DIRECTION ( 'NONE',  ( -0.0000000000000000000, 1.000000000000000000, -0.0000000000000000000 ) ) ;
#558 = VECTOR ( 'NONE', #4643, 1000.000000000000114 ) ;
#559 = CARTESIAN_POINT ( 'NONE',  ( -18.49999999999999289, 29.78807912198554320, 6.011014380308766114 ) ) ;
#560 = CARTESIAN_POINT ( 'NONE',  ( 0.0000000000000000000, -0.2000000000000065892, 0.0000000000000000000 ) ) ;
#561 = CARTESIAN_POINT ( 'NONE',  ( -22.38403152641781091, -1.013152636482919755, 13.22767837682753544 ) ) ;
#562 = ORIENTED_EDGE ( 'NONE', *, *, #3285, .T. ) ;
#563 = CARTESIAN_POINT ( 'NONE',  ( 18.49999999999999645, 54.08302331949455777, 2.265596578422603396E-15 ) ) ;
#564 = SURFACE_STYLE_USAGE ( .BOTH. , #2069 ) ;
#565 = CARTESIAN_POINT ( 'NONE',  ( -11.05610178893434536, 92.16604663898885974, -16.32294581958359458 ) ) ;
#566 = AXIS2_PLACEMENT_3D ( 'NONE', #4497, #2907, #4003 ) ;
#567 = CARTESIAN_POINT ( 'NONE',  ( 14.58845726811999377, 3.000000000000000444, -10.73205080756873819 ) ) ;
#568 = CARTESIAN_POINT ( 'NONE',  ( -25.00000000000000000, 15.99999999999998579, -9.750000000000035527 ) ) ;
#569 = LINE ( 'NONE', #2597, #1714 ) ;
#570 = CONTEXT_DEPENDENT_SHAPE_REPRESENTATION ( #5669, #4372 ) ;
#571 = CARTESIAN_POINT ( 'NONE',  ( 26.50000000000000000, 90.02778150870031482, 8.610371950172021727 ) ) ;
#572 = CONICAL_SURFACE ( 'NONE', #1749, 17.00000000000000355, 1.161086959060831481 ) ;
#573 = CARTESIAN_POINT ( 'NONE',  ( 0.0000000000000000000, -3.000000000000000000, 30.00000000000000000 ) ) ;
#574 = EDGE_LOOP ( 'NONE', ( #3863, #6164 ) ) ;
#575 = VERTEX_POINT ( 'NONE', #2916 ) ;
#576 = CONICAL_SURFACE ( 'NONE', #3233, 19.59999999999998721, 0.3601112164665004056 ) ;
#577 = CARTESIAN_POINT ( 'NONE',  ( -25.98076211353308906, -3.000000000000000000, -15.00000000000012079 ) ) ;
#578 = CARTESIAN_POINT ( 'NONE',  ( 0.0000000000000000000, 45.99999999999998579, 0.0000000000000000000 ) ) ;
#579 = AXIS2_PLACEMENT_3D ( 'NONE', #2815, #5343, #235 ) ;
#580 = CARTESIAN_POINT ( 'NONE',  ( 1.735047821192582607, -4.003284524147704637, -25.94214472481206712 ) ) ;
#581 = CARTESIAN_POINT ( 'NONE',  ( 14.96681439593652563, 17.80649305891695278, 10.87402716741075537 ) ) ;
#582 = AXIS2_PLACEMENT_3D ( 'NONE', #1459, #891, #1927 ) ;
#583 = CARTESIAN_POINT ( 'NONE',  ( -14.96681439593652740, 83.57615824397107929, 10.87402716741075359 ) ) ;
#584 = CARTESIAN_POINT ( 'NONE',  ( -17.84307198777528924, 9.273335201697673836E-16, 5.249020082434496359 ) ) ;
#585 = CARTESIAN_POINT ( 'NONE',  ( -16.30704386420401164, 15.99999999999999289, -9.455470767228073115 ) ) ;
#586 = AXIS2_PLACEMENT_3D ( 'NONE', #2582, #47, #6178 ) ;
#587 = CIRCLE ( 'NONE', #807, 11.62444386751201897 ) ;
#588 = CARTESIAN_POINT ( 'NONE',  ( 26.50000000000000000, 26.72815352530683697, 8.610371950172021727 ) ) ;
#589 = FACE_OUTER_BOUND ( 'NONE', #3097, .T. ) ;
#590 = ADVANCED_FACE ( 'NONE', ( #3912 ), #4340, .F. ) ;
#591 = CARTESIAN_POINT ( 'NONE',  ( -0.5176522399939469388, 4.936233187707080639, 25.99516027869800894 ) ) ;
#592 = CARTESIAN_POINT ( 'NONE',  ( 1.999999999999999556, -2.738933635829670976, -25.92296279363143796 ) ) ;
#593 = CARTESIAN_POINT ( 'NONE',  ( 0.0000000000000000000, 0.0000000000000000000, 0.0000000000000000000 ) ) ;
#594 = CARTESIAN_POINT ( 'NONE',  ( 21.87731239353922774, 1.401099923658652768, 14.05052811941203039 ) ) ;
#595 = PRESENTATION_LAYER_ASSIGNMENT (  '', '', ( #4851 ) ) ;
#596 = ADVANCED_FACE ( 'NONE', ( #1380 ), #4473, .T. ) ;
#597 = CARTESIAN_POINT ( 'NONE',  ( -18.49999999999999645, 47.29962798339347785, 0.0000000000000000000 ) ) ;
#598 = DIRECTION ( 'NONE',  ( -0.0000000000000000000, -1.000000000000000000, -0.0000000000000000000 ) ) ;
#599 = ORIENTED_EDGE ( 'NONE', *, *, #99, .T. ) ;
#600 = CARTESIAN_POINT ( 'NONE',  ( -5.716814395936523852, 41.17977679003607960, -17.59454555146034238 ) ) ;
#601 = CARTESIAN_POINT ( 'NONE',  ( 0.0000000000000000000, 0.2000000000000065892, 0.0000000000000000000 ) ) ;
#602 = PRODUCT_DEFINITION_FORMATION_WITH_SPECIFIED_SOURCE ( 'ANY', '', #213, .NOT_KNOWN. ) ;
#603 = CARTESIAN_POINT ( 'NONE',  ( -4.876469183405038876, 92.16604663898932870, -21.26086001900155509 ) ) ;
#604 = VECTOR ( 'NONE', #5021, 1000.000000000000114 ) ;
#605 = CARTESIAN_POINT ( 'NONE',  ( 0.0000000000000000000, 6.000000000000000000, 0.0000000000000000000 ) ) ;
#606 = CARTESIAN_POINT ( 'NONE',  ( -15.64891194039291733, -16.11033858634892013, -5.281484646336650712 ) ) ;
#607 = FILL_AREA_STYLE_COLOUR ( '', #98 ) ;
#608 = CARTESIAN_POINT ( 'NONE',  ( -21.43895035093610701, 38.70973958837543449, 15.57630918575053869 ) ) ;
#609 = VERTEX_POINT ( 'NONE', #2806 ) ;
#610 = ORIENTED_EDGE ( 'NONE', *, *, #6500, .T. ) ;
#611 = ORIENTED_EDGE ( 'NONE', *, *, #5724, .T. ) ;
#612 = ORIENTED_EDGE ( 'NONE', *, *, #6068, .T. ) ;
#613 = SURFACE_STYLE_USAGE ( .BOTH. , #5177 ) ;
#614 = CARTESIAN_POINT ( 'NONE',  ( -1.191094608787419176E-15, 23.04151165974727888, 19.45205114840794280 ) ) ;
#615 =( NAMED_UNIT ( * ) SI_UNIT ( $, .STERADIAN. ) SOLID_ANGLE_UNIT ( ) );
#616 = CARTESIAN_POINT ( 'NONE',  ( 18.49999999999999289, 71.59457218090248887, 6.011014380308770555 ) ) ;
#617 = CARTESIAN_POINT ( 'NONE',  ( 5.716814395936530069, 86.63608384064977486, -17.59454555146033883 ) ) ;
#618 = CARTESIAN_POINT ( 'NONE',  ( -16.91142960702593001, 15.71337414360732687, -8.073371239295003221 ) ) ;
#619 = CARTESIAN_POINT ( 'NONE',  ( -1.706162547722518960E-15, 41.47472098754509062, 27.86374894231407140 ) ) ;
#620 = CARTESIAN_POINT ( 'NONE',  ( 21.99987929365668649, -1.263375517560415107, 13.85702502551582072 ) ) ;
#621 = LINE ( 'NONE', #3710, #25 ) ;
#622 = CARTESIAN_POINT ( 'NONE',  ( 0.0000000000000000000, -4.228539818807469430, 0.0000000000000000000 ) ) ;
#623 = DIRECTION ( 'NONE',  ( 0.0000000000000000000, -3.846707125290959924E-17, 1.000000000000000000 ) ) ;
#624 = CARTESIAN_POINT ( 'NONE',  ( -18.49999999999999289, 9.511548861407931099, -6.011014380308773219 ) ) ;
#625 = DIRECTION ( 'NONE',  ( 0.0000000000000000000, 0.0000000000000000000, -1.000000000000000000 ) ) ;
#626 = EDGE_LOOP ( 'NONE', ( #6123, #6381 ) ) ;
#627 = CARTESIAN_POINT ( 'NONE',  ( 5.716814395936525628, 50.39638145393499258, 17.59454555146034238 ) ) ;
#628 = DIRECTION ( 'NONE',  ( 0.0000000000000000000, 0.0000000000000000000, 1.000000000000000000 ) ) ;
#629 = CARTESIAN_POINT ( 'NONE',  ( -7.095011015595244608, 92.16604663898905869, -22.88933368665779255 ) ) ;
#630 = CARTESIAN_POINT ( 'NONE',  ( -15.59732505557376037, -15.25685840976726659, -4.725642026569318865 ) ) ;
#631 = DIRECTION ( 'NONE',  ( 1.133932221432734415E-16, -1.000000000000000000, -0.0000000000000000000 ) ) ;
#632 = CARTESIAN_POINT ( 'NONE',  ( 26.50000000000000711, 65.43789311368229278, -8.610371950172012845 ) ) ;
#633 = ORIENTED_EDGE ( 'NONE', *, *, #2672, .T. ) ;
#634 = ORIENTED_EDGE ( 'NONE', *, *, #5205, .T. ) ;
#635 = EDGE_CURVE ( 'NONE', #4587, #413, #1068, .T. ) ;
#636 = ORIENTED_EDGE ( 'NONE', *, *, #2540, .T. ) ;
#637 = CIRCLE ( 'NONE', #4360, 18.84694033905140387 ) ;
#638 = CARTESIAN_POINT ( 'NONE',  ( -2.000000000000000000, -2.999999999999999556, -25.92296279363143796 ) ) ;
#639 =( GEOMETRIC_REPRESENTATION_CONTEXT ( 3 ) GLOBAL_UNCERTAINTY_ASSIGNED_CONTEXT ( ( #4568 ) ) GLOBAL_UNIT_ASSIGNED_CONTEXT ( ( #5558, #2525, #5587 ) ) REPRESENTATION_CONTEXT ( 'NONE', 'WORKASPACE' ) );
#640 = CARTESIAN_POINT ( 'NONE',  ( 1.986939966524529755, -3.262999272860868327, -25.92397978000787262 ) ) ;
#641 = CARTESIAN_POINT ( 'NONE',  ( -11.43362879187304948, 15.66822792862814673, -15.73703995451274196 ) ) ;
#642 = CARTESIAN_POINT ( 'NONE',  ( 18.50000000000000355, 36.57147445808661956, -6.011014380308763450 ) ) ;
#643 = CARTESIAN_POINT ( 'NONE',  ( -5.002731694357465564, -3.878782934482562815E-16, 21.11758806058784543 ) ) ;
#644 = CARTESIAN_POINT ( 'NONE',  ( -17.11552074843572413, 15.38797120952384390, 7.328842154319457514 ) ) ;
#645 = CARTESIAN_POINT ( 'NONE',  ( 15.28716890072260703, 8.454095291507737642, -4.749999999999999112 ) ) ;
#646 = CARTESIAN_POINT ( 'NONE',  ( -1.706162547722519354E-15, 33.47472098754511194, 27.86374894231408206 ) ) ;
#647 = CARTESIAN_POINT ( 'NONE',  ( 21.67486439998341652, -1.771267403633040693, -14.36085995393968417 ) ) ;
#648 = CARTESIAN_POINT ( 'NONE',  ( -22.25287524160744468, 4.935842396608669524, 13.44715159793745585 ) ) ;
#649 = DIRECTION ( 'NONE',  ( 0.8660254037844328234, 0.0000000000000000000, 0.5000000000000101030 ) ) ;
#650 = DIRECTION ( 'NONE',  ( -0.0000000000000000000, 1.000000000000000000, -0.0000000000000000000 ) ) ;
#651 = CARTESIAN_POINT ( 'NONE',  ( -11.43362879187304770, 44.53464658422380040, -15.73703995451274196 ) ) ;
#652 = CARTESIAN_POINT ( 'NONE',  ( 17.20151684258481239, 14.32943052848812293, -6.004274712571696426 ) ) ;
#653 = ORIENTED_EDGE ( 'NONE', *, *, #6284, .F. ) ;
#654 = CARTESIAN_POINT ( 'NONE',  ( 5.118487643167557865E-15, 58.69132565144401070, -27.86374894231408206 ) ) ;
#655 = CARTESIAN_POINT ( 'NONE',  ( -18.49999999999999645, 0.0000000000000000000, 0.0000000000000000000 ) ) ;
#656 = CARTESIAN_POINT ( 'NONE',  ( -21.25389327068388212, 92.16604663898941396, -15.10431990246082279 ) ) ;
#657 = CIRCLE ( 'NONE', #2683, 16.99999999999998579 ) ;
#658 = CARTESIAN_POINT ( 'NONE',  ( 0.0000000000000000000, 0.0000000000000000000, -4.000000000000000000 ) ) ;
#659 = FILL_AREA_STYLE_COLOUR ( '', #263 ) ;
#660 = DIRECTION ( 'NONE',  ( 0.0000000000000000000, 0.0000000000000000000, 1.000000000000000000 ) ) ;
#661 = PRODUCT_DEFINITION_CONTEXT ( 'detailed design', #2021, 'design' ) ;
#662 = CARTESIAN_POINT ( 'NONE',  ( 16.37790070187221048, 24.88483259252705437, 22.54224642132906098 ) ) ;
#663 = EDGE_LOOP ( 'NONE', ( #2976, #284 ) ) ;
#664 = ORIENTED_EDGE ( 'NONE', *, *, #6167, .F. ) ;
#665 = EDGE_CURVE ( 'NONE', #3635, #5759, #3378, .T. ) ;
#666 = CIRCLE ( 'NONE', #3220, 17.75000000000000000 ) ;
#667 = VERTEX_POINT ( 'NONE', #1272 ) ;
#668 = STYLED_ITEM ( 'NONE', ( #764 ), #75 ) ;
#669 = CARTESIAN_POINT ( 'NONE',  ( 2.400307726328810718E-15, 166.0000000000000000, -19.59999999999998721 ) ) ;
#670 = EDGE_CURVE ( 'NONE', #5697, #2961, #4213, .T. ) ;
#671 = FACE_OUTER_BOUND ( 'NONE', #1566, .T. ) ;
#672 = EDGE_CURVE ( 'NONE', #5355, #1929, #1604, .T. ) ;
#673 = CARTESIAN_POINT ( 'NONE',  ( 1.897962315649964760, -3.644134878384430731, -25.93068192920268800 ) ) ;
#674 = AXIS2_PLACEMENT_3D ( 'NONE', #2364, #2327, #4864 ) ;
#675 = AXIS2_PLACEMENT_3D ( 'NONE', #6455, #4652, #1995 ) ;
#676 = EDGE_CURVE ( 'NONE', #3921, #2445, #3895, .T. ) ;
#677 = CARTESIAN_POINT ( 'NONE',  ( -21.43895035093611057, 9.843320932779777266, 15.57630918575053691 ) ) ;
#678 = PRESENTATION_LAYER_ASSIGNMENT (  '', '', ( #6424 ) ) ;
#679 = CARTESIAN_POINT ( 'NONE',  ( 3.184081677783118585E-15, 0.2000000000000065892, 26.00000000000000355 ) ) ;
#680 = CARTESIAN_POINT ( 'NONE',  ( -17.04800655806485565, 15.53768520441615841, 7.624970189442154656 ) ) ;
#681 = FILL_AREA_STYLE ('',( #1590 ) ) ;
#682 = UNCERTAINTY_MEASURE_WITH_UNIT (LENGTH_MEASURE( 1.000000000000000082E-05 ), #2116, 'distance_accuracy_value', 'NONE');
#683 = CARTESIAN_POINT ( 'NONE',  ( 26.50000000000000000, 38.08302331949455066, 3.245314017740485765E-15 ) ) ;
#684 = CARTESIAN_POINT ( 'NONE',  ( 22.94784860141468386, -1.203251155002877271, 12.22337464265232754 ) ) ;
#685 = COLOUR_RGB ( '',1.000000000000000000, 0.0000000000000000000, 0.0000000000000000000 ) ;
#686 =( LENGTH_UNIT ( ) NAMED_UNIT ( * ) SI_UNIT ( .MILLI., .METRE. ) );
#687 =( LENGTH_UNIT ( ) NAMED_UNIT ( * ) SI_UNIT ( .MILLI., .METRE. ) );
#688 = CARTESIAN_POINT ( 'NONE',  ( 18.49999999999999645, 28.57147445808662312, -6.011014380308762561 ) ) ;
#689 = CARTESIAN_POINT ( 'NONE',  ( 0.0000000000000000000, 166.0000000000000000, 19.59999999999998721 ) ) ;
#690 = CARTESIAN_POINT ( 'NONE',  ( -11.43362879187304770, 7.668227928628149392, -15.73703995451274196 ) ) ;
#691 = VECTOR ( 'NONE', #735, 1000.000000000000000 ) ;
#692 = AXIS2_PLACEMENT_3D ( 'NONE', #1301, #4931, #4396 ) ;
#693 = SURFACE_STYLE_USAGE ( .BOTH. , #2191 ) ;
#694 = VERTEX_POINT ( 'NONE', #5304 ) ;
#695 = CARTESIAN_POINT ( 'NONE',  ( -16.37790070187220692, 60.53464658422380040, -22.54224642132905743 ) ) ;
#696 = CARTESIAN_POINT ( 'NONE',  ( 17.20464877157189676, 14.43993841805274592, 6.117438786742551926 ) ) ;
#697 = LINE ( 'NONE', #5789, #923 ) ;
#698 = CIRCLE ( 'NONE', #1446, 2.000000000000000000 ) ;
#699 = CIRCLE ( 'NONE', #913, 0.1999999999999987899 ) ;
#700 = DIRECTION ( 'NONE',  ( 1.000000000000000000, -0.0000000000000000000, -0.0000000000000000000 ) ) ;
#701 = CARTESIAN_POINT ( 'NONE',  ( 15.58845726811997778, 3.000000000000000000, -8.999999999999854339 ) ) ;
#702 = CARTESIAN_POINT ( 'NONE',  ( -16.37790070187221403, 2.764981399169671672, 22.54224642132906098 ) ) ;
#703 = CONTEXT_DEPENDENT_SHAPE_REPRESENTATION ( #3845, #333 ) ;
#704 = CARTESIAN_POINT ( 'NONE',  ( -26.50000000000000000, 55.29962798339347785, 0.0000000000000000000 ) ) ;
#705 = VERTEX_POINT ( 'NONE', #1887 ) ;
#706 = ORIENTED_EDGE ( 'NONE', *, *, #635, .F. ) ;
#707 = AXIS2_PLACEMENT_3D ( 'NONE', #6402, #878, #3974 ) ;
#708 = VECTOR ( 'NONE', #3648, 1000.000000000000000 ) ;
#709 = CARTESIAN_POINT ( 'NONE',  ( -1.191094608787419176E-15, 23.04151165974727888, 19.45205114840794280 ) ) ;
#710 = ORIENTED_EDGE ( 'NONE', *, *, #6409, .T. ) ;
#711 = CARTESIAN_POINT ( 'NONE',  ( 15.44873953860928850, -14.31476501865216555, -4.373036081795144803 ) ) ;
#712 = CARTESIAN_POINT ( 'NONE',  ( 14.29545382280675625, -17.99999999999998934, -9.199999999999995737 ) ) ;
#713 = ADVANCED_FACE ( 'NONE', ( #2844 ), #6469, .F. ) ;
#714 = EDGE_CURVE ( 'NONE', #4671, #6019, #1177, .T. ) ;
#715 = PRESENTATION_STYLE_ASSIGNMENT (( #2234 ) ) ;
#716 = CARTESIAN_POINT ( 'NONE',  ( -21.43895035093611057, 46.70973958837542739, 15.57630918575053691 ) ) ;
#717 = CARTESIAN_POINT ( 'NONE',  ( -19.56430993713017230, 5.580424747626493452E-15, 16.99926601136861137 ) ) ;
#718 = CARTESIAN_POINT ( 'NONE',  ( -23.27430174029414189, 4.228732596366961083, -11.59055321699863939 ) ) ;
#719 = FACE_OUTER_BOUND ( 'NONE', #3727, .T. ) ;
#720 = CARTESIAN_POINT ( 'NONE',  ( 26.50000000000000711, 83.87110244148009031, -8.610371950172012845 ) ) ;
#721 = EDGE_CURVE ( 'NONE', #4169, #1075, #3938, .T. ) ;
#722 = CARTESIAN_POINT ( 'NONE',  ( 21.44994432064378742, -2.999999999999999556, -14.69353220438439855 ) ) ;
#723 = CARTESIAN_POINT ( 'NONE',  ( -23.27358919188907649, 4.230848336789130748, 11.59198990613854363 ) ) ;
#724 = CARTESIAN_POINT ( 'NONE',  ( 1.935780609244751371, 2.480526727376796359, -25.92785011329904776 ) ) ;
#725 = CARTESIAN_POINT ( 'NONE',  ( -5.716814395936527404, 40.55306052115521709, 17.59454555146033883 ) ) ;
#726 = FACE_OUTER_BOUND ( 'NONE', #2100, .T. ) ;
#727 = CARTESIAN_POINT ( 'NONE',  ( -18.50000000000000000, 18.43320932779782240, 0.0000000000000000000 ) ) ;
#728 = PRESENTATION_STYLE_ASSIGNMENT (( #693 ) ) ;
#729 = ORIENTED_EDGE ( 'NONE', *, *, #1077, .T. ) ;
#730 =( BOUNDED_CURVE ( )  B_SPLINE_CURVE ( 2, ( #5296, #5228, #4235, #702, #5852, #4862, #4292, #1807, #2701, #736, #5757, #2765, #1200, #4730, #187, #2737, #1709, #158, #2225, #5328, #2196, #3330, #6255, #5362, #4263, #798, #2832, #5791, #4791, #4766, #4322, #290, #6288, #3723, #1774, #2796, #1741, #4826, #254, #1237, #3792, #5823, #762, #2294, #6489, #2467, #2497, #2863, #6387, #3468, #2400, #5499, #1838, #935, #3367, #1332, #2968, #6024, #4926, #5460, #6521, #2362, #4891, #4997, #5396, #3927, #1398, #461, #1908, #830, #3430, #5957, #326, #3958, #4460, #430, #3499, #4488, #3860, #4433, #6461, #3994, #1965, #6422, #5528, #1468, #1933, #404, #967, #900, #2997, #2935, #2437, #3399, #4391, #5024, #1875, #5886, #3898, #5926, #1365 ),
 .UNSPECIFIED., .F., .F. ) 
 B_SPLINE_CURVE_WITH_KNOTS ( ( 3, 2, 2, 2, 2, 2, 2, 2, 2, 2, 2, 2, 2, 2, 2, 2, 2, 2, 2, 2, 2, 2, 2, 2, 2, 2, 2, 2, 2, 2, 2, 2, 2, 2, 2, 2, 2, 2, 2, 2, 2, 2, 2, 2, 2, 2, 2, 2, 2, 2, 3 ),
 ( 0.0000000000000000000, 0.02000000000000000042, 0.04000000000000000083, 0.05999999999999999778, 0.08000000000000000167, 0.1000000000000000056, 0.1199999999999999956, 0.1400000000000000133, 0.1600000000000000033, 0.1799999999999999933, 0.2000000000000000111, 0.2200000000000000011, 0.2399999999999999911, 0.2600000000000000089, 0.2800000000000000266, 0.2999999999999999889, 0.3200000000000000067, 0.3400000000000000244, 0.3599999999999999867, 0.3800000000000000044, 0.4000000000000000222, 0.4199999999999999845, 0.4400000000000000022, 0.4600000000000000200, 0.4799999999999999822, 0.5000000000000000000, 0.5200000000000000178, 0.5400000000000000355, 0.5600000000000000533, 0.5799999999999999600, 0.5999999999999999778, 0.6199999999999999956, 0.6400000000000000133, 0.6600000000000000311, 0.6800000000000000488, 0.6999999999999999556, 0.7199999999999999734, 0.7399999999999999911, 0.7600000000000000089, 0.7800000000000000266, 0.8000000000000000444, 0.8199999999999999512, 0.8399999999999999689, 0.8599999999999999867, 0.8800000000000000044, 0.9000000000000000222, 0.9200000000000000400, 0.9399999999999999467, 0.9599999999999999645, 0.9799999999999999822, 1.000000000000000000 ),
 .UNSPECIFIED. ) 
 CURVE ( )  GEOMETRIC_REPRESENTATION_ITEM ( )  RATIONAL_B_SPLINE_CURVE ( ( 1.000000000000000000, 0.9510565162951535312, 1.000000000000000000, 0.9510565162951535312, 1.000000000000000000, 0.9510565162951535312, 1.000000000000000000, 0.9510565162951535312, 1.000000000000000000, 0.9510565162951535312, 1.000000000000000000, 0.9510565162951535312, 1.000000000000000000, 0.9510565162951535312, 1.000000000000000000, 0.9510565162951535312, 1.000000000000000000, 0.9510565162951535312, 1.000000000000000000, 0.9510565162951535312, 1.000000000000000000, 0.9510565162951535312, 1.000000000000000000, 0.9510565162951535312, 1.000000000000000000, 0.9510565162951535312, 1.000000000000000000, 0.9510565162951535312, 1.000000000000000000, 0.9510565162951535312, 1.000000000000000000, 0.9510565162951535312, 1.000000000000000000, 0.9510565162951535312, 1.000000000000000000, 0.9510565162951535312, 1.000000000000000000, 0.9510565162951535312, 1.000000000000000000, 0.9510565162951535312, 1.000000000000000000, 0.9510565162951535312, 1.000000000000000000, 0.9510565162951535312, 1.000000000000000000, 0.9510565162951535312, 1.000000000000000000, 0.9510565162951535312, 1.000000000000000000, 0.9510565162951535312, 1.000000000000000000, 0.9510565162951535312, 1.000000000000000000, 0.9510565162951535312, 1.000000000000000000, 0.9510565162951535312, 1.000000000000000000, 0.9510565162951535312, 1.000000000000000000, 0.9510565162951535312, 1.000000000000000000, 0.9510565162951535312, 1.000000000000000000, 0.9510565162951535312, 1.000000000000000000, 0.9510565162951535312, 1.000000000000000000, 0.9510565162951535312, 1.000000000000000000, 0.9510565162951535312, 1.000000000000000000, 0.9510565162951535312, 1.000000000000000000, 0.9510565162951535312, 1.000000000000000000, 0.9510565162951535312, 1.000000000000000000, 0.9510565162951535312, 1.000000000000000000, 0.9510565162951535312, 1.000000000000000000, 0.9510565162951535312, 1.000000000000000000, 0.9510565162951535312, 1.000000000000000000, 0.9510565162951535312, 1.000000000000000000, 0.9510565162951535312, 1.000000000000000000, 0.9510565162951535312, 1.000000000000000000, 0.9510565162951535312, 1.000000000000000000, 0.9510565162951535312, 1.000000000000000000, 0.9510565162951535312, 1.000000000000000000, 0.9510565162951535312, 1.000000000000000000, 0.9510565162951535312, 1.000000000000000000 ) ) 
 REPRESENTATION_ITEM ( '' )  );
#731 = CARTESIAN_POINT ( 'NONE',  ( -21.43895035093611057, 9.843320932779777266, 15.57630918575053691 ) ) ;
#732 = CARTESIAN_POINT ( 'NONE',  ( 23.42224111982625701, 2.482122412870952477, -11.28712854704552093 ) ) ;
#733 = FILL_AREA_STYLE_COLOUR ( '', #5702 ) ;
#734 = CARTESIAN_POINT ( 'NONE',  ( -21.48606061743516094, -3.517877587129047079, -14.64069154981114806 ) ) ;
#735 = DIRECTION ( 'NONE',  ( 0.0000000000000000000, 0.0000000000000000000, -1.000000000000000000 ) ) ;
#736 = CARTESIAN_POINT ( 'NONE',  ( 26.50000000000000000, 8.294944197509019901, 8.610371950172021727 ) ) ;
#737 = CARTESIAN_POINT ( 'NONE',  ( 26.50000000000000000, 46.08302331949456487, 3.245314017740485765E-15 ) ) ;
#738 = ORIENTED_EDGE ( 'NONE', *, *, #2173, .F. ) ;
#739 = SURFACE_STYLE_FILL_AREA ( #2951 ) ;
#740 = CARTESIAN_POINT ( 'NONE',  ( 18.49999999999998934, 63.59457218090248887, 6.011014380308767002 ) ) ;
#741 = ORIENTED_EDGE ( 'NONE', *, *, #5716, .F. ) ;
#742 = CARTESIAN_POINT ( 'NONE',  ( -23.00393417625769743, -4.747887204308613107, 12.11928163900975441 ) ) ;
#743 = CARTESIAN_POINT ( 'NONE',  ( 15.60973389682489909, -16.72599678232213449, 5.861532273654407099 ) ) ;
#744 = CARTESIAN_POINT ( 'NONE',  ( -1.191094608787419176E-15, 78.34113964314074963, 19.45205114840794280 ) ) ;
#745 = AXIS2_PLACEMENT_3D ( 'NONE', #5861, #4939, #5371 ) ;
#746 = CARTESIAN_POINT ( 'NONE',  ( -26.50000000000000000, 25.51154886140792755, -8.610371950172023503 ) ) ;
#747 = CARTESIAN_POINT ( 'NONE',  ( -21.44994432064358136, 3.264333351383486015, -14.69353220438469698 ) ) ;
#748 = DIRECTION ( 'NONE',  ( 0.0000000000000000000, -1.000000000000000000, 0.0000000000000000000 ) ) ;
#749 = CARTESIAN_POINT ( 'NONE',  ( -21.43895035093611057, -6.156679067220215629, 15.57630918575053691 ) ) ;
#750 = DIRECTION ( 'NONE',  ( 1.000000000000000000, 0.0000000000000000000, 0.0000000000000000000 ) ) ;
#751 =( NAMED_UNIT ( * ) PLANE_ANGLE_UNIT ( ) SI_UNIT ( $, .RADIAN. ) );
#752 = SURFACE_STYLE_USAGE ( .BOTH. , #4881 ) ;
#753 = CARTESIAN_POINT ( 'NONE',  ( -18.49999999999998934, 54.37796751700358300, -6.011014380308772331 ) ) ;
#754 = CARTESIAN_POINT ( 'NONE',  ( 2.000000000000000000, -2.999999999999999556, 25.92296279363144507 ) ) ;
#755 = CARTESIAN_POINT ( 'NONE',  ( 5.716814395936525628, 5.529962798339344232, 17.59454555146034238 ) ) ;
#756 = SURFACE_STYLE_USAGE ( .BOTH. , #3291 ) ;
#757 = EDGE_LOOP ( 'NONE', ( #3039, #5621, #5270, #5054 ) ) ;
#758 = CARTESIAN_POINT ( 'NONE',  ( -16.37790070187221048, 47.63140005476531513, 22.54224642132905743 ) ) ;
#759 = DIRECTION ( 'NONE',  ( -0.0000000000000000000, -0.0000000000000000000, 1.000000000000000000 ) ) ;
#760 = SURFACE_SIDE_STYLE ('',( #4764 ) ) ;
#761 = DIRECTION ( 'NONE',  ( -1.224646799147353207E-16, 0.0000000000000000000, -1.000000000000000000 ) ) ;
#762 = CARTESIAN_POINT ( 'NONE',  ( -21.43895035093610701, 38.70973958837543449, 15.57630918575053869 ) ) ;
#763 = CARTESIAN_POINT ( 'NONE',  ( -16.37790070187221048, -5.235018600830325219, 22.54224642132905743 ) ) ;
#764 = PRESENTATION_STYLE_ASSIGNMENT (( #4393 ) ) ;
#765 = VERTEX_POINT ( 'NONE', #2336 ) ;
#766 = CARTESIAN_POINT ( 'NONE',  ( 21.59860002724760619, -4.001997309958569282, 14.47431403682654860 ) ) ;
#767 = CARTESIAN_POINT ( 'NONE',  ( 5.716814395936525628, 23.96317212613716663, 17.59454555146034238 ) ) ;
#768 = ORIENTED_EDGE ( 'NONE', *, *, #721, .T. ) ;
#769 = CARTESIAN_POINT ( 'NONE',  ( -5.716814395936523852, 80.47940477342955035, -17.59454555146034238 ) ) ;
#770 = CARTESIAN_POINT ( 'NONE',  ( 15.50593268817197767, -14.63560189421904134, -4.472104679082872458 ) ) ;
#771 = CARTESIAN_POINT ( 'NONE',  ( -1.797485074629097790, 3.886698062133512988, -25.93784066722929893 ) ) ;
#772 = CARTESIAN_POINT ( 'NONE',  ( 18.49999999999999645, 63.59457218090248887, 6.011014380308767890 ) ) ;
#773 = UNCERTAINTY_MEASURE_WITH_UNIT (LENGTH_MEASURE( 1.000000000000000082E-05 ), #6183, 'distance_accuracy_value', 'NONE');
#774 = AXIS2_PLACEMENT_3D ( 'NONE', #5924, #6076, #3498 ) ;
#775 = SURFACE_SIDE_STYLE ('',( #168 ) ) ;
#776 = CARTESIAN_POINT ( 'NONE',  ( -16.37790070187221048, 10.76498139916966856, 22.54224642132905743 ) ) ;
#777 = CARTESIAN_POINT ( 'NONE',  ( 0.0000000000000000000, 6.000000000000000000, 0.0000000000000000000 ) ) ;
#778 = CARTESIAN_POINT ( 'NONE',  ( -8.000000000000000000, 0.0000000000000000000, 4.000000000000000000 ) ) ;
#779 = DIRECTION ( 'NONE',  ( 0.0000000000000000000, 0.0000000000000000000, -1.000000000000000000 ) ) ;
#780 = SURFACE_STYLE_FILL_AREA ( #3348 ) ;
#781 = CARTESIAN_POINT ( 'NONE',  ( 26.50000000000000000, 0.2949441975090231205, 8.610371950172021727 ) ) ;
#782 = CARTESIAN_POINT ( 'NONE',  ( 23.27358919188914399, -1.769151663210870584, -11.59198990613837132 ) ) ;
#783 = CIRCLE ( 'NONE', #1317, 17.00000000000000355 ) ;
#784 = CARTESIAN_POINT ( 'NONE',  ( 1.590239820596856424, 1.780119640617371157, -25.95142387573189424 ) ) ;
#785 = CARTESIAN_POINT ( 'NONE',  ( 18.50000000000000000, 27.64981399169673537, 2.265596578422603396E-15 ) ) ;
#786 = FILL_AREA_STYLE ('',( #317 ) ) ;
#787 = CARTESIAN_POINT ( 'NONE',  ( 11.43362879187305836, 77.71442337425988001, -15.73703995451274018 ) ) ;
#788 = EDGE_LOOP ( 'NONE', ( #1010, #1444, #1371 ) ) ;
#789 = AXIS2_PLACEMENT_3D ( 'NONE', #2119, #4150, #5213 ) ;
#790 = CARTESIAN_POINT ( 'NONE',  ( 16.37790070187220692, 51.31804192032488032, 22.54224642132905743 ) ) ;
#791 = CARTESIAN_POINT ( 'NONE',  ( 23.40549445491532410, 2.355069534406459830, -11.32189751909534792 ) ) ;
#792 = CARTESIAN_POINT ( 'NONE',  ( 0.0000000000000000000, 0.0000000000000000000, 8.000000000000000000 ) ) ;
#793 = EDGE_CURVE ( 'NONE', #1508, #2868, #5098, .T. ) ;
#794 = EDGE_CURVE ( 'NONE', #5234, #2961, #3173, .T. ) ;
#795 = DIRECTION ( 'NONE',  ( 0.0000000000000000000, 0.0000000000000000000, 1.000000000000000000 ) ) ;
#796 = STYLED_ITEM ( 'NONE', ( #1327 ), #5593 ) ;
#797 = CARTESIAN_POINT ( 'NONE',  ( 15.58845726811997778, -3.000000000000000000, -8.999999999999854339 ) ) ;
#798 = CARTESIAN_POINT ( 'NONE',  ( -1.706162547722519157E-15, 23.04151165974727888, 27.86374894231407495 ) ) ;
#799 = CARTESIAN_POINT ( 'NONE',  ( -8.188950350936101685, 6.746567462238261648, -25.20299768182156797 ) ) ;
#800 = ORIENTED_EDGE ( 'NONE', *, *, #6497, .T. ) ;
#801 = CARTESIAN_POINT ( 'NONE',  ( 23.42205872838901115, -3.519533279805818093, 11.28750738058596426 ) ) ;
#802 = ADVANCED_FACE ( 'NONE', ( #5657 ), #3632, .T. ) ;
#803 = CARTESIAN_POINT ( 'NONE',  ( 11.43362879187304948, 43.31804192032488743, 15.73703995451273840 ) ) ;
#804 = ORIENTED_EDGE ( 'NONE', *, *, #4872, .T. ) ;
#805 =( GEOMETRIC_REPRESENTATION_CONTEXT ( 3 ) GLOBAL_UNCERTAINTY_ASSIGNED_CONTEXT ( ( #1247 ) ) GLOBAL_UNIT_ASSIGNED_CONTEXT ( ( #6520, #3026, #3398 ) ) REPRESENTATION_CONTEXT ( 'NONE', 'WORKASPACE' ) );
#806 = CARTESIAN_POINT ( 'NONE',  ( -14.96681439593652740, 67.57615824397109350, 10.87402716741075359 ) ) ;
#807 = AXIS2_PLACEMENT_3D ( 'NONE', #5320, #3423, #5452 ) ;
#808 = CARTESIAN_POINT ( 'NONE',  ( -22.06093002394752389, -4.797922106088459593, 13.75972548959808783 ) ) ;
#809 = VECTOR ( 'NONE', #6302, 1000.000000000000000 ) ;
#810 = CARTESIAN_POINT ( 'NONE',  ( -1.506813942542239992, 4.321556388874443044, -25.95646415662153217 ) ) ;
#811 = SURFACE_SIDE_STYLE ('',( #3909 ) ) ;
#812 =( GEOMETRIC_REPRESENTATION_CONTEXT ( 3 ) GLOBAL_UNCERTAINTY_ASSIGNED_CONTEXT ( ( #1221 ) ) GLOBAL_UNIT_ASSIGNED_CONTEXT ( ( #5706, #1618, #6571 ) ) REPRESENTATION_CONTEXT ( 'NONE', 'WORKASPACE' ) );
#813 = DIRECTION ( 'NONE',  ( -0.3296156241214553417, 0.0000000000000000000, -0.9441152156040191201 ) ) ;
#814 = CARTESIAN_POINT ( 'NONE',  ( -26.50000000000000000, 44.86641865559565190, 0.0000000000000000000 ) ) ;
#815 = CARTESIAN_POINT ( 'NONE',  ( -7.553097424013311745, 9.572752762605226051E-15, 22.87370174153569735 ) ) ;
#816 = PRODUCT_DEFINITION_SHAPE ( 'NONE', 'NONE',  #1122 ) ;
#817 = CARTESIAN_POINT ( 'NONE',  ( -15.53175658032819939, -14.79567345821592994, 4.530498492869353022 ) ) ;
#818 = CARTESIAN_POINT ( 'NONE',  ( -23.10219314106741351, 4.589955326101716970, -11.92897743032961877 ) ) ;
#819 = CARTESIAN_POINT ( 'NONE',  ( -15.58845726811991561, -3.000000000000000000, 8.999999999999962697 ) ) ;
#820 = CARTESIAN_POINT ( 'NONE',  ( -26.50000000000000000, 64.81117684480142316, -8.610371950172023503 ) ) ;
#821 = CARTESIAN_POINT ( 'NONE',  ( 5.716814395936530069, 31.33645585725630056, -17.59454555146033883 ) ) ;
#822 = CARTESIAN_POINT ( 'NONE',  ( 18.50000000000000000, 9.216604663898909422, 2.265596578422603396E-15 ) ) ;
#823 = CARTESIAN_POINT ( 'NONE',  ( 1.022960916313601904E-15, 2.978641430428003112, 0.0000000000000000000 ) ) ;
#824 = CARTESIAN_POINT ( 'NONE',  ( -18.49999999999999645, 65.73283731119130380, 0.0000000000000000000 ) ) ;
#825 = ORIENTED_EDGE ( 'NONE', *, *, #4494, .F. ) ;
#826 = CARTESIAN_POINT ( 'NONE',  ( -26.50000000000000000, 99.24438617259923490, -8.610371950172023503 ) ) ;
#827 = CARTESIAN_POINT ( 'NONE',  ( -1.797179853588661391, 2.112678820304175087, 25.93786191842529121 ) ) ;
#828 = CARTESIAN_POINT ( 'NONE',  ( 16.58845726811981081, 3.000000000000000444, 7.267949192431313321 ) ) ;
#829 = DIRECTION ( 'NONE',  ( 0.5000000000000106581, 0.0000000000000000000, -0.8660254037844324904 ) ) ;
#830 = CARTESIAN_POINT ( 'NONE',  ( 26.50000000000000000, 63.59457218090248887, 8.610371950172021727 ) ) ;
#831 = CARTESIAN_POINT ( 'NONE',  ( -16.37790070187220692, 89.40106523981941677, -22.54224642132906098 ) ) ;
#832 = ORIENTED_EDGE ( 'NONE', *, *, #4823, .F. ) ;
#833 = CARTESIAN_POINT ( 'NONE',  ( 3.184081677783118585E-15, 6.000000000000000000, 26.00000000000000355 ) ) ;
#834 = CARTESIAN_POINT ( 'NONE',  ( -18.50000000000000000, 55.29962798339347785, 0.0000000000000000000 ) ) ;
#835 = VERTEX_POINT ( 'NONE', #4696 ) ;
#836 = CARTESIAN_POINT ( 'NONE',  ( -11.43362879187305481, 68.49781871036095993, 15.73703995451274018 ) ) ;
#837 = CARTESIAN_POINT ( 'NONE',  ( 2.000000000000000000, 3.000000000000000444, 25.92296279363144507 ) ) ;
#838 = CARTESIAN_POINT ( 'NONE',  ( 15.51481127656789027, -17.14170099544358195, 6.393904786764271542 ) ) ;
#839 = EDGE_CURVE ( 'NONE', #6155, #2640, #569, .T. ) ;
#840 = ORIENTED_EDGE ( 'NONE', *, *, #6089, .T. ) ;
#841 = CARTESIAN_POINT ( 'NONE',  ( 18.49999999999999645, 82.02778150870031482, 6.011014380308767890 ) ) ;
#842 = DIRECTION ( 'NONE',  ( 0.9973515635888090536, 0.0000000000000000000, -0.07273141416855483099 ) ) ;
#843 = CARTESIAN_POINT ( 'NONE',  ( 8.188950350936103462, 87.26280010953064448, 25.20299768182156797 ) ) ;
#844 = CARTESIAN_POINT ( 'NONE',  ( -11.38504544133499863, -6.032824842719097436E-16, 22.12842718142225351 ) ) ;
#845 = DIRECTION ( 'NONE',  ( -0.0000000000000000000, -1.000000000000000000, -0.0000000000000000000 ) ) ;
#846 = CARTESIAN_POINT ( 'NONE',  ( -21.88316773738535304, 4.591750972945284559, -14.04061256750190267 ) ) ;
#847 =( NAMED_UNIT ( * ) PLANE_ANGLE_UNIT ( ) SI_UNIT ( $, .RADIAN. ) );
#848 = CIRCLE ( 'NONE', #5954, 17.00000000000000000 ) ;
#849 = CARTESIAN_POINT ( 'NONE',  ( 21.43895035093611057, 58.35955358007217342, -15.57630918575053514 ) ) ;
#850 = CARTESIAN_POINT ( 'NONE',  ( 18.49999999999999645, 8.294944197509018124, 6.011014380308767890 ) ) ;
#851 = CARTESIAN_POINT ( 'NONE',  ( 18.49999999999998934, 82.02778150870030061, 6.011014380308767002 ) ) ;
#852 =( LENGTH_UNIT ( ) NAMED_UNIT ( * ) SI_UNIT ( .MILLI., .METRE. ) );
#853 = CARTESIAN_POINT ( 'NONE',  ( 11.43362879187305481, 11.98158606306858331, -15.73703995451273840 ) ) ;
#854 = CARTESIAN_POINT ( 'NONE',  ( -17.74999999999999645, -25.30000000000000782, 2.173748068486552035E-15 ) ) ;
#855 = ORIENTED_EDGE ( 'NONE', *, *, #3492, .F. ) ;
#856 = CARTESIAN_POINT ( 'NONE',  ( -16.37790070187220692, 97.40106523981944520, -22.54224642132905743 ) ) ;
#857 = CARTESIAN_POINT ( 'NONE',  ( 0.0000000000000000000, -4.296878459511326308E-16, 4.199999999999998401 ) ) ;
#858 = CARTESIAN_POINT ( 'NONE',  ( 23.42224111982625701, -3.517877587129047523, -11.28712854704552093 ) ) ;
#859 = CARTESIAN_POINT ( 'NONE',  ( -1.006060156340364165, -4.748076189253430890, -25.98164497387405447 ) ) ;
#860 = CARTESIAN_POINT ( 'NONE',  ( -25.00000000000000000, -11.54816157657958797, -4.750000000000000888 ) ) ;
#861 = FILL_AREA_STYLE ('',( #5426 ) ) ;
#862 = CARTESIAN_POINT ( 'NONE',  ( -26.50000000000000000, -7.999999999999999112, 0.0000000000000000000 ) ) ;
#863 = FILL_AREA_STYLE ('',( #5428 ) ) ;
#864 = ORIENTED_EDGE ( 'NONE', *, *, #5205, .F. ) ;
#865 = FACE_OUTER_BOUND ( 'NONE', #5631, .T. ) ;
#866 = CARTESIAN_POINT ( 'NONE',  ( -5.716814395936527404, 11.68664186555955986, 17.59454555146033528 ) ) ;
#867 = VERTEX_POINT ( 'NONE', #3665 ) ;
#868 = CARTESIAN_POINT ( 'NONE',  ( -18.49999999999998934, 91.24438617259924911, -6.011014380308772331 ) ) ;
#869 = DIRECTION ( 'NONE',  ( -0.0000000000000000000, 0.0000000000000000000, 1.000000000000000000 ) ) ;
#870 = EDGE_CURVE ( 'NONE', #4897, #1882, #6132, .T. ) ;
#871 = CARTESIAN_POINT ( 'NONE',  ( 0.0000000000000000000, 0.0000000000000000000, 0.0000000000000000000 ) ) ;
#872 = APPLICATION_CONTEXT ( 'automotive_design' ) ;
#873 = ORIENTED_EDGE ( 'NONE', *, *, #4421, .T. ) ;
#874 = CARTESIAN_POINT ( 'NONE',  ( -11.43362879187305303, 52.53464658422380040, -15.73703995451274018 ) ) ;
#875 = ADVANCED_FACE ( 'NONE', ( #6225 ), #6091, .F. ) ;
#876 = CIRCLE ( 'NONE', #5661, 5.500000000000000000 ) ;
#877 = ADVANCED_FACE ( 'NONE', ( #2038, #4593 ), #6161, .T. ) ;
#878 = DIRECTION ( 'NONE',  ( 0.0000000000000000000, 0.0000000000000000000, 1.000000000000000000 ) ) ;
#879 = CARTESIAN_POINT ( 'NONE',  ( -15.41725572937824928, -14.15311390038819006, 4.331947060726768051 ) ) ;
#880 = CARTESIAN_POINT ( 'NONE',  ( 21.59170059022671495, 4.005593858753392134, -14.48476584624367192 ) ) ;
#881 = FACE_OUTER_BOUND ( 'NONE', #1323, .T. ) ;
#882 = AXIS2_PLACEMENT_3D ( 'NONE', #79, #4024, #2995 ) ;
#883 = CARTESIAN_POINT ( 'NONE',  ( 16.37790070187221758, 40.84800471866424232, -22.54224642132905743 ) ) ;
#884 = CARTESIAN_POINT ( 'NONE',  ( 11.43362879187305303, 24.88483259252705793, 15.73703995451273663 ) ) ;
#885 = CLOSED_SHELL ( 'NONE', ( #6210, #4217, #1374, #5393, #2, #2679, #1705, #172, #6080, #4250, #6576, #3709, #3526, #1011, #301, #5804, #1898, #6458, #3582, #3767, #3446, #6367, #1328, #4336, #4095, #1865, #4466, #2141, #590, #3687, #4334, #5603, #3075, #3364, #713, #468, #3844, #6203, #2874, #4575, #4753, #6427, #1170, #1914, #3243, #802, #1048, #4501, #105, #3647, #4045, #3606 ) ) ;
#886 = DIRECTION ( 'NONE',  ( 0.0000000000000000000, -1.000000000000000000, 1.364088399844866250E-16 ) ) ;
#887 = CARTESIAN_POINT ( 'NONE',  ( -14.96681439593652740, 57.14294891617326044, 10.87402716741075359 ) ) ;
#888 = CARTESIAN_POINT ( 'NONE',  ( 1.735063166140652591, 1.996745484104403223, 25.94214364776746962 ) ) ;
#889 =( GEOMETRIC_REPRESENTATION_CONTEXT ( 3 ) GLOBAL_UNCERTAINTY_ASSIGNED_CONTEXT ( ( #5094 ) ) GLOBAL_UNIT_ASSIGNED_CONTEXT ( ( #686, #751, #4810 ) ) REPRESENTATION_CONTEXT ( 'NONE', 'WORKASPACE' ) );
#890 = CARTESIAN_POINT ( 'NONE',  ( 5.716814395936525628, 60.82959078173281853, 17.59454555146034238 ) ) ;
#891 = DIRECTION ( 'NONE',  ( 1.000000000000000000, -0.0000000000000000000, -0.0000000000000000000 ) ) ;
#892 = CARTESIAN_POINT ( 'NONE',  ( -15.14730192041213641, -12.99999999999994849, 4.199999999999996625 ) ) ;
#893 = ORIENTED_EDGE ( 'NONE', *, *, #1506, .F. ) ;
#894 = CARTESIAN_POINT ( 'NONE',  ( 26.50000000000001066, 73.43789311368225015, -8.610371950172012845 ) ) ;
#895 = CARTESIAN_POINT ( 'NONE',  ( -1.936151401393807925, 2.482006058246678748, 25.92782228142073464 ) ) ;
#896 = COLOUR_RGB ( '',1.000000000000000000, 0.0000000000000000000, 0.0000000000000000000 ) ;
#897 = CARTESIAN_POINT ( 'NONE',  ( 21.88229768336697845, -4.590495439860259097, -14.04196592726118809 ) ) ;
#898 = STYLED_ITEM ( 'NONE', ( #2275 ), #3163 ) ;
#899 = DIRECTION ( 'NONE',  ( 0.0000000000000000000, 0.0000000000000000000, -1.000000000000000000 ) ) ;
#900 = CARTESIAN_POINT ( 'NONE',  ( 26.50000000000000000, 82.02778150870031482, 8.610371950172021727 ) ) ;
#901 = CARTESIAN_POINT ( 'NONE',  ( -26.50000000000000000, 48.22128844978336559, 8.610371950172016398 ) ) ;
#902 = AXIS2_PLACEMENT_3D ( 'NONE', #2550, #557, #1596 ) ;
#903 = CYLINDRICAL_SURFACE ( 'NONE', #2915, 5.000000000000000888 ) ;
#904 = ORIENTED_EDGE ( 'NONE', *, *, #2062, .T. ) ;
#905 = FACE_OUTER_BOUND ( 'NONE', #3292, .T. ) ;
#906 = CARTESIAN_POINT ( 'NONE',  ( 5.716814395936530069, 39.33645585725629701, -17.59454555146033528 ) ) ;
#907 = DIRECTION ( 'NONE',  ( -1.224646799147353207E-16, 8.606723471377150491E-33, -1.000000000000000000 ) ) ;
#908 = CIRCLE ( 'NONE', #4625, 17.00000000000000000 ) ;
#909 = B_SPLINE_CURVE_WITH_KNOTS ( 'NONE', 3,
 ( #837, #5965, #3936, #3377, #1941, #2444, #1439, #438, #1405, #5434, #5996, #6433, #4364, #4974 ),
 .UNSPECIFIED., .F., .F.,
 ( 4, 2, 2, 2, 2, 2, 4 ),
 ( 0.006255220636914317865, 0.007037336817057916055, 0.007819452997201513378, 0.008210511087273310304, 0.008601569177345108966, 0.008992627267416907627, 0.009383685357488706288 ),
 .UNSPECIFIED. ) ;
#910 = CARTESIAN_POINT ( 'NONE',  ( 0.0000000000000000000, 0.0000000000000000000, 0.0000000000000000000 ) ) ;
#911 = EDGE_LOOP ( 'NONE', ( #5659, #2694 ) ) ;
#912 = AXIS2_PLACEMENT_3D ( 'NONE', #2967, #429, #2996 ) ;
#913 = AXIS2_PLACEMENT_3D ( 'NONE', #3748, #3852, #5877 ) ;
#914 = EDGE_LOOP ( 'NONE', ( #6095, #5492, #5983, #1843, #3273 ) ) ;
#915 =( LENGTH_UNIT ( ) NAMED_UNIT ( * ) SI_UNIT ( .MILLI., .METRE. ) );
#916 = AXIS2_PLACEMENT_3D ( 'NONE', #2755, #1318, #1798 ) ;
#917 = PRESENTATION_LAYER_ASSIGNMENT (  '', '', ( #5067 ) ) ;
#918 = DIRECTION ( 'NONE',  ( 0.0000000000000000000, -1.000000000000000000, -3.491481338843133355E-15 ) ) ;
#919 = CARTESIAN_POINT ( 'NONE',  ( 0.0000000000000000000, 166.0000000000000000, 0.0000000000000000000 ) ) ;
#920 = FILL_AREA_STYLE_COLOUR ( '', #4515 ) ;
#921 = DIRECTION ( 'NONE',  ( 0.0000000000000000000, 2.913572898174986172E-16, -1.000000000000000000 ) ) ;
#922 =( GEOMETRIC_REPRESENTATION_CONTEXT ( 3 ) GLOBAL_UNCERTAINTY_ASSIGNED_CONTEXT ( ( #5740 ) ) GLOBAL_UNIT_ASSIGNED_CONTEXT ( ( #4101, #2979, #4472 ) ) REPRESENTATION_CONTEXT ( 'NONE', 'WORKASPACE' ) );
#923 = VECTOR ( 'NONE', #184, 1000.000000000000000 ) ;
#924 = CARTESIAN_POINT ( 'NONE',  ( 26.50000000000001066, 75.87110244148010452, -8.610371950172012845 ) ) ;
#925 = DIRECTION ( 'NONE',  ( 0.8660254037844399289, 0.0000000000000000000, -0.4999999999999980571 ) ) ;
#926 =( NAMED_UNIT ( * ) PLANE_ANGLE_UNIT ( ) SI_UNIT ( $, .RADIAN. ) );
#927 = CARTESIAN_POINT ( 'NONE',  ( -5.716814395936523852, 22.74656746223825365, -17.59454555146034238 ) ) ;
#928 = CARTESIAN_POINT ( 'NONE',  ( -11.43362879187304948, 58.06460938256315529, 15.73703995451273840 ) ) ;
#929 = EDGE_CURVE ( 'NONE', #1075, #3578, #1818, .T. ) ;
#930 = FACE_OUTER_BOUND ( 'NONE', #5232, .T. ) ;
#931 = ORIENTED_EDGE ( 'NONE', *, *, #3040, .T. ) ;
#932 = CARTESIAN_POINT ( 'NONE',  ( -26.50000000000000000, 82.65449777758119865, 8.610371950172016398 ) ) ;
#933 = CARTESIAN_POINT ( 'NONE',  ( 8.000000000000000000, 0.0000000000000000000, -4.000000000000000000 ) ) ;
#934 = CARTESIAN_POINT ( 'NONE',  ( -1.987040969230978726, -3.262056883198979573, -25.92397188689933785 ) ) ;
#935 = CARTESIAN_POINT ( 'NONE',  ( 16.37790070187221758, 48.84800471866424232, -22.54224642132905743 ) ) ;
#936 = CARTESIAN_POINT ( 'NONE',  ( 21.43895035093610346, 36.23970238671478228, 15.57630918575054046 ) ) ;
#937 = SURFACE_SIDE_STYLE ('',( #4968 ) ) ;
#938 = ORIENTED_EDGE ( 'NONE', *, *, #5637, .F. ) ;
#939 = CARTESIAN_POINT ( 'NONE',  ( 5.716814395936530069, 68.20287451285194891, -17.59454555146033883 ) ) ;
#940 = CARTESIAN_POINT ( 'NONE',  ( 18.49999999999998934, 45.16136285310467713, 6.011014380308767002 ) ) ;
#941 = CARTESIAN_POINT ( 'NONE',  ( 0.0000000000000000000, -4.000000000000000000, 0.0000000000000000000 ) ) ;
#942 = ORIENTED_EDGE ( 'NONE', *, *, #3519, .T. ) ;
#943 = EDGE_LOOP ( 'NONE', ( #5729, #1888 ) ) ;
#944 = ORIENTED_EDGE ( 'NONE', *, *, #3160, .F. ) ;
#945 = CYLINDRICAL_SURFACE ( 'NONE', #5042, 2.000000000000001332 ) ;
#946 = UNCERTAINTY_MEASURE_WITH_UNIT (LENGTH_MEASURE( 1.000000000000000082E-05 ), #496, 'distance_accuracy_value', 'NONE');
#947 = DIRECTION ( 'NONE',  ( 1.000000000000000000, 0.0000000000000000000, 0.0000000000000000000 ) ) ;
#948 = CARTESIAN_POINT ( 'NONE',  ( 0.0000000000000000000, 166.0000000000000000, 0.0000000000000000000 ) ) ;
#949 = CARTESIAN_POINT ( 'NONE',  ( 22.25287524160754415, 4.935842396608669524, -13.44715159793730130 ) ) ;
#950 = CARTESIAN_POINT ( 'NONE',  ( -22.83180407594271344, 1.101853473531446248, -12.43878618307954298 ) ) ;
#951 = CARTESIAN_POINT ( 'NONE',  ( 8.188950350936103462, 52.82959078173281853, 25.20299768182156797 ) ) ;
#952 = CARTESIAN_POINT ( 'NONE',  ( 18.49999999999999645, 45.16136285310467713, 6.011014380308767890 ) ) ;
#953 = CARTESIAN_POINT ( 'NONE',  ( 11.43362879187305303, 14.45162326472923198, 15.73703995451274018 ) ) ;
#954 = CARTESIAN_POINT ( 'NONE',  ( 18.49999999999998934, 45.16136285310467713, 6.011014380308767002 ) ) ;
#955 = EDGE_CURVE ( 'NONE', #6532, #3605, #1041, .T. ) ;
#956 = LINE ( 'NONE', #1956, #2819 ) ;
#957 = LINE ( 'NONE', #6109, #6010 ) ;
#958 = B_SPLINE_CURVE_WITH_KNOTS ( 'NONE', 3,
 ( #5686, #3193, #5220, #3656, #5649, #4627, #4658, #83, #52, #652, #5838, #2692, #5192, #4721, #6248, #2553, #149, #2190, #2128, #4228 ),
 .UNSPECIFIED., .F., .F.,
 ( 4, 2, 2, 2, 2, 2, 2, 2, 2, 4 ),
 ( 2.309796044272826341E-07, 0.001018350681937576401, 0.002036470384270725777, 0.003054590086603874502, 0.004072709788937024095, 0.005090829491270173687, 0.005599889342436747616, 0.006108949193603320678, 0.007127068895936471138, 0.008145188598269622465 ),
 .UNSPECIFIED. ) ;
#959 = EDGE_LOOP ( 'NONE', ( #4902, #944 ) ) ;
#960 = CARTESIAN_POINT ( 'NONE',  ( -8.188950350936101685, 14.74656746223825898, -25.20299768182156797 ) ) ;
#961 = DIRECTION ( 'NONE',  ( 1.000000000000000000, 0.0000000000000000000, 0.0000000000000000000 ) ) ;
#962 = CARTESIAN_POINT ( 'NONE',  ( 1.219563002943716334, -1.409475055493197404, 25.97160979297014549 ) ) ;
#963 = AXIS2_PLACEMENT_3D ( 'NONE', #3533, #1608, #4060 ) ;
#964 = EDGE_CURVE ( 'NONE', #1929, #3206, #4100, .T. ) ;
#965 = DIRECTION ( 'NONE',  ( 0.0000000000000000000, 0.0000000000000000000, 1.000000000000000000 ) ) ;
#966 = CARTESIAN_POINT ( 'NONE',  ( -5.499999999999981348, -34.10000000000000142, 0.0000000000000000000 ) ) ;
#967 = CARTESIAN_POINT ( 'NONE',  ( 21.43895035093610346, 81.10612104231043418, 15.57630918575054046 ) ) ;
#968 = AXIS2_PLACEMENT_3D ( 'NONE', #2096, #2584, #1597 ) ;
#969 = CARTESIAN_POINT ( 'NONE',  ( -16.37790070187220692, 62.96785591202163346, -22.54224642132905743 ) ) ;
#970 = FILL_AREA_STYLE ('',( #2403 ) ) ;
#971 = ORIENTED_EDGE ( 'NONE', *, *, #515, .F. ) ;
#972 = CARTESIAN_POINT ( 'NONE',  ( -21.44994432064368439, -2.738951864720084561, 14.69353220438454954 ) ) ;
#973 = CARTESIAN_POINT ( 'NONE',  ( 18.49999999999999645, 83.87110244148009031, -6.011014380308762561 ) ) ;
#974 = CARTESIAN_POINT ( 'NONE',  ( 14.96681439593652563, 81.10612104231043418, 10.87402716741075537 ) ) ;
#975 = CARTESIAN_POINT ( 'NONE',  ( -10.83917410271362947, 2.978641430428001780, 4.199999999999998401 ) ) ;
#976 = CARTESIAN_POINT ( 'NONE',  ( 26.50000000000000000, 9.216604663898911198, 3.245314017740485765E-15 ) ) ;
#977 = ORIENTED_EDGE ( 'NONE', *, *, #964, .T. ) ;
#978 = EDGE_LOOP ( 'NONE', ( #1178, #3853, #5600, #6347 ) ) ;
#979 = EDGE_LOOP ( 'NONE', ( #398, #3715 ) ) ;
#980 = CARTESIAN_POINT ( 'NONE',  ( 23.42703555603499765, 3.526941492925748101, -11.27759044213237516 ) ) ;
#981 = CARTESIAN_POINT ( 'NONE',  ( -21.59860002724770922, 1.998002690041431162, -14.47431403682639939 ) ) ;
#982 = CARTESIAN_POINT ( 'NONE',  ( 14.96681439593652563, 36.23970238671478228, 10.87402716741075537 ) ) ;
#983 =( NAMED_UNIT ( * ) PLANE_ANGLE_UNIT ( ) SI_UNIT ( $, .RADIAN. ) );
#984 = CARTESIAN_POINT ( 'NONE',  ( -5.716814395936527404, 58.98626984895304304, 17.59454555146033883 ) ) ;
#985 = CARTESIAN_POINT ( 'NONE',  ( -11.43362879187304948, 70.96785591202160504, -15.73703995451274196 ) ) ;
#986 = DIRECTION ( 'NONE',  ( 0.0000000000000000000, 0.0000000000000000000, 1.000000000000000000 ) ) ;
#987 = MECHANICAL_DESIGN_GEOMETRIC_PRESENTATION_REPRESENTATION (  '', ( #6513 ), #4706 ) ;
#988 = CARTESIAN_POINT ( 'NONE',  ( 21.48019759438069087, 3.526941492925749877, 14.64961270582147357 ) ) ;
#989 = ORIENTED_EDGE ( 'NONE', *, *, #2340, .F. ) ;
#990 = CARTESIAN_POINT ( 'NONE',  ( 16.37790070187221048, 24.88483259252705437, 22.54224642132906098 ) ) ;
#991 = DIRECTION ( 'NONE',  ( 0.0000000000000000000, 1.000000000000000000, 0.0000000000000000000 ) ) ;
#992 = CARTESIAN_POINT ( 'NONE',  ( 21.48629750118626802, -3.519533279805818982, -14.64034417742299965 ) ) ;
#993 = CIRCLE ( 'NONE', #3439, 4.960846701924985780 ) ;
#994 = CARTESIAN_POINT ( 'NONE',  ( 15.58845726811997778, 3.000000000000000000, -8.999999999999854339 ) ) ;
#995 = DIRECTION ( 'NONE',  ( 0.4999999999999916733, 0.0000000000000000000, 0.8660254037844434816 ) ) ;
#996 =( NAMED_UNIT ( * ) PLANE_ANGLE_UNIT ( ) SI_UNIT ( $, .RADIAN. ) );
#997 = CARTESIAN_POINT ( 'NONE',  ( -16.37790070187221048, 68.49781871036095993, 22.54224642132905743 ) ) ;
#998 = SURFACE_STYLE_FILL_AREA ( #3501 ) ;
#999 = CLOSED_SHELL ( 'NONE', ( #5440, #5675, #3445, #1489, #58, #2620 ) ) ;
#1000 = FILL_AREA_STYLE_COLOUR ( '', #5685 ) ;
#1001 = AXIS2_PLACEMENT_3D ( 'NONE', #2131, #4631, #5509 ) ;
#1002 = CARTESIAN_POINT ( 'NONE',  ( -14.96681439593652563, 71.88951637841152831, -10.87402716741075714 ) ) ;
#1003 = EDGE_CURVE ( 'NONE', #2939, #609, #2662, .T. ) ;
#1004 = CARTESIAN_POINT ( 'NONE',  ( -14.96681439593652563, 53.45630705061369525, -10.87402716741075714 ) ) ;
#1005 = EDGE_CURVE ( 'NONE', #2297, #575, #637, .T. ) ;
#1006 = CARTESIAN_POINT ( 'NONE',  ( -8.000000000000000000, 0.0000000000000000000, 4.750000000000000888 ) ) ;
#1007 = SURFACE_SIDE_STYLE ('',( #505 ) ) ;
#1008 = CIRCLE ( 'NONE', #6306, 16.99999999999998579 ) ;
#1009 = CARTESIAN_POINT ( 'NONE',  ( 21.43895035093611057, 92.79276290786998516, -15.57630918575053514 ) ) ;
#1010 = ORIENTED_EDGE ( 'NONE', *, *, #2216, .T. ) ;
#1011 = ADVANCED_FACE ( 'NONE', ( #2666 ), #4889, .T. ) ;
#1012 = ORIENTED_EDGE ( 'NONE', *, *, #5075, .T. ) ;
#1013 = ADVANCED_FACE ( 'NONE', ( #3298, #1173 ), #3201, .F. ) ;
#1014 = ORIENTED_EDGE ( 'NONE', *, *, #6204, .F. ) ;
#1015 = SURFACE_STYLE_FILL_AREA ( #786 ) ;
#1016 = AXIS2_PLACEMENT_3D ( 'NONE', #344, #1311, #3250 ) ;
#1017 = DIRECTION ( 'NONE',  ( 0.0000000000000000000, 0.0000000000000000000, 1.000000000000000000 ) ) ;
#1018 = CARTESIAN_POINT ( 'NONE',  ( -22.25053017230955632, 1.052633269700344432, -13.45257901230757014 ) ) ;
#1019 = CARTESIAN_POINT ( 'NONE',  ( 18.49999999999999645, 19.64981399169673892, 2.265596578422603396E-15 ) ) ;
#1020 = AXIS2_PLACEMENT_3D ( 'NONE', #2186, #5714, #5154 ) ;
#1021 =( GEOMETRIC_REPRESENTATION_CONTEXT ( 3 ) GLOBAL_UNCERTAINTY_ASSIGNED_CONTEXT ( ( #6085 ) ) GLOBAL_UNIT_ASSIGNED_CONTEXT ( ( #2693, #5650, #3166 ) ) REPRESENTATION_CONTEXT ( 'NONE', 'WORKASPACE' ) );
#1022 = CARTESIAN_POINT ( 'NONE',  ( 11.43362879187305836, 38.41479539086640216, -15.73703995451274018 ) ) ;
#1023 = CARTESIAN_POINT ( 'NONE',  ( -18.49999999999998934, 74.65449777758118444, 6.011014380308763450 ) ) ;
#1024 = CIRCLE ( 'NONE', #5278, 12.00000000000000000 ) ;
#1025 = CARTESIAN_POINT ( 'NONE',  ( 23.44994432064352452, 3.261048135279915883, 11.22943058924711757 ) ) ;
#1026 = ORIENTED_EDGE ( 'NONE', *, *, #99, .F. ) ;
#1027 = CARTESIAN_POINT ( 'NONE',  ( -21.43895035093610701, 75.57615824397107929, 15.57630918575053869 ) ) ;
#1028 = CARTESIAN_POINT ( 'NONE',  ( 23.42735702334712045, -2.475793080304311555, 11.27691974340213221 ) ) ;
#1029 = FACE_OUTER_BOUND ( 'NONE', #5272, .T. ) ;
#1030 = PRESENTATION_STYLE_ASSIGNMENT (( #5526 ) ) ;
#1031 = CARTESIAN_POINT ( 'NONE',  ( 8.000000000000000000, 9.797174393178825657E-16, 4.750000000000000888 ) ) ;
#1032 = CARTESIAN_POINT ( 'NONE',  ( 22.77189817468791944, 1.064062400522753027, 12.54819160264509037 ) ) ;
#1033 = CARTESIAN_POINT ( 'NONE',  ( -21.43895035093611057, 67.57615824397109350, 15.57630918575053691 ) ) ;
#1034 = FACE_OUTER_BOUND ( 'NONE', #5662, .T. ) ;
#1035 = CARTESIAN_POINT ( 'NONE',  ( -22.77068091045520859, -1.063422543285151178, 12.55039573432419786 ) ) ;
#1036 = ORIENTED_EDGE ( 'NONE', *, *, #2340, .T. ) ;
#1037 = UNCERTAINTY_MEASURE_WITH_UNIT (LENGTH_MEASURE( 1.000000000000000082E-05 ), #6249, 'distance_accuracy_value', 'NONE');
#1038 = CARTESIAN_POINT ( 'NONE',  ( -18.49999999999999645, 81.73283731119130380, 0.0000000000000000000 ) ) ;
#1039 = CARTESIAN_POINT ( 'NONE',  ( -19.96928649257627697, 92.16604663898934291, -16.58252066075122144 ) ) ;
#1040 = DIRECTION ( 'NONE',  ( -0.0000000000000000000, -1.000000000000000000, -0.0000000000000000000 ) ) ;
#1041 = LINE ( 'NONE', #1574, #6166 ) ;
#1042 = CARTESIAN_POINT ( 'NONE',  ( 16.37790070187221758, 56.84800471866423521, -22.54224642132905743 ) ) ;
#1043 = ORIENTED_EDGE ( 'NONE', *, *, #5967, .T. ) ;
#1044 = ORIENTED_EDGE ( 'NONE', *, *, #3047, .T. ) ;
#1045 = EDGE_CURVE ( 'NONE', #575, #4348, #3189, .T. ) ;
#1046 = ORIENTED_EDGE ( 'NONE', *, *, #3608, .T. ) ;
#1047 = UNCERTAINTY_MEASURE_WITH_UNIT (LENGTH_MEASURE( 1.000000000000000082E-05 ), #1529, 'distance_accuracy_value', 'NONE');
#1048 = ADVANCED_FACE ( 'NONE', ( #3823 ), #1265, .F. ) ;
#1049 = CARTESIAN_POINT ( 'NONE',  ( 0.0000000000000000000, -5.729171279348436721E-16, -4.199999999999999289 ) ) ;
#1050 = LINE ( 'NONE', #5106, #1234 ) ;
#1051 = CARTESIAN_POINT ( 'NONE',  ( -11.43362879187305481, 31.63140005476532224, 15.73703995451274018 ) ) ;
#1052 = CARTESIAN_POINT ( 'NONE',  ( 11.43362879187305836, 56.84800471866423521, -15.73703995451274018 ) ) ;
#1053 = CARTESIAN_POINT ( 'NONE',  ( -5.488950978243543055, -5.864614459994302690E-16, 20.66305899415237235 ) ) ;
#1054 = CARTESIAN_POINT ( 'NONE',  ( -16.83772357723892554, 12.59214274398774869, 4.998677989309802783 ) ) ;
#1055 = CARTESIAN_POINT ( 'NONE',  ( 23.42735702334712045, 3.524206919695688001, 11.27691974340213221 ) ) ;
#1056 = ORIENTED_EDGE ( 'NONE', *, *, #3933, .T. ) ;
#1057 = CARTESIAN_POINT ( 'NONE',  ( 26.50000000000000000, 46.08302331949456487, 3.245314017740485765E-15 ) ) ;
#1058 = PRESENTATION_STYLE_ASSIGNMENT (( #4120 ) ) ;
#1059 = DIRECTION ( 'NONE',  ( -0.0000000000000000000, -1.000000000000000000, -0.0000000000000000000 ) ) ;
#1060 = SURFACE_STYLE_FILL_AREA ( #1093 ) ;
#1061 = CARTESIAN_POINT ( 'NONE',  ( 21.67924203605479150, 1.780618158381594318, 14.35324892544714359 ) ) ;
#1062 = CARTESIAN_POINT ( 'NONE',  ( 14.96681439593652563, 17.80649305891695278, 10.87402716741075537 ) ) ;
#1063 = CARTESIAN_POINT ( 'NONE',  ( -15.08409889539076865, -17.77785788489730479, 7.717850834580398889 ) ) ;
#1064 = CARTESIAN_POINT ( 'NONE',  ( -23.44994432064367729, -2.735666648616514429, 11.22943058924679072 ) ) ;
#1065 = ORIENTED_EDGE ( 'NONE', *, *, #3236, .T. ) ;
#1066 = CARTESIAN_POINT ( 'NONE',  ( -18.49999999999999289, 99.24438617259923490, -6.011014380308773219 ) ) ;
#1067 = PLANE ( 'NONE',  #1001 ) ;
#1068 = CIRCLE ( 'NONE', #4780, 25.80000000000000782 ) ;
#1069 = CARTESIAN_POINT ( 'NONE',  ( -9.563972218583947082, 92.16604663898937133, -17.61913326874442731 ) ) ;
#1070 = CARTESIAN_POINT ( 'NONE',  ( -22.18820686476107795, 1.101853473531445804, 13.55352925245575690 ) ) ;
#1071 =( NAMED_UNIT ( * ) PLANE_ANGLE_UNIT ( ) SI_UNIT ( $, .RADIAN. ) );
#1072 = CARTESIAN_POINT ( 'NONE',  ( 21.43895035093611057, 55.92634425227434036, -15.57630918575053514 ) ) ;
#1073 = ORIENTED_EDGE ( 'NONE', *, *, #4994, .F. ) ;
#1074 = ORIENTED_EDGE ( 'NONE', *, *, #2670, .F. ) ;
#1075 = VERTEX_POINT ( 'NONE', #5726 ) ;
#1076 = UNCERTAINTY_MEASURE_WITH_UNIT (LENGTH_MEASURE( 1.000000000000000082E-05 ), #3391, 'distance_accuracy_value', 'NONE');
#1077 = EDGE_CURVE ( 'NONE', #5902, #6060, #730, .T. ) ;
#1078 = DIRECTION ( 'NONE',  ( 1.000000000000000000, 0.0000000000000000000, -0.0000000000000000000 ) ) ;
#1079 = CYLINDRICAL_SURFACE ( 'NONE', #3768, 5.500000000000000000 ) ;
#1080 = CARTESIAN_POINT ( 'NONE',  ( 0.0000000000000000000, 0.0000000000000000000, 0.0000000000000000000 ) ) ;
#1081 = CARTESIAN_POINT ( 'NONE',  ( -14.96681439593652563, 45.45630705061369525, -10.87402716741075714 ) ) ;
#1082 = ADVANCED_FACE ( 'NONE', ( #4966 ), #5988, .T. ) ;
#1083 = EDGE_CURVE ( 'NONE', #3760, #3538, #5318, .T. ) ;
#1084 = CARTESIAN_POINT ( 'NONE',  ( 11.43362879187305303, 32.88483259252705437, 15.73703995451274018 ) ) ;
#1085 = CARTESIAN_POINT ( 'NONE',  ( -5.120686469475588254, -5.864614459994219860E-16, 21.00057516825330239 ) ) ;
#1086 = DIRECTION ( 'NONE',  ( 0.0000000000000000000, 0.0000000000000000000, 1.000000000000000000 ) ) ;
#1087 = ADVANCED_FACE ( 'NONE', ( #4555 ), #5190, .T. ) ;
#1088 = ADVANCED_FACE ( 'NONE', ( #279, #6376 ), #5256, .F. ) ;
#1089 = CARTESIAN_POINT ( 'NONE',  ( 26.50000000000000711, 47.00468378588443841, -8.610371950172012845 ) ) ;
#1090 = DIRECTION ( 'NONE',  ( -0.0000000000000000000, -1.000000000000000000, -0.0000000000000000000 ) ) ;
#1091 = DIRECTION ( 'NONE',  ( -0.0000000000000000000, 1.000000000000000000, -0.0000000000000000000 ) ) ;
#1092 = CARTESIAN_POINT ( 'NONE',  ( 2.081899558550500280E-15, 166.0000000000000000, -17.00000000000000000 ) ) ;
#1093 = FILL_AREA_STYLE ('',( #5120 ) ) ;
#1094 = CARTESIAN_POINT ( 'NONE',  ( 22.83180407594262462, 1.101853473531445804, 12.43878618307970463 ) ) ;
#1095 = AXIS2_PLACEMENT_3D ( 'NONE', #941, #6467, #5505 ) ;
#1096 = CARTESIAN_POINT ( 'NONE',  ( 18.50000000000000355, 2.138265130288804272, -6.011014380308763450 ) ) ;
#1097 = CARTESIAN_POINT ( 'NONE',  ( -25.00000000000000000, 10.99999999999998579, 9.750000000000000000 ) ) ;
#1098 = EDGE_LOOP ( 'NONE', ( #2192, #5700, #4325, #2555 ) ) ;
#1099 = CARTESIAN_POINT ( 'NONE',  ( 18.49999999999999645, 72.51623264729238372, 2.265596578422603396E-15 ) ) ;
#1100 = FACE_OUTER_BOUND ( 'NONE', #4565, .T. ) ;
#1101 = CARTESIAN_POINT ( 'NONE',  ( -24.31393540888146987, 92.16604663898947081, -10.12177252906374214 ) ) ;
#1102 = AXIS2_PLACEMENT_3D ( 'NONE', #6385, #1329, #4964 ) ;
#1103 = CARTESIAN_POINT ( 'NONE',  ( -21.44994432064368439, 3.000000000000000444, 14.69353220438454777 ) ) ;
#1104 = DIRECTION ( 'NONE',  ( 0.0000000000000000000, 1.000000000000000000, -2.152228036460121707E-16 ) ) ;
#1105 = CARTESIAN_POINT ( 'NONE',  ( 21.43895035093610346, 62.67291171451260112, 15.57630918575054046 ) ) ;
#1106 = PRESENTATION_LAYER_ASSIGNMENT (  '', '', ( #5667 ) ) ;
#1107 = VERTEX_POINT ( 'NONE', #4757 ) ;
#1108 = ORIENTED_EDGE ( 'NONE', *, *, #5802, .F. ) ;
#1109 = ORIENTED_EDGE ( 'NONE', *, *, #6564, .T. ) ;
#1110 = AXIS2_PLACEMENT_3D ( 'NONE', #292, #220, #5330 ) ;
#1111 = DIRECTION ( 'NONE',  ( 1.133932221432734415E-16, -1.000000000000000000, -0.0000000000000000000 ) ) ;
#1112 = DIRECTION ( 'NONE',  ( -1.000000000000000000, -1.133932221432734415E-16, 0.0000000000000000000 ) ) ;
#1113 = AXIS2_PLACEMENT_3D ( 'NONE', #1663, #4225, #6215 ) ;
#1114 = DIRECTION ( 'NONE',  ( 1.133932221432734415E-16, -1.000000000000000000, -0.0000000000000000000 ) ) ;
#1115 = CARTESIAN_POINT ( 'NONE',  ( -18.49999999999999645, 28.86641865559565545, 0.0000000000000000000 ) ) ;
#1116 = MECHANICAL_DESIGN_GEOMETRIC_PRESENTATION_REPRESENTATION (  '', ( #1436 ), #6550 ) ;
#1117 =( NAMED_UNIT ( * ) SI_UNIT ( $, .STERADIAN. ) SOLID_ANGLE_UNIT ( ) );
#1118 = CARTESIAN_POINT ( 'NONE',  ( 3.573283826362257527E-15, 77.12453497924182955, -19.45205114840793925 ) ) ;
#1119 = CARTESIAN_POINT ( 'NONE',  ( -14.96681439593652563, 90.32272570620935426, -10.87402716741075714 ) ) ;
#1120 = CARTESIAN_POINT ( 'NONE',  ( -16.68636293869785092, 12.11272677367808015, -4.872724626022261418 ) ) ;
#1121 = CARTESIAN_POINT ( 'NONE',  ( 25.98076211353298604, -3.000000000000000000, 15.00000000000030376 ) ) ;
#1122 = PRODUCT_DEFINITION ( 'UNKNOWN', '', #602, #3738 ) ;
#1123 = CIRCLE ( 'NONE', #5691, 8.000000000000000000 ) ;
#1124 = AXIS2_PLACEMENT_3D ( 'NONE', #5282, #1688, #6146 ) ;
#1125 = CARTESIAN_POINT ( 'NONE',  ( 5.118487643167556288E-15, 32.25811632364619896, -27.86374894231407140 ) ) ;
#1126 = CYLINDRICAL_SURFACE ( 'NONE', #4938, 1.999999999999999112 ) ;
#1127 = CARTESIAN_POINT ( 'NONE',  ( -22.44984773459976424, 4.999893901425474851, 13.11570677863569756 ) ) ;
#1128 = STYLED_ITEM ( 'NONE', ( #5049 ), #4685 ) ;
#1129 = CARTESIAN_POINT ( 'NONE',  ( 0.0000000000000000000, 6.000000000000000000, 0.0000000000000000000 ) ) ;
#1130 = FILL_AREA_STYLE ('',( #5682 ) ) ;
#1131 = VECTOR ( 'NONE', #3702, 1000.000000000000000 ) ;
#1132 = ADVANCED_FACE ( 'NONE', ( #726 ), #5218, .F. ) ;
#1133 = CARTESIAN_POINT ( 'NONE',  ( -5.716814395936527404, 32.55306052115521709, 17.59454555146033528 ) ) ;
#1134 = CARTESIAN_POINT ( 'NONE',  ( -15.64893006176311374, -16.11757093240210637, 5.287230496855094053 ) ) ;
#1135 = CARTESIAN_POINT ( 'NONE',  ( 1.022960916313601904E-15, 2.978641430428003112, 0.0000000000000000000 ) ) ;
#1136 = ORIENTED_EDGE ( 'NONE', *, *, #4140, .F. ) ;
#1137 = CARTESIAN_POINT ( 'NONE',  ( -1.191094608787419176E-15, 49.47472098754510483, 19.45205114840793925 ) ) ;
#1138 = CARTESIAN_POINT ( 'NONE',  ( 3.184081677783118585E-15, 5.800000000000000711, 26.00000000000000355 ) ) ;
#1139 = AXIS2_PLACEMENT_3D ( 'NONE', #5940, #5510, #947 ) ;
#1140 = CARTESIAN_POINT ( 'NONE',  ( -12.46038750162138697, 92.16604663898935712, -14.91938811255564445 ) ) ;
#1141 = AXIS2_PLACEMENT_3D ( 'NONE', #6580, #5584, #526 ) ;
#1142 = DIRECTION ( 'NONE',  ( 0.0000000000000000000, 1.000000000000000000, 0.0000000000000000000 ) ) ;
#1143 = DIRECTION ( 'NONE',  ( -0.8660254037844398178, 0.0000000000000000000, 0.4999999999999980016 ) ) ;
#1144 = CARTESIAN_POINT ( 'NONE',  ( 5.118487643167556288E-15, 69.12453497924182955, -27.86374894231407140 ) ) ;
#1145 = VERTEX_POINT ( 'NONE', #6345 ) ;
#1146 = ORIENTED_EDGE ( 'NONE', *, *, #6089, .F. ) ;
#1147 = ORIENTED_EDGE ( 'NONE', *, *, #45, .F. ) ;
#1148 = DIRECTION ( 'NONE',  ( -0.0000000000000000000, -0.0000000000000000000, 1.000000000000000000 ) ) ;
#1149 = CARTESIAN_POINT ( 'NONE',  ( 1.507575996918956829, -4.320849181343699108, -25.95642414244469975 ) ) ;
#1150 = CARTESIAN_POINT ( 'NONE',  ( 18.49999999999999645, 10.13826513028879717, -6.011014380308762561 ) ) ;
#1151 = B_SPLINE_CURVE_WITH_KNOTS ( 'NONE', 3,
 ( #2194, #1703, #3820, #732, #791, #6252, #3326, #5849, #4859, #1232, #5292, #5357, #286, #1670, #3691, #2791, #3751, #5753, #6281, #1736, #6315, #1195, #1293, #153, #5722, #2221, #1167, #4787, #4819, #4258 ),
 .UNSPECIFIED., .F., .F.,
 ( 4, 2, 2, 2, 2, 2, 2, 2, 2, 2, 2, 2, 2, 2, 4 ),
 ( 4.336808689942017736E-19, 0.0003909512898071429692, 0.0007819025796142855048, 0.001172853869421428040, 0.001563805159228570576, 0.002345707738842862586, 0.003127610318457154596, 0.003518561608264300384, 0.003909512898071445738, 0.004300464187878589792, 0.004691415477685735580, 0.005082366767492881368, 0.005473318057300027156, 0.005864269347107171210, 0.006255220636914316998 ),
 .UNSPECIFIED. ) ;
#1152 = CARTESIAN_POINT ( 'NONE',  ( -18.49999999999999289, 43.94475818920575705, -6.011014380308773219 ) ) ;
#1153 = CARTESIAN_POINT ( 'NONE',  ( -17.99797164748735767, 6.731724401312669531E-16, 4.605265167196785470 ) ) ;
#1154 = CARTESIAN_POINT ( 'NONE',  ( -17.21623213320666679, 14.80578987304346228, 6.489397446000449321 ) ) ;
#1155 = CARTESIAN_POINT ( 'NONE',  ( -21.44994432064358136, -2.735666648616512653, -14.69353220438469521 ) ) ;
#1156 = CARTESIAN_POINT ( 'NONE',  ( -26.50000000000000000, 9.511548861407934652, -8.610371950172023503 ) ) ;
#1157 = EDGE_CURVE ( 'NONE', #5569, #6059, #3745, .T. ) ;
#1158 = CARTESIAN_POINT ( 'NONE',  ( -25.00000000000000000, -12.99999999999994849, -4.199999999999997513 ) ) ;
#1159 = FACE_BOUND ( 'NONE', #3479, .T. ) ;
#1160 = CARTESIAN_POINT ( 'NONE',  ( 0.0000000000000000000, 0.0000000000000000000, -4.750000000000000888 ) ) ;
#1161 = FACE_OUTER_BOUND ( 'NONE', #5172, .T. ) ;
#1162 = CARTESIAN_POINT ( 'NONE',  ( 18.49999999999999289, 18.72815352530684407, 6.011014380308770555 ) ) ;
#1163 = DIRECTION ( 'NONE',  ( 1.133932221432734415E-16, -1.000000000000000000, -0.0000000000000000000 ) ) ;
#1164 = SURFACE_STYLE_FILL_AREA ( #5784 ) ;
#1165 = ORIENTED_EDGE ( 'NONE', *, *, #5359, .T. ) ;
#1166 = CARTESIAN_POINT ( 'NONE',  ( -18.49999999999999289, 62.37796751700357589, -6.011014380308773219 ) ) ;
#1167 = CARTESIAN_POINT ( 'NONE',  ( 21.48629750118626447, 2.480466720194181018, -14.64034417742299787 ) ) ;
#1168 = CARTESIAN_POINT ( 'NONE',  ( -13.70820920306110580, 92.16604663898938554, -21.19028914749550907 ) ) ;
#1169 = EDGE_CURVE ( 'NONE', #4940, #3997, #1751, .T. ) ;
#1170 = ADVANCED_FACE ( 'NONE', ( #1227 ), #4314, .F. ) ;
#1171 = CARTESIAN_POINT ( 'NONE',  ( 0.1322275202510264647, 4.999999999999999112, -26.00000000000000355 ) ) ;
#1172 = CARTESIAN_POINT ( 'NONE',  ( -15.54438094973385276, -17.04388803476440017, -6.254595871597991241 ) ) ;
#1173 = FACE_OUTER_BOUND ( 'NONE', #6438, .T. ) ;
#1174 = CARTESIAN_POINT ( 'NONE',  ( 26.50000000000000711, 28.57147445808662312, -8.610371950172012845 ) ) ;
#1175 = ORIENTED_EDGE ( 'NONE', *, *, #4905, .T. ) ;
#1176 = ORIENTED_EDGE ( 'NONE', *, *, #2174, .F. ) ;
#1177 = CIRCLE ( 'NONE', #6486, 2.000000000000001332 ) ;
#1178 = ORIENTED_EDGE ( 'NONE', *, *, #794, .T. ) ;
#1179 = CARTESIAN_POINT ( 'NONE',  ( 15.08409889539079352, -17.77785788489730479, -7.717850834580377573 ) ) ;
#1180 = CARTESIAN_POINT ( 'NONE',  ( -15.58845726811991561, 3.000000000000000000, 8.999999999999962697 ) ) ;
#1181 = AXIS2_PLACEMENT_3D ( 'NONE', #1190, #144, #2729 ) ;
#1182 = CARTESIAN_POINT ( 'NONE',  ( 1.836970198721029747E-14, -150.0000000000000000, 0.0000000000000000000 ) ) ;
#1183 = FILL_AREA_STYLE ('',( #196 ) ) ;
#1184 = CARTESIAN_POINT ( 'NONE',  ( 11.43362879187305303, 88.18446057592053933, 15.73703995451274018 ) ) ;
#1185 = CARTESIAN_POINT ( 'NONE',  ( -4.579317832083662054, 8.293008154220868520E-14, 21.82561753534328020 ) ) ;
#1186 = CARTESIAN_POINT ( 'NONE',  ( -16.96154714744742620, 13.05231841015806538, 5.187601071261774166 ) ) ;
#1187 = CARTESIAN_POINT ( 'NONE',  ( -21.43895035093610346, 90.32272570620935426, -15.57630918575054402 ) ) ;
#1188 = CARTESIAN_POINT ( 'NONE',  ( -21.67486439998331704, 4.228732596366959307, 14.36085995393984049 ) ) ;
#1189 = CARTESIAN_POINT ( 'NONE',  ( 1.219811301307820228, 1.409709384740193361, -25.97159613830571701 ) ) ;
#1190 = CARTESIAN_POINT ( 'NONE',  ( 0.0000000000000000000, 166.0000000000000000, 0.0000000000000000000 ) ) ;
#1191 = CARTESIAN_POINT ( 'NONE',  ( 3.573283826362257527E-15, 24.25811632364619186, -19.45205114840793925 ) ) ;
#1192 =( NAMED_UNIT ( * ) PLANE_ANGLE_UNIT ( ) SI_UNIT ( $, .RADIAN. ) );
#1193 = EDGE_LOOP ( 'NONE', ( #2066, #5855, #4047, #664, #4078 ) ) ;
#1194 = CARTESIAN_POINT ( 'NONE',  ( -26.50000000000000000, 26.43320932779782240, 0.0000000000000000000 ) ) ;
#1195 = CARTESIAN_POINT ( 'NONE',  ( 21.72527145923477576, 1.678864843231102855, -14.28360342013973749 ) ) ;
#1196 = DIRECTION ( 'NONE',  ( 0.0000000000000000000, 0.0000000000000000000, -1.000000000000000000 ) ) ;
#1197 = VECTOR ( 'NONE', #3437, 1000.000000000000000 ) ;
#1198 = CARTESIAN_POINT ( 'NONE',  ( -22.58155466832413083, -5.000046762611840556, -12.88760719481594741 ) ) ;
#1199 = CARTESIAN_POINT ( 'NONE',  ( -15.08582272022162307, -17.77656549246917450, -7.713740940995188922 ) ) ;
#1200 = CARTESIAN_POINT ( 'NONE',  ( 21.43895035093610701, 11.05992559667869202, -15.57630918575053514 ) ) ;
#1201 = ITEM_DEFINED_TRANSFORMATION ( 'NONE', 'NONE', #707,  #2408 ) ;
#1202 = CARTESIAN_POINT ( 'NONE',  ( -1.706162547722518960E-15, 41.47472098754509062, 27.86374894231407140 ) ) ;
#1203 = ORIENTED_EDGE ( 'NONE', *, *, #4042, .T. ) ;
#1204 = ORIENTED_EDGE ( 'NONE', *, *, #2478, .T. ) ;
#1205 = ADVANCED_FACE ( 'NONE', ( #5288 ), #3641, .T. ) ;
#1206 = AXIS2_PLACEMENT_3D ( 'NONE', #3507, #4899, #4937 ) ;
#1207 = CARTESIAN_POINT ( 'NONE',  ( -11.43362879187304948, 39.63140005476532224, 15.73703995451273840 ) ) ;
#1208 = ORIENTED_EDGE ( 'NONE', *, *, #5537, .F. ) ;
#1209 = EDGE_CURVE ( 'NONE', #5171, #1422, #4807, .T. ) ;
#1210 = CARTESIAN_POINT ( 'NONE',  ( 15.60875287314396154, -16.73274361094531315, -5.869066543646222378 ) ) ;
#1211 = LINE ( 'NONE', #3242, #5981 ) ;
#1212 = ADVANCED_FACE ( 'NONE', ( #1161, #2010 ), #1830, .F. ) ;
#1213 =( NAMED_UNIT ( * ) SI_UNIT ( $, .STERADIAN. ) SOLID_ANGLE_UNIT ( ) );
#1214 = AXIS2_PLACEMENT_3D ( 'NONE', #919, #5477, #343 ) ;
#1215 = APPLICATION_CONTEXT ( 'automotive_design' ) ;
#1216 = DIRECTION ( 'NONE',  ( 0.0000000000000000000, 0.0000000000000000000, 1.000000000000000000 ) ) ;
#1217 = CARTESIAN_POINT ( 'NONE',  ( -1.706162547722519354E-15, 31.04151165974727533, 27.86374894231408206 ) ) ;
#1218 = MECHANICAL_DESIGN_GEOMETRIC_PRESENTATION_REPRESENTATION (  '', ( #6424 ), #6102 ) ;
#1219 = CARTESIAN_POINT ( 'NONE',  ( -17.00000000000000000, -19.99999999999999289, 2.081899558550500674E-15 ) ) ;
#1220 = CARTESIAN_POINT ( 'NONE',  ( 3.159588741800171871E-15, 0.0000000000000000000, -25.80000000000000782 ) ) ;
#1221 = UNCERTAINTY_MEASURE_WITH_UNIT (LENGTH_MEASURE( 1.000000000000000082E-05 ), #5706, 'distance_accuracy_value', 'NONE');
#1222 = CARTESIAN_POINT ( 'NONE',  ( 21.43895035093611057, 3.059925596678695570, -15.57630918575053514 ) ) ;
#1223 = CARTESIAN_POINT ( 'NONE',  ( 22.05967726121876993, -1.203251155002877937, -13.76173252969820382 ) ) ;
#1224 = CARTESIAN_POINT ( 'NONE',  ( -22.58187545834877241, 5.000104822221616452, 12.88706050243770029 ) ) ;
#1225 = CARTESIAN_POINT ( 'NONE',  ( 1.507575996918956163, 1.679150818656302002, -25.95642414244469975 ) ) ;
#1226 = CARTESIAN_POINT ( 'NONE',  ( 14.96681439593652740, 29.49313492447651797, -10.87402716741075004 ) ) ;
#1227 = FACE_OUTER_BOUND ( 'NONE', #2459, .T. ) ;
#1228 = CARTESIAN_POINT ( 'NONE',  ( 11.43362879187305303, 53.75125124812271338, 15.73703995451274018 ) ) ;
#1229 = STYLED_ITEM ( 'NONE', ( #6488 ), #6285 ) ;
#1230 = ORIENTED_EDGE ( 'NONE', *, *, #4140, .T. ) ;
#1231 = CARTESIAN_POINT ( 'NONE',  ( 26.50000000000000000, 35.64981399169673182, 3.245314017740485765E-15 ) ) ;
#1232 = CARTESIAN_POINT ( 'NONE',  ( 23.10677048476800266, 1.401099923658655211, -11.92104423962716098 ) ) ;
#1233 = DIRECTION ( 'NONE',  ( 1.000000000000000000, 0.0000000000000000000, -6.982962677686266711E-14 ) ) ;
#1234 = VECTOR ( 'NONE', #2568, 1000.000000000000000 ) ;
#1235 = CARTESIAN_POINT ( 'NONE',  ( 0.8873218772165849533, 4.797179525075923046, -25.98513697222108831 ) ) ;
#1236 = CARTESIAN_POINT ( 'NONE',  ( -2.000000000000000000, -3.000000000000000000, 25.92296279363144151 ) ) ;
#1237 = CARTESIAN_POINT ( 'NONE',  ( -26.50000000000000000, 35.94475818920576415, -8.610371950172025279 ) ) ;
#1238 = CARTESIAN_POINT ( 'NONE',  ( 8.188950350936103462, 42.39638145393499968, 25.20299768182156797 ) ) ;
#1239 = ORIENTED_EDGE ( 'NONE', *, *, #3241, .T. ) ;
#1240 = CYLINDRICAL_SURFACE ( 'NONE', #3882, 2.000000000000000444 ) ;
#1241 = CIRCLE ( 'NONE', #1772, 5.123475382979800763 ) ;
#1242 = CARTESIAN_POINT ( 'NONE',  ( 5.716814395936525628, 42.39638145393499968, 17.59454555146034238 ) ) ;
#1243 = ORIENTED_EDGE ( 'NONE', *, *, #6042, .F. ) ;
#1244 = CARTESIAN_POINT ( 'NONE',  ( 3.171835209791645228E-15, 6.000000000000000000, -25.80000000000000426 ) ) ;
#1245 = PRODUCT_RELATED_PRODUCT_CATEGORY ( 'part', '', ( #6282 ) ) ;
#1246 = EDGE_CURVE ( 'NONE', #358, #4868, #2334, .T. ) ;
#1247 = UNCERTAINTY_MEASURE_WITH_UNIT (LENGTH_MEASURE( 1.000000000000000082E-05 ), #6520, 'distance_accuracy_value', 'NONE');
#1248 = EDGE_CURVE ( 'NONE', #1422, #5355, #5417, .T. ) ;
#1249 = CARTESIAN_POINT ( 'NONE',  ( 16.37790070187221758, 19.98158606306857976, -22.54224642132905743 ) ) ;
#1250 = CARTESIAN_POINT ( 'NONE',  ( -5.757146788456437569, -7.452705154443102116E-16, 22.77016747613324554 ) ) ;
#1251 = FACE_OUTER_BOUND ( 'NONE', #5071, .T. ) ;
#1252 = DIRECTION ( 'NONE',  ( 0.8660254037844432595, 0.0000000000000000000, -0.4999999999999919509 ) ) ;
#1253 = CARTESIAN_POINT ( 'NONE',  ( 16.37790070187220692, -1.548376735270759808, 22.54224642132905743 ) ) ;
#1254 = CARTESIAN_POINT ( 'NONE',  ( -1.019306897158699879E-23, 1.000000000000000000, -26.00000000000000355 ) ) ;
#1255 = CARTESIAN_POINT ( 'NONE',  ( -14.96681439593652563, 53.45630705061369525, -10.87402716741075714 ) ) ;
#1256 = CARTESIAN_POINT ( 'NONE',  ( 1.003285329711785856, -4.735047368244260646, 25.98086158089063602 ) ) ;
#1257 = CARTESIAN_POINT ( 'NONE',  ( -5.716814395936523852, 62.04619544563173150, -17.59454555146034238 ) ) ;
#1258 =( NAMED_UNIT ( * ) SI_UNIT ( $, .STERADIAN. ) SOLID_ANGLE_UNIT ( ) );
#1259 = ORIENTED_EDGE ( 'NONE', *, *, #2335, .T. ) ;
#1260 = CARTESIAN_POINT ( 'NONE',  ( -21.43895035093611057, 46.70973958837542739, 15.57630918575053691 ) ) ;
#1261 = CARTESIAN_POINT ( 'NONE',  ( 16.52710660404623155, 11.63810753002814558, 4.780420282760279527 ) ) ;
#1262 = CARTESIAN_POINT ( 'NONE',  ( 0.0000000000000000000, 166.0000000000000000, 0.0000000000000000000 ) ) ;
#1263 = DIRECTION ( 'NONE',  ( 0.0000000000000000000, 0.0000000000000000000, -1.000000000000000000 ) ) ;
#1264 = FACE_OUTER_BOUND ( 'NONE', #2023, .T. ) ;
#1265 = CYLINDRICAL_SURFACE ( 'NONE', #3712, 1.999999999999999112 ) ;
#1266 = CARTESIAN_POINT ( 'NONE',  ( -1.706162547722518960E-15, 78.34113964314076384, 27.86374894231407140 ) ) ;
#1267 = ORIENTED_EDGE ( 'NONE', *, *, #6413, .F. ) ;
#1268 = CARTESIAN_POINT ( 'NONE',  ( 14.96681439593652740, 66.35955358007217342, -10.87402716741075004 ) ) ;
#1269 = VERTEX_POINT ( 'NONE', #3580 ) ;
#1270 = CARTESIAN_POINT ( 'NONE',  ( -18.49999999999998934, 35.94475818920576415, -6.011014380308772331 ) ) ;
#1271 = DIRECTION ( 'NONE',  ( -0.0000000000000000000, 1.000000000000000000, -0.0000000000000000000 ) ) ;
#1272 = CARTESIAN_POINT ( 'NONE',  ( 21.44994432064378742, -2.999999999999999556, -14.69353220438439855 ) ) ;
#1273 = CARTESIAN_POINT ( 'NONE',  ( -5.716814395936527404, 58.98626984895304304, 17.59454555146033883 ) ) ;
#1274 = STYLED_ITEM ( 'NONE', ( #3414 ), #596 ) ;
#1275 = SURFACE_SIDE_STYLE ('',( #3733 ) ) ;
#1276 = CARTESIAN_POINT ( 'NONE',  ( -18.49999999999999645, 100.1660466389891297, 0.0000000000000000000 ) ) ;
#1277 = SURFACE_STYLE_USAGE ( .BOTH. , #3735 ) ;
#1278 = FACE_OUTER_BOUND ( 'NONE', #5101, .T. ) ;
#1279 = FACE_BOUND ( 'NONE', #5950, .T. ) ;
#1280 = ADVANCED_FACE ( 'NONE', ( #3048 ), #2906, .T. ) ;
#1281 = CARTESIAN_POINT ( 'NONE',  ( -21.44994432064358847, 2.867802793624275370, -14.69353220438470231 ) ) ;
#1282 = CARTESIAN_POINT ( 'NONE',  ( -16.37790070187221048, 13.19819072696750162, 22.54224642132905743 ) ) ;
#1283 = CARTESIAN_POINT ( 'NONE',  ( 22.38403152641790328, -1.013152636482919533, -13.22767837682737913 ) ) ;
#1284 = EDGE_CURVE ( 'NONE', #3760, #5331, #3701, .T. ) ;
#1285 = CARTESIAN_POINT ( 'NONE',  ( 0.0000000000000000000, 0.0000000000000000000, 0.0000000000000000000 ) ) ;
#1286 = CARTESIAN_POINT ( 'NONE',  ( -10.83917410271362947, 2.978641430428001335, -4.199999999999999289 ) ) ;
#1287 = CARTESIAN_POINT ( 'NONE',  ( -5.716814395936523852, 33.17977679003608671, -17.59454555146034238 ) ) ;
#1288 = EDGE_CURVE ( 'NONE', #5401, #540, #3113, .T. ) ;
#1289 = CARTESIAN_POINT ( 'NONE',  ( 11.43362879187305836, 59.28121404646206827, -15.73703995451274018 ) ) ;
#1290 = FACE_OUTER_BOUND ( 'NONE', #4469, .T. ) ;
#1291 = EDGE_LOOP ( 'NONE', ( #1175, #1777 ) ) ;
#1292 = CARTESIAN_POINT ( 'NONE',  ( 16.37790070187220692, 14.45162326472923553, 22.54224642132905743 ) ) ;
#1293 = CARTESIAN_POINT ( 'NONE',  ( 21.67954373773904564, 1.779951368982626292, -14.35279237806561348 ) ) ;
#1294 = CARTESIAN_POINT ( 'NONE',  ( -17.51205959328659745, 92.16604663898949923, -6.500512881694298528 ) ) ;
#1295 = DIRECTION ( 'NONE',  ( 1.000000000000000000, 0.0000000000000000000, 0.0000000000000000000 ) ) ;
#1296 = CARTESIAN_POINT ( 'NONE',  ( 0.0000000000000000000, -4.000000000000000000, 0.0000000000000000000 ) ) ;
#1297 = DIRECTION ( 'NONE',  ( 0.0000000000000000000, -1.840854212694046822E-16, 1.000000000000000000 ) ) ;
#1298 = CARTESIAN_POINT ( 'NONE',  ( 21.43895035093610701, 84.79276290786999937, -15.57630918575053514 ) ) ;
#1299 = CYLINDRICAL_SURFACE ( 'NONE', #4827, 2.000000000000000000 ) ;
#1300 = VERTEX_POINT ( 'NONE', #2605 ) ;
#1301 = CARTESIAN_POINT ( 'NONE',  ( 0.0000000000000000000, -6.000000000000000000, 0.0000000000000000000 ) ) ;
#1302 = CARTESIAN_POINT ( 'NONE',  ( 18.50000000000000000, 27.64981399169673537, 2.265596578422603396E-15 ) ) ;
#1303 = ORIENTED_EDGE ( 'NONE', *, *, #2959, .T. ) ;
#1304 = CARTESIAN_POINT ( 'NONE',  ( 11.43362879187305481, 30.41479539086640571, -15.73703995451273840 ) ) ;
#1305 = CARTESIAN_POINT ( 'NONE',  ( 14.94954413420728123, -17.86149758163573864, -8.020791205689466352 ) ) ;
#1306 = DIRECTION ( 'NONE',  ( -0.8660254037844432595, 0.0000000000000000000, 0.4999999999999920064 ) ) ;
#1307 = CARTESIAN_POINT ( 'NONE',  ( -5.716814395936523852, 88.47940477342955035, -17.59454555146034238 ) ) ;
#1308 = AXIS2_PLACEMENT_3D ( 'NONE', #3397, #2966, #4995 ) ;
#1309 = CARTESIAN_POINT ( 'NONE',  ( -8.188950350936107014, 11.68664186555955986, 25.20299768182156797 ) ) ;
#1310 = CARTESIAN_POINT ( 'NONE',  ( -21.29657117572650549, 8.207373243153491875E-16, 15.05025876445557564 ) ) ;
#1311 = DIRECTION ( 'NONE',  ( 0.0000000000000000000, -1.000000000000000000, -0.0000000000000000000 ) ) ;
#1312 = AXIS2_PLACEMENT_3D ( 'NONE', #6186, #2447, #4692 ) ;
#1313 = CARTESIAN_POINT ( 'NONE',  ( 0.0000000000000000000, 0.0000000000000000000, 4.000000000000000000 ) ) ;
#1314 = CARTESIAN_POINT ( 'NONE',  ( 18.49999999999999289, 0.2949441975090213997, 6.011014380308770555 ) ) ;
#1315 = CARTESIAN_POINT ( 'NONE',  ( -14.96681439593652740, 1.843320932779779708, 10.87402716741075359 ) ) ;
#1316 = CIRCLE ( 'NONE', #5043, 0.1999999999999987899 ) ;
#1317 = AXIS2_PLACEMENT_3D ( 'NONE', #4080, #44, #5643 ) ;
#1318 = DIRECTION ( 'NONE',  ( 0.8660254037844399289, 0.0000000000000000000, -0.4999999999999980571 ) ) ;
#1319 = CARTESIAN_POINT ( 'NONE',  ( -18.49999999999998934, 37.78807912198552543, 6.011014380308763450 ) ) ;
#1320 = DIRECTION ( 'NONE',  ( 0.0000000000000000000, -3.846707125290959924E-17, -1.000000000000000000 ) ) ;
#1321 = CARTESIAN_POINT ( 'NONE',  ( -1.191094608787419176E-15, 4.608302331949454711, 19.45205114840794280 ) ) ;
#1322 = CARTESIAN_POINT ( 'NONE',  ( 2.000000000000000000, -3.000000000000000000, -25.92296279363144151 ) ) ;
#1323 = EDGE_LOOP ( 'NONE', ( #2835, #855 ) ) ;
#1324 = AXIS2_PLACEMENT_3D ( 'NONE', #6245, #4687, #4187 ) ;
#1325 = CARTESIAN_POINT ( 'NONE',  ( 21.43895035093611057, 19.05992559667869202, -15.57630918575053514 ) ) ;
#1326 = LINE ( 'NONE', #6418, #2580 ) ;
#1327 = PRESENTATION_STYLE_ASSIGNMENT (( #1804 ) ) ;
#1328 = ADVANCED_FACE ( 'NONE', ( #1682, #2567 ), #5604, .F. ) ;
#1329 = DIRECTION ( 'NONE',  ( -0.8660254037844398178, 0.0000000000000000000, 0.4999999999999980016 ) ) ;
#1330 = AXIS2_PLACEMENT_3D ( 'NONE', #5467, #907, #6158 ) ;
#1331 = CARTESIAN_POINT ( 'NONE',  ( -0.2621677115422617055, -1.012984426388718884, 25.99899209292149393 ) ) ;
#1332 = CARTESIAN_POINT ( 'NONE',  ( 5.118487643167557077E-15, 50.69132565144401070, -27.86374894231407495 ) ) ;
#1333 = AXIS2_PLACEMENT_3D ( 'NONE', #3385, #2747, #6372 ) ;
#1334 = CARTESIAN_POINT ( 'NONE',  ( 16.37790070187221758, 3.981586063068586867, -22.54224642132905743 ) ) ;
#1335 = EDGE_LOOP ( 'NONE', ( #4137, #4008, #4699, #4769 ) ) ;
#1336 = CARTESIAN_POINT ( 'NONE',  ( 23.44994432064351741, -2.999999999999999556, 11.22943058924711757 ) ) ;
#1337 = CARTESIAN_POINT ( 'NONE',  ( 14.96681439593652740, 29.49313492447651797, -10.87402716741075004 ) ) ;
#1338 = EDGE_LOOP ( 'NONE', ( #64, #5321 ) ) ;
#1339 = CIRCLE ( 'NONE', #3246, 25.80000000000000426 ) ;
#1340 = CARTESIAN_POINT ( 'NONE',  ( -18.49999999999999645, 65.73283731119130380, 0.0000000000000000000 ) ) ;
#1341 = AXIS2_PLACEMENT_3D ( 'NONE', #3817, #4426, #2354 ) ;
#1342 = CARTESIAN_POINT ( 'NONE',  ( -21.44994432064368439, -2.999999999999999556, 14.69353220438454777 ) ) ;
#1343 = AXIS2_PLACEMENT_3D ( 'NONE', #528, #649, #2549 ) ;
#1344 = AXIS2_PLACEMENT_3D ( 'NONE', #819, #3386, #3774 ) ;
#1345 = CARTESIAN_POINT ( 'NONE',  ( -1.936233200357321049, 3.517652173243495550, -25.92781613242154748 ) ) ;
#1346 = VERTEX_POINT ( 'NONE', #5703 ) ;
#1347 = CARTESIAN_POINT ( 'NONE',  ( 5.716814395936525628, 79.26280010953064448, 17.59454555146034238 ) ) ;
#1348 = CARTESIAN_POINT ( 'NONE',  ( -21.43895035093611057, 65.14294891617325334, 15.57630918575053691 ) ) ;
#1349 = FILL_AREA_STYLE_COLOUR ( '', #685 ) ;
#1350 = DIRECTION ( 'NONE',  ( 0.0000000000000000000, 0.0000000000000000000, 1.000000000000000000 ) ) ;
#1351 = CARTESIAN_POINT ( 'NONE',  ( 21.44994432064347833, 2.999999999999999556, 14.69353220438484797 ) ) ;
#1352 = CARTESIAN_POINT ( 'NONE',  ( -26.50000000000000000, 48.22128844978336559, 8.610371950172016398 ) ) ;
#1353 = CARTESIAN_POINT ( 'NONE',  ( -18.50000000000000000, 36.86641865559565190, 0.0000000000000000000 ) ) ;
#1354 = SURFACE_STYLE_USAGE ( .BOTH. , #6410 ) ;
#1355 = CARTESIAN_POINT ( 'NONE',  ( -18.49999999999998934, 0.9216604663898882999, 6.011014380308763450 ) ) ;
#1356 = DIRECTION ( 'NONE',  ( 0.9172366328139147651, -0.3983427662506142664, 0.0000000000000000000 ) ) ;
#1357 = CARTESIAN_POINT ( 'NONE',  ( 11.43362879187305303, 72.18446057592053933, 15.73703995451274018 ) ) ;
#1358 = PLANE ( 'NONE',  #6540 ) ;
#1359 = ORIENTED_EDGE ( 'NONE', *, *, #665, .F. ) ;
#1360 = CARTESIAN_POINT ( 'NONE',  ( -26.50000000000000000, 17.51154886140792044, -8.610371950172025279 ) ) ;
#1361 =( NAMED_UNIT ( * ) PLANE_ANGLE_UNIT ( ) SI_UNIT ( $, .RADIAN. ) );
#1362 = CARTESIAN_POINT ( 'NONE',  ( 2.000000000000000000, -2.999999999999999556, 25.92296279363144507 ) ) ;
#1363 = EDGE_CURVE ( 'NONE', #3997, #3369, #2674, .T. ) ;
#1364 = CARTESIAN_POINT ( 'NONE',  ( -22.94673683506595907, -4.797922106088460481, -12.22546308705040730 ) ) ;
#1365 = CARTESIAN_POINT ( 'NONE',  ( -26.50000000000000000, 92.16604663898934291, 0.0000000000000000000 ) ) ;
#1366 = CARTESIAN_POINT ( 'NONE',  ( -16.37790070187220692, 7.668227928628152057, -22.54224642132905743 ) ) ;
#1367 =( NAMED_UNIT ( * ) SI_UNIT ( $, .STERADIAN. ) SOLID_ANGLE_UNIT ( ) );
#1368 = ORIENTED_EDGE ( 'NONE', *, *, #1456, .F. ) ;
#1369 = CYLINDRICAL_SURFACE ( 'NONE', #6004, 3.999999999999999112 ) ;
#1370 = CARTESIAN_POINT ( 'NONE',  ( 14.96681439593652563, 33.80649305891694212, 10.87402716741075537 ) ) ;
#1371 = ORIENTED_EDGE ( 'NONE', *, *, #3933, .F. ) ;
#1372 = EDGE_CURVE ( 'NONE', #1668, #3087, #6168, .T. ) ;
#1373 = CARTESIAN_POINT ( 'NONE',  ( 14.96681439593652740, 29.49313492447651797, -10.87402716741075004 ) ) ;
#1374 = ADVANCED_FACE ( 'NONE', ( #4206 ), #2170, .F. ) ;
#1375 = DIRECTION ( 'NONE',  ( -0.0000000000000000000, 1.000000000000000000, -0.0000000000000000000 ) ) ;
#1376 = CARTESIAN_POINT ( 'NONE',  ( 26.98076211353328091, 3.000000000000000000, -13.26794919243086923 ) ) ;
#1377 = ORIENTED_EDGE ( 'NONE', *, *, #2886, .T. ) ;
#1378 = APPLICATION_PROTOCOL_DEFINITION ( 'draft international standard', 'automotive_design', 1998, #2021 ) ;
#1379 = CARTESIAN_POINT ( 'NONE',  ( -2.000000000000000000, 3.000000000000000000, 18.00000000000000000 ) ) ;
#1380 = FACE_OUTER_BOUND ( 'NONE', #757, .T. ) ;
#1381 = CARTESIAN_POINT ( 'NONE',  ( -0.2611797855971092486, 1.000000000000000222, -26.00000000000001066 ) ) ;
#1382 = B_SPLINE_CURVE_WITH_KNOTS ( 'NONE', 3,
 ( #2643, #2768, #68, #3796 ),
 .UNSPECIFIED., .F., .F.,
 ( 4, 4 ),
 ( 0.02304641157051809386, 0.03959287584984032271 ),
 .UNSPECIFIED. ) ;
#1383 = CARTESIAN_POINT ( 'NONE',  ( 3.184081643531978727E-15, -5.000000000000000000, 26.00000000000000355 ) ) ;
#1384 = CARTESIAN_POINT ( 'NONE',  ( 18.49999999999999645, 1.216604663898912753, 2.265596578422603396E-15 ) ) ;
#1385 = CARTESIAN_POINT ( 'NONE',  ( -18.49999999999999645, 0.9216604663898884109, 6.011014380308765226 ) ) ;
#1386 = SHAPE_REPRESENTATION_RELATIONSHIP ( 'NONE' , 'NONE' ,  #1586, #4685 ) ;
#1387 = CARTESIAN_POINT ( 'NONE',  ( -5.716814395936527404, 11.68664186555955986, 17.59454555146033528 ) ) ;
#1388 =( NAMED_UNIT ( * ) PLANE_ANGLE_UNIT ( ) SI_UNIT ( $, .RADIAN. ) );
#1389 = CARTESIAN_POINT ( 'NONE',  ( 5.716814395936525628, 79.26280010953064448, 17.59454555146034238 ) ) ;
#1390 = CARTESIAN_POINT ( 'NONE',  ( -14.96681439593652740, 1.843320932779779708, 10.87402716741075359 ) ) ;
#1391 = CARTESIAN_POINT ( 'NONE',  ( -10.83917410271362947, 2.978641430428001780, 4.199999999999998401 ) ) ;
#1392 = ORIENTED_EDGE ( 'NONE', *, *, #1246, .F. ) ;
#1393 = CARTESIAN_POINT ( 'NONE',  ( -21.43895035093610346, 16.58988839501803980, -15.57630918575054402 ) ) ;
#1394 = CARTESIAN_POINT ( 'NONE',  ( 3.184081643530795435E-15, 1.000000000000000000, 26.00000000000000355 ) ) ;
#1395 = CARTESIAN_POINT ( 'NONE',  ( 16.58845726811996002, 3.000000000000000000, -7.267949192430963379 ) ) ;
#1396 = CARTESIAN_POINT ( 'NONE',  ( -2.000000000000000000, -3.132097601394181474, -25.92296279363144507 ) ) ;
#1397 = CARTESIAN_POINT ( 'NONE',  ( 5.880478871504073127E-17, 6.500000000000000888, 0.0000000000000000000 ) ) ;
#1398 = CARTESIAN_POINT ( 'NONE',  ( 8.188950350936103462, 60.82959078173281853, 25.20299768182156797 ) ) ;
#1399 = CARTESIAN_POINT ( 'NONE',  ( 26.50000000000000000, 18.72815352530684407, 8.610371950172021727 ) ) ;
#1400 = FACE_OUTER_BOUND ( 'NONE', #1942, .T. ) ;
#1401 = ORIENTED_EDGE ( 'NONE', *, *, #4746, .T. ) ;
#1402 = DIRECTION ( 'NONE',  ( -0.0000000000000000000, 1.000000000000000000, -0.0000000000000000000 ) ) ;
#1403 = CARTESIAN_POINT ( 'NONE',  ( 14.96681439593652740, 84.79276290786999937, -10.87402716741075004 ) ) ;
#1404 = DIRECTION ( 'NONE',  ( 0.0000000000000000000, 0.0000000000000000000, 1.000000000000000000 ) ) ;
#1405 = CARTESIAN_POINT ( 'NONE',  ( 0.8871720024485391098, 4.797247925438055560, 25.98514176970585865 ) ) ;
#1406 = EDGE_LOOP ( 'NONE', ( #4268, #5602 ) ) ;
#1407 = EDGE_CURVE ( 'NONE', #6163, #5093, #1718, .T. ) ;
#1408 = CARTESIAN_POINT ( 'NONE',  ( 14.96681439593652563, 33.80649305891694212, 10.87402716741075537 ) ) ;
#1409 = ORIENTED_EDGE ( 'NONE', *, *, #3410, .T. ) ;
#1410 = FILL_AREA_STYLE ('',( #4194 ) ) ;
#1411 = VECTOR ( 'NONE', #2642, 1000.000000000000000 ) ;
#1412 = EDGE_CURVE ( 'NONE', #1882, #5879, #3739, .T. ) ;
#1413 = CARTESIAN_POINT ( 'NONE',  ( -14.29545382280672605, -17.99999999999998579, -9.200000000000033040 ) ) ;
#1414 = FACE_OUTER_BOUND ( 'NONE', #4857, .T. ) ;
#1415 = CARTESIAN_POINT ( 'NONE',  ( -2.000000000000000000, -3.000000000000000000, 25.92296279363144151 ) ) ;
#1416 = CARTESIAN_POINT ( 'NONE',  ( -5.716814395936527404, -4.313358134440434810, 17.59454555146033528 ) ) ;
#1417 = CARTESIAN_POINT ( 'NONE',  ( 0.0000000000000000000, -3.000000000000000000, -18.00000000000000000 ) ) ;
#1418 = CARTESIAN_POINT ( 'NONE',  ( 11.43362879187305836, 19.98158606306857976, -15.73703995451274018 ) ) ;
#1419 = CARTESIAN_POINT ( 'NONE',  ( -5.716814395936523852, 70.04619544563172440, -17.59454555146034238 ) ) ;
#1420 = FACE_OUTER_BOUND ( 'NONE', #6515, .T. ) ;
#1421 = CARTESIAN_POINT ( 'NONE',  ( 22.18837393653926071, 4.898262313786329258, 13.55325668294941899 ) ) ;
#1422 = VERTEX_POINT ( 'NONE', #1613 ) ;
#1423 = CARTESIAN_POINT ( 'NONE',  ( -26.50000000000000000, 100.1660466389891297, 0.0000000000000000000 ) ) ;
#1424 = CARTESIAN_POINT ( 'NONE',  ( 23.00393417625778270, -4.747887204308613107, -12.11928163900959632 ) ) ;
#1425 = DIRECTION ( 'NONE',  ( -0.0000000000000000000, -1.000000000000000000, -0.0000000000000000000 ) ) ;
#1426 = SURFACE_STYLE_USAGE ( .BOTH. , #4521 ) ;
#1427 = SURFACE_SIDE_STYLE ('',( #2898 ) ) ;
#1428 = CARTESIAN_POINT ( 'NONE',  ( 8.188950350936103462, 52.82959078173281853, 25.20299768182156797 ) ) ;
#1429 = AXIS2_PLACEMENT_3D ( 'NONE', #6300, #1856, #779 ) ;
#1430 = CYLINDRICAL_SURFACE ( 'NONE', #5778, 2.000000000000000444 ) ;
#1431 = ORIENTED_EDGE ( 'NONE', *, *, #3577, .T. ) ;
#1432 = CARTESIAN_POINT ( 'NONE',  ( 23.40560076435804504, -3.644221969342632317, 11.32167762819592660 ) ) ;
#1433 = CARTESIAN_POINT ( 'NONE',  ( 5.716814395936525628, 31.96317212613717018, 17.59454555146034238 ) ) ;
#1434 = CARTESIAN_POINT ( 'NONE',  ( 18.49999999999999645, 83.87110244148009031, -6.011014380308762561 ) ) ;
#1435 = B_SPLINE_CURVE_WITH_KNOTS ( 'NONE', 3,
 ( #2052, #6018, #6480, #1928, #491, #3493, #4988, #3020, #3950, #2458, #4483, #6514, #5017, #5775, #2576, #2120, #6239, #2089, #6269, #4117, #6175, #4750, #5183, #173, #1155, #5739 ),
 .UNSPECIFIED., .F., .F.,
 ( 4, 2, 2, 2, 2, 2, 2, 2, 2, 2, 2, 2, 4 ),
 ( 0.006255220636914317865, 0.007036942637670583894, 0.007818664638426849056, 0.008209525638804979902, 0.008600386639183110749, 0.008991247639561243329, 0.009382108639939374176, 0.009772969640317505022, 0.01016383064069563760, 0.01055469164107376845, 0.01094555264145189930, 0.01172727464220815752, 0.01250899664296441748 ),
 .UNSPECIFIED. ) ;
#1436 = STYLED_ITEM ( 'NONE', ( #5980 ), #5310 ) ;
#1437 = VERTEX_POINT ( 'NONE', #67 ) ;
#1438 = STYLED_ITEM ( 'NONE', ( #1614 ), #4014 ) ;
#1439 = CARTESIAN_POINT ( 'NONE',  ( 1.219563002943716334, 4.590524944506802818, 25.97160979297014194 ) ) ;
#1440 = VERTEX_POINT ( 'NONE', #6233 ) ;
#1441 = ORIENTED_EDGE ( 'NONE', *, *, #672, .F. ) ;
#1442 = AXIS2_PLACEMENT_3D ( 'NONE', #1837, #5822, #829 ) ;
#1443 = PRESENTATION_LAYER_ASSIGNMENT (  '', '', ( #2509 ) ) ;
#1444 = ORIENTED_EDGE ( 'NONE', *, *, #1665, .T. ) ;
#1445 = DIRECTION ( 'NONE',  ( 0.0000000000000000000, 0.0000000000000000000, -1.000000000000000000 ) ) ;
#1446 = AXIS2_PLACEMENT_3D ( 'NONE', #242, #2853, #1694 ) ;
#1447 = AXIS2_PLACEMENT_3D ( 'NONE', #1080, #2609, #4645 ) ;
#1448 = CARTESIAN_POINT ( 'NONE',  ( -47.92474241349964359, -89.05057620040861366, 33.47621701760772339 ) ) ;
#1449 = EDGE_CURVE ( 'NONE', #3818, #5569, #4275, .T. ) ;
#1450 = FACE_OUTER_BOUND ( 'NONE', #3970, .T. ) ;
#1451 = CARTESIAN_POINT ( 'NONE',  ( -1.229267811122573439, 1.400951661980669893, -25.97158157558058278 ) ) ;
#1452 = CARTESIAN_POINT ( 'NONE',  ( -21.87731239353933077, 1.401099923658653434, -14.05052811941186874 ) ) ;
#1453 =( GEOMETRIC_REPRESENTATION_CONTEXT ( 3 ) GLOBAL_UNCERTAINTY_ASSIGNED_CONTEXT ( ( #4219 ) ) GLOBAL_UNIT_ASSIGNED_CONTEXT ( ( #6335, #232, #4337 ) ) REPRESENTATION_CONTEXT ( 'NONE', 'WORKASPACE' ) );
#1454 = CARTESIAN_POINT ( 'NONE',  ( 21.43895035093610346, 54.67291171451259402, 15.57630918575054046 ) ) ;
#1455 = CARTESIAN_POINT ( 'NONE',  ( -18.49999999999999645, 37.78807912198553254, 6.011014380308765226 ) ) ;
#1456 = EDGE_CURVE ( 'NONE', #2742, #6531, #5451, .T. ) ;
#1457 = CARTESIAN_POINT ( 'NONE',  ( -1.191094608787419176E-15, 12.60830233194944938, 19.45205114840793925 ) ) ;
#1458 = CARTESIAN_POINT ( 'NONE',  ( 18.50000000000000000, 64.51623264729239793, 2.265596578422603396E-15 ) ) ;
#1459 = CARTESIAN_POINT ( 'NONE',  ( -25.00000000000000000, -12.99999999999998579, 9.199999999999995737 ) ) ;
#1460 = CARTESIAN_POINT ( 'NONE',  ( 23.14916798868471304, 4.505477883781183301, 11.83742086669386140 ) ) ;
#1461 = ORIENTED_EDGE ( 'NONE', *, *, #5922, .F. ) ;
#1462 = B_SPLINE_CURVE_WITH_KNOTS ( 'NONE', 3,
 ( #3277, #164, #2743, #2263, #1784, #5303, #3800, #4772, #5765, #6294, #742, #5273, #4837, #298, #5831, #266, #5860, #808, #3700, #3338, #5732, #2201, #4241, #193, #6261, #1717, #4269, #2944, #5405, #1342 ),
 .UNSPECIFIED., .F., .F.,
 ( 4, 2, 2, 2, 2, 2, 2, 2, 2, 2, 2, 2, 2, 2, 4 ),
 ( 4.336808689942017736E-19, 0.0003909512898071406382, 0.0007819025796142808427, 0.001172853869421421101, 0.001563805159228561252, 0.002345707738842850009, 0.003127610318457138550, 0.003518561608264285205, 0.003909512898071433595, 0.004300464187878579383, 0.004691415477685726906, 0.005082366767492874429, 0.005473318057300021952, 0.005864269347107167740, 0.006255220636914315263 ),
 .UNSPECIFIED. ) ;
#1463 = CARTESIAN_POINT ( 'NONE',  ( -16.37790070187221403, 2.764981399169671672, 22.54224642132906098 ) ) ;
#1464 = DIRECTION ( 'NONE',  ( -0.4999999999999916733, 0.0000000000000000000, -0.8660254037844434816 ) ) ;
#1465 = CARTESIAN_POINT ( 'NONE',  ( 26.98076211353328091, -3.000000000000000000, -13.26794919243086923 ) ) ;
#1466 = CARTESIAN_POINT ( 'NONE',  ( -23.10184805376724171, -4.590495439860259985, -11.92964272333847120 ) ) ;
#1467 = CARTESIAN_POINT ( 'NONE',  ( -12.25160003522196028, 0.8319461311720981467, 4.750000000000000000 ) ) ;
#1468 = CARTESIAN_POINT ( 'NONE',  ( -1.706162547722519157E-15, 78.34113964314074963, 27.86374894231407495 ) ) ;
#1469 = CARTESIAN_POINT ( 'NONE',  ( -26.50000000000000000, 84.16604663898912975, 0.0000000000000000000 ) ) ;
#1470 = CARTESIAN_POINT ( 'NONE',  ( 2.000000000000000000, 3.000000000000000000, -25.92296279363144151 ) ) ;
#1471 = ORIENTED_EDGE ( 'NONE', *, *, #2304, .F. ) ;
#1472 = CARTESIAN_POINT ( 'NONE',  ( -21.88189406637032874, -1.410044673898284140, 14.04259742813423273 ) ) ;
#1473 = CARTESIAN_POINT ( 'NONE',  ( 11.43362879187305303, 32.88483259252705437, 15.73703995451274018 ) ) ;
#1474 = CARTESIAN_POINT ( 'NONE',  ( -18.50000000000000000, 55.29962798339347785, 0.0000000000000000000 ) ) ;
#1475 = CARTESIAN_POINT ( 'NONE',  ( -10.17629357874269225, -4.228539818807469430, -4.750000000000000000 ) ) ;
#1476 = CARTESIAN_POINT ( 'NONE',  ( 26.50000000000000000, 8.294944197509019901, 8.610371950172021727 ) ) ;
#1477 = EDGE_LOOP ( 'NONE', ( #1491, #2129, #4470, #2641 ) ) ;
#1478 = ORIENTED_EDGE ( 'NONE', *, *, #1580, .T. ) ;
#1479 = VERTEX_POINT ( 'NONE', #5238 ) ;
#1480 = CARTESIAN_POINT ( 'NONE',  ( -1.987040969230977838, 2.737943116801023535, -25.92397188689932719 ) ) ;
#1481 = CARTESIAN_POINT ( 'NONE',  ( -2.000000000000000000, -3.132227538786723553, 25.92296279363144862 ) ) ;
#1482 = CARTESIAN_POINT ( 'NONE',  ( -14.96681439593652563, 27.02309772281586575, -10.87402716741075714 ) ) ;
#1483 =( NAMED_UNIT ( * ) SI_UNIT ( $, .STERADIAN. ) SOLID_ANGLE_UNIT ( ) );
#1484 = CARTESIAN_POINT ( 'NONE',  ( -18.50000000000000000, 55.29962798339347785, 0.0000000000000000000 ) ) ;
#1485 = ADVANCED_FACE ( 'NONE', ( #3609, #4601 ), #3077, .F. ) ;
#1486 = CARTESIAN_POINT ( 'NONE',  ( 5.716814395936530069, 68.20287451285194891, -17.59454555146033883 ) ) ;
#1487 = CARTESIAN_POINT ( 'NONE',  ( -15.28716482956396128, 8.454084911686290837, -4.750000000000000888 ) ) ;
#1488 = AXIS2_PLACEMENT_3D ( 'NONE', #1538, #22, #5597 ) ;
#1489 = ADVANCED_FACE ( 'NONE', ( #671 ), #5634, .F. ) ;
#1490 = CARTESIAN_POINT ( 'NONE',  ( 0.0000000000000000000, 166.0000000000000000, 0.0000000000000000000 ) ) ;
#1491 = ORIENTED_EDGE ( 'NONE', *, *, #476, .T. ) ;
#1492 = CARTESIAN_POINT ( 'NONE',  ( -26.50000000000000000, 55.29962798339347785, 0.0000000000000000000 ) ) ;
#1493 = FILL_AREA_STYLE ('',( #1593 ) ) ;
#1494 = CARTESIAN_POINT ( 'NONE',  ( 21.67954373773904564, -4.220048631017376373, -14.35279237806561348 ) ) ;
#1495 = VECTOR ( 'NONE', #1306, 1000.000000000000114 ) ;
#1496 = CARTESIAN_POINT ( 'NONE',  ( -11.22551016258351453, -1.703522568795991177, 4.750000000000000888 ) ) ;
#1497 = PRESENTATION_STYLE_ASSIGNMENT (( #6583 ) ) ;
#1498 = EDGE_CURVE ( 'NONE', #2479, #2227, #5868, .T. ) ;
#1499 = STYLED_ITEM ( 'NONE', ( #207 ), #1205 ) ;
#1500 = CARTESIAN_POINT ( 'NONE',  ( 26.50000000000001066, 57.43789311368227857, -8.610371950172012845 ) ) ;
#1501 = CARTESIAN_POINT ( 'NONE',  ( 0.0000000000000000000, 4.000000000000000000, 0.0000000000000000000 ) ) ;
#1502 = CARTESIAN_POINT ( 'NONE',  ( -22.05967726121865979, -1.203251155002877715, 13.76173252969835481 ) ) ;
#1503 = CARTESIAN_POINT ( 'NONE',  ( 18.49999999999998934, 82.02778150870030061, 6.011014380308767002 ) ) ;
#1504 = CARTESIAN_POINT ( 'NONE',  ( 18.49999999999998934, 82.02778150870030061, 6.011014380308767002 ) ) ;
#1505 = CARTESIAN_POINT ( 'NONE',  ( 0.0000000000000000000, -3.000000000000000000, 18.00000000000000000 ) ) ;
#1506 = EDGE_CURVE ( 'NONE', #371, #5785, #5207, .T. ) ;
#1507 = CARTESIAN_POINT ( 'NONE',  ( -21.43895035093610346, 61.45630705061369525, -15.57630918575054224 ) ) ;
#1508 = VERTEX_POINT ( 'NONE', #638 ) ;
#1509 = VERTEX_POINT ( 'NONE', #165 ) ;
#1510 = EDGE_LOOP ( 'NONE', ( #1368, #4668, #4035, #2858 ) ) ;
#1511 = CARTESIAN_POINT ( 'NONE',  ( 3.184081643530795435E-15, 1.000000000000000000, 26.00000000000000355 ) ) ;
#1512 = CARTESIAN_POINT ( 'NONE',  ( 2.000000000000000000, -3.000000000000000000, -30.00000000000000000 ) ) ;
#1513 = DIRECTION ( 'NONE',  ( 0.5000000000000106581, 0.0000000000000000000, -0.8660254037844324904 ) ) ;
#1514 = CARTESIAN_POINT ( 'NONE',  ( -14.96681439593652563, 63.88951637841153541, -10.87402716741075714 ) ) ;
#1515 = SURFACE_SIDE_STYLE ('',( #4676 ) ) ;
#1516 = CARTESIAN_POINT ( 'NONE',  ( 11.43362879187305481, 67.28121404646206827, -15.73703995451273840 ) ) ;
#1517 = CARTESIAN_POINT ( 'NONE',  ( -14.96681439593652563, 35.02309772281586220, -10.87402716741075714 ) ) ;
#1518 = DIRECTION ( 'NONE',  ( 1.133932221432734415E-16, -1.000000000000000000, -0.0000000000000000000 ) ) ;
#1519 = CIRCLE ( 'NONE', #1206, 17.00000000000000355 ) ;
#1520 = CARTESIAN_POINT ( 'NONE',  ( 22.25430198870008880, 4.936577456714846157, 13.44479026276168732 ) ) ;
#1521 = ORIENTED_EDGE ( 'NONE', *, *, #3608, .F. ) ;
#1522 = CARTESIAN_POINT ( 'NONE',  ( 21.43895035093610346, 62.67291171451260112, 15.57630918575054046 ) ) ;
#1523 = CARTESIAN_POINT ( 'NONE',  ( -21.44994432064358492, -3.000000000000000444, -14.69353220438469876 ) ) ;
#1524 = DIRECTION ( 'NONE',  ( 1.000000000000000000, 1.133932221432734415E-16, 0.0000000000000000000 ) ) ;
#1525 = AXIS2_PLACEMENT_3D ( 'NONE', #1634, #5127, #3481 ) ;
#1526 = PRODUCT_RELATED_PRODUCT_CATEGORY ( 'part', '', ( #4798 ) ) ;
#1527 = DIRECTION ( 'NONE',  ( 1.000000000000000000, 0.0000000000000000000, -1.224646799147353207E-16 ) ) ;
#1528 = CARTESIAN_POINT ( 'NONE',  ( 0.6450754970183312231, -1.102350938058927587, -25.99227887627449718 ) ) ;
#1529 =( LENGTH_UNIT ( ) NAMED_UNIT ( * ) SI_UNIT ( .MILLI., .METRE. ) );
#1530 = CARTESIAN_POINT ( 'NONE',  ( 8.188950350936110567, 78.63608384064978907, -25.20299768182156797 ) ) ;
#1531 = AXIS2_PLACEMENT_3D ( 'NONE', #2848, #2419, #3976 ) ;
#1532 = CARTESIAN_POINT ( 'NONE',  ( 0.0000000000000000000, 0.0000000000000000000, 0.0000000000000000000 ) ) ;
#1533 = ORIENTED_EDGE ( 'NONE', *, *, #2478, .F. ) ;
#1534 = CARTESIAN_POINT ( 'NONE',  ( 18.49999999999999289, 90.02778150870031482, 6.011014380308770555 ) ) ;
#1535 = CARTESIAN_POINT ( 'NONE',  ( 3.573283826362257527E-15, 87.55774430703964128, -19.45205114840794280 ) ) ;
#1536 = EDGE_CURVE ( 'NONE', #1107, #4957, #1211, .T. ) ;
#1537 = DIRECTION ( 'NONE',  ( 0.0000000000000000000, 0.0000000000000000000, -1.000000000000000000 ) ) ;
#1538 = CARTESIAN_POINT ( 'NONE',  ( -15.58845726811985166, 3.000000000000000000, -9.000000000000071054 ) ) ;
#1539 = AXIS2_PLACEMENT_3D ( 'NONE', #1160, #623, #3190 ) ;
#1540 = CARTESIAN_POINT ( 'NONE',  ( -26.50000000000000000, 80.81117684480140895, -8.610371950172023503 ) ) ;
#1541 = ORIENTED_EDGE ( 'NONE', *, *, #6284, .T. ) ;
#1542 = ORIENTED_EDGE ( 'NONE', *, *, #314, .F. ) ;
#1543 = ORIENTED_EDGE ( 'NONE', *, *, #1737, .T. ) ;
#1544 = CARTESIAN_POINT ( 'NONE',  ( 0.6441351434807339738, 1.102037762796532760, 25.99230193435196412 ) ) ;
#1545 = PRESENTATION_LAYER_ASSIGNMENT (  '', '', ( #3355 ) ) ;
#1546 = AXIS2_PLACEMENT_3D ( 'NONE', #6357, #2329, #4866 ) ;
#1547 = DIRECTION ( 'NONE',  ( 0.0000000000000000000, 0.0000000000000000000, 1.000000000000000000 ) ) ;
#1548 = CARTESIAN_POINT ( 'NONE',  ( 3.184081643531978727E-15, -5.000000000000000000, 26.00000000000000355 ) ) ;
#1549 = CARTESIAN_POINT ( 'NONE',  ( 18.50000000000000355, 57.43789311368227857, -6.011014380308763450 ) ) ;
#1550 =( GEOMETRIC_REPRESENTATION_CONTEXT ( 3 ) GLOBAL_UNCERTAINTY_ASSIGNED_CONTEXT ( ( #2208 ) ) GLOBAL_UNIT_ASSIGNED_CONTEXT ( ( #2350, #5447, #2388 ) ) REPRESENTATION_CONTEXT ( 'NONE', 'WORKASPACE' ) );
#1551 = CARTESIAN_POINT ( 'NONE',  ( -11.43362879187305481, 84.49781871036094572, 15.73703995451274018 ) ) ;
#1552 = DIRECTION ( 'NONE',  ( 0.0000000000000000000, 0.0000000000000000000, 1.000000000000000000 ) ) ;
#1553 = AXIS2_PLACEMENT_3D ( 'NONE', #1448, #3447, #3482 ) ;
#1554 = CARTESIAN_POINT ( 'NONE',  ( -17.05069624023300889, 15.53307166425739361, -7.614776226690878502 ) ) ;
#1555 = APPLICATION_CONTEXT ( 'automotive_design' ) ;
#1556 = DIRECTION ( 'NONE',  ( 0.8660254037844328234, 0.0000000000000000000, 0.5000000000000101030 ) ) ;
#1557 = ORIENTED_EDGE ( 'NONE', *, *, #3361, .T. ) ;
#1558 = CARTESIAN_POINT ( 'NONE',  ( 26.50000000000000000, 82.02778150870030061, 8.610371950172021727 ) ) ;
#1559 = DIRECTION ( 'NONE',  ( 1.000000000000000000, -0.0000000000000000000, -0.0000000000000000000 ) ) ;
#1560 = SURFACE_SIDE_STYLE ('',( #6048 ) ) ;
#1561 = CARTESIAN_POINT ( 'NONE',  ( 1.599162224853030834, -1.770870739290017148, -25.95143147258137262 ) ) ;
#1562 = PLANE ( 'NONE',  #1113 ) ;
#1563 = CARTESIAN_POINT ( 'NONE',  ( -8.188950350936101685, 43.61298611783391266, -25.20299768182156797 ) ) ;
#1564 = CARTESIAN_POINT ( 'NONE',  ( -14.87783852261601147, -17.89533297955643576, 8.171090553515465871 ) ) ;
#1565 = CARTESIAN_POINT ( 'NONE',  ( -21.47977748589796221, -2.475793080304312888, 14.65022645404552293 ) ) ;
#1566 = EDGE_LOOP ( 'NONE', ( #3511, #1810 ) ) ;
#1567 = UNCERTAINTY_MEASURE_WITH_UNIT (LENGTH_MEASURE( 1.000000000000000082E-05 ), #915, 'distance_accuracy_value', 'NONE');
#1568 = CARTESIAN_POINT ( 'NONE',  ( 11.43362879187305836, 93.71442337425985158, -15.73703995451274018 ) ) ;
#1569 = CARTESIAN_POINT ( 'NONE',  ( 25.98076211353298604, -3.000000000000000000, 15.00000000000030376 ) ) ;
#1570 = EDGE_CURVE ( 'NONE', #3952, #4735, #2418, .T. ) ;
#1571 = CARTESIAN_POINT ( 'NONE',  ( -7.997358615261050296, 92.16604663898934291, -18.82740207222881423 ) ) ;
#1572 = LINE ( 'NONE', #3228, #6197 ) ;
#1573 = CARTESIAN_POINT ( 'NONE',  ( -14.88035303306656232, -17.89426118835186585, -8.165946923474793451 ) ) ;
#1574 = CARTESIAN_POINT ( 'NONE',  ( 5.500000000000010658, -150.0000000000000000, 0.0000000000000000000 ) ) ;
#1575 = CARTESIAN_POINT ( 'NONE',  ( -26.50000000000000000, 64.22128844978334428, 8.610371950172016398 ) ) ;
#1576 = EDGE_LOOP ( 'NONE', ( #161, #1943, #4296, #93 ) ) ;
#1577 = ORIENTED_EDGE ( 'NONE', *, *, #870, .T. ) ;
#1578 = EDGE_CURVE ( 'NONE', #3818, #4700, #1748, .T. ) ;
#1579 = EDGE_LOOP ( 'NONE', ( #1533, #3402, #768, #2534 ) ) ;
#1580 = EDGE_CURVE ( 'NONE', #3470, #1300, #876, .T. ) ;
#1581 = UNCERTAINTY_MEASURE_WITH_UNIT (LENGTH_MEASURE( 1.000000000000000082E-05 ), #5794, 'distance_accuracy_value', 'NONE');
#1582 = DIRECTION ( 'NONE',  ( 0.0000000000000000000, 1.000000000000000000, 0.0000000000000000000 ) ) ;
#1583 = FACE_OUTER_BOUND ( 'NONE', #6026, .T. ) ;
#1584 = DIRECTION ( 'NONE',  ( 1.133932221432734415E-16, -1.000000000000000000, -0.0000000000000000000 ) ) ;
#1585 = CARTESIAN_POINT ( 'NONE',  ( -5.716814395936523852, 6.746567462238259871, -17.59454555146034238 ) ) ;
#1586 = SHAPE_REPRESENTATION ( 'Damper body', ( #2408 ), #5911 ) ;
#1587 = CARTESIAN_POINT ( 'NONE',  ( -14.96681439593652563, 43.02309772281586220, -10.87402716741075714 ) ) ;
#1588 = CARTESIAN_POINT ( 'NONE',  ( -7.900826736998569189, 1.252577700832546990E-15, 18.89825491354190490 ) ) ;
#1589 = CARTESIAN_POINT ( 'NONE',  ( -17.17038395447274368, 14.06295688915553121, 5.783708300204096098 ) ) ;
#1590 = FILL_AREA_STYLE_COLOUR ( '', #4208 ) ;
#1591 = ORIENTED_EDGE ( 'NONE', *, *, #2956, .T. ) ;
#1592 = CARTESIAN_POINT ( 'NONE',  ( 5.118487643167556288E-15, 69.12453497924182955, -27.86374894231407140 ) ) ;
#1593 = FILL_AREA_STYLE_COLOUR ( '', #5254 ) ;
#1594 = CARTESIAN_POINT ( 'NONE',  ( 0.0000000000000000000, -4.000000000000000000, 0.0000000000000000000 ) ) ;
#1595 = DIRECTION ( 'NONE',  ( 0.0000000000000000000, 0.0000000000000000000, -1.000000000000000000 ) ) ;
#1596 = DIRECTION ( 'NONE',  ( 0.0000000000000000000, 0.0000000000000000000, 1.000000000000000000 ) ) ;
#1597 = DIRECTION ( 'NONE',  ( 1.000000000000000000, 0.0000000000000000000, 0.0000000000000000000 ) ) ;
#1598 = CARTESIAN_POINT ( 'NONE',  ( 18.49999999999999645, 1.216604663898912753, 2.265596578422603396E-15 ) ) ;
#1599 = CARTESIAN_POINT ( 'NONE',  ( -15.60875287314395443, -16.73274361094532736, 5.869066543646238365 ) ) ;
#1600 = DIRECTION ( 'NONE',  ( -0.5000000000000044409, 0.0000000000000000000, 0.8660254037844361541 ) ) ;
#1601 = ORIENTED_EDGE ( 'NONE', *, *, #5155, .F. ) ;
#1602 = CARTESIAN_POINT ( 'NONE',  ( 5.716814395936530069, 76.20287451285194891, -17.59454555146033528 ) ) ;
#1603 = CARTESIAN_POINT ( 'NONE',  ( 0.0000000000000000000, -4.000000000000000000, -3.999999999999998224 ) ) ;
#1604 = CIRCLE ( 'NONE', #745, 25.75000000000000000 ) ;
#1605 = CARTESIAN_POINT ( 'NONE',  ( -25.67552483090784676, 92.16604663898934291, -6.439354695169480891 ) ) ;
#1606 = CARTESIAN_POINT ( 'NONE',  ( -22.64751431602417853, 1.000093912559426812, 12.77334009141746485 ) ) ;
#1607 = DIRECTION ( 'NONE',  ( -0.8660254037844328234, 0.0000000000000000000, -0.5000000000000101030 ) ) ;
#1608 = DIRECTION ( 'NONE',  ( 0.0000000000000000000, 0.0000000000000000000, 1.000000000000000000 ) ) ;
#1609 = CARTESIAN_POINT ( 'NONE',  ( -8.188950350936101685, 51.61298611783390555, -25.20299768182156797 ) ) ;
#1610 = CYLINDRICAL_SURFACE ( 'NONE', #674, 4.999999999999997335 ) ;
#1611 = ORIENTED_EDGE ( 'NONE', *, *, #4703, .F. ) ;
#1612 = ORIENTED_EDGE ( 'NONE', *, *, #3033, .T. ) ;
#1613 = CARTESIAN_POINT ( 'NONE',  ( 17.00000000000000711, -19.99999999999998579, 0.0000000000000000000 ) ) ;
#1614 = PRESENTATION_STYLE_ASSIGNMENT (( #5605 ) ) ;
#1615 = CARTESIAN_POINT ( 'NONE',  ( -17.00000000000000000, -19.99999999999999289, 2.081899558550500674E-15 ) ) ;
#1616 = CARTESIAN_POINT ( 'NONE',  ( 11.43362879187305303, 16.88483259252706503, 15.73703995451274018 ) ) ;
#1617 = ADVANCED_FACE ( 'NONE', ( #1681, #5370 ), #1815, .F. ) ;
#1618 =( NAMED_UNIT ( * ) PLANE_ANGLE_UNIT ( ) SI_UNIT ( $, .RADIAN. ) );
#1619 = CARTESIAN_POINT ( 'NONE',  ( 18.49999999999999289, 53.16136285310467002, 6.011014380308770555 ) ) ;
#1620 = CARTESIAN_POINT ( 'NONE',  ( -4.595013173789717520, 7.298984812250939387E-14, 22.07596367556155670 ) ) ;
#1621 = DIRECTION ( 'NONE',  ( 1.000000000000000000, 0.0000000000000000000, 1.224646799147353207E-16 ) ) ;
#1622 = CARTESIAN_POINT ( 'NONE',  ( -26.50000000000000000, 54.37796751700358300, -8.610371950172025279 ) ) ;
#1623 = LINE ( 'NONE', #5116, #5470 ) ;
#1624 = CARTESIAN_POINT ( 'NONE',  ( -23.44994432064367373, 3.264333351383486015, 11.22943058924678716 ) ) ;
#1625 = DIRECTION ( 'NONE',  ( 4.315389795141413139E-17, 0.9358576391944498640, -0.3523783182339557674 ) ) ;
#1626 = CARTESIAN_POINT ( 'NONE',  ( 2.000000000000000000, -2.999999999999999556, 18.00000000000000000 ) ) ;
#1627 = CARTESIAN_POINT ( 'NONE',  ( 21.99757286312947357, 1.252112795691386005, 13.86235056411953792 ) ) ;
#1628 = AXIS2_PLACEMENT_3D ( 'NONE', #5175, #4242, #6262 ) ;
#1629 = CARTESIAN_POINT ( 'NONE',  ( -5.716814395936523852, 25.17977679003608671, -17.59454555146034238 ) ) ;
#1630 = CARTESIAN_POINT ( 'NONE',  ( -15.31659774538938379, -17.55679481259592123, 7.117216504354865414 ) ) ;
#1631 = DIRECTION ( 'NONE',  ( -0.8660254037844362651, 0.0000000000000000000, -0.5000000000000039968 ) ) ;
#1632 = VERTEX_POINT ( 'NONE', #1244 ) ;
#1633 = CARTESIAN_POINT ( 'NONE',  ( -18.49999999999999289, 64.22128844978334428, 6.011014380308766114 ) ) ;
#1634 = CARTESIAN_POINT ( 'NONE',  ( 0.0000000000000000000, -5.800000000000001599, 25.80000000000000426 ) ) ;
#1635 = CARTESIAN_POINT ( 'NONE',  ( -26.49999999999999289, 92.16604663898934291, -1.314969683686502577 ) ) ;
#1636 = CIRCLE ( 'NONE', #1744, 6.500000000000000888 ) ;
#1637 = DIRECTION ( 'NONE',  ( -1.000000000000000000, 0.0000000000000000000, 0.0000000000000000000 ) ) ;
#1638 = DIRECTION ( 'NONE',  ( 0.0000000000000000000, -1.840854212694046822E-16, 1.000000000000000000 ) ) ;
#1639 = CARTESIAN_POINT ( 'NONE',  ( 21.43895035093610701, 29.49313492447651797, -15.57630918575053514 ) ) ;
#1640 = CIRCLE ( 'NONE', #466, 17.75000000000000000 ) ;
#1641 = ORIENTED_EDGE ( 'NONE', *, *, #1665, .F. ) ;
#1642 = ORIENTED_EDGE ( 'NONE', *, *, #3076, .F. ) ;
#1643 = ORIENTED_EDGE ( 'NONE', *, *, #3004, .T. ) ;
#1644 =( GEOMETRIC_REPRESENTATION_CONTEXT ( 3 ) GLOBAL_UNCERTAINTY_ASSIGNED_CONTEXT ( ( #2043 ) ) GLOBAL_UNIT_ASSIGNED_CONTEXT ( ( #2001, #3063, #5062 ) ) REPRESENTATION_CONTEXT ( 'NONE', 'WORKASPACE' ) );
#1645 = CARTESIAN_POINT ( 'NONE',  ( 24.98076211353296472, 3.000000000000000000, 16.73205080756916985 ) ) ;
#1646 = CIRCLE ( 'NONE', #4081, 25.80000000000000426 ) ;
#1647 = CARTESIAN_POINT ( 'NONE',  ( 1.022960916313601904E-15, 2.978641430428003112, 0.0000000000000000000 ) ) ;
#1648 = CARTESIAN_POINT ( 'NONE',  ( -1.191094608787419176E-15, 4.608302331949454711, 19.45205114840794280 ) ) ;
#1649 = EDGE_CURVE ( 'NONE', #5037, #867, #1462, .T. ) ;
#1650 = CIRCLE ( 'NONE', #1330, 6.500000000000000888 ) ;
#1651 = STYLED_ITEM ( 'NONE', ( #4722 ), #4333 ) ;
#1652 =( LENGTH_UNIT ( ) NAMED_UNIT ( * ) SI_UNIT ( .MILLI., .METRE. ) );
#1653 = CARTESIAN_POINT ( 'NONE',  ( 18.50000000000000355, 55.00468378588444551, -6.011014380308763450 ) ) ;
#1654 = CARTESIAN_POINT ( 'NONE',  ( -15.92108887396034866, -3.338352048545640187E-16, 10.19939402440812160 ) ) ;
#1655 = CARTESIAN_POINT ( 'NONE',  ( -16.12900059345780690, 15.99999999999998579, -9.750000000000035527 ) ) ;
#1656 = EDGE_CURVE ( 'NONE', #2640, #2705, #4597, .T. ) ;
#1657 = CARTESIAN_POINT ( 'NONE',  ( 6.075285034573138752E-16, -4.960846701924986668, 4.199999999999997513 ) ) ;
#1658 =( GEOMETRIC_REPRESENTATION_CONTEXT ( 3 ) GLOBAL_UNCERTAINTY_ASSIGNED_CONTEXT ( ( #6366 ) ) GLOBAL_UNIT_ASSIGNED_CONTEXT ( ( #4816, #319, #5419 ) ) REPRESENTATION_CONTEXT ( 'NONE', 'WORKASPACE' ) );
#1659 = CARTESIAN_POINT ( 'NONE',  ( 16.37790070187220692, 16.88483259252706503, 22.54224642132905743 ) ) ;
#1660 = FILL_AREA_STYLE_COLOUR ( '', #3758 ) ;
#1661 = DIRECTION ( 'NONE',  ( 1.000000000000000000, 0.0000000000000000000, 0.0000000000000000000 ) ) ;
#1662 = CARTESIAN_POINT ( 'NONE',  ( -1.987015557333667415, -2.737832203458087754, -25.92397379989686002 ) ) ;
#1663 = CARTESIAN_POINT ( 'NONE',  ( -15.58845726811985166, 3.000000000000000000, -9.000000000000071054 ) ) ;
#1664 = DIRECTION ( 'NONE',  ( 1.000000000000000000, 2.040851148208007998E-16, 0.0000000000000000000 ) ) ;
#1665 = EDGE_CURVE ( 'NONE', #2440, #2355, #125, .T. ) ;
#1666 = CARTESIAN_POINT ( 'NONE',  ( 14.96681439593652563, -0.6267162688808700644, 10.87402716741075537 ) ) ;
#1667 =( NAMED_UNIT ( * ) SI_UNIT ( $, .STERADIAN. ) SOLID_ANGLE_UNIT ( ) );
#1668 = VERTEX_POINT ( 'NONE', #2411 ) ;
#1669 = CARTESIAN_POINT ( 'NONE',  ( 3.573283826362257527E-15, 77.12453497924182955, -19.45205114840793925 ) ) ;
#1670 = CARTESIAN_POINT ( 'NONE',  ( 22.45177255886785872, 0.9999532373881595548, -13.11239640230770931 ) ) ;
#1671 = PRESENTATION_LAYER_ASSIGNMENT (  '', '', ( #6446 ) ) ;
#1672 = CARTESIAN_POINT ( 'NONE',  ( -4.571554662336866137, 92.16604663898931449, -21.93335933448784303 ) ) ;
#1673 = FACE_OUTER_BOUND ( 'NONE', #5206, .T. ) ;
#1674 = CARTESIAN_POINT ( 'NONE',  ( -15.14849602336246193, -17.72653438237838941, -7.561159189340626696 ) ) ;
#1675 = CARTESIAN_POINT ( 'NONE',  ( -25.98076211353308906, -3.000000000000000000, -15.00000000000012079 ) ) ;
#1676 = PRODUCT_DEFINITION_CONTEXT ( 'detailed design', #2923, 'design' ) ;
#1677 = CARTESIAN_POINT ( 'NONE',  ( -26.50000000000000000, 54.37796751700358300, -8.610371950172025279 ) ) ;
#1678 = ORIENTED_EDGE ( 'NONE', *, *, #1169, .T. ) ;
#1679 = ORIENTED_EDGE ( 'NONE', *, *, #1407, .F. ) ;
#1680 = ORIENTED_EDGE ( 'NONE', *, *, #6500, .F. ) ;
#1681 = FACE_BOUND ( 'NONE', #5100, .T. ) ;
#1682 = FACE_OUTER_BOUND ( 'NONE', #2577, .T. ) ;
#1683 = DIRECTION ( 'NONE',  ( -0.0000000000000000000, -1.000000000000000000, -0.0000000000000000000 ) ) ;
#1684 = APPLICATION_CONTEXT ( 'automotive_design' ) ;
#1685 = CARTESIAN_POINT ( 'NONE',  ( 16.37790070187220692, 14.45162326472923553, 22.54224642132905743 ) ) ;
#1686 = CARTESIAN_POINT ( 'NONE',  ( -18.49999999999998934, 91.24438617259924911, -6.011014380308772331 ) ) ;
#1687 = CARTESIAN_POINT ( 'NONE',  ( -16.52710660404623155, 11.63810753002814735, -4.780420282760280415 ) ) ;
#1688 = DIRECTION ( 'NONE',  ( -0.0000000000000000000, -1.000000000000000000, -0.0000000000000000000 ) ) ;
#1689 = UNCERTAINTY_MEASURE_WITH_UNIT (LENGTH_MEASURE( 1.000000000000000082E-05 ), #4040, 'distance_accuracy_value', 'NONE');
#1690 = CARTESIAN_POINT ( 'NONE',  ( -1.706162547722519354E-15, 15.04151165974728421, 27.86374894231408206 ) ) ;
#1691 = CARTESIAN_POINT ( 'NONE',  ( 22.94668621860951774, -1.202016574495807566, -12.22555913839051911 ) ) ;
#1692 = EDGE_CURVE ( 'NONE', #4660, #3441, #657, .T. ) ;
#1693 = CARTESIAN_POINT ( 'NONE',  ( -21.99861721356556998, 4.735267902271487195, 13.85902850677176090 ) ) ;
#1694 = DIRECTION ( 'NONE',  ( -1.000000000000000000, 0.0000000000000000000, 0.0000000000000000000 ) ) ;
#1695 = DIRECTION ( 'NONE',  ( 1.000000000000000000, 1.119229979353040281E-16, 0.0000000000000000000 ) ) ;
#1696 = CARTESIAN_POINT ( 'NONE',  ( 2.000000000000000444, -3.130524263448740019, 25.92296279363144507 ) ) ;
#1697 = EDGE_CURVE ( 'NONE', #4868, #463, #909, .T. ) ;
#1698 = CARTESIAN_POINT ( 'NONE',  ( -14.96681439593652740, 30.70973958837542739, 10.87402716741075359 ) ) ;
#1699 = DIRECTION ( 'NONE',  ( 1.133932221432734415E-16, -1.000000000000000000, -0.0000000000000000000 ) ) ;
#1700 = CARTESIAN_POINT ( 'NONE',  ( -2.000000000000000000, 3.000000000000000000, 25.92296279363144151 ) ) ;
#1701 = ORIENTED_EDGE ( 'NONE', *, *, #1412, .F. ) ;
#1702 = CARTESIAN_POINT ( 'NONE',  ( 8.188950350936103462, 31.96317212613717018, 25.20299768182156797 ) ) ;
#1703 = CARTESIAN_POINT ( 'NONE',  ( 23.44994432064376255, 2.867802793624276703, -11.22943058924662729 ) ) ;
#1704 = PLANE ( 'NONE',  #2088 ) ;
#1705 = ADVANCED_FACE ( 'NONE', ( #6498 ), #2370, .F. ) ;
#1706 = EDGE_CURVE ( 'NONE', #3369, #4256, #3215, .T. ) ;
#1707 = CARTESIAN_POINT ( 'NONE',  ( -21.72589119250959300, -4.322266500894266450, -14.28265333861175712 ) ) ;
#1708 =( NAMED_UNIT ( * ) PLANE_ANGLE_UNIT ( ) SI_UNIT ( $, .RADIAN. ) );
#1709 = CARTESIAN_POINT ( 'NONE',  ( -8.188950350936101685, 14.74656746223825898, -25.20299768182156797 ) ) ;
#1710 = CONTEXT_DEPENDENT_SHAPE_REPRESENTATION ( #2359, #1940 ) ;
#1711 = CARTESIAN_POINT ( 'NONE',  ( -8.188950350936101685, 14.74656746223825898, -25.20299768182156797 ) ) ;
#1712 = ORIENTED_EDGE ( 'NONE', *, *, #3640, .T. ) ;
#1713 = ORIENTED_EDGE ( 'NONE', *, *, #5108, .T. ) ;
#1714 = VECTOR ( 'NONE', #2106, 1000.000000000000000 ) ;
#1715 = CARTESIAN_POINT ( 'NONE',  ( -11.43362879187304948, 15.66822792862814673, -15.73703995451274196 ) ) ;
#1716 = EDGE_LOOP ( 'NONE', ( #3194, #2767, #5420, #4885 ) ) ;
#1717 = CARTESIAN_POINT ( 'NONE',  ( -21.50766082165450399, -3.644221969342631429, 14.60900603867278491 ) ) ;
#1718 = LINE ( 'NONE', #4704, #558 ) ;
#1719 = CYLINDRICAL_SURFACE ( 'NONE', #582, 4.999999999999999112 ) ;
#1720 = SHAPE_REPRESENTATION_RELATIONSHIP ( 'NONE' , 'NONE' ,  #4086, #6107 ) ;
#1721 = CARTESIAN_POINT ( 'NONE',  ( 21.43895035093611057, 37.49313492447650731, -15.57630918575053514 ) ) ;
#1722 = CARTESIAN_POINT ( 'NONE',  ( -13.78254608351591770, 4.871425985047642815E-13, 21.15421279270066179 ) ) ;
#1723 = PRODUCT ( 'Shock Absorber', 'Shock Absorber', '', ( #2448 ) ) ;
#1724 = DIRECTION ( 'NONE',  ( -0.9172366328139147651, -0.3983427662506144884, 1.123290906436256805E-16 ) ) ;
#1725 = DIRECTION ( 'NONE',  ( 8.659560562354690037E-17, 0.7071067811865675568, -0.7071067811865275887 ) ) ;
#1726 = CARTESIAN_POINT ( 'NONE',  ( -26.50000000000000000, 92.16604663898912975, 0.0000000000000000000 ) ) ;
#1727 = CARTESIAN_POINT ( 'NONE',  ( 21.88189406637043533, -1.410044673898285250, -14.04259742813408351 ) ) ;
#1728 = CARTESIAN_POINT ( 'NONE',  ( -1.747182461836130463, 4.007536724531405525, 25.94142199106030588 ) ) ;
#1729 = CARTESIAN_POINT ( 'NONE',  ( -26.98076211353319209, -3.000000000000000000, 13.26794919243105753 ) ) ;
#1730 = CARTESIAN_POINT ( 'NONE',  ( -11.43362879187304948, 15.66822792862814673, -15.73703995451274196 ) ) ;
#1731 = CARTESIAN_POINT ( 'NONE',  ( 1.935790371729210646, -3.519417250144838416, 25.92784937063004946 ) ) ;
#1732 = CARTESIAN_POINT ( 'NONE',  ( -11.43362879187305481, 13.19819072696749807, 15.73703995451274018 ) ) ;
#1733 = CARTESIAN_POINT ( 'NONE',  ( 0.0000000000000000000, 6.000000000000000000, 0.0000000000000000000 ) ) ;
#1734 = VERTEX_POINT ( 'NONE', #5034 ) ;
#1735 = CARTESIAN_POINT ( 'NONE',  ( -26.50000000000000000, 25.51154886140792755, -8.610371950172023503 ) ) ;
#1736 = CARTESIAN_POINT ( 'NONE',  ( 21.88229768336697845, 1.409504560139741569, -14.04196592726118809 ) ) ;
#1737 = EDGE_CURVE ( 'NONE', #2499, #433, #3005, .T. ) ;
#1738 = VECTOR ( 'NONE', #1356, 1000.000000000000227 ) ;
#1739 = CARTESIAN_POINT ( 'NONE',  ( 2.000000000000000000, 3.000000000000000000, -25.92296279363144151 ) ) ;
#1740 = CARTESIAN_POINT ( 'NONE',  ( -1.598224892267636976, -1.769684818843141327, 25.95148932253619378 ) ) ;
#1741 = CARTESIAN_POINT ( 'NONE',  ( -8.188950350936101685, 33.17977679003608671, -25.20299768182156797 ) ) ;
#1742 = CARTESIAN_POINT ( 'NONE',  ( -21.43895035093610346, 16.58988839501803980, -15.57630918575054402 ) ) ;
#1743 = ORIENTED_EDGE ( 'NONE', *, *, #1456, .T. ) ;
#1744 = AXIS2_PLACEMENT_3D ( 'NONE', #910, #869, #4440 ) ;
#1745 = EDGE_CURVE ( 'NONE', #4168, #1632, #4917, .T. ) ;
#1746 = CARTESIAN_POINT ( 'NONE',  ( -14.96681439593652740, 20.27653026057760499, 10.87402716741075359 ) ) ;
#1747 = ORIENTED_EDGE ( 'NONE', *, *, #5931, .T. ) ;
#1748 = LINE ( 'NONE', #669, #1845 ) ;
#1749 = AXIS2_PLACEMENT_3D ( 'NONE', #2661, #2322, #3294 ) ;
#1750 = CIRCLE ( 'NONE', #5887, 25.80000000000000426 ) ;
#1751 = B_SPLINE_CURVE_WITH_KNOTS ( 'NONE', 3,
 ( #1764, #2215, #2689, #4253, #6276, #2757, #1256, #4226, #2281, #3191, #4813, #5258, #244, #2786, #1731, #5782, #1696, #754 ),
 .UNSPECIFIED., .F., .F.,
 ( 4, 2, 2, 2, 2, 2, 2, 2, 4 ),
 ( 0.003128327943013887221, 0.003519189529751441323, 0.003910051116488995858, 0.004300912703226549526, 0.004691774289964104061, 0.005082635876701657729, 0.005473497463439212264, 0.005864359050176766799, 0.006255220636914320467 ),
 .UNSPECIFIED. ) ;
#1752 =( NAMED_UNIT ( * ) SI_UNIT ( $, .STERADIAN. ) SOLID_ANGLE_UNIT ( ) );
#1753 = CARTESIAN_POINT ( 'NONE',  ( 26.50000000000000000, 53.16136285310467002, 8.610371950172021727 ) ) ;
#1754 = CIRCLE ( 'NONE', #4836, 12.00000000000000178 ) ;
#1755 = CARTESIAN_POINT ( 'NONE',  ( -22.46128506504406630, 8.207373243153428766E-16, 13.49663744359430773 ) ) ;
#1756 = FACE_OUTER_BOUND ( 'NONE', #4405, .T. ) ;
#1757 = CARTESIAN_POINT ( 'NONE',  ( 15.58845726811997778, -3.000000000000000000, -8.999999999999854339 ) ) ;
#1758 = CARTESIAN_POINT ( 'NONE',  ( -26.50000000000000000, 27.94475818920576415, -8.610371950172023503 ) ) ;
#1759 = CARTESIAN_POINT ( 'NONE',  ( 22.38543338271162142, -1.012791619669421772, 13.22530583699646201 ) ) ;
#1760 = AXIS2_PLACEMENT_3D ( 'NONE', #792, #1835, #4763 ) ;
#1761 = PRESENTATION_STYLE_ASSIGNMENT (( #4278 ) ) ;
#1762 = CARTESIAN_POINT ( 'NONE',  ( 1.320880614180545365, 1.492451543258218383, -25.96659419431155769 ) ) ;
#1763 = CARTESIAN_POINT ( 'NONE',  ( -11.43362879187304948, 52.53464658422380040, -15.73703995451274196 ) ) ;
#1764 = CARTESIAN_POINT ( 'NONE',  ( 3.184081643531978727E-15, -5.000000000000000000, 26.00000000000000355 ) ) ;
#1765 = CARTESIAN_POINT ( 'NONE',  ( -14.96681439593652563, 82.32272570620935426, -10.87402716741075714 ) ) ;
#1766 = AXIS2_PLACEMENT_3D ( 'NONE', #797, #5361, #4765 ) ;
#1767 = FILL_AREA_STYLE_COLOUR ( '', #3253 ) ;
#1768 = VERTEX_POINT ( 'NONE', #6529 ) ;
#1769 = CARTESIAN_POINT ( 'NONE',  ( -8.188950350936101685, 41.17977679003607960, -25.20299768182156797 ) ) ;
#1770 = CARTESIAN_POINT ( 'NONE',  ( 16.28571998612485672, 10.99999999999995026, 4.750000000000000000 ) ) ;
#1771 = DIRECTION ( 'NONE',  ( 0.0000000000000000000, -2.913572898174986172E-16, -1.000000000000000000 ) ) ;
#1772 = AXIS2_PLACEMENT_3D ( 'NONE', #4038, #4447, #385 ) ;
#1773 = CYLINDRICAL_SURFACE ( 'NONE', #1977, 2.000000000000000444 ) ;
#1774 = CARTESIAN_POINT ( 'NONE',  ( 8.188950350936110567, 31.33645585725630056, -25.20299768182156797 ) ) ;
#1775 = CARTESIAN_POINT ( 'NONE',  ( -1.706162547722519354E-15, 15.04151165974728421, 27.86374894231408206 ) ) ;
#1776 = CARTESIAN_POINT ( 'NONE',  ( 8.000000000000000000, 9.797174393178825657E-16, 8.000000000000000000 ) ) ;
#1777 = ORIENTED_EDGE ( 'NONE', *, *, #6129, .T. ) ;
#1778 = DIRECTION ( 'NONE',  ( 1.000000000000000000, 1.347358039593636473E-16, 0.0000000000000000000 ) ) ;
#1779 = PRODUCT_DEFINITION_FORMATION_WITH_SPECIFIED_SOURCE ( 'ANY', '', #4798, .NOT_KNOWN. ) ;
#1780 = VECTOR ( 'NONE', #5524, 1000.000000000000114 ) ;
#1781 = CARTESIAN_POINT ( 'NONE',  ( -1.191094608787419176E-15, 59.90793031534291657, 19.45205114840794280 ) ) ;
#1782 = ORIENTED_EDGE ( 'NONE', *, *, #2744, .F. ) ;
#1783 = CARTESIAN_POINT ( 'NONE',  ( -14.96681439593652563, 35.02309772281586220, -10.87402716741075714 ) ) ;
#1784 = CARTESIAN_POINT ( 'NONE',  ( -23.40549445491524239, -3.644930465593540614, 11.32189751909551134 ) ) ;
#1785 = EDGE_CURVE ( 'NONE', #6227, #1849, #1636, .T. ) ;
#1786 = CARTESIAN_POINT ( 'NONE',  ( 14.65219935906690196, -17.97485684199674338, 8.614309995686102894 ) ) ;
#1787 = ADVANCED_FACE ( 'NONE', ( #3475 ), #5897, .T. ) ;
#1788 = CARTESIAN_POINT ( 'NONE',  ( -5.716814395936523852, 51.61298611783390555, -17.59454555146034238 ) ) ;
#1789 = UNCERTAINTY_MEASURE_WITH_UNIT (LENGTH_MEASURE( 1.000000000000000082E-05 ), #3283, 'distance_accuracy_value', 'NONE');
#1790 = ADVANCED_FACE ( 'NONE', ( #374 ), #2870, .F. ) ;
#1791 = CARTESIAN_POINT ( 'NONE',  ( 14.96681439593652563, 89.10612104231043418, 10.87402716741075537 ) ) ;
#1792 = CARTESIAN_POINT ( 'NONE',  ( -8.524720607941633332, -1.156531874477892990E-16, 22.78255843416215853 ) ) ;
#1793 = CARTESIAN_POINT ( 'NONE',  ( 0.0000000000000000000, 0.0000000000000000000, 0.0000000000000000000 ) ) ;
#1794 = CARTESIAN_POINT ( 'NONE',  ( 0.0000000000000000000, 0.0000000000000000000, 25.80000000000000782 ) ) ;
#1795 = CARTESIAN_POINT ( 'NONE',  ( -8.188950350936107014, -4.313358134440433922, 25.20299768182156797 ) ) ;
#1796 = CARTESIAN_POINT ( 'NONE',  ( 21.82609118018721261, -1.494522116218817143, -14.12905712132759639 ) ) ;
#1797 = DIRECTION ( 'NONE',  ( -1.000000000000000000, 0.0000000000000000000, 0.0000000000000000000 ) ) ;
#1798 = DIRECTION ( 'NONE',  ( -0.4999999999999983902, 0.0000000000000000000, -0.8660254037844397068 ) ) ;
#1799 = CARTESIAN_POINT ( 'NONE',  ( -5.716814395936527404, 3.686641865559562525, 17.59454555146033883 ) ) ;
#1800 = DIRECTION ( 'NONE',  ( -1.000000000000000000, 0.0000000000000000000, 0.0000000000000000000 ) ) ;
#1801 = CARTESIAN_POINT ( 'NONE',  ( 14.96681439593652563, 25.80649305891694922, 10.87402716741075537 ) ) ;
#1802 = VERTEX_POINT ( 'NONE', #1475 ) ;
#1803 = CARTESIAN_POINT ( 'NONE',  ( -16.37790070187221048, 29.19819072696749274, 22.54224642132905743 ) ) ;
#1804 = SURFACE_STYLE_USAGE ( .BOTH. , #2289 ) ;
#1805 = CARTESIAN_POINT ( 'NONE',  ( 1.322517771194426706, 4.505976887308539958, -25.96650680336586703 ) ) ;
#1806 = CARTESIAN_POINT ( 'NONE',  ( -1.321557316809960803, -1.493186865866144686, 25.96655572990725958 ) ) ;
#1807 = CARTESIAN_POINT ( 'NONE',  ( 16.37790070187221048, 6.451623264729236418, 22.54224642132906098 ) ) ;
#1808 = CARTESIAN_POINT ( 'NONE',  ( 8.188950350936110567, 23.33645585725630056, -25.20299768182156797 ) ) ;
#1809 = FACE_OUTER_BOUND ( 'NONE', #3986, .T. ) ;
#1810 = ORIENTED_EDGE ( 'NONE', *, *, #2173, .T. ) ;
#1811 = DIRECTION ( 'NONE',  ( 0.0000000000000000000, 0.0000000000000000000, 1.000000000000000000 ) ) ;
#1812 = CARTESIAN_POINT ( 'NONE',  ( 5.716814395936530069, 31.33645585725630056, -17.59454555146033883 ) ) ;
#1813 = ORIENTED_EDGE ( 'NONE', *, *, #5525, .T. ) ;
#1814 = CARTESIAN_POINT ( 'NONE',  ( -18.50000000000000000, 36.86641865559565190, 0.0000000000000000000 ) ) ;
#1815 = SPHERICAL_SURFACE ( 'NONE', #3010, 6.500000000000000000 ) ;
#1816 = CARTESIAN_POINT ( 'NONE',  ( 15.08582272022162840, -17.77656549246917095, 7.713740940995186257 ) ) ;
#1817 = CARTESIAN_POINT ( 'NONE',  ( -5.123475382979800763, 6.274447728276471884E-16, 4.000000000000000000 ) ) ;
#1818 = CIRCLE ( 'NONE', #1488, 2.000000000000001332 ) ;
#1819 = STYLED_ITEM ( 'NONE', ( #1497 ), #1087 ) ;
#1820 = PRESENTATION_STYLE_ASSIGNMENT (( #2810 ) ) ;
#1821 = CARTESIAN_POINT ( 'NONE',  ( -8.188950350936107014, 30.11985119335738048, 25.20299768182156797 ) ) ;
#1822 = CARTESIAN_POINT ( 'NONE',  ( -7.227797442216864710, -1.092434779253207086E-16, 22.88717855991391659 ) ) ;
#1823 = SURFACE_STYLE_USAGE ( .BOTH. , #4945 ) ;
#1824 = CYLINDRICAL_SURFACE ( 'NONE', #2175, 2.000000000000000444 ) ;
#1825 = CARTESIAN_POINT ( 'NONE',  ( -16.37790070187221048, 50.06460938256315529, 22.54224642132905743 ) ) ;
#1826 = EDGE_CURVE ( 'NONE', #5093, #2961, #1519, .T. ) ;
#1827 = CARTESIAN_POINT ( 'NONE',  ( -11.43362879187305303, 2.764981399169670784, 15.73703995451273663 ) ) ;
#1828 = FILL_AREA_STYLE ('',( #5314 ) ) ;
#1829 = CARTESIAN_POINT ( 'NONE',  ( 5.716814395936530069, 31.33645585725630056, -17.59454555146033883 ) ) ;
#1830 = PLANE ( 'NONE',  #5767 ) ;
#1831 = CARTESIAN_POINT ( 'NONE',  ( 14.96681439593652740, 58.35955358007217342, -10.87402716741075004 ) ) ;
#1832 = ORIENTED_EDGE ( 'NONE', *, *, #4554, .F. ) ;
#1833 = CARTESIAN_POINT ( 'NONE',  ( 16.37790070187221758, 56.84800471866423521, -22.54224642132905743 ) ) ;
#1834 = CARTESIAN_POINT ( 'NONE',  ( 25.98076211353298604, 3.000000000000000000, 15.00000000000030376 ) ) ;
#1835 = DIRECTION ( 'NONE',  ( 0.0000000000000000000, 0.0000000000000000000, -1.000000000000000000 ) ) ;
#1836 = DIRECTION ( 'NONE',  ( 1.000000000000000000, 0.0000000000000000000, 0.0000000000000000000 ) ) ;
#1837 = CARTESIAN_POINT ( 'NONE',  ( 15.58845726811978949, -3.000000000000000000, 9.000000000000181188 ) ) ;
#1838 = CARTESIAN_POINT ( 'NONE',  ( 21.43895035093610701, 47.92634425227434036, -15.57630918575053514 ) ) ;
#1839 = CARTESIAN_POINT ( 'NONE',  ( -26.50000000000000000, 27.94475818920576415, -8.610371950172023503 ) ) ;
#1840 = SURFACE_STYLE_FILL_AREA ( #863 ) ;
#1841 = VERTEX_POINT ( 'NONE', #975 ) ;
#1842 = CARTESIAN_POINT ( 'NONE',  ( 5.716814395936530069, 49.76966518505413006, -17.59454555146033883 ) ) ;
#1843 = ORIENTED_EDGE ( 'NONE', *, *, #4783, .T. ) ;
#1844 = CARTESIAN_POINT ( 'NONE',  ( 5.716814395936525628, 5.529962798339344232, 17.59454555146034238 ) ) ;
#1845 = VECTOR ( 'NONE', #1271, 1000.000000000000000 ) ;
#1846 = DIRECTION ( 'NONE',  ( 0.0000000000000000000, 0.0000000000000000000, -1.000000000000000000 ) ) ;
#1847 = VECTOR ( 'NONE', #4143, 1000.000000000000000 ) ;
#1848 = DIRECTION ( 'NONE',  ( -0.0000000000000000000, -1.000000000000000000, -0.0000000000000000000 ) ) ;
#1849 = VERTEX_POINT ( 'NONE', #3869 ) ;
#1850 = CARTESIAN_POINT ( 'NONE',  ( 18.50000000000000000, 47.00468378588444551, -6.011014380308762561 ) ) ;
#1851 = CIRCLE ( 'NONE', #5565, 4.960846701924985780 ) ;
#1852 = PRODUCT_CONTEXT ( 'NONE', #1215, 'mechanical' ) ;
#1853 = CARTESIAN_POINT ( 'NONE',  ( -1.706162547722518960E-15, 4.608302331949454711, 27.86374894231407140 ) ) ;
#1854 = CARTESIAN_POINT ( 'NONE',  ( -25.98175384703851165, -5.818730866071295621E-15, 5.181420370342408432 ) ) ;
#1855 = CARTESIAN_POINT ( 'NONE',  ( -15.14730192041213641, -12.99999999999994849, 4.199999999999996625 ) ) ;
#1856 = DIRECTION ( 'NONE',  ( -0.0000000000000000000, -1.000000000000000000, -0.0000000000000000000 ) ) ;
#1857 = COLOUR_RGB ( '',1.000000000000000000, 0.0000000000000000000, 0.0000000000000000000 ) ;
#1858 = CARTESIAN_POINT ( 'NONE',  ( 14.28269835721908443, 5.910519959953692393, 4.750000000000000000 ) ) ;
#1859 = EDGE_CURVE ( 'NONE', #2868, #765, #5351, .T. ) ;
#1860 = CARTESIAN_POINT ( 'NONE',  ( -26.50000000000000000, 83.24438617259923490, -8.610371950172023503 ) ) ;
#1861 = CARTESIAN_POINT ( 'NONE',  ( -14.96681439593652740, 38.70973958837543449, 10.87402716741075359 ) ) ;
#1862 = AXIS2_PLACEMENT_3D ( 'NONE', #857, #4921, #360 ) ;
#1863 = CARTESIAN_POINT ( 'NONE',  ( -18.49999999999998934, 17.51154886140792044, -6.011014380308772331 ) ) ;
#1864 = CARTESIAN_POINT ( 'NONE',  ( 1.986921911036796384, 2.736903131015540058, 25.92398115006262316 ) ) ;
#1865 = ADVANCED_FACE ( 'NONE', ( #4059 ), #2051, .T. ) ;
#1866 = CARTESIAN_POINT ( 'NONE',  ( 3.573283826362257527E-15, 79.55774430703965550, -19.45205114840793925 ) ) ;
#1867 = EDGE_CURVE ( 'NONE', #4897, #6135, #2171, .T. ) ;
#1868 = ORIENTED_EDGE ( 'NONE', *, *, #3642, .F. ) ;
#1869 = CARTESIAN_POINT ( 'NONE',  ( 26.50000000000000000, 9.216604663898911198, 3.245314017740485765E-15 ) ) ;
#1870 = CARTESIAN_POINT ( 'NONE',  ( 15.58845726811978949, 3.000000000000000000, 9.000000000000181188 ) ) ;
#1871 = CARTESIAN_POINT ( 'NONE',  ( 22.64751431602427445, -4.999906087440572300, -12.77334009141730498 ) ) ;
#1872 = SPHERICAL_SURFACE ( 'NONE', #774, 6.500000000000000000 ) ;
#1873 = PRESENTATION_LAYER_ASSIGNMENT (  '', '', ( #2508 ) ) ;
#1874 = CARTESIAN_POINT ( 'NONE',  ( -0.8866986368949241193, -1.202515194622429728, 25.98515818797759280 ) ) ;
#1875 = CARTESIAN_POINT ( 'NONE',  ( -8.188950350936101685, 88.47940477342955035, -25.20299768182156797 ) ) ;
#1876 = AXIS2_PLACEMENT_3D ( 'NONE', #5572, #4474, #1017 ) ;
#1877 = CARTESIAN_POINT ( 'NONE',  ( -21.43895035093610346, 71.88951637841152831, -15.57630918575054402 ) ) ;
#1878 = FILL_AREA_STYLE ('',( #4295 ) ) ;
#1879 = VERTEX_POINT ( 'NONE', #567 ) ;
#1880 = CARTESIAN_POINT ( 'NONE',  ( -21.44994432064358492, 2.999999999999999556, -14.69353220438469876 ) ) ;
#1881 = CARTESIAN_POINT ( 'NONE',  ( -18.49999999999998934, 74.65449777758118444, 6.011014380308763450 ) ) ;
#1882 = VERTEX_POINT ( 'NONE', #3135 ) ;
#1883 = CARTESIAN_POINT ( 'NONE',  ( 11.43362879187305481, 11.98158606306858331, -15.73703995451273840 ) ) ;
#1884 = STYLED_ITEM ( 'NONE', ( #2788 ), #4542 ) ;
#1885 = DIRECTION ( 'NONE',  ( 1.000000000000000000, 0.0000000000000000000, 0.0000000000000000000 ) ) ;
#1886 = AXIS2_PLACEMENT_3D ( 'NONE', #1985, #4981, #2451 ) ;
#1887 = CARTESIAN_POINT ( 'NONE',  ( 0.0000000000000000000, -4.960846701924986668, -4.199999999999998401 ) ) ;
#1888 = ORIENTED_EDGE ( 'NONE', *, *, #2675, .T. ) ;
#1889 = DIRECTION ( 'NONE',  ( 0.07273141416855483099, 0.0000000000000000000, 0.9973515635888090536 ) ) ;
#1890 = CARTESIAN_POINT ( 'NONE',  ( 0.0000000000000000000, 0.0000000000000000000, 4.000000000000000000 ) ) ;
#1891 = DIRECTION ( 'NONE',  ( 0.4999999999999977240, 0.0000000000000000000, 0.8660254037844400399 ) ) ;
#1892 = CARTESIAN_POINT ( 'NONE',  ( -1.999999999999999556, 2.867902398605818526, -25.92296279363144151 ) ) ;
#1893 = CARTESIAN_POINT ( 'NONE',  ( 16.28571998612485672, 10.99999999999995026, 4.750000000000000000 ) ) ;
#1894 = CARTESIAN_POINT ( 'NONE',  ( -8.188950350936101685, 62.04619544563173150, -25.20299768182156797 ) ) ;
#1895 = CARTESIAN_POINT ( 'NONE',  ( -18.50000000000000000, 18.43320932779782240, 0.0000000000000000000 ) ) ;
#1896 = CARTESIAN_POINT ( 'NONE',  ( -18.49999999999998934, 56.22128844978334428, 6.011014380308763450 ) ) ;
#1897 = CARTESIAN_POINT ( 'NONE',  ( 1.320850185210984407, 1.492424888943027161, 25.96659574876892052 ) ) ;
#1898 = ADVANCED_FACE ( 'NONE', ( #2530 ), #5164, .F. ) ;
#1899 = CARTESIAN_POINT ( 'NONE',  ( -14.96681439593652740, 38.70973958837543449, 10.87402716741075359 ) ) ;
#1900 = SURFACE_STYLE_USAGE ( .BOTH. , #5387 ) ;
#1901 = ORIENTED_EDGE ( 'NONE', *, *, #6415, .T. ) ;
#1902 = CARTESIAN_POINT ( 'NONE',  ( -21.43895035093610346, 98.32272570620934005, -15.57630918575054224 ) ) ;
#1903 = DIRECTION ( 'NONE',  ( -0.8660254037844328234, 0.0000000000000000000, -0.5000000000000101030 ) ) ;
#1904 = CARTESIAN_POINT ( 'NONE',  ( 23.26989921430629593, -4.219381841618405460, -11.59814987529140851 ) ) ;
#1905 = EDGE_CURVE ( 'NONE', #705, #1509, #1851, .T. ) ;
#1906 = ADVANCED_FACE ( 'NONE', ( #2071, #2634 ), #4664, .F. ) ;
#1907 = CARTESIAN_POINT ( 'NONE',  ( -23.44994432064359557, -3.130554218879217032, -11.22943058924695414 ) ) ;
#1908 = CARTESIAN_POINT ( 'NONE',  ( 21.43895035093610346, 62.67291171451260112, 15.57630918575054046 ) ) ;
#1909 = CARTESIAN_POINT ( 'NONE',  ( -16.37790070187221048, 13.19819072696750162, 22.54224642132905743 ) ) ;
#1910 = ORIENTED_EDGE ( 'NONE', *, *, #2475, .T. ) ;
#1911 = CARTESIAN_POINT ( 'NONE',  ( 23.00153547642129581, -4.735289409808080663, 12.12192743472690104 ) ) ;
#1912 = CARTESIAN_POINT ( 'NONE',  ( 11.43362879187305836, 38.41479539086640216, -15.73703995451274018 ) ) ;
#1913 = CARTESIAN_POINT ( 'NONE',  ( 5.716814395936530069, 68.20287451285194891, -17.59454555146033883 ) ) ;
#1914 = ADVANCED_FACE ( 'NONE', ( #4098 ), #6056, .T. ) ;
#1915 = CARTESIAN_POINT ( 'NONE',  ( 0.0000000000000000000, 40.00000000000000711, 0.0000000000000000000 ) ) ;
#1916 = DIRECTION ( 'NONE',  ( -0.8660254037844362651, 0.0000000000000000000, -0.5000000000000039968 ) ) ;
#1917 = ORIENTED_EDGE ( 'NONE', *, *, #955, .F. ) ;
#1918 = CARTESIAN_POINT ( 'NONE',  ( 3.573283826362256738E-15, 69.12453497924184376, -19.45205114840794280 ) ) ;
#1919 = APPLICATION_PROTOCOL_DEFINITION ( 'draft international standard', 'automotive_design', 1998, #5764 ) ;
#1920 = CARTESIAN_POINT ( 'NONE',  ( -3.465881193137118390E-17, -1.000000000000000000, -26.00000000000000355 ) ) ;
#1921 = CARTESIAN_POINT ( 'NONE',  ( -1.936188042401707277, 2.482137578216963014, -25.92781953945626938 ) ) ;
#1922 = CARTESIAN_POINT ( 'NONE',  ( -1.797179853588661835, -3.887321179695826689, 25.93786191842528766 ) ) ;
#1923 = CARTESIAN_POINT ( 'NONE',  ( 26.50000000000000000, 74.94944197509022388, 3.245314017740485765E-15 ) ) ;
#1924 = CARTESIAN_POINT ( 'NONE',  ( -5.716814395936527404, 3.686641865559562525, 17.59454555146033883 ) ) ;
#1925 = CARTESIAN_POINT ( 'NONE',  ( 5.716814395936530069, 86.63608384064977486, -17.59454555146033883 ) ) ;
#1926 = CARTESIAN_POINT ( 'NONE',  ( 18.49999999999998934, 82.02778150870030061, 6.011014380308767002 ) ) ;
#1927 = DIRECTION ( 'NONE',  ( 0.0000000000000000000, 0.0000000000000000000, -1.000000000000000000 ) ) ;
#1928 = CARTESIAN_POINT ( 'NONE',  ( -23.34002548582964565, -1.994406141246606534, -11.45657829892185653 ) ) ;
#1929 = VERTEX_POINT ( 'NONE', #5567 ) ;
#1930 = CARTESIAN_POINT ( 'NONE',  ( -8.188950350936107014, 85.41947917675085478, 25.20299768182156797 ) ) ;
#1931 = DIRECTION ( 'NONE',  ( 0.0000000000000000000, 0.0000000000000000000, -1.000000000000000000 ) ) ;
#1932 = CARTESIAN_POINT ( 'NONE',  ( -22.50000000000000000, -2.755455298081544778E-15, 0.0000000000000000000 ) ) ;
#1933 = CARTESIAN_POINT ( 'NONE',  ( 8.188950350936103462, 79.26280010953064448, 25.20299768182156797 ) ) ;
#1934 = CARTESIAN_POINT ( 'NONE',  ( -26.50000000000000000, 46.37796751700358300, -8.610371950172023503 ) ) ;
#1935 =( LENGTH_UNIT ( ) NAMED_UNIT ( * ) SI_UNIT ( .MILLI., .METRE. ) );
#1936 = ORIENTED_EDGE ( 'NONE', *, *, #6167, .T. ) ;
#1937 = LINE ( 'NONE', #833, #2277 ) ;
#1938 = CARTESIAN_POINT ( 'NONE',  ( -18.49999999999998934, 91.24438617259924911, -6.011014380308772331 ) ) ;
#1939 = CARTESIAN_POINT ( 'NONE',  ( 3.573283826362257527E-15, 50.69132565144400360, -19.45205114840794280 ) ) ;
#1940 = PRODUCT_DEFINITION_SHAPE ( 'NONE', 'NONE',  #6601 ) ;
#1941 = CARTESIAN_POINT ( 'NONE',  ( 1.599049250493760788, 4.229266624785535278, 25.95143829228956278 ) ) ;
#1942 = EDGE_LOOP ( 'NONE', ( #4118, #2910, #124, #2041, #4894, #492 ) ) ;
#1943 = ORIENTED_EDGE ( 'NONE', *, *, #2670, .T. ) ;
#1944 = EDGE_LOOP ( 'NONE', ( #4036, #6563 ) ) ;
#1945 = SHAPE_DEFINITION_REPRESENTATION ( #5971, #2772 ) ;
#1946 = CARTESIAN_POINT ( 'NONE',  ( -15.44873953860928317, -14.31476501865217799, 4.373036081795146579 ) ) ;
#1947 = CARTESIAN_POINT ( 'NONE',  ( -8.000000000000000000, 0.0000000000000000000, 8.000000000000000000 ) ) ;
#1948 = CARTESIAN_POINT ( 'NONE',  ( -22.38579416835784386, 1.000093912559427478, -13.22665268454001897 ) ) ;
#1949 = AXIS2_PLACEMENT_3D ( 'NONE', #5821, #700, #1263 ) ;
#1950 = CARTESIAN_POINT ( 'NONE',  ( 5.118487643167557865E-15, 61.12453497924184376, -27.86374894231408206 ) ) ;
#1951 = LINE ( 'NONE', #313, #2268 ) ;
#1952 =( NAMED_UNIT ( * ) PLANE_ANGLE_UNIT ( ) SI_UNIT ( $, .RADIAN. ) );
#1953 = CARTESIAN_POINT ( 'NONE',  ( -18.49999999999999645, 26.43320932779781884, 0.0000000000000000000 ) ) ;
#1954 =( GEOMETRIC_REPRESENTATION_CONTEXT ( 3 ) GLOBAL_UNCERTAINTY_ASSIGNED_CONTEXT ( ( #946 ) ) GLOBAL_UNIT_ASSIGNED_CONTEXT ( ( #496, #5615, #3090 ) ) REPRESENTATION_CONTEXT ( 'NONE', 'WORKASPACE' ) );
#1955 = CARTESIAN_POINT ( 'NONE',  ( -18.49999999999998934, 37.78807912198552543, 6.011014380308763450 ) ) ;
#1956 = CARTESIAN_POINT ( 'NONE',  ( 0.0000000000000000000, -0.2000000000000065892, -26.00000000000000355 ) ) ;
#1957 = CARTESIAN_POINT ( 'NONE',  ( 21.44994432064347833, 2.999999999999999556, 14.69353220438484797 ) ) ;
#1958 = ORIENTED_EDGE ( 'NONE', *, *, #6406, .F. ) ;
#1959 = CARTESIAN_POINT ( 'NONE',  ( 26.50000000000000711, 10.13826513028880250, -8.610371950172012845 ) ) ;
#1960 = DIRECTION ( 'NONE',  ( -0.0000000000000000000, 1.000000000000000000, -0.0000000000000000000 ) ) ;
#1961 = DIRECTION ( 'NONE',  ( -0.8660254037844432595, 0.0000000000000000000, 0.4999999999999920064 ) ) ;
#1962 = MECHANICAL_DESIGN_GEOMETRIC_PRESENTATION_REPRESENTATION (  '', ( #4073 ), #5889 ) ;
#1963 = CARTESIAN_POINT ( 'NONE',  ( -5.499999999999981348, -34.09999999999999432, 6.735557395310438079E-16 ) ) ;
#1964 = FILL_AREA_STYLE ('',( #497 ) ) ;
#1965 = CARTESIAN_POINT ( 'NONE',  ( -21.43895035093610701, 75.57615824397107929, 15.57630918575053869 ) ) ;
#1966 = CARTESIAN_POINT ( 'NONE',  ( -26.50000000000000000, 83.24438617259923490, -8.610371950172023503 ) ) ;
#1967 = AXIS2_PLACEMENT_3D ( 'NONE', #1793, #5839, #4910 ) ;
#1968 = DIRECTION ( 'NONE',  ( 0.0000000000000000000, 0.0000000000000000000, 1.000000000000000000 ) ) ;
#1969 = ORIENTED_EDGE ( 'NONE', *, *, #2913, .F. ) ;
#1970 = CARTESIAN_POINT ( 'NONE',  ( -23.10111103684434042, -1.408249027054713887, 11.93107289210085042 ) ) ;
#1971 = CARTESIAN_POINT ( 'NONE',  ( -14.96681439593652740, 28.27653026057760144, 10.87402716741075359 ) ) ;
#1972 = CARTESIAN_POINT ( 'NONE',  ( -5.716814395936527404, 40.55306052115521709, 17.59454555146033883 ) ) ;
#1973 = CARTESIAN_POINT ( 'NONE',  ( 25.98076211353298604, 3.000000000000000000, 15.00000000000030376 ) ) ;
#1974 = CARTESIAN_POINT ( 'NONE',  ( 16.37790070187221048, 6.451623264729235530, 22.54224642132906098 ) ) ;
#1975 = VERTEX_POINT ( 'NONE', #1006 ) ;
#1976 = VERTEX_POINT ( 'NONE', #3035 ) ;
#1977 = AXIS2_PLACEMENT_3D ( 'NONE', #253, #2293, #995 ) ;
#1978 = COLOUR_RGB ( '',1.000000000000000000, 0.0000000000000000000, 0.0000000000000000000 ) ;
#1979 = ORIENTED_EDGE ( 'NONE', *, *, #2959, .F. ) ;
#1980 = EDGE_CURVE ( 'NONE', #1509, #705, #993, .T. ) ;
#1981 = CIRCLE ( 'NONE', #5065, 5.499999999999986677 ) ;
#1982 = VECTOR ( 'NONE', #1683, 1000.000000000000000 ) ;
#1983 = EDGE_CURVE ( 'NONE', #3826, #2939, #1572, .T. ) ;
#1984 = DIRECTION ( 'NONE',  ( -0.0000000000000000000, -1.023066299883649626E-16, 1.000000000000000000 ) ) ;
#1985 = CARTESIAN_POINT ( 'NONE',  ( 0.0000000000000000000, 0.0000000000000000000, 4.750000000000000888 ) ) ;
#1986 = AXIS2_PLACEMENT_3D ( 'NONE', #2376, #813, #4943 ) ;
#1987 = CARTESIAN_POINT ( 'NONE',  ( 3.573283826362257527E-15, 61.12453497924184376, -19.45205114840793925 ) ) ;
#1988 = CARTESIAN_POINT ( 'NONE',  ( 0.0000000000000000000, 0.0000000000000000000, 0.0000000000000000000 ) ) ;
#1989 = CARTESIAN_POINT ( 'NONE',  ( -18.50000000000000000, 92.16604663898912975, 0.0000000000000000000 ) ) ;
#1990 = CARTESIAN_POINT ( 'NONE',  ( -18.50000000000000000, 55.29962798339347785, 0.0000000000000000000 ) ) ;
#1991 =( NAMED_UNIT ( * ) SI_UNIT ( $, .STERADIAN. ) SOLID_ANGLE_UNIT ( ) );
#1992 = CARTESIAN_POINT ( 'NONE',  ( 23.27430174029407439, 4.228732596366960195, 11.59055321699880459 ) ) ;
#1993 = ORIENTED_EDGE ( 'NONE', *, *, #1570, .F. ) ;
#1994 = CARTESIAN_POINT ( 'NONE',  ( -16.37790070187221048, 84.49781871036094572, 22.54224642132905743 ) ) ;
#1995 = DIRECTION ( 'NONE',  ( 1.000000000000000000, 0.0000000000000000000, 0.0000000000000000000 ) ) ;
#1996 = CARTESIAN_POINT ( 'NONE',  ( 3.184081677754342517E-15, -0.9999999999999997780, 26.00000000000000355 ) ) ;
#1997 = EDGE_CURVE ( 'NONE', #2090, #4065, #2223, .T. ) ;
#1998 = CARTESIAN_POINT ( 'NONE',  ( 21.44994432064378742, 3.000000000000000444, -14.69353220438439855 ) ) ;
#1999 = CARTESIAN_POINT ( 'NONE',  ( -15.28716890072261414, 8.454095291507744747, 4.749999999999999112 ) ) ;
#2000 = CARTESIAN_POINT ( 'NONE',  ( -26.50000000000000000, 28.86641865559565545, 0.0000000000000000000 ) ) ;
#2001 =( LENGTH_UNIT ( ) NAMED_UNIT ( * ) SI_UNIT ( .MILLI., .METRE. ) );
#2002 = CARTESIAN_POINT ( 'NONE',  ( -22.25287524160744113, -1.064157603391330476, 13.44715159793745052 ) ) ;
#2003 = CARTESIAN_POINT ( 'NONE',  ( -18.50000000000000000, 73.73283731119130380, 0.0000000000000000000 ) ) ;
#2004 = CARTESIAN_POINT ( 'NONE',  ( 14.96681439593652563, 44.23970238671477517, 10.87402716741075537 ) ) ;
#2005 = CARTESIAN_POINT ( 'NONE',  ( -21.50766082165450754, 2.355778030657368127, 14.60900603867277603 ) ) ;
#2006 = CARTESIAN_POINT ( 'NONE',  ( 26.50000000000001066, 73.43789311368225015, -8.610371950172012845 ) ) ;
#2007 = EDGE_LOOP ( 'NONE', ( #2865, #3535, #6470, #1969 ) ) ;
#2008 = VERTEX_POINT ( 'NONE', #3328 ) ;
#2009 = ORIENTED_EDGE ( 'NONE', *, *, #3033, .F. ) ;
#2010 = FACE_BOUND ( 'NONE', #2532, .T. ) ;
#2011 = CARTESIAN_POINT ( 'NONE',  ( 22.58187545834886834, 5.000104822221616452, -12.88706050243754220 ) ) ;
#2012 = CARTESIAN_POINT ( 'NONE',  ( -23.00153547642137752, 1.264710590191919559, -12.12192743472674472 ) ) ;
#2013 = CARTESIAN_POINT ( 'NONE',  ( 18.49999999999999645, 56.51623264729239793, 2.265596578422603396E-15 ) ) ;
#2014 = ADVANCED_FACE ( 'NONE', ( #1673 ), #4824, .F. ) ;
#2015 = PRESENTATION_STYLE_ASSIGNMENT (( #6205 ) ) ;
#2016 = CARTESIAN_POINT ( 'NONE',  ( -1.191094608787419176E-15, 59.90793031534291657, 19.45205114840794280 ) ) ;
#2017 = B_SPLINE_CURVE_WITH_KNOTS ( 'NONE', 3,
 ( #4805, #4503, #6063, #880, #5511, #3415, #2917, #4543, #4980, #6566, #949, #5544, #416, #2011, #5044, #480, #2450, #2381, #6036, #2420, #2513, #3540, #6536, #980, #4037, #3913 ),
 .UNSPECIFIED., .F., .F.,
 ( 4, 2, 2, 2, 2, 2, 2, 2, 2, 2, 2, 2, 4 ),
 ( 0.006255220636914316998, 0.007036942637670582160, 0.007818664638426847321, 0.008209525638804978168, 0.008600386639183107279, 0.008991247639561238125, 0.009382108639939368971, 0.009772969640317498083, 0.01016383064069562719, 0.01055469164107375804, 0.01094555264145188889, 0.01172727464220815231, 0.01250899664296441748 ),
 .UNSPECIFIED. ) ;
#2018 = CARTESIAN_POINT ( 'NONE',  ( -18.49999999999998934, 54.37796751700358300, -6.011014380308772331 ) ) ;
#2019 = CYLINDRICAL_SURFACE ( 'NONE', #5684, 2.000000000000001332 ) ;
#2020 = EDGE_CURVE ( 'NONE', #2445, #181, #3682, .T. ) ;
#2021 = APPLICATION_CONTEXT ( 'automotive_design' ) ;
#2022 = CARTESIAN_POINT ( 'NONE',  ( 23.44994432064351741, 3.000000000000000444, 11.22943058924711757 ) ) ;
#2023 = EDGE_LOOP ( 'NONE', ( #6481, #942, #5550, #5168, #6546 ) ) ;
#2024 = CARTESIAN_POINT ( 'NONE',  ( -16.37790070187221403, 58.06460938256315529, 22.54224642132906098 ) ) ;
#2025 = CARTESIAN_POINT ( 'NONE',  ( -8.000000000000000000, 9.797174393178825657E-16, -4.000000000000000000 ) ) ;
#2026 = LINE ( 'NONE', #2635, #376 ) ;
#2027 = CARTESIAN_POINT ( 'NONE',  ( -16.99999999999998579, 39.99999999999999289, 0.0000000000000000000 ) ) ;
#2028 = CARTESIAN_POINT ( 'NONE',  ( -15.14730192041213641, -12.99999999999994849, 4.199999999999996625 ) ) ;
#2029 = AXIS2_PLACEMENT_3D ( 'NONE', #3219, #3259, #1800 ) ;
#2030 = MECHANICAL_DESIGN_GEOMETRIC_PRESENTATION_REPRESENTATION (  '', ( #1819 ), #639 ) ;
#2031 = CARTESIAN_POINT ( 'NONE',  ( -26.50000000000000000, 65.73283731119130380, 0.0000000000000000000 ) ) ;
#2032 = FACE_OUTER_BOUND ( 'NONE', #5398, .T. ) ;
#2033 = CARTESIAN_POINT ( 'NONE',  ( -21.82609118018712024, -1.494522116218817809, 14.12905712132774738 ) ) ;
#2034 = UNCERTAINTY_MEASURE_WITH_UNIT (LENGTH_MEASURE( 1.000000000000000082E-05 ), #434, 'distance_accuracy_value', 'NONE');
#2035 = CARTESIAN_POINT ( 'NONE',  ( 14.96681439593652740, 74.35955358007214500, -10.87402716741075004 ) ) ;
#2036 = CARTESIAN_POINT ( 'NONE',  ( -18.49999999999998934, 54.37796751700358300, -6.011014380308772331 ) ) ;
#2037 = DIRECTION ( 'NONE',  ( 0.0000000000000000000, -1.000000000000000000, 1.748414716487482370E-16 ) ) ;
#2038 = FACE_BOUND ( 'NONE', #1338, .T. ) ;
#2039 = CARTESIAN_POINT ( 'NONE',  ( -1.706162547722519354E-15, 67.90793031534292368, 27.86374894231408206 ) ) ;
#2040 = ORIENTED_EDGE ( 'NONE', *, *, #6362, .T. ) ;
#2041 = ORIENTED_EDGE ( 'NONE', *, *, #5150, .F. ) ;
#2042 = ORIENTED_EDGE ( 'NONE', *, *, #3720, .T. ) ;
#2043 = UNCERTAINTY_MEASURE_WITH_UNIT (LENGTH_MEASURE( 1.000000000000000082E-05 ), #2001, 'distance_accuracy_value', 'NONE');
#2044 = DIRECTION ( 'NONE',  ( 1.133932221432734415E-16, -1.000000000000000000, -0.0000000000000000000 ) ) ;
#2045 = CARTESIAN_POINT ( 'NONE',  ( -23.26965468351806621, 1.779951368982626958, -11.59863943030494049 ) ) ;
#2046 = CARTESIAN_POINT ( 'NONE',  ( 14.96681439593652740, 21.49313492447652152, -10.87402716741075004 ) ) ;
#2047 = CARTESIAN_POINT ( 'NONE',  ( -11.43362879187305481, 29.19819072696749274, 15.73703995451274018 ) ) ;
#2048 = CARTESIAN_POINT ( 'NONE',  ( -9.476805172326409732, 3.455320008860037523E-15, 17.68992975268628953 ) ) ;
#2049 = EDGE_CURVE ( 'NONE', #1929, #5355, #2690, .T. ) ;
#2050 = DIRECTION ( 'NONE',  ( 0.0000000000000000000, -0.7071067811865675568, -0.7071067811865275887 ) ) ;
#2051 = CONICAL_SURFACE ( 'NONE', #2698, 26.00000000000000355, 0.7853981633974200793 ) ;
#2052 = CARTESIAN_POINT ( 'NONE',  ( -23.44994432064359913, -2.999999999999999556, -11.22943058924695414 ) ) ;
#2053 = ORIENTED_EDGE ( 'NONE', *, *, #2473, .F. ) ;
#2054 = CARTESIAN_POINT ( 'NONE',  ( 21.43895035093610346, 81.10612104231043418, 15.57630918575054046 ) ) ;
#2055 = CARTESIAN_POINT ( 'NONE',  ( 23.44994432064351741, -2.999999999999999556, 11.22943058924711757 ) ) ;
#2056 = STYLED_ITEM ( 'NONE', ( #3759 ), #96 ) ;
#2057 = CIRCLE ( 'NONE', #3870, 2.000000000000000000 ) ;
#2058 = EDGE_CURVE ( 'NONE', #1440, #4540, #3967, .T. ) ;
#2059 = FILL_AREA_STYLE ('',( #5118 ) ) ;
#2060 = CARTESIAN_POINT ( 'NONE',  ( 1.748135431015831909, -1.994054557031476271, -25.94135718500116994 ) ) ;
#2061 = LINE ( 'NONE', #5189, #5048 ) ;
#2062 = EDGE_CURVE ( 'NONE', #3140, #221, #503, .T. ) ;
#2063 = CARTESIAN_POINT ( 'NONE',  ( 16.37790070187220692, 35.31804192032488743, 22.54224642132905743 ) ) ;
#2064 = CARTESIAN_POINT ( 'NONE',  ( -14.29545382280672783, -17.99999999999998934, 9.200000000000027711 ) ) ;
#2065 = AXIS2_PLACEMENT_3D ( 'NONE', #112, #6218, #3127 ) ;
#2066 = ORIENTED_EDGE ( 'NONE', *, *, #1246, .T. ) ;
#2067 = AXIS2_PLACEMENT_3D ( 'NONE', #3496, #3395, #961 ) ;
#2068 = CARTESIAN_POINT ( 'NONE',  ( -11.43362879187304770, 97.40106523981944520, -15.73703995451274196 ) ) ;
#2069 = SURFACE_SIDE_STYLE ('',( #2158 ) ) ;
#2070 = CARTESIAN_POINT ( 'NONE',  ( -25.98311099993367534, 92.16604663898934291, -5.174933526256874750 ) ) ;
#2071 = FACE_BOUND ( 'NONE', #368, .T. ) ;
#2072 = DIRECTION ( 'NONE',  ( 1.000000000000000000, 0.0000000000000000000, 0.0000000000000000000 ) ) ;
#2073 = DIRECTION ( 'NONE',  ( 0.0000000000000000000, 0.0000000000000000000, 1.000000000000000000 ) ) ;
#2074 = AXIS2_PLACEMENT_3D ( 'NONE', #1890, #3911, #4410 ) ;
#2075 = CARTESIAN_POINT ( 'NONE',  ( 5.118487643167557865E-15, 58.69132565144401070, -27.86374894231408206 ) ) ;
#2076 = EDGE_LOOP ( 'NONE', ( #3939, #2491, #3968, #4834 ) ) ;
#2077 = ORIENTED_EDGE ( 'NONE', *, *, #3851, .F. ) ;
#2078 = ORIENTED_EDGE ( 'NONE', *, *, #3642, .T. ) ;
#2079 = STYLED_ITEM ( 'NONE', ( #53 ), #4289 ) ;
#2080 = MECHANICAL_DESIGN_GEOMETRIC_PRESENTATION_REPRESENTATION (  '', ( #2509 ), #1658 ) ;
#2081 = DIRECTION ( 'NONE',  ( 0.4999999999999916733, 0.0000000000000000000, 0.8660254037844434816 ) ) ;
#2082 = CARTESIAN_POINT ( 'NONE',  ( -16.99999999999998579, -150.0000000000000000, 2.081899558550500674E-15 ) ) ;
#2083 = CARTESIAN_POINT ( 'NONE',  ( 5.716814395936530069, 23.33645585725630056, -17.59454555146033528 ) ) ;
#2084 = CIRCLE ( 'NONE', #5699, 5.500000000000000000 ) ;
#2085 = CARTESIAN_POINT ( 'NONE',  ( -1.191094608787419176E-15, 67.90793031534292368, 19.45205114840793925 ) ) ;
#2086 = FACE_OUTER_BOUND ( 'NONE', #293, .T. ) ;
#2087 = FACE_OUTER_BOUND ( 'NONE', #663, .T. ) ;
#2088 = AXIS2_PLACEMENT_3D ( 'NONE', #5358, #287, #1771 ) ;
#2089 = CARTESIAN_POINT ( 'NONE',  ( -22.06098789862001297, -1.202016574495809120, -13.75963362879076080 ) ) ;
#2090 = VERTEX_POINT ( 'NONE', #1963 ) ;
#2091 = CARTESIAN_POINT ( 'NONE',  ( -26.50000000000000000, 74.65449777758118444, 8.610371950172016398 ) ) ;
#2092 = CARTESIAN_POINT ( 'NONE',  ( 14.29545382280673493, -17.99999999999999289, 9.200000000000027711 ) ) ;
#2093 = CARTESIAN_POINT ( 'NONE',  ( -0.6444772657561905760, 4.897850139541577441, 25.99229365755962817 ) ) ;
#2094 = CARTESIAN_POINT ( 'NONE',  ( 6.735557395310442023E-16, 45.99999999999998579, -5.500000000000000000 ) ) ;
#2095 =( NAMED_UNIT ( * ) SI_UNIT ( $, .STERADIAN. ) SOLID_ANGLE_UNIT ( ) );
#2096 = CARTESIAN_POINT ( 'NONE',  ( 1.836970198721029747E-14, -150.0000000000000000, 0.0000000000000000000 ) ) ;
#2097 = CARTESIAN_POINT ( 'NONE',  ( 11.43362879187305303, 16.88483259252706503, 15.73703995451274018 ) ) ;
#2098 = DIRECTION ( 'NONE',  ( 0.8660254037844363761, 0.0000000000000000000, 0.5000000000000039968 ) ) ;
#2099 = CARTESIAN_POINT ( 'NONE',  ( -23.44994432064367729, -3.000000000000000000, 11.22943058924678894 ) ) ;
#2100 = EDGE_LOOP ( 'NONE', ( #4284, #5438, #4468, #599 ) ) ;
#2101 = CARTESIAN_POINT ( 'NONE',  ( -18.49999999999999289, 45.78807912198552543, 6.011014380308766114 ) ) ;
#2102 = CARTESIAN_POINT ( 'NONE',  ( 0.0000000000000000000, -4.000000000000000000, 0.0000000000000000000 ) ) ;
#2103 = CARTESIAN_POINT ( 'NONE',  ( -14.55923783639941149, 92.16604663898932870, -12.37789492238556477 ) ) ;
#2104 = CARTESIAN_POINT ( 'NONE',  ( -23.00393417625769388, 1.252112795691387337, 12.11928163900975086 ) ) ;
#2105 = DIRECTION ( 'NONE',  ( 0.0000000000000000000, 0.0000000000000000000, 1.000000000000000000 ) ) ;
#2106 = DIRECTION ( 'NONE',  ( -0.0000000000000000000, -1.000000000000000000, -0.0000000000000000000 ) ) ;
#2107 = CARTESIAN_POINT ( 'NONE',  ( 26.50000000000000000, 26.72815352530683697, 8.610371950172021727 ) ) ;
#2108 = FACE_OUTER_BOUND ( 'NONE', #2368, .T. ) ;
#2109 = ORIENTED_EDGE ( 'NONE', *, *, #2794, .F. ) ;
#2110 = EDGE_CURVE ( 'NONE', #5879, #1882, #4600, .T. ) ;
#2111 = ORIENTED_EDGE ( 'NONE', *, *, #2058, .T. ) ;
#2112 = DIRECTION ( 'NONE',  ( -0.0000000000000000000, -0.0000000000000000000, -1.000000000000000000 ) ) ;
#2113 = FACE_BOUND ( 'NONE', #2731, .T. ) ;
#2114 = FILL_AREA_STYLE_COLOUR ( '', #6016 ) ;
#2115 = CARTESIAN_POINT ( 'NONE',  ( -11.43362879187304770, 7.668227928628149392, -15.73703995451274196 ) ) ;
#2116 =( LENGTH_UNIT ( ) NAMED_UNIT ( * ) SI_UNIT ( .MILLI., .METRE. ) );
#2117 = CARTESIAN_POINT ( 'NONE',  ( 5.716814395936530069, 39.33645585725629701, -17.59454555146033528 ) ) ;
#2118 = CARTESIAN_POINT ( 'NONE',  ( -11.43362879187304948, 89.40106523981941677, -15.73703995451274196 ) ) ;
#2119 = CARTESIAN_POINT ( 'NONE',  ( 15.58845726811997778, -3.000000000000000000, -8.999999999999854339 ) ) ;
#2120 = CARTESIAN_POINT ( 'NONE',  ( -22.25430198870018472, -1.063422543285152733, -13.44479026276153633 ) ) ;
#2121 = CARTESIAN_POINT ( 'NONE',  ( -16.37790070187220692, 52.53464658422380040, -22.54224642132906098 ) ) ;
#2122 = SURFACE_STYLE_FILL_AREA ( #1493 ) ;
#2123 = CARTESIAN_POINT ( 'NONE',  ( 0.0000000000000000000, 0.0000000000000000000, 0.0000000000000000000 ) ) ;
#2124 = PLANE ( 'NONE',  #1020 ) ;
#2125 = CYLINDRICAL_SURFACE ( 'NONE', #1324, 25.75000000000000000 ) ;
#2126 = CARTESIAN_POINT ( 'NONE',  ( 21.50779809803821507, 2.355069534406460718, 14.60880402654486154 ) ) ;
#2127 = CARTESIAN_POINT ( 'NONE',  ( 14.96681439593652563, 36.23970238671478228, 10.87402716741075537 ) ) ;
#2128 = CARTESIAN_POINT ( 'NONE',  ( 16.41116850407870942, 11.31984339830080799, -4.749999999999998224 ) ) ;
#2129 = ORIENTED_EDGE ( 'NONE', *, *, #1578, .T. ) ;
#2130 = CARTESIAN_POINT ( 'NONE',  ( -5.716814395936523852, 96.47940477342955035, -17.59454555146034238 ) ) ;
#2131 = CARTESIAN_POINT ( 'NONE',  ( 0.0000000000000000000, 0.0000000000000000000, 0.0000000000000000000 ) ) ;
#2132 = CARTESIAN_POINT ( 'NONE',  ( -19.51658417823053782, 92.16604663898932870, -17.04688614906935840 ) ) ;
#2133 = CARTESIAN_POINT ( 'NONE',  ( -21.56404041587857634, 2.113461709158678481, 14.52565635004714650 ) ) ;
#2134 = CARTESIAN_POINT ( 'NONE',  ( -15.31381504829615992, -13.66003787080216370, -4.232657630984109964 ) ) ;
#2135 = DIRECTION ( 'NONE',  ( 0.0000000000000000000, -2.152228036460121707E-16, 1.000000000000000000 ) ) ;
#2136 = CARTESIAN_POINT ( 'NONE',  ( 16.37790070187221048, 43.31804192032488743, 22.54224642132906098 ) ) ;
#2137 = VERTEX_POINT ( 'NONE', #6487 ) ;
#2138 = ORIENTED_EDGE ( 'NONE', *, *, #5404, .T. ) ;
#2139 = EDGE_CURVE ( 'NONE', #2840, #5902, #4814, .T. ) ;
#2140 = VERTEX_POINT ( 'NONE', #6459 ) ;
#2141 = ADVANCED_FACE ( 'NONE', ( #2933 ), #5986, .T. ) ;
#2142 = DIRECTION ( 'NONE',  ( -1.000000000000000000, 7.027923052891238635E-17, 0.0000000000000000000 ) ) ;
#2143 = CARTESIAN_POINT ( 'NONE',  ( 1.003255396459517668, -4.735062667818241700, -25.98086265295148678 ) ) ;
#2144 = CARTESIAN_POINT ( 'NONE',  ( -5.716814395936523852, 33.17977679003608671, -17.59454555146034238 ) ) ;
#2145 = CARTESIAN_POINT ( 'NONE',  ( 14.96681439593652740, 37.49313492447650731, -10.87402716741075004 ) ) ;
#2146 = CARTESIAN_POINT ( 'NONE',  ( -17.25412676808041468, -2.727667598070827763E-14, 7.162211302485105513 ) ) ;
#2147 = CARTESIAN_POINT ( 'NONE',  ( -16.67643613550798065, 15.88941922241311744, -8.692756713296542870 ) ) ;
#2148 = LINE ( 'NONE', #3679, #708 ) ;
#2149 = CARTESIAN_POINT ( 'NONE',  ( -16.37790070187221403, 76.49781871036094572, 22.54224642132906098 ) ) ;
#2150 = CARTESIAN_POINT ( 'NONE',  ( 22.45145950439235705, -0.9998951777783844364, 13.11294756080776658 ) ) ;
#2151 = CARTESIAN_POINT ( 'NONE',  ( -1.736096637600608172, -1.998496348837798697, -25.94207470481699218 ) ) ;
#2152 = DIRECTION ( 'NONE',  ( 0.0000000000000000000, 0.0000000000000000000, 1.000000000000000000 ) ) ;
#2153 = AXIS2_PLACEMENT_3D ( 'NONE', #5139, #2710, #1078 ) ;
#2154 = CARTESIAN_POINT ( 'NONE',  ( 11.43362879187305836, 3.981586063068585535, -15.73703995451274018 ) ) ;
#2155 = CARTESIAN_POINT ( 'NONE',  ( -24.98076211353308196, -3.000000000000000000, -16.73205080756899221 ) ) ;
#2156 = ORIENTED_EDGE ( 'NONE', *, *, #5402, .F. ) ;
#2157 = CARTESIAN_POINT ( 'NONE',  ( -11.43362879187305481, 66.06460938256313398, 15.73703995451274018 ) ) ;
#2158 = SURFACE_STYLE_FILL_AREA ( #1410 ) ;
#2159 = CARTESIAN_POINT ( 'NONE',  ( -20.83732781084539809, 92.16604663898935712, -15.61224268503054802 ) ) ;
#2160 = AXIS2_PLACEMENT_3D ( 'NONE', #1594, #6551, #2524 ) ;
#2161 = CARTESIAN_POINT ( 'NONE',  ( -21.44994432064358847, -3.132197206375724630, -14.69353220438470586 ) ) ;
#2162 = CARTESIAN_POINT ( 'NONE',  ( -15.59171567215369691, -16.83625203251162361, -5.988831013420702121 ) ) ;
#2163 = CARTESIAN_POINT ( 'NONE',  ( -8.188950350936107014, 58.98626984895304304, 25.20299768182156797 ) ) ;
#2164 = CIRCLE ( 'NONE', #5143, 26.00000000000000355 ) ;
#2165 = ORIENTED_EDGE ( 'NONE', *, *, #3764, .F. ) ;
#2166 = EDGE_LOOP ( 'NONE', ( #6231, #6501, #1701, #3604 ) ) ;
#2167 = ORIENTED_EDGE ( 'NONE', *, *, #4942, .T. ) ;
#2168 = VECTOR ( 'NONE', #2098, 1000.000000000000114 ) ;
#2169 = COLOUR_RGB ( '',1.000000000000000000, 0.0000000000000000000, 0.0000000000000000000 ) ;
#2170 = CYLINDRICAL_SURFACE ( 'NONE', #3965, 1.999999999999999112 ) ;
#2171 = B_SPLINE_CURVE_WITH_KNOTS ( 'NONE', 3,
 ( #6559, #3069, #4635, #2595, #5626, #537, #6159, #5097, #6189, #59, #2104, #4132, #1606, #3630, #4032, #3171, #1070, #3663, #504, #89, #3103, #3570, #5129, #5692, #2133, #2005, #6090, #5655, #4591, #1103 ),
 .UNSPECIFIED., .F., .F.,
 ( 4, 2, 2, 2, 2, 2, 2, 2, 2, 2, 2, 2, 2, 2, 4 ),
 ( 4.336808689942017736E-19, 0.0003909512898071437282, 0.0007819025796142870226, 0.001172853869421430426, 0.001563805159228573612, 0.002345707738842860851, 0.003127610318457147657, 0.003518561608264293879, 0.003909512898071440534, 0.004300464187878586322, 0.004691415477685732111, 0.005082366767492877899, 0.005473318057300023687, 0.005864269347107169475, 0.006255220636914315263 ),
 .UNSPECIFIED. ) ;
#2172 = CARTESIAN_POINT ( 'NONE',  ( 18.49999999999999645, 28.57147445808662312, -6.011014380308762561 ) ) ;
#2173 = EDGE_CURVE ( 'NONE', #2840, #5902, #2324, .T. ) ;
#2174 = EDGE_CURVE ( 'NONE', #4957, #3510, #4180, .T. ) ;
#2175 = AXIS2_PLACEMENT_3D ( 'NONE', #5378, #309, #3773 ) ;
#2176 = CARTESIAN_POINT ( 'NONE',  ( -18.49999999999999645, 44.86641865559565190, 0.0000000000000000000 ) ) ;
#2177 = DIRECTION ( 'NONE',  ( -0.0000000000000000000, -1.000000000000000000, -0.0000000000000000000 ) ) ;
#2178 = CARTESIAN_POINT ( 'NONE',  ( -16.28571998612486027, 10.99999999999995026, 4.750000000000000000 ) ) ;
#2179 = FACE_OUTER_BOUND ( 'NONE', #3670, .T. ) ;
#2180 = MECHANICAL_DESIGN_GEOMETRIC_PRESENTATION_REPRESENTATION (  '', ( #2508 ), #483 ) ;
#2181 = CARTESIAN_POINT ( 'NONE',  ( 21.43895035093610346, 36.23970238671478228, 15.57630918575054046 ) ) ;
#2182 = EDGE_CURVE ( 'NONE', #1269, #1508, #256, .T. ) ;
#2183 = CARTESIAN_POINT ( 'NONE',  ( 21.47977748589806524, -2.475793080304311999, -14.65022645404537904 ) ) ;
#2184 = CARTESIAN_POINT ( 'NONE',  ( -1.321557316809961469, 4.506813134133854426, 25.96655572990726313 ) ) ;
#2185 = VECTOR ( 'NONE', #5812, 1000.000000000000227 ) ;
#2186 = CARTESIAN_POINT ( 'NONE',  ( 0.0000000000000000000, 6.000000000000000000, 0.0000000000000000000 ) ) ;
#2187 = SURFACE_STYLE_USAGE ( .BOTH. , #4281 ) ;
#2188 = AXIS2_PLACEMENT_3D ( 'NONE', #5010, #2919, #5974 ) ;
#2189 = CARTESIAN_POINT ( 'NONE',  ( -18.49999999999999289, 27.94475818920576415, -6.011014380308773219 ) ) ;
#2190 = CARTESIAN_POINT ( 'NONE',  ( 16.52881157767272313, 11.64280146391932114, -4.780890590335969748 ) ) ;
#2191 = SURFACE_SIDE_STYLE ('',( #5750 ) ) ;
#2192 = ORIENTED_EDGE ( 'NONE', *, *, #5802, .T. ) ;
#2193 = CARTESIAN_POINT ( 'NONE',  ( 5.118487643167557865E-15, 21.82490699584835880, -27.86374894231408206 ) ) ;
#2194 = CARTESIAN_POINT ( 'NONE',  ( 23.44994432064375545, 3.000000000000000000, -11.22943058924662552 ) ) ;
#2195 = CARTESIAN_POINT ( 'NONE',  ( -13.11681037180483678, 92.16604663898932870, -21.46326399095869419 ) ) ;
#2196 = CARTESIAN_POINT ( 'NONE',  ( -26.50000000000000000, 18.43320932779782240, 0.0000000000000000000 ) ) ;
#2197 = CARTESIAN_POINT ( 'NONE',  ( -21.43895035093610701, 20.27653026057760499, 15.57630918575053869 ) ) ;
#2198 = ORIENTED_EDGE ( 'NONE', *, *, #1045, .T. ) ;
#2199 = EDGE_LOOP ( 'NONE', ( #5829, #3908 ) ) ;
#2200 = EDGE_LOOP ( 'NONE', ( #95, #5760, #1868, #3432, #6326, #5136, #2300, #1521, #5751, #1239, #2446 ) ) ;
#2201 = CARTESIAN_POINT ( 'NONE',  ( -21.72527145923467984, -4.321135156768896479, 14.28360342013989026 ) ) ;
#2202 = DIRECTION ( 'NONE',  ( 0.0000000000000000000, 0.0000000000000000000, 1.000000000000000000 ) ) ;
#2203 = CARTESIAN_POINT ( 'NONE',  ( 1.219811301307820672, -4.590290615259808860, -25.97159613830571701 ) ) ;
#2204 = CARTESIAN_POINT ( 'NONE',  ( 26.50000000000000000, 17.21660466389890587, 3.245314017740485765E-15 ) ) ;
#2205 = DIRECTION ( 'NONE',  ( 0.0000000000000000000, 0.0000000000000000000, 1.000000000000000000 ) ) ;
#2206 = DIRECTION ( 'NONE',  ( -1.224646799147353207E-16, 0.0000000000000000000, 1.000000000000000000 ) ) ;
#2207 = CARTESIAN_POINT ( 'NONE',  ( 12.25160003522196028, 0.8319461311720998120, -4.750000000000000000 ) ) ;
#2208 = UNCERTAINTY_MEASURE_WITH_UNIT (LENGTH_MEASURE( 1.000000000000000082E-05 ), #2350, 'distance_accuracy_value', 'NONE');
#2209 = CARTESIAN_POINT ( 'NONE',  ( 21.43895035093610701, 84.79276290786999937, -15.57630918575053514 ) ) ;
#2210 = FACE_OUTER_BOUND ( 'NONE', #6035, .T. ) ;
#2211 = CARTESIAN_POINT ( 'NONE',  ( 0.0000000000000000000, -0.2000000000000065892, -26.00000000000000355 ) ) ;
#2212 = ADVANCED_BREP_SHAPE_REPRESENTATION ( '', ( #75, #2408 ), #812 ) ;
#2213 = CARTESIAN_POINT ( 'NONE',  ( -3.465881193137118390E-17, -1.000000000000000000, -26.00000000000000355 ) ) ;
#2214 = CARTESIAN_POINT ( 'NONE',  ( 18.49999999999999645, 47.00468378588443841, -6.011014380308762561 ) ) ;
#2215 = CARTESIAN_POINT ( 'NONE',  ( 0.1304733558423994688, -5.000000000000000000, 26.00000000000000355 ) ) ;
#2216 = EDGE_CURVE ( 'NONE', #14, #2440, #6088, .T. ) ;
#2217 = CARTESIAN_POINT ( 'NONE',  ( 5.716814395936530069, 4.903246529458477276, -17.59454555146033528 ) ) ;
#2218 = CYLINDRICAL_SURFACE ( 'NONE', #4845, 17.00000000000000000 ) ;
#2219 = VERTEX_POINT ( 'NONE', #2465 ) ;
#2220 = CARTESIAN_POINT ( 'NONE',  ( -8.188950350936107014, 30.11985119335738048, 25.20299768182156797 ) ) ;
#2221 = CARTESIAN_POINT ( 'NONE',  ( 21.50766082165461057, 2.355778030657368127, -14.60900603867262681 ) ) ;
#2222 = FACE_OUTER_BOUND ( 'NONE', #4500, .T. ) ;
#2223 = LINE ( 'NONE', #4290, #4711 ) ;
#2224 = CARTESIAN_POINT ( 'NONE',  ( -0.5176522399939469388, -1.063766812292918473, 25.99516027869800894 ) ) ;
#2225 = CARTESIAN_POINT ( 'NONE',  ( -21.43895035093610346, 16.58988839501803980, -15.57630918575054402 ) ) ;
#2226 = CARTESIAN_POINT ( 'NONE',  ( -8.188950350936107014, 40.55306052115521709, 25.20299768182156797 ) ) ;
#2227 = VERTEX_POINT ( 'NONE', #5394 ) ;
#2228 = VERTEX_POINT ( 'NONE', #828 ) ;
#2229 = AXIS2_PLACEMENT_3D ( 'NONE', #274, #6443, #1891 ) ;
#2230 = CARTESIAN_POINT ( 'NONE',  ( -5.716814395936523852, 14.74656746223825721, -17.59454555146034238 ) ) ;
#2231 = VERTEX_POINT ( 'NONE', #6519 ) ;
#2232 = CARTESIAN_POINT ( 'NONE',  ( 15.64282252296630205, -16.37662532312518948, -5.508467102878660704 ) ) ;
#2233 = DIRECTION ( 'NONE',  ( 1.000000000000000000, 1.119229979353040281E-16, 0.0000000000000000000 ) ) ;
#2234 = SURFACE_STYLE_USAGE ( .BOTH. , #775 ) ;
#2235 = CARTESIAN_POINT ( 'NONE',  ( 16.37790070187220692, 51.31804192032488032, 22.54224642132905743 ) ) ;
#2236 =( NAMED_UNIT ( * ) SI_UNIT ( $, .STERADIAN. ) SOLID_ANGLE_UNIT ( ) );
#2237 = CARTESIAN_POINT ( 'NONE',  ( -21.82726869151824545, 4.507383359625571018, -14.12723920065332273 ) ) ;
#2238 = DIRECTION ( 'NONE',  ( 0.0000000000000000000, 0.0000000000000000000, -1.000000000000000000 ) ) ;
#2239 = CARTESIAN_POINT ( 'NONE',  ( 26.50000000000000000, 19.64981399169674248, 3.245314017740485765E-15 ) ) ;
#2240 = CARTESIAN_POINT ( 'NONE',  ( 22.18837393653926071, -1.101737686213672962, 13.55325668294941721 ) ) ;
#2241 = B_SPLINE_CURVE_WITH_KNOTS ( 'NONE', 3,
 ( #2902, #3334, #2800, #6428, #3901, #408, #766, #2836, #2441, #369, #3827, #2405, #5366, #4437, #3370, #6464, #3865, #4463, #1911, #3931, #5961, #6493, #3962, #5992, #4832, #1432, #801, #259, #2298, #1336 ),
 .UNSPECIFIED., .F., .F.,
 ( 4, 2, 2, 2, 2, 2, 2, 2, 2, 2, 2, 2, 2, 2, 4 ),
 ( 4.336808689942017736E-19, 0.0003909512898071471976, 0.0007819025796142939615, 0.001172853869421440834, 0.001563805159228587489, 0.002345707738842882969, 0.003127610318457178448, 0.003518561608264321201, 0.003909512898071463086, 0.004300464187878607139, 0.004691415477685747723, 0.005082366767492891776, 0.005473318057300034095, 0.005864269347107176414, 0.006255220636914318733 ),
 .UNSPECIFIED. ) ;
#2242 = SURFACE_STYLE_FILL_AREA ( #4684 ) ;
#2243 =( NAMED_UNIT ( * ) SI_UNIT ( $, .STERADIAN. ) SOLID_ANGLE_UNIT ( ) );
#2244 = CARTESIAN_POINT ( 'NONE',  ( 11.43362879187305481, 48.84800471866423521, -15.73703995451273840 ) ) ;
#2245 = CARTESIAN_POINT ( 'NONE',  ( 0.0000000000000000000, 0.0000000000000000000, -8.000000000000000000 ) ) ;
#2246 = CARTESIAN_POINT ( 'NONE',  ( -11.43362879187304948, 21.19819072696749629, 15.73703995451273840 ) ) ;
#2247 = ORIENTED_EDGE ( 'NONE', *, *, #1372, .T. ) ;
#2248 = CARTESIAN_POINT ( 'NONE',  ( 21.43895035093611057, 55.92634425227434036, -15.57630918575053514 ) ) ;
#2249 = CARTESIAN_POINT ( 'NONE',  ( 17.06926965828023768, 13.49401784914689273, 5.403392909534138866 ) ) ;
#2250 = EDGE_CURVE ( 'NONE', #2499, #5134, #2908, .T. ) ;
#2251 = AXIS2_PLACEMENT_3D ( 'NONE', #1180, #543, #3178 ) ;
#2252 = ADVANCED_FACE ( 'NONE', ( #5360 ), #1872, .T. ) ;
#2253 = CARTESIAN_POINT ( 'NONE',  ( -22.64695853967464245, -4.987029298128595300, -12.77230315476835720 ) ) ;
#2254 = DIRECTION ( 'NONE',  ( 0.8660254037844397068, 0.0000000000000000000, -0.4999999999999979461 ) ) ;
#2255 = DIRECTION ( 'NONE',  ( -0.0000000000000000000, -1.000000000000000000, -2.152228036460121707E-16 ) ) ;
#2256 = CARTESIAN_POINT ( 'NONE',  ( 26.50000000000000000, 19.64981399169674248, 3.245314017740485765E-15 ) ) ;
#2257 = CARTESIAN_POINT ( 'NONE',  ( -25.00000000000000000, 12.43417972286980344, 4.199999999999999289 ) ) ;
#2258 = ORIENTED_EDGE ( 'NONE', *, *, #5186, .T. ) ;
#2259 = SURFACE_STYLE_FILL_AREA ( #3610 ) ;
#2260 = AXIS2_PLACEMENT_3D ( 'NONE', #3269, #3198, #5226 ) ;
#2261 = CARTESIAN_POINT ( 'NONE',  ( 18.49999999999998934, 26.72815352530683697, 6.011014380308767002 ) ) ;
#2262 = ORIENTED_EDGE ( 'NONE', *, *, #6495, .T. ) ;
#2263 = CARTESIAN_POINT ( 'NONE',  ( -23.42224111982617885, -3.517877587129047523, 11.28712854704568436 ) ) ;
#2264 = CIRCLE ( 'NONE', #236, 6.500000000000000000 ) ;
#2265 = CARTESIAN_POINT ( 'NONE',  ( 15.64687069380290474, -15.97324374731087460, 5.176467351983093046 ) ) ;
#2266 = AXIS2_PLACEMENT_3D ( 'NONE', #1501, #4028, #5530 ) ;
#2267 = CARTESIAN_POINT ( 'NONE',  ( 5.716814395936530069, 86.63608384064977486, -17.59454555146033883 ) ) ;
#2268 = VECTOR ( 'NONE', #4417, 1000.000000000000227 ) ;
#2269 =( LENGTH_UNIT ( ) NAMED_UNIT ( * ) SI_UNIT ( .MILLI., .METRE. ) );
#2270 = CARTESIAN_POINT ( 'NONE',  ( 26.50000000000000000, 35.64981399169673182, 3.245314017740485765E-15 ) ) ;
#2271 = CARTESIAN_POINT ( 'NONE',  ( -23.15073606526276961, -1.133534702752298507E-14, 12.40253319576322433 ) ) ;
#2272 = CARTESIAN_POINT ( 'NONE',  ( 2.400307726328810718E-15, 17.99999999999998934, -19.59999999999998721 ) ) ;
#2273 = CARTESIAN_POINT ( 'NONE',  ( -16.28571998612486027, 10.99999999999995026, -4.750000000000000000 ) ) ;
#2274 = CARTESIAN_POINT ( 'NONE',  ( -21.43895035093611057, 30.70973958837542739, 15.57630918575053691 ) ) ;
#2275 = PRESENTATION_STYLE_ASSIGNMENT (( #6212 ) ) ;
#2276 = CIRCLE ( 'NONE', #3143, 17.00000000000000355 ) ;
#2277 = VECTOR ( 'NONE', #2940, 1000.000000000000000 ) ;
#2278 = CARTESIAN_POINT ( 'NONE',  ( -21.82609118018712024, 4.505477883781180637, 14.12905712132775093 ) ) ;
#2279 = CARTESIAN_POINT ( 'NONE',  ( 1.003255396459517890, 1.264937332181759855, -25.98086265295148678 ) ) ;
#2280 = CARTESIAN_POINT ( 'NONE',  ( -18.50000000000000000, -2.755455298081544778E-15, 0.0000000000000000000 ) ) ;
#2281 = CARTESIAN_POINT ( 'NONE',  ( 1.320850185210985295, -4.507575111056972617, 25.96659574876892052 ) ) ;
#2282 = CARTESIAN_POINT ( 'NONE',  ( 3.573283826362257527E-15, 61.12453497924184376, -19.45205114840793925 ) ) ;
#2283 = AXIS2_PLACEMENT_3D ( 'NONE', #3136, #5885, #325 ) ;
#2284 = COLOUR_RGB ( '',0.7529411764705882248, 0.0000000000000000000, 0.0000000000000000000 ) ;
#2285 =( LENGTH_UNIT ( ) NAMED_UNIT ( * ) SI_UNIT ( .MILLI., .METRE. ) );
#2286 = EDGE_LOOP ( 'NONE', ( #5204, #1643, #1557, #5728, #4229, #296 ) ) ;
#2287 = CARTESIAN_POINT ( 'NONE',  ( 8.188950350936103462, 13.52996279833934423, 25.20299768182156797 ) ) ;
#2288 = CARTESIAN_POINT ( 'NONE',  ( 16.73698285214188175, 12.27049068022908784, 4.911322193996126018 ) ) ;
#2289 = SURFACE_SIDE_STYLE ('',( #250 ) ) ;
#2290 = COLOUR_RGB ( '',0.7921568627450980005, 0.8196078431372548767, 0.9333333333333333481 ) ;
#2291 = MECHANICAL_DESIGN_GEOMETRIC_PRESENTATION_REPRESENTATION (  '', ( #162 ), #3579 ) ;
#2292 = CARTESIAN_POINT ( 'NONE',  ( -3.465881193137118390E-17, 5.000000000000000000, -26.00000000000000355 ) ) ;
#2293 = DIRECTION ( 'NONE',  ( -0.8660254037844433705, 0.0000000000000000000, 0.4999999999999920619 ) ) ;
#2294 = CARTESIAN_POINT ( 'NONE',  ( -16.37790070187221403, 39.63140005476532224, 22.54224642132906098 ) ) ;
#2295 = CARTESIAN_POINT ( 'NONE',  ( -26.50000000000000000, 92.16604663898912975, 0.0000000000000000000 ) ) ;
#2296 = DIRECTION ( 'NONE',  ( 0.0000000000000000000, 0.0000000000000000000, -1.000000000000000000 ) ) ;
#2297 = VERTEX_POINT ( 'NONE', #4389 ) ;
#2298 = CARTESIAN_POINT ( 'NONE',  ( 23.44994432064352097, -3.130554218879216144, 11.22943058924711934 ) ) ;
#2299 = CARTESIAN_POINT ( 'NONE',  ( -18.49999999999998934, 37.78807912198552543, 6.011014380308763450 ) ) ;
#2300 = ORIENTED_EDGE ( 'NONE', *, *, #6246, .F. ) ;
#2301 = CARTESIAN_POINT ( 'NONE',  ( 11.43362879187305303, 72.18446057592053933, 15.73703995451274018 ) ) ;
#2302 = CARTESIAN_POINT ( 'NONE',  ( 15.51275987711587945, -17.14781622887658941, -6.402983616160406122 ) ) ;
#2303 = CARTESIAN_POINT ( 'NONE',  ( -1.007537499599404196, 4.747182072378540063, -25.98158433619069640 ) ) ;
#2304 = EDGE_CURVE ( 'NONE', #2705, #2640, #5036, .T. ) ;
#2305 = B_SPLINE_CURVE_WITH_KNOTS ( 'NONE', 3,
 ( #5052, #6512, #521, #489, #1487, #2518 ),
 .UNSPECIFIED., .F., .F.,
 ( 4, 2, 4 ),
 ( 0.08447064840445357714, 0.09271590863000467309, 0.1009611688555557829 ),
 .UNSPECIFIED. ) ;
#2306 = CARTESIAN_POINT ( 'NONE',  ( 18.50000000000000000, 82.94944197509020967, 2.265596578422603396E-15 ) ) ;
#2307 = UNCERTAINTY_MEASURE_WITH_UNIT (LENGTH_MEASURE( 1.000000000000000082E-05 ), #3520, 'distance_accuracy_value', 'NONE');
#2308 = CARTESIAN_POINT ( 'NONE',  ( -26.50000000000000000, 27.35486979418771014, 8.610371950172016398 ) ) ;
#2309 = CARTESIAN_POINT ( 'NONE',  ( -26.49999999999999645, -2.265596578422595902E-15, 0.6539445008680777605 ) ) ;
#2310 = DIRECTION ( 'NONE',  ( -0.8660254037844328234, 0.0000000000000000000, -0.5000000000000101030 ) ) ;
#2311 = FACE_BOUND ( 'NONE', #5471, .T. ) ;
#2312 = DIRECTION ( 'NONE',  ( 0.0000000000000000000, 0.0000000000000000000, 1.000000000000000000 ) ) ;
#2313 = CARTESIAN_POINT ( 'NONE',  ( 8.188950350936103462, 15.96317212613717551, 25.20299768182156797 ) ) ;
#2314 = CARTESIAN_POINT ( 'NONE',  ( 23.14818237886432328, -1.492616640374431647, -11.83934958175675156 ) ) ;
#2315 = CARTESIAN_POINT ( 'NONE',  ( -1.007537499599402642, -1.252817927621460381, -25.98158433619069996 ) ) ;
#2316 = CARTESIAN_POINT ( 'NONE',  ( -5.716814395936527404, 22.11985119335738403, 17.59454555146033883 ) ) ;
#2317 = CARTESIAN_POINT ( 'NONE',  ( 0.1304733558423993300, 1.000000000000000000, 26.00000000000001066 ) ) ;
#2318 = CARTESIAN_POINT ( 'NONE',  ( 18.50000000000000355, 57.43789311368227857, -6.011014380308763450 ) ) ;
#2319 = SURFACE_STYLE_FILL_AREA ( #5816 ) ;
#2320 = EDGE_LOOP ( 'NONE', ( #6258, #2247, #123, #893 ) ) ;
#2321 = CARTESIAN_POINT ( 'NONE',  ( -16.37790070187220692, 42.10143725642596735, -22.54224642132905743 ) ) ;
#2322 = DIRECTION ( 'NONE',  ( 1.133932221432734415E-16, -1.000000000000000000, -0.0000000000000000000 ) ) ;
#2323 = FACE_OUTER_BOUND ( 'NONE', #574, .T. ) ;
#2324 = LINE ( 'NONE', #288, #231 ) ;
#2325 = CARTESIAN_POINT ( 'NONE',  ( -24.98076211353319565, 3.000000000000000444, 16.73205080756881813 ) ) ;
#2326 = CARTESIAN_POINT ( 'NONE',  ( 8.188950350936110567, 86.63608384064977486, -25.20299768182156797 ) ) ;
#2327 = DIRECTION ( 'NONE',  ( 1.000000000000000000, -0.0000000000000000000, -0.0000000000000000000 ) ) ;
#2328 = ORIENTED_EDGE ( 'NONE', *, *, #1737, .F. ) ;
#2329 = DIRECTION ( 'NONE',  ( 0.8660254037844362651, 0.0000000000000000000, 0.5000000000000039968 ) ) ;
#2330 = CARTESIAN_POINT ( 'NONE',  ( 18.49999999999998934, 8.294944197509018124, 6.011014380308767002 ) ) ;
#2331 = VERTEX_POINT ( 'NONE', #1998 ) ;
#2332 = CARTESIAN_POINT ( 'NONE',  ( -14.96681439593652740, 1.843320932779779708, 10.87402716741075359 ) ) ;
#2333 = CARTESIAN_POINT ( 'NONE',  ( 15.64706079015932794, -15.98069137103549586, -5.181972752814212768 ) ) ;
#2334 = B_SPLINE_CURVE_WITH_KNOTS ( 'NONE', 3,
 ( #1511, #2317, #353, #2390, #1544, #4420, #3848, #6451, #1897, #5873, #4953, #888, #6565, #3539, #3918, #1864, #2426, #2855 ),
 .UNSPECIFIED., .F., .F.,
 ( 4, 2, 2, 2, 2, 2, 2, 2, 4 ),
 ( 0.003128327943013886787, 0.003519189529751441323, 0.003910051116488994991, 0.004300912703226549526, 0.004691774289964103194, 0.005082635876701657729, 0.005473497463439211397, 0.005864359050176765065, 0.006255220636914317865 ),
 .UNSPECIFIED. ) ;
#2335 = EDGE_CURVE ( 'NONE', #3304, #210, #5057, .T. ) ;
#2336 = CARTESIAN_POINT ( 'NONE',  ( 2.000000000000000000, -3.000000000000000000, -18.00000000000000000 ) ) ;
#2337 = ORIENTED_EDGE ( 'NONE', *, *, #5712, .T. ) ;
#2338 = CARTESIAN_POINT ( 'NONE',  ( 5.716814395936530069, 68.20287451285194891, -17.59454555146033883 ) ) ;
#2339 = EDGE_CURVE ( 'NONE', #2948, #1976, #127, .T. ) ;
#2340 = EDGE_CURVE ( 'NONE', #5759, #1879, #3746, .T. ) ;
#2341 = VECTOR ( 'NONE', #650, 1000.000000000000000 ) ;
#2342 = APPLICATION_PROTOCOL_DEFINITION ( 'draft international standard', 'automotive_design', 1998, #2923 ) ;
#2343 = CARTESIAN_POINT ( 'NONE',  ( 5.118487643167557865E-15, 21.82490699584835880, -27.86374894231408206 ) ) ;
#2344 = CARTESIAN_POINT ( 'NONE',  ( -10.13421829354932413, -6.032824842719109269E-16, 22.48647300316476105 ) ) ;
#2345 =( LENGTH_UNIT ( ) NAMED_UNIT ( * ) SI_UNIT ( .MILLI., .METRE. ) );
#2346 = CARTESIAN_POINT ( 'NONE',  ( 0.0000000000000000000, 3.000000000000000000, 30.00000000000000000 ) ) ;
#2347 = ADVANCED_FACE ( 'NONE', ( #3025 ), #4519, .F. ) ;
#2348 = CARTESIAN_POINT ( 'NONE',  ( 26.50000000000000000, 56.51623264729239793, 3.245314017740485765E-15 ) ) ;
#2349 = CARTESIAN_POINT ( 'NONE',  ( -5.716814395936523852, 33.17977679003608671, -17.59454555146034238 ) ) ;
#2350 =( LENGTH_UNIT ( ) NAMED_UNIT ( * ) SI_UNIT ( .MILLI., .METRE. ) );
#2351 = CARTESIAN_POINT ( 'NONE',  ( -1.191094608787419176E-15, 41.47472098754509062, 19.45205114840794280 ) ) ;
#2352 = PRESENTATION_STYLE_ASSIGNMENT (( #392 ) ) ;
#2353 = CARTESIAN_POINT ( 'NONE',  ( -14.96681439593652740, 20.27653026057760499, 10.87402716741075359 ) ) ;
#2354 = DIRECTION ( 'NONE',  ( 0.0000000000000000000, 0.0000000000000000000, 1.000000000000000000 ) ) ;
#2355 = VERTEX_POINT ( 'NONE', #6581 ) ;
#2356 = CARTESIAN_POINT ( 'NONE',  ( 26.50000000000000000, 90.94944197509020967, 3.245314017740485765E-15 ) ) ;
#2357 = CARTESIAN_POINT ( 'NONE',  ( -1.505977812795423532, 1.677483287746382334, 25.95651309647499261 ) ) ;
#2358 = FACE_OUTER_BOUND ( 'NONE', #5991, .T. ) ;
#2359 =( REPRESENTATION_RELATIONSHIP ('NONE','NONE', #3455, #4990 ) REPRESENTATION_RELATIONSHIP_WITH_TRANSFORMATION ( #5229 )SHAPE_REPRESENTATION_RELATIONSHIP( ) );
#2360 = CARTESIAN_POINT ( 'NONE',  ( -2.000000000000000000, -2.999999999999999556, -25.92296279363143796 ) ) ;
#2361 = CARTESIAN_POINT ( 'NONE',  ( 3.184081677783118585E-15, -5.800000000000001599, 26.00000000000000355 ) ) ;
#2362 = CARTESIAN_POINT ( 'NONE',  ( -26.50000000000000000, 56.22128844978335849, 8.610371950172016398 ) ) ;
#2363 = CARTESIAN_POINT ( 'NONE',  ( -8.188950350936101685, 88.47940477342955035, -25.20299768182156797 ) ) ;
#2364 = CARTESIAN_POINT ( 'NONE',  ( -25.00000000000000000, -12.99999999999998757, -9.199999999999995737 ) ) ;
#2365 = EDGE_LOOP ( 'NONE', ( #3930, #5730, #2431, #1208 ) ) ;
#2366 = CARTESIAN_POINT ( 'NONE',  ( 10.83917410271363124, 2.978641430428004000, 4.199999999999998401 ) ) ;
#2367 = CARTESIAN_POINT ( 'NONE',  ( 5.716814395936530069, 20.90324652945847106, -17.59454555146033528 ) ) ;
#2368 = EDGE_LOOP ( 'NONE', ( #3007, #1461, #4462, #1993 ) ) ;
#2369 = CARTESIAN_POINT ( 'NONE',  ( -18.50000000000000000, 18.43320932779782240, 0.0000000000000000000 ) ) ;
#2370 = CYLINDRICAL_SURFACE ( 'NONE', #339, 2.000000000000001332 ) ;
#2371 = CARTESIAN_POINT ( 'NONE',  ( -2.000000000000000000, 3.000000000000000444, -25.92296279363143796 ) ) ;
#2372 = EDGE_LOOP ( 'NONE', ( #804, #320 ) ) ;
#2373 = CARTESIAN_POINT ( 'NONE',  ( -18.49999999999999645, 72.81117684480140895, -6.011014380308771443 ) ) ;
#2374 =( GEOMETRIC_REPRESENTATION_CONTEXT ( 3 ) GLOBAL_UNCERTAINTY_ASSIGNED_CONTEXT ( ( #4108 ) ) GLOBAL_UNIT_ASSIGNED_CONTEXT ( ( #6323, #367, #1367 ) ) REPRESENTATION_CONTEXT ( 'NONE', 'WORKASPACE' ) );
#2375 = COLOUR_RGB ( '',1.000000000000000000, 0.0000000000000000000, 0.0000000000000000000 ) ;
#2376 = CARTESIAN_POINT ( 'NONE',  ( -47.92474241349964359, 47.58337716060201927, 33.47621701760772339 ) ) ;
#2377 = CARTESIAN_POINT ( 'NONE',  ( -16.37790070187221048, 84.49781871036094572, 22.54224642132905743 ) ) ;
#2378 =( GEOMETRIC_REPRESENTATION_CONTEXT ( 3 ) GLOBAL_UNCERTAINTY_ASSIGNED_CONTEXT ( ( #510 ) ) GLOBAL_UNIT_ASSIGNED_CONTEXT ( ( #1935, #499, #5501 ) ) REPRESENTATION_CONTEXT ( 'NONE', 'WORKASPACE' ) );
#2379 = FACE_BOUND ( 'NONE', #959, .T. ) ;
#2380 = CARTESIAN_POINT ( 'NONE',  ( -15.50593268817196524, -14.63560189421904312, 4.472104679082872458 ) ) ;
#2381 = CARTESIAN_POINT ( 'NONE',  ( 22.94668621860952484, 4.797983425504192212, -12.22555913839052266 ) ) ;
#2382 =( GEOMETRIC_REPRESENTATION_CONTEXT ( 3 ) GLOBAL_UNCERTAINTY_ASSIGNED_CONTEXT ( ( #3098 ) ) GLOBAL_UNIT_ASSIGNED_CONTEXT ( ( #3954, #1361, #2963 ) ) REPRESENTATION_CONTEXT ( 'NONE', 'WORKASPACE' ) );
#2383 = EDGE_CURVE ( 'NONE', #4794, #1437, #666, .T. ) ;
#2384 = CARTESIAN_POINT ( 'NONE',  ( 21.43895035093611057, 76.79276290786999937, -15.57630918575053514 ) ) ;
#2385 = CARTESIAN_POINT ( 'NONE',  ( -18.49999999999999645, 17.51154886140792755, -6.011014380308771443 ) ) ;
#2386 = EDGE_CURVE ( 'NONE', #4700, #6059, #346, .T. ) ;
#2387 = TOROIDAL_SURFACE ( 'NONE', #2712, 25.80000000000000426, 0.2000000000000000111 ) ;
#2388 =( NAMED_UNIT ( * ) SI_UNIT ( $, .STERADIAN. ) SOLID_ANGLE_UNIT ( ) );
#2389 = CARTESIAN_POINT ( 'NONE',  ( -5.716814395936523852, 88.47940477342955035, -17.59454555146034238 ) ) ;
#2390 = CARTESIAN_POINT ( 'NONE',  ( 0.5194734249141438331, 1.064219429719269749, 25.99512638592125313 ) ) ;
#2391 = CARTESIAN_POINT ( 'NONE',  ( 18.49999999999999645, 10.13826513028879717, -6.011014380308762561 ) ) ;
#2392 = ADVANCED_FACE ( 'NONE', ( #3619, #4620 ), #5022, .T. ) ;
#2393 = ORIENTED_EDGE ( 'NONE', *, *, #4541, .T. ) ;
#2394 = CARTESIAN_POINT ( 'NONE',  ( -26.50000000000000000, 19.35486979418771369, 8.610371950172016398 ) ) ;
#2395 = SURFACE_SIDE_STYLE ('',( #425 ) ) ;
#2396 = CARTESIAN_POINT ( 'NONE',  ( 21.72527145923477576, -4.321135156768898256, -14.28360342013973749 ) ) ;
#2397 = CARTESIAN_POINT ( 'NONE',  ( -0.2611797855971090265, -5.000000000000000888, -26.00000000000001066 ) ) ;
#2398 = AXIS2_PLACEMENT_3D ( 'NONE', #4592, #90, #4165 ) ;
#2399 = SURFACE_STYLE_FILL_AREA ( #1964 ) ;
#2400 = CARTESIAN_POINT ( 'NONE',  ( 26.50000000000000000, 46.08302331949456487, 3.245314017740485765E-15 ) ) ;
#2401 = VECTOR ( 'NONE', #5076, 1000.000000000000000 ) ;
#2402 = CARTESIAN_POINT ( 'NONE',  ( -26.50000000000000000, 72.81117684480142316, -8.610371950172025279 ) ) ;
#2403 = FILL_AREA_STYLE_COLOUR ( '', #6528 ) ;
#2404 = EDGE_LOOP ( 'NONE', ( #27, #41 ) ) ;
#2405 = CARTESIAN_POINT ( 'NONE',  ( 22.25053017230944974, -4.947366730299656901, 13.45257901230772823 ) ) ;
#2406 = CARTESIAN_POINT ( 'NONE',  ( 11.43362879187305481, 67.28121404646206827, -15.73703995451273840 ) ) ;
#2407 = ORIENTED_EDGE ( 'NONE', *, *, #6564, .F. ) ;
#2408 = AXIS2_PLACEMENT_3D ( 'NONE', #1988, #5547, #4984 ) ;
#2409 = CARTESIAN_POINT ( 'NONE',  ( 11.43362879187304948, 80.18446057592053933, 15.73703995451273840 ) ) ;
#2410 = AXIS2_PLACEMENT_3D ( 'NONE', #5053, #1556, #4512 ) ;
#2411 = CARTESIAN_POINT ( 'NONE',  ( -8.000000000000000000, 9.797174393178825657E-16, -4.750000000000000888 ) ) ;
#2412 = PRESENTATION_LAYER_ASSIGNMENT (  '', '', ( #4109 ) ) ;
#2413 = CIRCLE ( 'NONE', #2188, 6.500000000000000000 ) ;
#2414 = CARTESIAN_POINT ( 'NONE',  ( -1.736096637600607950, 4.001503651162201969, -25.94207470481699218 ) ) ;
#2415 = ORIENTED_EDGE ( 'NONE', *, *, #1284, .F. ) ;
#2416 = CARTESIAN_POINT ( 'NONE',  ( 18.50000000000000000, 64.51623264729239793, 2.265596578422603396E-15 ) ) ;
#2417 = APPLICATION_PROTOCOL_DEFINITION ( 'draft international standard', 'automotive_design', 1998, #1555 ) ;
#2418 = B_SPLINE_CURVE_WITH_KNOTS ( 'NONE', 3,
 ( #712, #5766, #3732, #2804, #1305, #1179, #3766, #3240, #6328, #2302, #4330, #4870, #1210, #3731, #2232, #5337, #2333, #3306, #3207, #5236, #770, #711, #4799, #4300, #5801, #2773 ),
 .UNSPECIFIED., .F., .F.,
 ( 4, 2, 2, 2, 2, 2, 2, 2, 2, 2, 2, 2, 4 ),
 ( 2.350147228749993426E-07, 0.001016357821384117691, 0.001524419224714738301, 0.002032480628045358912, 0.003048603434706600567, 0.003556664838037219226, 0.004064726241367838319, 0.004572787644698457846, 0.005080849048029077372, 0.006096971854690315558, 0.006605033258020936819, 0.007113094661351558080, 0.008129217468012799735 ),
 .UNSPECIFIED. ) ;
#2419 = DIRECTION ( 'NONE',  ( 0.0000000000000000000, 0.0000000000000000000, -1.000000000000000000 ) ) ;
#2420 = CARTESIAN_POINT ( 'NONE',  ( 23.10111103684442213, 4.591750972945282783, -11.93107289210068522 ) ) ;
#2421 = CARTESIAN_POINT ( 'NONE',  ( -21.56420637828267317, 2.112867541137976701, -14.52541005916190997 ) ) ;
#2422 = CARTESIAN_POINT ( 'NONE',  ( 8.188950350936110567, 41.76966518505413006, -25.20299768182156797 ) ) ;
#2423 = CARTESIAN_POINT ( 'NONE',  ( -5.716814395936523852, 14.74656746223825721, -17.59454555146034238 ) ) ;
#2424 = FILL_AREA_STYLE ('',( #3743 ) ) ;
#2425 = CARTESIAN_POINT ( 'NONE',  ( 11.43362879187304948, 61.75125124812272048, 15.73703995451273840 ) ) ;
#2426 = CARTESIAN_POINT ( 'NONE',  ( 2.000000000000000000, 2.869475736551258205, 25.92296279363143796 ) ) ;
#2427 = B_SPLINE_CURVE_WITH_KNOTS ( 'NONE', 3,
 ( #38, #3154, #4648, #1153, #584, #3704, #2146, #106, #1654, #4178, #3182, #3587, #2718, #5111, #6208, #2048, #5609, #1588, #5181, #5639, #5212, #5737, #1053, #1085, #643, #4149, #2680, #73, #1185, #6173, #1620, #3644, #5673, #3211, #3083, #548, #2573, #4876, #1250, #5410, #307, #1822, #815, #4272, #1792, #6337, #2344, #844, #3312, #5772, #1722, #5907, #4371, #3249, #3281, #717, #4339, #234, #1310, #1755, #2271, #2746, #5837, #2778, #3837, #5308, #1854, #273, #4847, #6370, #2309, #5864 ),
 .UNSPECIFIED., .F., .F.,
 ( 4, 2, 2, 2, 2, 2, 2, 2, 2, 2, 2, 2, 2, 2, 2, 2, 2, 2, 2, 2, 2, 2, 2, 2, 2, 2, 2, 2, 2, 2, 2, 2, 2, 2, 2, 4 ),
 ( 5.732119552836790845E-19, 0.003963657940946920845, 0.005945486911420383436, 0.007927315881893843424, 0.01189097382284077208, 0.01387280279331423380, 0.01585463176378769726, 0.01981828970473462764, 0.02180011867520809457, 0.02378194764568155803, 0.02477286213091828976, 0.02576377661615502149, 0.02625923385877339256, 0.02675469110139176016, 0.02700241972270094742, 0.02725014834401013122, 0.02749787696531931849, 0.02774560558662850229, 0.02824106282924686989, 0.02873652007186524096, 0.02972743455710197269, 0.03071834904233870789, 0.03170926352757543615, 0.03369109249804888573, 0.03567292146852234225, 0.03765475043899579183, 0.03963657940946924835, 0.04360023735041616139, 0.04558206632088960403, 0.04756389529136305361, 0.05152755323230994583, 0.05350938220278339541, 0.05549121117325683805, 0.05945486911420373027, 0.06143669808467717985, 0.06341852705515062250 ),
 .UNSPECIFIED. ) ;
#2428 = CARTESIAN_POINT ( 'NONE',  ( 18.49999999999999645, 28.57147445808662312, -6.011014380308762561 ) ) ;
#2429 = CARTESIAN_POINT ( 'NONE',  ( 11.43362879187304948, 6.451623264729235530, 15.73703995451273840 ) ) ;
#2430 = ORIENTED_EDGE ( 'NONE', *, *, #5038, .T. ) ;
#2431 = ORIENTED_EDGE ( 'NONE', *, *, #5437, .T. ) ;
#2432 = CARTESIAN_POINT ( 'NONE',  ( -1.706162547722519354E-15, 86.34113964314074963, 27.86374894231408206 ) ) ;
#2433 = CARTESIAN_POINT ( 'NONE',  ( -2.000000000000000444, 2.867772461213276447, 25.92296279363145572 ) ) ;
#2434 = CARTESIAN_POINT ( 'NONE',  ( 1.947526361877306877, -2.475530441581057062, 25.92715056865213086 ) ) ;
#2435 = EDGE_CURVE ( 'NONE', #2227, #3072, #3972, .T. ) ;
#2436 = CARTESIAN_POINT ( 'NONE',  ( -23.14802333289735969, -4.507833773373797648, -11.83966901652693871 ) ) ;
#2437 = CARTESIAN_POINT ( 'NONE',  ( 21.43895035093610701, 84.79276290786999937, -15.57630918575053514 ) ) ;
#2438 = CARTESIAN_POINT ( 'NONE',  ( 26.50000000000001066, 75.87110244148010452, -8.610371950172012845 ) ) ;
#2439 = CARTESIAN_POINT ( 'NONE',  ( 25.98076211353329867, 3.000000000000000000, -14.99999999999975664 ) ) ;
#2440 = VERTEX_POINT ( 'NONE', #6115 ) ;
#2441 = CARTESIAN_POINT ( 'NONE',  ( 21.72589119250950063, -4.322266500894269114, 14.28265333861191522 ) ) ;
#2442 = CARTESIAN_POINT ( 'NONE',  ( 11.43362879187305836, 19.98158606306857976, -15.73703995451274018 ) ) ;
#2443 = CARTESIAN_POINT ( 'NONE',  ( 18.49999999999999645, 47.00468378588443841, -6.011014380308762561 ) ) ;
#2444 = CARTESIAN_POINT ( 'NONE',  ( 1.322434559375260665, 4.506047997657786297, 25.96651100595100559 ) ) ;
#2445 = VERTEX_POINT ( 'NONE', #555 ) ;
#2446 = ORIENTED_EDGE ( 'NONE', *, *, #1449, .F. ) ;
#2447 = DIRECTION ( 'NONE',  ( 1.133932221432734415E-16, -1.000000000000000000, -0.0000000000000000000 ) ) ;
#2448 = PRODUCT_CONTEXT ( 'NONE', #536, 'mechanical' ) ;
#2449 = DIRECTION ( 'NONE',  ( -1.000000000000000000, 0.0000000000000000000, 0.0000000000000000000 ) ) ;
#2450 = CARTESIAN_POINT ( 'NONE',  ( 22.83165155971502003, 4.898262313786330147, -12.43906715623687020 ) ) ;
#2451 = DIRECTION ( 'NONE',  ( 0.0000000000000000000, 1.000000000000000000, 0.0000000000000000000 ) ) ;
#2452 = AXIS2_PLACEMENT_3D ( 'NONE', #948, #444, #3307 ) ;
#2453 = CARTESIAN_POINT ( 'NONE',  ( 11.43362879187305836, 3.981586063068585535, -15.73703995451274018 ) ) ;
#2454 = CARTESIAN_POINT ( 'NONE',  ( 18.49999999999999645, 26.72815352530684052, 6.011014380308767890 ) ) ;
#2455 = CARTESIAN_POINT ( 'NONE',  ( -14.96681439593652563, 90.32272570620935426, -10.87402716741075714 ) ) ;
#2456 = CARTESIAN_POINT ( 'NONE',  ( -14.96681439593652740, 75.57615824397107929, 10.87402716741075359 ) ) ;
#2457 = CARTESIAN_POINT ( 'NONE',  ( 14.96681439593652563, 7.373283731119127715, 10.87402716741075537 ) ) ;
#2458 = CARTESIAN_POINT ( 'NONE',  ( -22.83307740087301951, -1.102764265014183120, -12.43644722152705562 ) ) ;
#2459 = EDGE_LOOP ( 'NONE', ( #4362, #3961, #2771, #5591, #3235 ) ) ;
#2460 = CARTESIAN_POINT ( 'NONE',  ( 5.118487643167557865E-15, 77.12453497924182955, -27.86374894231408206 ) ) ;
#2461 = SURFACE_STYLE_USAGE ( .BOTH. , #2395 ) ;
#2462 = CARTESIAN_POINT ( 'NONE',  ( 22.18820686476118453, -4.898146526468554640, -13.55352925245560947 ) ) ;
#2463 = B_SPLINE_CURVE_WITH_KNOTS ( 'NONE', 3,
 ( #2494, #5423, #3525, #858, #5456, #4023, #6021, #1904, #2523, #4993, #1424, #6419, #1871, #426, #6047, #2895, #2462, #4922, #361, #897, #2932, #2396, #1494, #4457, #5556, #6457, #992, #3024, #4961, #5953 ),
 .UNSPECIFIED., .F., .F.,
 ( 4, 2, 2, 2, 2, 2, 2, 2, 2, 2, 2, 2, 2, 2, 4 ),
 ( 4.336808689942017736E-19, 0.0003909512898071429692, 0.0007819025796142855048, 0.001172853869421428040, 0.001563805159228570576, 0.002345707738842862152, 0.003127610318457154162, 0.003518561608264299517, 0.003909512898071444004, 0.004300464187878589792, 0.004691415477685735580, 0.005082366767492881368, 0.005473318057300025422, 0.005864269347107171210, 0.006255220636914316998 ),
 .UNSPECIFIED. ) ;
#2464 = B_SPLINE_CURVE_WITH_KNOTS ( 'NONE', 3,
 ( #1362, #5495, #2434, #3955, #5056, #4486, #962, #3427, #5985, #2994, #457, #6549, #6517, #1996 ),
 .UNSPECIFIED., .F., .F.,
 ( 4, 2, 2, 2, 2, 2, 4 ),
 ( 0.006255220636914320467, 0.007037336817057917790, 0.007819452997201515113, 0.008210511087273313774, 0.008601569177345112435, 0.008992627267416911097, 0.009383685357488709758 ),
 .UNSPECIFIED. ) ;
#2465 = CARTESIAN_POINT ( 'NONE',  ( 2.000000000000000000, 3.000000000000000444, 18.00000000000000000 ) ) ;
#2466 = DIRECTION ( 'NONE',  ( 0.0000000000000000000, -1.000000000000000000, -3.846707125290959924E-17 ) ) ;
#2467 = CARTESIAN_POINT ( 'NONE',  ( -1.706162547722519157E-15, 41.47472098754509773, 27.86374894231407495 ) ) ;
#2468 = CARTESIAN_POINT ( 'NONE',  ( -16.37790070187220692, 81.40106523981945941, -22.54224642132905743 ) ) ;
#2469 = CARTESIAN_POINT ( 'NONE',  ( 5.123475382979800763, 0.0000000000000000000, 4.000000000000000000 ) ) ;
#2470 = ORIENTED_EDGE ( 'NONE', *, *, #2540, .F. ) ;
#2471 = DIRECTION ( 'NONE',  ( 1.000000000000000000, 0.0000000000000000000, 0.0000000000000000000 ) ) ;
#2472 = CARTESIAN_POINT ( 'NONE',  ( 18.50000000000000355, 18.13826513028880072, -6.011014380308763450 ) ) ;
#2473 = EDGE_CURVE ( 'NONE', #463, #4394, #5744, .T. ) ;
#2474 = CARTESIAN_POINT ( 'NONE',  ( 11.43362879187304948, 61.75125124812272048, 15.73703995451273840 ) ) ;
#2475 = EDGE_CURVE ( 'NONE', #6135, #4897, #5901, .T. ) ;
#2476 = CARTESIAN_POINT ( 'NONE',  ( 0.0000000000000000000, -18.21768760422456879, 0.0000000000000000000 ) ) ;
#2477 = ORIENTED_EDGE ( 'NONE', *, *, #1083, .F. ) ;
#2478 = EDGE_CURVE ( 'NONE', #2008, #3578, #621, .T. ) ;
#2479 = VERTEX_POINT ( 'NONE', #204 ) ;
#2480 = CARTESIAN_POINT ( 'NONE',  ( -18.49999999999999289, 9.511548861407931099, -6.011014380308773219 ) ) ;
#2481 = ORIENTED_EDGE ( 'NONE', *, *, #1580, .F. ) ;
#2482 = PRODUCT_CONTEXT ( 'NONE', #2708, 'mechanical' ) ;
#2483 = CARTESIAN_POINT ( 'NONE',  ( -1.735797477261274313, 1.997946807658919299, -25.94209522694591641 ) ) ;
#2484 = CARTESIAN_POINT ( 'NONE',  ( -1.505977812795423754, -4.322516712253617222, 25.95651309647500327 ) ) ;
#2485 = AXIS2_PLACEMENT_3D ( 'NONE', #334, #3601, #1637 ) ;
#2486 = CARTESIAN_POINT ( 'NONE',  ( 11.43362879187305836, 59.28121404646206827, -15.73703995451274018 ) ) ;
#2487 =( LENGTH_UNIT ( ) NAMED_UNIT ( * ) SI_UNIT ( .MILLI., .METRE. ) );
#2488 = CARTESIAN_POINT ( 'NONE',  ( -14.96681439593652563, 71.88951637841152831, -10.87402716741075714 ) ) ;
#2489 = CIRCLE ( 'NONE', #6201, 4.000000000000000000 ) ;
#2490 = CARTESIAN_POINT ( 'NONE',  ( 14.96681439593652563, 62.67291171451260112, 10.87402716741075537 ) ) ;
#2491 = ORIENTED_EDGE ( 'NONE', *, *, #1209, .T. ) ;
#2492 = CARTESIAN_POINT ( 'NONE',  ( -16.37790070187221403, 21.19819072696749629, 22.54224642132906098 ) ) ;
#2493 = DIRECTION ( 'NONE',  ( 0.0000000000000000000, 0.0000000000000000000, 1.000000000000000000 ) ) ;
#2494 = CARTESIAN_POINT ( 'NONE',  ( 23.44994432064375545, -3.000000000000000000, -11.22943058924662552 ) ) ;
#2495 = AXIS2_PLACEMENT_3D ( 'NONE', #1417, #3843, #2954 ) ;
#2496 = SURFACE_STYLE_FILL_AREA ( #6023 ) ;
#2497 = CARTESIAN_POINT ( 'NONE',  ( 8.188950350936103462, 42.39638145393499968, 25.20299768182156797 ) ) ;
#2498 = CARTESIAN_POINT ( 'NONE',  ( 21.43895035093611057, 39.92634425227434036, -15.57630918575053514 ) ) ;
#2499 = VERTEX_POINT ( 'NONE', #2211 ) ;
#2500 = FILL_AREA_STYLE ('',( #465 ) ) ;
#2501 = CARTESIAN_POINT ( 'NONE',  ( -18.49999999999999289, 27.35486979418771014, 6.011014380308766114 ) ) ;
#2502 = CARTESIAN_POINT ( 'NONE',  ( -14.96681439593652740, 57.14294891617326044, 10.87402716741075359 ) ) ;
#2503 = AXIS2_PLACEMENT_3D ( 'NONE', #4011, #1984, #5443 ) ;
#2504 = DIRECTION ( 'NONE',  ( 0.0000000000000000000, 0.0000000000000000000, -1.000000000000000000 ) ) ;
#2505 = CARTESIAN_POINT ( 'NONE',  ( 26.50000000000000000, 72.51623264729238372, 3.245314017740485765E-15 ) ) ;
#2506 = ORIENTED_EDGE ( 'NONE', *, *, #6125, .T. ) ;
#2507 = EDGE_LOOP ( 'NONE', ( #2393, #3830, #2156, #2929, #1409 ) ) ;
#2508 = STYLED_ITEM ( 'NONE', ( #157 ), #5935 ) ;
#2509 = STYLED_ITEM ( 'NONE', ( #4918 ), #4539 ) ;
#2510 = ORIENTED_EDGE ( 'NONE', *, *, #3236, .F. ) ;
#2511 = CIRCLE ( 'NONE', #5803, 2.000000000000000444 ) ;
#2512 = ADVANCED_FACE ( 'NONE', ( #6307 ), #4185, .T. ) ;
#2513 = CARTESIAN_POINT ( 'NONE',  ( 23.14818237886432328, 4.507383359625569241, -11.83934958175675156 ) ) ;
#2514 = CARTESIAN_POINT ( 'NONE',  ( -21.67924203605489453, 1.780618158381594984, -14.35324892544698727 ) ) ;
#2515 = CARTESIAN_POINT ( 'NONE',  ( 11.43362879187305836, 40.84800471866424232, -15.73703995451274018 ) ) ;
#2516 = CARTESIAN_POINT ( 'NONE',  ( -18.50000000000000000, 73.73283731119130380, 0.0000000000000000000 ) ) ;
#2517 = CARTESIAN_POINT ( 'NONE',  ( -18.49999999999998934, 72.81117684480142316, -6.011014380308772331 ) ) ;
#2518 = CARTESIAN_POINT ( 'NONE',  ( -16.28571998612486027, 10.99999999999995026, -4.750000000000000000 ) ) ;
#2519 = PLANE ( 'NONE',  #2410 ) ;
#2520 = EDGE_LOOP ( 'NONE', ( #2629, #5542 ) ) ;
#2521 = CARTESIAN_POINT ( 'NONE',  ( -8.188950350936101685, 51.61298611783390555, -25.20299768182156797 ) ) ;
#2522 = CARTESIAN_POINT ( 'NONE',  ( 25.75000000000001421, -150.0000000000000000, 0.0000000000000000000 ) ) ;
#2523 = CARTESIAN_POINT ( 'NONE',  ( 23.23208622093925868, -4.322266500894266450, -11.67384702326391022 ) ) ;
#2524 = DIRECTION ( 'NONE',  ( 0.0000000000000000000, 0.0000000000000000000, -1.000000000000000000 ) ) ;
#2525 =( NAMED_UNIT ( * ) PLANE_ANGLE_UNIT ( ) SI_UNIT ( $, .RADIAN. ) );
#2526 = CARTESIAN_POINT ( 'NONE',  ( 21.43895035093611057, 76.79276290786999937, -15.57630918575053514 ) ) ;
#2527 = CYLINDRICAL_SURFACE ( 'NONE', #255, 17.75000000000000355 ) ;
#2528 = CARTESIAN_POINT ( 'NONE',  ( 5.716814395936525628, 68.82959078173280432, 17.59454555146034238 ) ) ;
#2529 = CARTESIAN_POINT ( 'NONE',  ( -5.716814395936523852, 88.47940477342955035, -17.59454555146034238 ) ) ;
#2530 = FACE_OUTER_BOUND ( 'NONE', #1576, .T. ) ;
#2531 = CARTESIAN_POINT ( 'NONE',  ( -21.43895035093611057, 83.57615824397107929, 15.57630918575053691 ) ) ;
#2532 = EDGE_LOOP ( 'NONE', ( #4690, #2407 ) ) ;
#2533 = EDGE_LOOP ( 'NONE', ( #1065, #3697 ) ) ;
#2534 = ORIENTED_EDGE ( 'NONE', *, *, #4414, .F. ) ;
#2535 = EDGE_CURVE ( 'NONE', #1479, #4735, #5713, .T. ) ;
#2536 = DIRECTION ( 'NONE',  ( -0.8660254037844433705, 0.0000000000000000000, 0.4999999999999920619 ) ) ;
#2537 = CARTESIAN_POINT ( 'NONE',  ( -23.40560076435813386, 2.355778030657368127, -11.32167762819576318 ) ) ;
#2538 = CARTESIAN_POINT ( 'NONE',  ( -14.96681439593652740, 49.14294891617326044, 10.87402716741075359 ) ) ;
#2539 = ADVANCED_FACE ( 'NONE', ( #141 ), #3812, .T. ) ;
#2540 = EDGE_CURVE ( 'NONE', #6060, #2231, #2489, .T. ) ;
#2541 = CARTESIAN_POINT ( 'NONE',  ( -18.49999999999999289, 62.37796751700357589, -6.011014380308773219 ) ) ;
#2542 = CARTESIAN_POINT ( 'NONE',  ( -5.716814395936523852, 51.61298611783390555, -17.59454555146034238 ) ) ;
#2543 = CARTESIAN_POINT ( 'NONE',  ( 3.401796664298201715E-15, -17.99999999999998934, 0.0000000000000000000 ) ) ;
#2544 = VECTOR ( 'NONE', #4637, 1000.000000000000227 ) ;
#2545 = DIRECTION ( 'NONE',  ( 0.0000000000000000000, 0.0000000000000000000, 1.000000000000000000 ) ) ;
#2546 = ORIENTED_EDGE ( 'NONE', *, *, #1288, .F. ) ;
#2547 = CARTESIAN_POINT ( 'NONE',  ( -8.188950350936101685, 33.17977679003608671, -25.20299768182156797 ) ) ;
#2548 =( LENGTH_UNIT ( ) NAMED_UNIT ( * ) SI_UNIT ( .MILLI., .METRE. ) );
#2549 = DIRECTION ( 'NONE',  ( 0.5000000000000101030, 0.0000000000000000000, -0.8660254037844328234 ) ) ;
#2550 = CARTESIAN_POINT ( 'NONE',  ( 0.0000000000000000000, 45.99999999999998579, 0.0000000000000000000 ) ) ;
#2551 = CARTESIAN_POINT ( 'NONE',  ( 21.48606061743505791, 2.482122412870951589, 14.64069154981130261 ) ) ;
#2552 = CARTESIAN_POINT ( 'NONE',  ( 26.50000000000000000, 56.51623264729239793, 3.245314017740485765E-15 ) ) ;
#2553 = CARTESIAN_POINT ( 'NONE',  ( 16.83772357723892554, 12.59214274398774869, -4.998677989309802783 ) ) ;
#2554 = CARTESIAN_POINT ( 'NONE',  ( -22.83165155971492410, -1.101737686213671852, 12.43906715623703008 ) ) ;
#2555 = ORIENTED_EDGE ( 'NONE', *, *, #5731, .F. ) ;
#2556 = UNCERTAINTY_MEASURE_WITH_UNIT (LENGTH_MEASURE( 1.000000000000000082E-05 ), #2688, 'distance_accuracy_value', 'NONE');
#2557 = CARTESIAN_POINT ( 'NONE',  ( -14.96681439593652740, 83.57615824397107929, 10.87402716741075359 ) ) ;
#2558 = DIRECTION ( 'NONE',  ( -0.0000000000000000000, -1.000000000000000000, -0.0000000000000000000 ) ) ;
#2559 = CARTESIAN_POINT ( 'NONE',  ( -6.435209760824275982, 92.16604663898904448, -22.86737410881774579 ) ) ;
#2560 = DIRECTION ( 'NONE',  ( -0.0000000000000000000, -1.000000000000000000, -0.0000000000000000000 ) ) ;
#2561 = CARTESIAN_POINT ( 'NONE',  ( -14.48111300144775448, -17.99999999999998579, -8.911512802712742598 ) ) ;
#2562 = FILL_AREA_STYLE ('',( #607 ) ) ;
#2563 = CARTESIAN_POINT ( 'NONE',  ( 8.188950350936103462, 68.82959078173280432, 25.20299768182156797 ) ) ;
#2564 = ORIENTED_EDGE ( 'NONE', *, *, #5040, .F. ) ;
#2565 = ORIENTED_EDGE ( 'NONE', *, *, #4554, .T. ) ;
#2566 = ORIENTED_EDGE ( 'NONE', *, *, #4612, .F. ) ;
#2567 = FACE_BOUND ( 'NONE', #4139, .T. ) ;
#2568 = DIRECTION ( 'NONE',  ( 1.133932221432734415E-16, -1.000000000000000000, -0.0000000000000000000 ) ) ;
#2569 = EDGE_CURVE ( 'NONE', #3510, #4957, #6412, .T. ) ;
#2570 = CARTESIAN_POINT ( 'NONE',  ( -1.191094608787419176E-15, 51.90793031534293789, 19.45205114840793925 ) ) ;
#2571 = AXIS2_PLACEMENT_3D ( 'NONE', #823, #1111, #128 ) ;
#2572 = CARTESIAN_POINT ( 'NONE',  ( 5.716814395936530069, 57.76966518505413006, -17.59454555146033528 ) ) ;
#2573 = CARTESIAN_POINT ( 'NONE',  ( -5.282428362303812186, -1.524583002464099191E-17, 22.63949688021552120 ) ) ;
#2574 = CARTESIAN_POINT ( 'NONE',  ( -16.85812429332525042, 15.76588167815279284, -8.229391730667765970 ) ) ;
#2575 = EDGE_CURVE ( 'NONE', #475, #3206, #2805, .T. ) ;
#2576 = CARTESIAN_POINT ( 'NONE',  ( -22.38543338271171379, -1.012791619669421994, -13.22530583699630569 ) ) ;
#2577 = EDGE_LOOP ( 'NONE', ( #3009, #3726 ) ) ;
#2578 = CARTESIAN_POINT ( 'NONE',  ( 26.50000000000000000, 45.16136285310467713, 8.610371950172021727 ) ) ;
#2579 = DIRECTION ( 'NONE',  ( -0.0000000000000000000, 1.000000000000000000, -0.0000000000000000000 ) ) ;
#2580 = VECTOR ( 'NONE', #5390, 1000.000000000000000 ) ;
#2581 = DIRECTION ( 'NONE',  ( -0.4999999999999916733, 0.0000000000000000000, -0.8660254037844434816 ) ) ;
#2582 = CARTESIAN_POINT ( 'NONE',  ( 0.0000000000000000000, -6.000000000000000000, 0.0000000000000000000 ) ) ;
#2583 = FACE_OUTER_BOUND ( 'NONE', #5599, .T. ) ;
#2584 = DIRECTION ( 'NONE',  ( 1.133932221432734415E-16, -1.000000000000000000, -0.0000000000000000000 ) ) ;
#2585 = EDGE_CURVE ( 'NONE', #1437, #4794, #1640, .T. ) ;
#2586 = CARTESIAN_POINT ( 'NONE',  ( -1.191094608787419176E-15, 33.47472098754511194, 19.45205114840793925 ) ) ;
#2587 = CARTESIAN_POINT ( 'NONE',  ( -15.51275987711586168, -17.14781622887659296, 6.402983616160419444 ) ) ;
#2588 = AXIS2_PLACEMENT_3D ( 'NONE', #6082, #4490, #1968 ) ;
#2589 = CARTESIAN_POINT ( 'NONE',  ( 1.836970198721029747E-14, -150.0000000000000000, 0.0000000000000000000 ) ) ;
#2590 = VERTEX_POINT ( 'NONE', #1138 ) ;
#2591 = CIRCLE ( 'NONE', #30, 5.500000000000000000 ) ;
#2592 = CARTESIAN_POINT ( 'NONE',  ( -14.96681439593652740, 65.14294891617325334, 10.87402716741075359 ) ) ;
#2593 = FACE_OUTER_BOUND ( 'NONE', #5651, .T. ) ;
#2594 = CARTESIAN_POINT ( 'NONE',  ( -12.00162039289840799, 92.16604663898890237, -15.40070604187411796 ) ) ;
#2595 = CARTESIAN_POINT ( 'NONE',  ( -23.42224111982617529, 2.482122412870952477, 11.28712854704568258 ) ) ;
#2596 = DIRECTION ( 'NONE',  ( 0.0000000000000000000, 2.152228036460121707E-16, 1.000000000000000000 ) ) ;
#2597 = CARTESIAN_POINT ( 'NONE',  ( 0.0000000000000000000, -18.21768760422456879, -3.999999999999999112 ) ) ;
#2598 = AXIS2_PLACEMENT_3D ( 'NONE', #5640, #1086, #2616 ) ;
#2599 = CARTESIAN_POINT ( 'NONE',  ( 16.37790070187221758, 75.28121404646205406, -22.54224642132905743 ) ) ;
#2600 = ORIENTED_EDGE ( 'NONE', *, *, #5519, .F. ) ;
#2601 = EDGE_LOOP ( 'NONE', ( #1678, #4567, #4128, #938, #1012 ) ) ;
#2602 = ORIENTED_EDGE ( 'NONE', *, *, #714, .T. ) ;
#2603 = PRESENTATION_LAYER_ASSIGNMENT (  '', '', ( #1436 ) ) ;
#2604 = STYLED_ITEM ( 'NONE', ( #4172 ), #4018 ) ;
#2605 = CARTESIAN_POINT ( 'NONE',  ( 6.735557395310442023E-16, 166.0000000000000000, -5.500000000000000000 ) ) ;
#2606 = VECTOR ( 'NONE', #3091, 1000.000000000000000 ) ;
#2607 = AXIS2_PLACEMENT_3D ( 'NONE', #5158, #1631, #1600 ) ;
#2608 = SURFACE_SIDE_STYLE ('',( #739 ) ) ;
#2609 = DIRECTION ( 'NONE',  ( -0.0000000000000000000, 0.0000000000000000000, -1.000000000000000000 ) ) ;
#2610 = CARTESIAN_POINT ( 'NONE',  ( 11.43362879187305303, 35.31804192032488743, 15.73703995451274018 ) ) ;
#2611 = STYLED_ITEM ( 'NONE', ( #2887 ), #1088 ) ;
#2612 = AXIS2_PLACEMENT_3D ( 'NONE', #5208, #5666, #129 ) ;
#2613 = CARTESIAN_POINT ( 'NONE',  ( -5.716814395936527404, 85.41947917675085478, 17.59454555146033528 ) ) ;
#2614 = CYLINDRICAL_SURFACE ( 'NONE', #4299, 26.00000000000000355 ) ;
#2615 = COLOUR_RGB ( '',0.7921568627450980005, 0.8196078431372548767, 0.9333333333333333481 ) ;
#2616 = DIRECTION ( 'NONE',  ( 1.000000000000000000, 0.0000000000000000000, -0.0000000000000000000 ) ) ;
#2617 = VECTOR ( 'NONE', #3497, 1000.000000000000000 ) ;
#2618 = SURFACE_STYLE_FILL_AREA ( #681 ) ;
#2619 = CARTESIAN_POINT ( 'NONE',  ( 8.188950350936110567, 31.33645585725630056, -25.20299768182156797 ) ) ;
#2620 = ADVANCED_FACE ( 'NONE', ( #2593 ), #1067, .F. ) ;
#2621 = CARTESIAN_POINT ( 'NONE',  ( 0.0000000000000000000, -4.228539818807469430, 0.0000000000000000000 ) ) ;
#2622 = B_SPLINE_CURVE_WITH_KNOTS ( 'NONE', 3,
 ( #4861, #4390, #1331, #2224, #2831, #1874, #6386, #5925, #1806, #1740, #186, #6421, #3366, #1236 ),
 .UNSPECIFIED., .F., .F.,
 ( 4, 2, 2, 2, 2, 2, 4 ),
 ( 0.009383685357488709758, 0.009774349268173172789, 0.01016501317885763755, 0.01055567708954210059, 0.01094634100022656362, 0.01172766882159549141, 0.01250899664296441921 ),
 .UNSPECIFIED. ) ;
#2623 = CARTESIAN_POINT ( 'NONE',  ( -2.000000000000000000, -2.999999999999999556, -25.92296279363143796 ) ) ;
#2624 = DIRECTION ( 'NONE',  ( -1.000000000000000000, 0.0000000000000000000, 0.0000000000000000000 ) ) ;
#2625 = B_SPLINE_CURVE_WITH_KNOTS ( 'NONE', 3,
 ( #535, #1635, #6253, #2070, #1605, #4693, #3197, #1101, #18, #117, #88, #656, #2159, #1039, #2132, #3600, #4163, #4663, #3629, #1168, #2195, #5225, #3068, #5128, #4195, #5654, #2663, #3566, #629, #2559, #5096, #6222, #2697, #4632, #3134, #5162, #6187, #6127, #4094, #1672, #4590, #5690, #3692, #3662, #603, #5723, #4727, #57, #4232, #154, #5594, #2632, #1571, #5625, #1069, #3101, #565, #2594, #1140, #3170, #2103, #4131, #5196, #4788, #4259, #1294, #3789, #4860, #5293, #5820, #5265, #6350 ),
 .UNSPECIFIED., .F., .F.,
 ( 4, 2, 2, 2, 2, 2, 2, 2, 2, 2, 2, 2, 2, 2, 2, 2, 2, 2, 2, 2, 2, 2, 2, 2, 2, 2, 2, 2, 2, 2, 2, 2, 2, 2, 2, 4 ),
 ( 0.0000000000000000000, 0.003892693439791294549, 0.007785386879582589098, 0.009731733599478232036, 0.01167808031937387671, 0.01557077375916517126, 0.01751712047906082634, 0.01946346719895648142, 0.02335616063874777770, 0.02530250735864342931, 0.02724885407853907746, 0.02919520079843472560, 0.03114154751833037027, 0.03211472087827819955, 0.03308789423822602188, 0.03406106759817383728, 0.03454765427814775886, 0.03503424095812166655, 0.03527753429810861346, 0.03552082763809556731, 0.03576412097808251422, 0.03600741431806946113, 0.03649400099804334802, 0.03698058767801724878, 0.03795376103796502948, 0.03892693439791280324, 0.04087328111780836465, 0.04281962783770392605, 0.04476597455759948052, 0.04671232127749503499, 0.05060501471728613698, 0.05255136143718169839, 0.05449770815707725286, 0.05839040159686836179, 0.06033674831676391626, 0.06228309503665947072 ),
 .UNSPECIFIED. ) ;
#2626 = CARTESIAN_POINT ( 'NONE',  ( 18.49999999999999289, 0.2949441975090213997, 6.011014380308770555 ) ) ;
#2627 = DIRECTION ( 'NONE',  ( 0.0000000000000000000, 0.0000000000000000000, -1.000000000000000000 ) ) ;
#2628 = FACE_OUTER_BOUND ( 'NONE', #6194, .T. ) ;
#2629 = ORIENTED_EDGE ( 'NONE', *, *, #5963, .T. ) ;
#2630 = CARTESIAN_POINT ( 'NONE',  ( 14.96681439593652740, 55.92634425227434036, -10.87402716741075004 ) ) ;
#2631 = CARTESIAN_POINT ( 'NONE',  ( 4.229567185944098802E-15, -25.30000000000000426, 0.0000000000000000000 ) ) ;
#2632 = CARTESIAN_POINT ( 'NONE',  ( -7.461301414308767477, 92.16604663898931449, -19.21380708153782635 ) ) ;
#2633 = EDGE_CURVE ( 'NONE', #3204, #4499, #3017, .T. ) ;
#2634 = FACE_OUTER_BOUND ( 'NONE', #943, .T. ) ;
#2635 = CARTESIAN_POINT ( 'NONE',  ( 0.0000000000000000000, 166.0000000000000000, 16.99999999999999289 ) ) ;
#2636 = CARTESIAN_POINT ( 'NONE',  ( 0.0000000000000000000, -6.000000000000000000, 0.0000000000000000000 ) ) ;
#2637 = CARTESIAN_POINT ( 'NONE',  ( 16.37790070187221758, 11.98158606306858331, -22.54224642132905743 ) ) ;
#2638 = ORIENTED_EDGE ( 'NONE', *, *, #6068, .F. ) ;
#2639 = ORIENTED_EDGE ( 'NONE', *, *, #3361, .F. ) ;
#2640 = VERTEX_POINT ( 'NONE', #1603 ) ;
#2641 = ORIENTED_EDGE ( 'NONE', *, *, #1157, .F. ) ;
#2642 = DIRECTION ( 'NONE',  ( -0.8660254037844328234, 0.0000000000000000000, -0.5000000000000101030 ) ) ;
#2643 = CARTESIAN_POINT ( 'NONE',  ( 10.83917410271363124, 2.978641430428004000, 4.199999999999998401 ) ) ;
#2644 = FILL_AREA_STYLE ('',( #2114 ) ) ;
#2645 = CARTESIAN_POINT ( 'NONE',  ( 5.716814395936530069, 31.33645585725630056, -17.59454555146033883 ) ) ;
#2646 = SURFACE_STYLE_FILL_AREA ( #4176 ) ;
#2647 = CARTESIAN_POINT ( 'NONE',  ( 5.716814395936525628, 87.26280010953064448, 17.59454555146034238 ) ) ;
#2648 = DIRECTION ( 'NONE',  ( 1.000000000000000000, 2.040851148208007998E-16, 0.0000000000000000000 ) ) ;
#2649 = CARTESIAN_POINT ( 'NONE',  ( -16.74064871226156725, 15.85376961502673510, -8.538885553237326675 ) ) ;
#2650 = CARTESIAN_POINT ( 'NONE',  ( 11.22551016258351453, -1.703522568795992287, -4.750000000000000888 ) ) ;
#2651 = CARTESIAN_POINT ( 'NONE',  ( -8.188950350936107014, 58.98626984895304304, 25.20299768182156797 ) ) ;
#2652 = CARTESIAN_POINT ( 'NONE',  ( 22.44984773459986016, -1.000106098574525371, -13.11570677863554124 ) ) ;
#2653 = CARTESIAN_POINT ( 'NONE',  ( -23.44994432064367729, 3.000000000000000000, 11.22943058924678894 ) ) ;
#2654 = CARTESIAN_POINT ( 'NONE',  ( 1.219623630605721099, -1.409525608368827454, -25.97160675417052644 ) ) ;
#2655 = SURFACE_STYLE_FILL_AREA ( #4719 ) ;
#2656 = CARTESIAN_POINT ( 'NONE',  ( 18.49999999999999645, 38.08302331949455066, 2.265596578422603396E-15 ) ) ;
#2657 = DIRECTION ( 'NONE',  ( 1.000000000000000000, -0.0000000000000000000, -0.0000000000000000000 ) ) ;
#2658 =( NAMED_UNIT ( * ) PLANE_ANGLE_UNIT ( ) SI_UNIT ( $, .RADIAN. ) );
#2659 = VERTEX_POINT ( 'NONE', #116 ) ;
#2660 = CARTESIAN_POINT ( 'NONE',  ( -5.716814395936523852, 59.61298611783389845, -17.59454555146034238 ) ) ;
#2661 = CARTESIAN_POINT ( 'NONE',  ( 3.628583108584750127E-15, -19.99999999999998934, 0.0000000000000000000 ) ) ;
#2662 = CIRCLE ( 'NONE', #6377, 17.00000000000000000 ) ;
#2663 = CARTESIAN_POINT ( 'NONE',  ( -8.081276167823299161, 92.16604663898935712, -22.83409940620603251 ) ) ;
#2664 =( NAMED_UNIT ( * ) SI_UNIT ( $, .STERADIAN. ) SOLID_ANGLE_UNIT ( ) );
#2665 = CARTESIAN_POINT ( 'NONE',  ( -15.64316655439982817, -16.36960552240097755, -5.502064451341644791 ) ) ;
#2666 = FACE_OUTER_BOUND ( 'NONE', #6293, .T. ) ;
#2667 = CARTESIAN_POINT ( 'NONE',  ( 5.118487643167556288E-15, 13.82490699584836769, -27.86374894231407140 ) ) ;
#2668 = ORIENTED_EDGE ( 'NONE', *, *, #4414, .T. ) ;
#2669 = ORIENTED_EDGE ( 'NONE', *, *, #5724, .F. ) ;
#2670 = EDGE_CURVE ( 'NONE', #454, #609, #3100, .T. ) ;
#2671 = ORIENTED_EDGE ( 'NONE', *, *, #348, .F. ) ;
#2672 = EDGE_CURVE ( 'NONE', #6163, #4201, #4288, .T. ) ;
#2673 = EDGE_CURVE ( 'NONE', #1734, #6147, #4397, .T. ) ;
#2674 = LINE ( 'NONE', #5664, #453 ) ;
#2675 = EDGE_CURVE ( 'NONE', #65, #4103, #5249, .T. ) ;
#2676 =( LENGTH_UNIT ( ) NAMED_UNIT ( * ) SI_UNIT ( .MILLI., .METRE. ) );
#2677 = CARTESIAN_POINT ( 'NONE',  ( -11.43362879187304948, 21.19819072696749629, 15.73703995451273840 ) ) ;
#2678 = CARTESIAN_POINT ( 'NONE',  ( 18.50000000000000355, 73.43789311368225015, -6.011014380308763450 ) ) ;
#2679 = ADVANCED_FACE ( 'NONE', ( #4130 ), #945, .F. ) ;
#2680 = CARTESIAN_POINT ( 'NONE',  ( -4.689799311888578792, 3.248666373169072628E-13, 21.51067952396692817 ) ) ;
#2681 = CARTESIAN_POINT ( 'NONE',  ( -16.99960997737519719, 13.20470622367260738, 5.259200945635074120 ) ) ;
#2682 =( LENGTH_UNIT ( ) NAMED_UNIT ( * ) SI_UNIT ( .MILLI., .METRE. ) );
#2683 = AXIS2_PLACEMENT_3D ( 'NONE', #1915, #1375, #4467 ) ;
#2684 = CARTESIAN_POINT ( 'NONE',  ( 26.50000000000001066, 20.57147445808663022, -8.610371950172012845 ) ) ;
#2685 = CARTESIAN_POINT ( 'NONE',  ( 22.83165155971502003, -1.101737686213671852, -12.43906715623687553 ) ) ;
#2686 = CARTESIAN_POINT ( 'NONE',  ( -23.33941200930445703, 4.008002518535338510, 11.45783086732120104 ) ) ;
#2687 = CARTESIAN_POINT ( 'NONE',  ( 0.1322275202510264092, -1.000000000000000000, -26.00000000000001066 ) ) ;
#2688 =( LENGTH_UNIT ( ) NAMED_UNIT ( * ) SI_UNIT ( .MILLI., .METRE. ) );
#2689 = CARTESIAN_POINT ( 'NONE',  ( 0.2629993731694154624, -4.986939955102043243, 25.99898613001905900 ) ) ;
#2690 = CIRCLE ( 'NONE', #2260, 25.75000000000000000 ) ;
#2691 = CARTESIAN_POINT ( 'NONE',  ( -14.96681439593652563, 45.45630705061369525, -10.87402716741075714 ) ) ;
#2692 = CARTESIAN_POINT ( 'NONE',  ( 17.09615235048196524, 13.64376014840446771, -5.502786093698345482 ) ) ;
#2693 =( LENGTH_UNIT ( ) NAMED_UNIT ( * ) SI_UNIT ( .MILLI., .METRE. ) );
#2694 = ORIENTED_EDGE ( 'NONE', *, *, #550, .F. ) ;
#2695 = CARTESIAN_POINT ( 'NONE',  ( -26.50000000000000000, 43.94475818920575705, -8.610371950172023503 ) ) ;
#2696 = CARTESIAN_POINT ( 'NONE',  ( 16.83282483631770177, 12.58514504131137812, 5.005080119025254959 ) ) ;
#2697 = CARTESIAN_POINT ( 'NONE',  ( -5.460733947157560664, 92.16604663898939975, -22.69873426510078218 ) ) ;
#2698 = AXIS2_PLACEMENT_3D ( 'NONE', #5198, #1040, #1537 ) ;
#2699 = CARTESIAN_POINT ( 'NONE',  ( -21.45730849866331269, -3.262175262794923647, -14.68279816336113086 ) ) ;
#2700 = SURFACE_STYLE_FILL_AREA ( #5199 ) ;
#2701 = CARTESIAN_POINT ( 'NONE',  ( 21.43895035093610346, 7.373283731119127715, 15.57630918575054046 ) ) ;
#2702 = AXIS2_PLACEMENT_3D ( 'NONE', #573, #4639, #63 ) ;
#2703 = CARTESIAN_POINT ( 'NONE',  ( 8.188950350936110567, 31.33645585725630056, -25.20299768182156797 ) ) ;
#2704 = AXIS2_PLACEMENT_3D ( 'NONE', #56, #87, #4093 ) ;
#2705 = VERTEX_POINT ( 'NONE', #5689 ) ;
#2706 = ORIENTED_EDGE ( 'NONE', *, *, #4701, .T. ) ;
#2707 = ORIENTED_EDGE ( 'NONE', *, *, #1905, .T. ) ;
#2708 = APPLICATION_CONTEXT ( 'automotive_design' ) ;
#2709 = AXIS2_PLACEMENT_3D ( 'NONE', #4378, #925, #4853 ) ;
#2710 = DIRECTION ( 'NONE',  ( 0.0000000000000000000, 0.0000000000000000000, 1.000000000000000000 ) ) ;
#2711 = B_SPLINE_CURVE_WITH_KNOTS ( 'NONE', 3,
 ( #892, #3888, #2891, #1391 ),
 .UNSPECIFIED., .F., .F.,
 ( 4, 4 ),
 ( 0.01892720167044920770, 0.03547661103121970555 ),
 .UNSPECIFIED. ) ;
#2712 = AXIS2_PLACEMENT_3D ( 'NONE', #6144, #5708, #1552 ) ;
#2713 = DIRECTION ( 'NONE',  ( 1.000000000000000000, 0.0000000000000000000, 0.0000000000000000000 ) ) ;
#2714 = EDGE_CURVE ( 'NONE', #5763, #4596, #2057, .T. ) ;
#2715 = CIRCLE ( 'NONE', #6111, 26.00000000000000355 ) ;
#2716 =( GEOMETRIC_REPRESENTATION_CONTEXT ( 3 ) GLOBAL_UNCERTAINTY_ASSIGNED_CONTEXT ( ( #500 ) ) GLOBAL_UNIT_ASSIGNED_CONTEXT ( ( #5176, #3761, #6199 ) ) REPRESENTATION_CONTEXT ( 'NONE', 'WORKASPACE' ) );
#2717 = CARTESIAN_POINT ( 'NONE',  ( 21.43895035093611057, 19.05992559667869202, -15.57630918575053514 ) ) ;
#2718 = CARTESIAN_POINT ( 'NONE',  ( -13.26130148383780671, -3.031795035636971543E-16, 14.01381426748136150 ) ) ;
#2719 = CARTESIAN_POINT ( 'NONE',  ( -17.09615235048196524, 13.64376014840447127, 5.502786093698348147 ) ) ;
#2720 = CARTESIAN_POINT ( 'NONE',  ( -5.123475382979799875, 4.000000000000000000, 0.0000000000000000000 ) ) ;
#2721 =( GEOMETRIC_REPRESENTATION_CONTEXT ( 3 ) GLOBAL_UNCERTAINTY_ASSIGNED_CONTEXT ( ( #4304 ) ) GLOBAL_UNIT_ASSIGNED_CONTEXT ( ( #2487, #983, #1483 ) ) REPRESENTATION_CONTEXT ( 'NONE', 'WORKASPACE' ) );
#2722 =( GEOMETRIC_REPRESENTATION_CONTEXT ( 3 ) GLOBAL_UNCERTAINTY_ASSIGNED_CONTEXT ( ( #1037 ) ) GLOBAL_UNIT_ASSIGNED_CONTEXT ( ( #6249, #1192, #1667 ) ) REPRESENTATION_CONTEXT ( 'NONE', 'WORKASPACE' ) );
#2723 = CARTESIAN_POINT ( 'NONE',  ( -26.50000000000000000, -7.078339533610107814, 8.610371950172016398 ) ) ;
#2724 = CARTESIAN_POINT ( 'NONE',  ( 21.59247860801773911, -1.991997481464661268, 14.48360827578886756 ) ) ;
#2725 = CARTESIAN_POINT ( 'NONE',  ( -1.946891231828692614, 3.526679539811247821, 25.92719876895002074 ) ) ;
#2726 =( GEOMETRIC_REPRESENTATION_CONTEXT ( 3 ) GLOBAL_UNCERTAINTY_ASSIGNED_CONTEXT ( ( #2750 ) ) GLOBAL_UNIT_ASSIGNED_CONTEXT ( ( #2269, #3310, #133 ) ) REPRESENTATION_CONTEXT ( 'NONE', 'WORKASPACE' ) );
#2727 = CARTESIAN_POINT ( 'NONE',  ( 1.986939966524529755, 2.737000727139132561, -25.92397978000787262 ) ) ;
#2728 = CARTESIAN_POINT ( 'NONE',  ( 18.49999999999998934, 45.16136285310467713, 6.011014380308767002 ) ) ;
#2729 = DIRECTION ( 'NONE',  ( 0.0000000000000000000, 0.0000000000000000000, 1.000000000000000000 ) ) ;
#2730 = CARTESIAN_POINT ( 'NONE',  ( -5.716814395936523852, 6.746567462238259871, -17.59454555146034238 ) ) ;
#2731 = EDGE_LOOP ( 'NONE', ( #6561, #1542 ) ) ;
#2732 = CARTESIAN_POINT ( 'NONE',  ( -8.188950350936101685, 59.61298611783389845, -25.20299768182156797 ) ) ;
#2733 = CARTESIAN_POINT ( 'NONE',  ( 17.20145899599321737, 15.01075945320458160, 6.744957677542034347 ) ) ;
#2734 = FACE_OUTER_BOUND ( 'NONE', #5968, .T. ) ;
#2735 = DIRECTION ( 'NONE',  ( 1.133932221432734415E-16, -1.000000000000000000, -0.0000000000000000000 ) ) ;
#2736 = CARTESIAN_POINT ( 'NONE',  ( -26.50000000000000000, 92.16604663898934291, 0.0000000000000000000 ) ) ;
#2737 = CARTESIAN_POINT ( 'NONE',  ( 5.118487643167557077E-15, 13.82490699584836769, -27.86374894231407495 ) ) ;
#2738 = CARTESIAN_POINT ( 'NONE',  ( -26.50000000000000000, 56.22128844978334428, 8.610371950172016398 ) ) ;
#2739 = ORIENTED_EDGE ( 'NONE', *, *, #2339, .T. ) ;
#2740 = ORIENTED_EDGE ( 'NONE', *, *, #1697, .T. ) ;
#2741 = CARTESIAN_POINT ( 'NONE',  ( -18.50000000000000000, 36.86641865559565190, 0.0000000000000000000 ) ) ;
#2742 = VERTEX_POINT ( 'NONE', #5161 ) ;
#2743 = CARTESIAN_POINT ( 'NONE',  ( -23.44433045744186828, -3.262175262794924091, 11.24117517500165064 ) ) ;
#2744 = EDGE_CURVE ( 'NONE', #4168, #2590, #2164, .T. ) ;
#2745 = CARTESIAN_POINT ( 'NONE',  ( -1.706162547722519354E-15, 49.47472098754510483, 27.86374894231408206 ) ) ;
#2746 = CARTESIAN_POINT ( 'NONE',  ( -24.05341387107644735, -1.133534702752300400E-14, 10.67319714611139325 ) ) ;
#2747 = DIRECTION ( 'NONE',  ( 1.133932221432734415E-16, -1.000000000000000000, -0.0000000000000000000 ) ) ;
#2748 = ADVANCED_FACE ( 'NONE', ( #1100 ), #572, .T. ) ;
#2749 = DIRECTION ( 'NONE',  ( -1.000000000000000000, 0.0000000000000000000, 0.0000000000000000000 ) ) ;
#2750 = UNCERTAINTY_MEASURE_WITH_UNIT (LENGTH_MEASURE( 1.000000000000000082E-05 ), #2269, 'distance_accuracy_value', 'NONE');
#2751 = CARTESIAN_POINT ( 'NONE',  ( 5.118487643167556288E-15, 87.55774430703964128, -27.86374894231407140 ) ) ;
#2752 =( LENGTH_UNIT ( ) NAMED_UNIT ( * ) SI_UNIT ( .MILLI., .METRE. ) );
#2753 = EDGE_CURVE ( 'NONE', #3550, #4238, #2264, .T. ) ;
#2754 = CARTESIAN_POINT ( 'NONE',  ( -22.18681792710330569, 4.897235734985815547, 13.55580146496891736 ) ) ;
#2755 = CARTESIAN_POINT ( 'NONE',  ( -25.98076211353319565, 3.000000000000000000, 14.99999999999993960 ) ) ;
#2756 = CARTESIAN_POINT ( 'NONE',  ( 5.716814395936530069, 49.76966518505413006, -17.59454555146033883 ) ) ;
#2757 = CARTESIAN_POINT ( 'NONE',  ( 0.8862691795515426074, -4.797692320252375353, 25.98517263500399466 ) ) ;
#2758 = CARTESIAN_POINT ( 'NONE',  ( 18.49999999999999289, 55.59457218090251018, 6.011014380308770555 ) ) ;
#2759 = ORIENTED_EDGE ( 'NONE', *, *, #1826, .F. ) ;
#2760 = CARTESIAN_POINT ( 'NONE',  ( -21.43895035093611057, 28.27653026057760144, 15.57630918575053691 ) ) ;
#2761 = CARTESIAN_POINT ( 'NONE',  ( 16.67643613550798420, 15.88941922241312099, 8.692756713296544646 ) ) ;
#2762 = CARTESIAN_POINT ( 'NONE',  ( 15.14730192041213819, -12.99999999999994849, 4.199999999999996625 ) ) ;
#2763 = CARTESIAN_POINT ( 'NONE',  ( -22.25053017230955987, -4.947366730299656901, -13.45257901230757192 ) ) ;
#2764 = DIRECTION ( 'NONE',  ( 0.8660254037844432595, 0.0000000000000000000, -0.4999999999999919509 ) ) ;
#2765 = CARTESIAN_POINT ( 'NONE',  ( 26.50000000000001066, 10.13826513028880250, -8.610371950172012845 ) ) ;
#2766 = CARTESIAN_POINT ( 'NONE',  ( -21.43895035093610701, 75.57615824397107929, 15.57630918575053869 ) ) ;
#2767 = ORIENTED_EDGE ( 'NONE', *, *, #3205, .T. ) ;
#2768 = CARTESIAN_POINT ( 'NONE',  ( 12.30089172663605979, -2.340498917533703871, 4.199999999999997513 ) ) ;
#2769 = MECHANICAL_DESIGN_GEOMETRIC_PRESENTATION_REPRESENTATION (  '', ( #5004 ), #3514 ) ;
#2770 = CARTESIAN_POINT ( 'NONE',  ( 18.49999999999999645, 28.57147445808662312, -6.011014380308762561 ) ) ;
#2771 = ORIENTED_EDGE ( 'NONE', *, *, #6075, .T. ) ;
#2772 = SHAPE_REPRESENTATION ( 'Damper shaft', ( #2408 ), #812 ) ;
#2773 = CARTESIAN_POINT ( 'NONE',  ( 15.14730192041213819, -12.99999999999994849, -4.199999999999997513 ) ) ;
#2774 = CARTESIAN_POINT ( 'NONE',  ( -24.98076211353308196, 3.000000000000000000, -16.73205080756899221 ) ) ;
#2775 = CARTESIAN_POINT ( 'NONE',  ( -14.96681439593652563, 53.45630705061369525, -10.87402716741075714 ) ) ;
#2776 = UNCERTAINTY_MEASURE_WITH_UNIT (LENGTH_MEASURE( 1.000000000000000082E-05 ), #3957, 'distance_accuracy_value', 'NONE');
#2777 = CARTESIAN_POINT ( 'NONE',  ( -21.43895035093610346, 24.58988839501803980, -15.57630918575054224 ) ) ;
#2778 = CARTESIAN_POINT ( 'NONE',  ( -24.83944540250450572, -2.074291396605106262E-14, 8.881348579642143193 ) ) ;
#2779 = CARTESIAN_POINT ( 'NONE',  ( -21.44994432064358492, 2.999999999999999556, -14.69353220438469876 ) ) ;
#2780 = SPHERICAL_SURFACE ( 'NONE', #6128, 12.00000000000000178 ) ;
#2781 = CARTESIAN_POINT ( 'NONE',  ( -26.50000000000000000, 91.24438617259924911, -8.610371950172025279 ) ) ;
#2782 = CARTESIAN_POINT ( 'NONE',  ( 21.44994432064378742, -2.738951864720084117, -14.69353220438440033 ) ) ;
#2783 = CARTESIAN_POINT ( 'NONE',  ( -22.05967726121866335, 4.796748844997120287, 13.76173252969836014 ) ) ;
#2784 = PRESENTATION_STYLE_ASSIGNMENT (( #752 ) ) ;
#2785 = CARTESIAN_POINT ( 'NONE',  ( -14.96681439593652740, 1.843320932779779708, 10.87402716741075359 ) ) ;
#2786 = CARTESIAN_POINT ( 'NONE',  ( 1.897986055078583423, -3.644079698777797471, 25.93068024707766384 ) ) ;
#2787 = CARTESIAN_POINT ( 'NONE',  ( -1.191094608787419176E-15, 23.04151165974727888, 19.45205114840794280 ) ) ;
#2788 = PRESENTATION_STYLE_ASSIGNMENT (( #756 ) ) ;
#2789 = ORIENTED_EDGE ( 'NONE', *, *, #4494, .T. ) ;
#2790 = CARTESIAN_POINT ( 'NONE',  ( -16.37790070187221048, 10.76498139916966856, 22.54224642132905743 ) ) ;
#2791 = CARTESIAN_POINT ( 'NONE',  ( 22.25300178678915231, 1.064062400522753471, -13.44694651034974164 ) ) ;
#2792 = PLANE ( 'NONE',  #4642 ) ;
#2793 = AXIS2_PLACEMENT_3D ( 'NONE', #3686, #5748, #5715 ) ;
#2794 = EDGE_CURVE ( 'NONE', #3635, #2331, #1151, .T. ) ;
#2795 = LINE ( 'NONE', #3229, #691 ) ;
#2796 = CARTESIAN_POINT ( 'NONE',  ( 5.118487643167557077E-15, 32.25811632364619896, -27.86374894231407495 ) ) ;
#2797 = CARTESIAN_POINT ( 'NONE',  ( 8.188950350936110567, 4.903246529458479053, -25.20299768182156797 ) ) ;
#2798 = FACE_OUTER_BOUND ( 'NONE', #5579, .T. ) ;
#2799 = ORIENTED_EDGE ( 'NONE', *, *, #3925, .T. ) ;
#2800 = CARTESIAN_POINT ( 'NONE',  ( 21.45730849866320966, -3.262175262794922315, 14.68279816336127830 ) ) ;
#2801 = CARTESIAN_POINT ( 'NONE',  ( 14.96681439593652563, 25.80649305891694922, 10.87402716741075537 ) ) ;
#2802 = ORIENTED_EDGE ( 'NONE', *, *, #6331, .T. ) ;
#2803 = CARTESIAN_POINT ( 'NONE',  ( -18.49999999999998934, 17.51154886140792044, -6.011014380308772331 ) ) ;
#2804 = CARTESIAN_POINT ( 'NONE',  ( 14.87783852261603634, -17.89533297955643221, -8.171090553515435673 ) ) ;
#2805 = CIRCLE ( 'NONE', #5883, 25.75000000000000000 ) ;
#2806 = CARTESIAN_POINT ( 'NONE',  ( 2.081899558550500280E-15, -6.000000000000000000, 17.00000000000000000 ) ) ;
#2807 = CONICAL_SURFACE ( 'NONE', #4607, 26.00000000000000355, 0.7853981633974200793 ) ;
#2808 = CARTESIAN_POINT ( 'NONE',  ( -14.96681439593652740, 75.57615824397107929, 10.87402716741075359 ) ) ;
#2809 = AXIS2_PLACEMENT_3D ( 'NONE', #3360, #1960, #4887 ) ;
#2810 = SURFACE_STYLE_USAGE ( .BOTH. , #1275 ) ;
#2811 = CARTESIAN_POINT ( 'NONE',  ( 26.50000000000001066, 18.13826513028880072, -8.610371950172012845 ) ) ;
#2812 =( GEOMETRIC_REPRESENTATION_CONTEXT ( 3 ) GLOBAL_UNCERTAINTY_ASSIGNED_CONTEXT ( ( #2556 ) ) GLOBAL_UNIT_ASSIGNED_CONTEXT ( ( #2688, #143, #2095 ) ) REPRESENTATION_CONTEXT ( 'NONE', 'WORKASPACE' ) );
#2813 = DIRECTION ( 'NONE',  ( 0.0000000000000000000, 1.000000000000000000, 0.0000000000000000000 ) ) ;
#2814 = DIRECTION ( 'NONE',  ( -0.0000000000000000000, 1.000000000000000000, -0.0000000000000000000 ) ) ;
#2815 = CARTESIAN_POINT ( 'NONE',  ( 0.0000000000000000000, 5.800000000000000711, 0.0000000000000000000 ) ) ;
#2816 = SURFACE_STYLE_USAGE ( .BOTH. , #5413 ) ;
#2817 = CARTESIAN_POINT ( 'NONE',  ( -1.706162547722519354E-15, -3.391697668050542180, 27.86374894231408206 ) ) ;
#2818 = CARTESIAN_POINT ( 'NONE',  ( -18.49999999999999645, 0.0000000000000000000, 0.0000000000000000000 ) ) ;
#2819 = VECTOR ( 'NONE', #2050, 999.9999999999998863 ) ;
#2820 = PRESENTATION_LAYER_ASSIGNMENT (  '', '', ( #1651 ) ) ;
#2821 = CARTESIAN_POINT ( 'NONE',  ( -18.49999999999998934, 35.94475818920576415, -6.011014380308772331 ) ) ;
#2822 = CARTESIAN_POINT ( 'NONE',  ( -18.49999999999999645, 84.16604663898912975, 0.0000000000000000000 ) ) ;
#2823 = CIRCLE ( 'NONE', #5058, 26.00000000000000355 ) ;
#2824 = VERTEX_POINT ( 'NONE', #4286 ) ;
#2825 = CARTESIAN_POINT ( 'NONE',  ( -1.706162547722519354E-15, 49.47472098754510483, 27.86374894231408206 ) ) ;
#2826 = DIRECTION ( 'NONE',  ( 1.000000000000000000, 0.0000000000000000000, 0.0000000000000000000 ) ) ;
#2827 = EDGE_CURVE ( 'NONE', #6019, #4671, #4932, .T. ) ;
#2828 = AXIS2_PLACEMENT_3D ( 'NONE', #1129, #4581, #1595 ) ;
#2829 = MECHANICAL_DESIGN_GEOMETRIC_PRESENTATION_REPRESENTATION (  '', ( #5067 ), #5379 ) ;
#2830 = CARTESIAN_POINT ( 'NONE',  ( -23.23259914904074108, -4.321135156768897367, -11.67283527774035434 ) ) ;
#2831 = CARTESIAN_POINT ( 'NONE',  ( -0.6444772657561902429, -1.102149860458423003, 25.99229365755961751 ) ) ;
#2832 = CARTESIAN_POINT ( 'NONE',  ( 8.188950350936103462, 23.96317212613716663, 25.20299768182156797 ) ) ;
#2833 = CARTESIAN_POINT ( 'NONE',  ( -21.43895035093610346, 27.02309772281586575, -15.57630918575054224 ) ) ;
#2834 = CARTESIAN_POINT ( 'NONE',  ( 5.123475382979798987, -4.000000000000000000, -6.274447728276469912E-16 ) ) ;
#2835 = ORIENTED_EDGE ( 'NONE', *, *, #794, .F. ) ;
#2836 = CARTESIAN_POINT ( 'NONE',  ( 21.67924203605479505, -4.219381841618407236, 14.35324892544714181 ) ) ;
#2837 =( GEOMETRIC_REPRESENTATION_CONTEXT ( 3 ) GLOBAL_UNCERTAINTY_ASSIGNED_CONTEXT ( ( #5283 ) ) GLOBAL_UNIT_ASSIGNED_CONTEXT ( ( #1652, #4113, #1117 ) ) REPRESENTATION_CONTEXT ( 'NONE', 'WORKASPACE' ) );
#2838 = AXIS2_PLACEMENT_3D ( 'NONE', #1647, #194, #2233 ) ;
#2839 = CARTESIAN_POINT ( 'NONE',  ( 14.96681439593652563, 44.23970238671477517, 10.87402716741075537 ) ) ;
#2840 = VERTEX_POINT ( 'NONE', #655 ) ;
#2841 = EDGE_CURVE ( 'NONE', #3042, #2297, #4074, .T. ) ;
#2842 = CARTESIAN_POINT ( 'NONE',  ( -14.96681439593652563, 82.32272570620935426, -10.87402716741075714 ) ) ;
#2843 = CARTESIAN_POINT ( 'NONE',  ( 0.0000000000000000000, 0.0000000000000000000, 0.0000000000000000000 ) ) ;
#2844 = FACE_OUTER_BOUND ( 'NONE', #914, .T. ) ;
#2845 = CARTESIAN_POINT ( 'NONE',  ( 11.43362879187305658, 85.71442337425986580, -15.73703995451273663 ) ) ;
#2846 = DIRECTION ( 'NONE',  ( 1.000000000000000000, 0.0000000000000000000, 0.0000000000000000000 ) ) ;
#2847 = CARTESIAN_POINT ( 'NONE',  ( 16.37790070187221758, 38.41479539086640216, -22.54224642132905743 ) ) ;
#2848 = CARTESIAN_POINT ( 'NONE',  ( 0.0000000000000000000, 3.000000000000000000, -18.00000000000000000 ) ) ;
#2849 = CARTESIAN_POINT ( 'NONE',  ( -22.83307740087302307, 4.897235734985816435, -12.43644722152705739 ) ) ;
#2850 = PRESENTATION_STYLE_ASSIGNMENT (( #2816 ) ) ;
#2851 = CARTESIAN_POINT ( 'NONE',  ( -16.37790070187221048, 68.49781871036095993, 22.54224642132905743 ) ) ;
#2852 = CARTESIAN_POINT ( 'NONE',  ( 18.50000000000000000, 28.57147445808662312, -6.011014380308762561 ) ) ;
#2853 = DIRECTION ( 'NONE',  ( 0.0000000000000000000, 0.0000000000000000000, -1.000000000000000000 ) ) ;
#2854 = CARTESIAN_POINT ( 'NONE',  ( 5.716814395936530069, 12.90324652945847461, -17.59454555146033883 ) ) ;
#2855 = CARTESIAN_POINT ( 'NONE',  ( 2.000000000000000000, 3.000000000000000444, 25.92296279363144507 ) ) ;
#2856 = CARTESIAN_POINT ( 'NONE',  ( -11.43362879187304948, 15.66822792862814673, -15.73703995451274196 ) ) ;
#2857 = LINE ( 'NONE', #4383, #6120 ) ;
#2858 = ORIENTED_EDGE ( 'NONE', *, *, #4331, .F. ) ;
#2859 = CARTESIAN_POINT ( 'NONE',  ( -8.188950350936101685, 78.04619544563172440, -25.20299768182156797 ) ) ;
#2860 = CARTESIAN_POINT ( 'NONE',  ( -1.229130496464558187, 1.400838741730648707, 25.97158838852759288 ) ) ;
#2861 = CARTESIAN_POINT ( 'NONE',  ( -22.83180407594270633, -4.898146526468553752, -12.43878618307954120 ) ) ;
#2862 = DIRECTION ( 'NONE',  ( 0.0000000000000000000, 0.0000000000000000000, -1.000000000000000000 ) ) ;
#2863 = CARTESIAN_POINT ( 'NONE',  ( 16.37790070187221048, 43.31804192032488743, 22.54224642132906098 ) ) ;
#2864 = CARTESIAN_POINT ( 'NONE',  ( -26.50000000000000000, -7.078339533610107814, 8.610371950172016398 ) ) ;
#2865 = ORIENTED_EDGE ( 'NONE', *, *, #511, .F. ) ;
#2866 = CARTESIAN_POINT ( 'NONE',  ( 3.184081677783118585E-15, 6.000000000000000000, 26.00000000000000355 ) ) ;
#2867 = CARTESIAN_POINT ( 'NONE',  ( -14.96681439593652740, 38.70973958837543449, 10.87402716741075359 ) ) ;
#2868 = VERTEX_POINT ( 'NONE', #322 ) ;
#2869 = CARTESIAN_POINT ( 'NONE',  ( 14.96681439593652740, 76.79276290786997095, -10.87402716741075004 ) ) ;
#2870 = CYLINDRICAL_SURFACE ( 'NONE', #4282, 3.999999999999999112 ) ;
#2871 = EDGE_CURVE ( 'NONE', #4868, #2219, #1326, .T. ) ;
#2872 = STYLED_ITEM ( 'NONE', ( #6119 ), #1082 ) ;
#2873 = CARTESIAN_POINT ( 'NONE',  ( 15.64316655439984238, -16.36960552240098110, 5.502064451341642126 ) ) ;
#2874 = ADVANCED_FACE ( 'NONE', ( #4456 ), #2993, .F. ) ;
#2875 = ORIENTED_EDGE ( 'NONE', *, *, #94, .T. ) ;
#2876 = CARTESIAN_POINT ( 'NONE',  ( -5.716814395936527404, 77.41947917675086899, 17.59454555146033883 ) ) ;
#2877 = EDGE_CURVE ( 'NONE', #4394, #358, #6393, .T. ) ;
#2878 = EDGE_CURVE ( 'NONE', #6059, #4700, #362, .T. ) ;
#2879 = CARTESIAN_POINT ( 'NONE',  ( 16.37790070187220692, 69.75125124812271338, 22.54224642132905743 ) ) ;
#2880 = CARTESIAN_POINT ( 'NONE',  ( 0.0000000000000000000, 6.000000000000000000, 0.0000000000000000000 ) ) ;
#2881 = PLANE ( 'NONE',  #1531 ) ;
#2882 = CARTESIAN_POINT ( 'NONE',  ( -21.59247860801784213, 4.008002518535336733, -14.48360827578872012 ) ) ;
#2883 = DIRECTION ( 'NONE',  ( -0.4999999999999916733, 0.0000000000000000000, -0.8660254037844434816 ) ) ;
#2884 = CARTESIAN_POINT ( 'NONE',  ( 3.573283826362257527E-15, 5.824906995848369462, -19.45205114840793925 ) ) ;
#2885 = CARTESIAN_POINT ( 'NONE',  ( 5.716814395936525628, 5.529962798339344232, 17.59454555146034238 ) ) ;
#2886 = EDGE_CURVE ( 'NONE', #1879, #5759, #2918, .T. ) ;
#2887 = PRESENTATION_STYLE_ASSIGNMENT (( #1354 ) ) ;
#2888 = CARTESIAN_POINT ( 'NONE',  ( 18.50000000000000000, 82.94944197509020967, 2.265596578422603396E-15 ) ) ;
#2889 = FILL_AREA_STYLE_COLOUR ( '', #6295 ) ;
#2890 = CARTESIAN_POINT ( 'NONE',  ( 5.716814395936530069, 12.90324652945847461, -17.59454555146033883 ) ) ;
#2891 = CARTESIAN_POINT ( 'NONE',  ( -12.30089172663605446, -2.340498917533703427, 4.199999999999997513 ) ) ;
#2892 = ORIENTED_EDGE ( 'NONE', *, *, #304, .T. ) ;
#2893 = CARTESIAN_POINT ( 'NONE',  ( 8.188950350936110567, 76.20287451285194891, -25.20299768182156797 ) ) ;
#2894 = CARTESIAN_POINT ( 'NONE',  ( -1.897649156823712380, 2.354924826327963849, 25.93070504253688213 ) ) ;
#2895 = CARTESIAN_POINT ( 'NONE',  ( 22.25300178678915231, -4.935937599477247417, -13.44694651034974164 ) ) ;
#2896 = CARTESIAN_POINT ( 'NONE',  ( -23.44428457930162324, -3.263157315449826790, -11.24127121404009166 ) ) ;
#2897 = CARTESIAN_POINT ( 'NONE',  ( -25.00000000000000000, 10.99999999999995026, -4.750000000000000000 ) ) ;
#2898 = SURFACE_STYLE_FILL_AREA ( #861 ) ;
#2899 = CARTESIAN_POINT ( 'NONE',  ( 26.50000000000000000, 1.216604663898914529, 3.245314017740485765E-15 ) ) ;
#2900 = CARTESIAN_POINT ( 'NONE',  ( 0.0000000000000000000, 4.000000000000000000, 0.0000000000000000000 ) ) ;
#2901 = EDGE_LOOP ( 'NONE', ( #3786, #2198, #634 ) ) ;
#2902 = CARTESIAN_POINT ( 'NONE',  ( 21.44994432064347833, -3.000000000000000444, 14.69353220438484797 ) ) ;
#2903 = CARTESIAN_POINT ( 'NONE',  ( 11.43362879187305303, 14.45162326472923198, 15.73703995451274018 ) ) ;
#2904 = ORIENTED_EDGE ( 'NONE', *, *, #3719, .F. ) ;
#2905 = CARTESIAN_POINT ( 'NONE',  ( -5.716814395936523852, 70.04619544563172440, -17.59454555146034238 ) ) ;
#2906 = CONICAL_SURFACE ( 'NONE', #2571, 11.62444386751201897, 0.2508424371670830988 ) ;
#2907 = DIRECTION ( 'NONE',  ( 0.0000000000000000000, -0.0000000000000000000, 1.000000000000000000 ) ) ;
#2908 = CIRCLE ( 'NONE', #19, 26.00000000000000355 ) ;
#2909 = CARTESIAN_POINT ( 'NONE',  ( 15.50908782904137162, -14.63681407734092410, 4.463532029839268667 ) ) ;
#2910 = ORIENTED_EDGE ( 'NONE', *, *, #5237, .T. ) ;
#2911 = CARTESIAN_POINT ( 'NONE',  ( 5.716814395936525628, 60.82959078173281853, 17.59454555146034238 ) ) ;
#2912 = MECHANICAL_DESIGN_GEOMETRIC_PRESENTATION_REPRESENTATION (  '', ( #5667 ), #1954 ) ;
#2913 = EDGE_CURVE ( 'NONE', #2228, #5331, #4610, .T. ) ;
#2914 = APPLICATION_PROTOCOL_DEFINITION ( 'draft international standard', 'automotive_design', 1998, #2708 ) ;
#2915 = AXIS2_PLACEMENT_3D ( 'NONE', #1097, #2657, #625 ) ;
#2916 = CARTESIAN_POINT ( 'NONE',  ( 0.0000000000000000000, 15.99999999999998579, 18.84694033905140387 ) ) ;
#2917 = CARTESIAN_POINT ( 'NONE',  ( 21.88189406637043533, 4.589955326101716082, -14.04259742813408707 ) ) ;
#2918 = CIRCLE ( 'NONE', #3554, 2.000000000000000444 ) ;
#2919 = DIRECTION ( 'NONE',  ( -1.224646799147353207E-16, 0.0000000000000000000, -1.000000000000000000 ) ) ;
#2920 = CARTESIAN_POINT ( 'NONE',  ( -1.706162547722519354E-15, 51.90793031534293789, 27.86374894231408206 ) ) ;
#2921 = ADVANCED_FACE ( 'NONE', ( #3891 ), #6383, .T. ) ;
#2922 = CARTESIAN_POINT ( 'NONE',  ( 11.43362879187305658, 11.98158606306858154, -15.73703995451273663 ) ) ;
#2923 = APPLICATION_CONTEXT ( 'automotive_design' ) ;
#2924 = CARTESIAN_POINT ( 'NONE',  ( 14.96681439593652740, 66.35955358007217342, -10.87402716741075004 ) ) ;
#2925 = PRESENTATION_STYLE_ASSIGNMENT (( #5449 ) ) ;
#2926 = CARTESIAN_POINT ( 'NONE',  ( 18.50000000000000000, 27.64981399169673537, 2.265596578422603396E-15 ) ) ;
#2927 = CARTESIAN_POINT ( 'NONE',  ( -1.191094608787419176E-15, 4.608302331949454711, 19.45205114840794280 ) ) ;
#2928 = FACE_OUTER_BOUND ( 'NONE', #3562, .T. ) ;
#2929 = ORIENTED_EDGE ( 'NONE', *, *, #1570, .T. ) ;
#2930 = CARTESIAN_POINT ( 'NONE',  ( 16.37790070187220692, 69.75125124812271338, 22.54224642132905743 ) ) ;
#2931 = CARTESIAN_POINT ( 'NONE',  ( -2.000000000000000000, 3.000000000000000000, 25.92296279363144151 ) ) ;
#2932 = CARTESIAN_POINT ( 'NONE',  ( 21.82746580716060336, -4.507833773373800312, -14.12694174542047598 ) ) ;
#2933 = FACE_OUTER_BOUND ( 'NONE', #3494, .T. ) ;
#2934 = AXIS2_PLACEMENT_3D ( 'NONE', #4321, #217, #6353 ) ;
#2935 = CARTESIAN_POINT ( 'NONE',  ( 26.50000000000001066, 83.87110244148009031, -8.610371950172012845 ) ) ;
#2936 = AXIS2_PLACEMENT_3D ( 'NONE', #1490, #3589, #2545 ) ;
#2937 = CARTESIAN_POINT ( 'NONE',  ( -16.37790070187221048, 50.06460938256315529, 22.54224642132905743 ) ) ;
#2938 = SURFACE_SIDE_STYLE ('',( #998 ) ) ;
#2939 = VERTEX_POINT ( 'NONE', #5422 ) ;
#2940 = DIRECTION ( 'NONE',  ( -0.0000000000000000000, -1.000000000000000000, -0.0000000000000000000 ) ) ;
#2941 = CARTESIAN_POINT ( 'NONE',  ( 3.573283826362257527E-15, 40.25811632364619186, -19.45205114840793925 ) ) ;
#2942 = CARTESIAN_POINT ( 'NONE',  ( 11.43362879187305481, 48.84800471866423521, -15.73703995451273840 ) ) ;
#2943 = CIRCLE ( 'NONE', #50, 8.000000000000000000 ) ;
#2944 = CARTESIAN_POINT ( 'NONE',  ( -21.45736873184024063, -3.263157315449827678, 14.68271041220698336 ) ) ;
#2945 = AXIS2_PLACEMENT_3D ( 'NONE', #6265, #1216, #5475 ) ;
#2946 = PRESENTATION_LAYER_ASSIGNMENT (  '', '', ( #796 ) ) ;
#2947 = ORIENTED_EDGE ( 'NONE', *, *, #3081, .F. ) ;
#2948 = VERTEX_POINT ( 'NONE', #3855 ) ;
#2949 = DIRECTION ( 'NONE',  ( 6.982962677686266711E-14, 0.0000000000000000000, 1.000000000000000000 ) ) ;
#2950 = CARTESIAN_POINT ( 'NONE',  ( 0.0000000000000000000, 3.000000000000000000, 30.00000000000000000 ) ) ;
#2951 = FILL_AREA_STYLE ('',( #920 ) ) ;
#2952 = CARTESIAN_POINT ( 'NONE',  ( -21.48606061743515383, 2.482122412870951145, -14.64069154981114629 ) ) ;
#2953 = CARTESIAN_POINT ( 'NONE',  ( 18.50000000000000355, 2.138265130288804272, -6.011014380308763450 ) ) ;
#2954 = DIRECTION ( 'NONE',  ( -1.000000000000000000, 0.0000000000000000000, 0.0000000000000000000 ) ) ;
#2955 = CARTESIAN_POINT ( 'NONE',  ( -18.49999999999999289, 25.51154886140792755, -6.011014380308773219 ) ) ;
#2956 = EDGE_CURVE ( 'NONE', #224, #4702, #4829, .T. ) ;
#2957 = CARTESIAN_POINT ( 'NONE',  ( 11.43362879187304948, 61.75125124812272048, 15.73703995451273840 ) ) ;
#2958 = CARTESIAN_POINT ( 'NONE',  ( 10.17629357874269225, -4.228539818807469430, 4.750000000000000000 ) ) ;
#2959 = EDGE_CURVE ( 'NONE', #3605, #4065, #4192, .T. ) ;
#2960 = CARTESIAN_POINT ( 'NONE',  ( 22.94784860141468386, 4.796748844997122951, 12.22337464265233287 ) ) ;
#2961 = VERTEX_POINT ( 'NONE', #2092 ) ;
#2962 = CARTESIAN_POINT ( 'NONE',  ( -1.706162547722518960E-15, 4.608302331949454711, 27.86374894231407140 ) ) ;
#2963 =( NAMED_UNIT ( * ) SI_UNIT ( $, .STERADIAN. ) SOLID_ANGLE_UNIT ( ) );
#2964 = LINE ( 'NONE', #1465, #604 ) ;
#2965 = ADVANCED_FACE ( 'NONE', ( #5085 ), #576, .T. ) ;
#2966 = DIRECTION ( 'NONE',  ( -0.0000000000000000000, -1.000000000000000000, 2.152228036460121707E-16 ) ) ;
#2967 = CARTESIAN_POINT ( 'NONE',  ( 5.227427540804905816E-15, -34.09999999999999432, 0.0000000000000000000 ) ) ;
#2968 = CARTESIAN_POINT ( 'NONE',  ( -8.188950350936101685, 51.61298611783390555, -25.20299768182156797 ) ) ;
#2969 = CARTESIAN_POINT ( 'NONE',  ( -8.188950350936107014, 32.55306052115521709, 25.20299768182156797 ) ) ;
#2970 = DIRECTION ( 'NONE',  ( 0.4999999999999916733, 0.0000000000000000000, 0.8660254037844434816 ) ) ;
#2971 = EDGE_LOOP ( 'NONE', ( #2638, #611, #5630, #2989 ) ) ;
#2972 = DIRECTION ( 'NONE',  ( 1.133932221432734415E-16, -1.000000000000000000, -0.0000000000000000000 ) ) ;
#2973 = CARTESIAN_POINT ( 'NONE',  ( 11.43362879187304948, 80.18446057592053933, 15.73703995451273840 ) ) ;
#2974 = CARTESIAN_POINT ( 'NONE',  ( -1.191094608787419176E-15, 59.90793031534291657, 19.45205114840794280 ) ) ;
#2975 = DIRECTION ( 'NONE',  ( -0.5000000000000105471, 0.0000000000000000000, 0.8660254037844327124 ) ) ;
#2976 = ORIENTED_EDGE ( 'NONE', *, *, #6002, .T. ) ;
#2977 = ORIENTED_EDGE ( 'NONE', *, *, #437, .F. ) ;
#2978 = ORIENTED_EDGE ( 'NONE', *, *, #1745, .T. ) ;
#2979 =( NAMED_UNIT ( * ) PLANE_ANGLE_UNIT ( ) SI_UNIT ( $, .RADIAN. ) );
#2980 =( NAMED_UNIT ( * ) SI_UNIT ( $, .STERADIAN. ) SOLID_ANGLE_UNIT ( ) );
#2981 = CARTESIAN_POINT ( 'NONE',  ( -1.506048976018099728, 1.677566554971120949, -25.95650888898504505 ) ) ;
#2982 = CARTESIAN_POINT ( 'NONE',  ( -23.44994432064359202, 2.869445781120783856, -11.22943058924695237 ) ) ;
#2983 = AXIS2_PLACEMENT_3D ( 'NONE', #3602, #1143, #3036 ) ;
#2984 = CARTESIAN_POINT ( 'NONE',  ( -21.43895035093611057, 67.57615824397109350, 15.57630918575053691 ) ) ;
#2985 = CARTESIAN_POINT ( 'NONE',  ( -1.191094608787419176E-15, 41.47472098754509773, 19.45205114840794280 ) ) ;
#2986 = CARTESIAN_POINT ( 'NONE',  ( -5.716814395936527404, 77.41947917675086899, 17.59454555146033883 ) ) ;
#2987 = CARTESIAN_POINT ( 'NONE',  ( -11.43362879187304948, 39.63140005476532224, 15.73703995451273840 ) ) ;
#2988 = FACE_OUTER_BOUND ( 'NONE', #5660, .T. ) ;
#2989 = ORIENTED_EDGE ( 'NONE', *, *, #2675, .F. ) ;
#2990 = CARTESIAN_POINT ( 'NONE',  ( 21.44994432064348899, 3.264333351383487791, 14.69353220438485508 ) ) ;
#2991 = EDGE_LOOP ( 'NONE', ( #2506, #1747 ) ) ;
#2992 = CARTESIAN_POINT ( 'NONE',  ( -26.50000000000000000, 18.43320932779782240, 0.0000000000000000000 ) ) ;
#2993 = CYLINDRICAL_SURFACE ( 'NONE', #5672, 2.000000000000001332 ) ;
#2994 = CARTESIAN_POINT ( 'NONE',  ( 0.6450627784794608077, -1.102351908482423370, 25.99227887210856025 ) ) ;
#2995 = DIRECTION ( 'NONE',  ( -1.000000000000000000, 0.0000000000000000000, 0.0000000000000000000 ) ) ;
#2996 = DIRECTION ( 'NONE',  ( 1.000000000000000000, 0.0000000000000000000, 0.0000000000000000000 ) ) ;
#2997 = CARTESIAN_POINT ( 'NONE',  ( 26.50000000000000000, 82.94944197509020967, 3.245314017740485765E-15 ) ) ;
#2998 = CARTESIAN_POINT ( 'NONE',  ( 21.43895035093610346, 73.10612104231041997, 15.57630918575054046 ) ) ;
#2999 = LINE ( 'NONE', #5959, #3341 ) ;
#3000 = ORIENTED_EDGE ( 'NONE', *, *, #2569, .F. ) ;
#3001 = CARTESIAN_POINT ( 'NONE',  ( -13.72969192145107264, -7.668780691395120641, -4.199999999999998401 ) ) ;
#3002 = CARTESIAN_POINT ( 'NONE',  ( 14.96681439593652740, 19.05992559667868491, -10.87402716741075004 ) ) ;
#3003 = CARTESIAN_POINT ( 'NONE',  ( -14.96681439593652563, 90.32272570620935426, -10.87402716741075714 ) ) ;
#3004 = EDGE_CURVE ( 'NONE', #4564, #441, #783, .T. ) ;
#3005 = LINE ( 'NONE', #3966, #1197 ) ;
#3006 = CARTESIAN_POINT ( 'NONE',  ( 26.50000000000000711, 10.13826513028880250, -8.610371950172012845 ) ) ;
#3007 = ORIENTED_EDGE ( 'NONE', *, *, #4746, .F. ) ;
#3008 = ORIENTED_EDGE ( 'NONE', *, *, #4994, .T. ) ;
#3009 = ORIENTED_EDGE ( 'NONE', *, *, #6364, .T. ) ;
#3010 = AXIS2_PLACEMENT_3D ( 'NONE', #2843, #225, #3833 ) ;
#3011 = CARTESIAN_POINT ( 'NONE',  ( -1.006060156340365053, 1.251923810746568666, -25.98164497387406158 ) ) ;
#3012 = CARTESIAN_POINT ( 'NONE',  ( 15.58845726811978949, 3.000000000000000000, 9.000000000000181188 ) ) ;
#3013 = COLOUR_RGB ( '',1.000000000000000000, 0.0000000000000000000, 0.0000000000000000000 ) ;
#3014 = CARTESIAN_POINT ( 'NONE',  ( 14.96681439593652740, 39.92634425227434036, -10.87402716741075004 ) ) ;
#3015 = FILL_AREA_STYLE_COLOUR ( '', #4000 ) ;
#3016 = CARTESIAN_POINT ( 'NONE',  ( -11.43362879187304948, 76.49781871036094572, 15.73703995451273840 ) ) ;
#3017 = CIRCLE ( 'NONE', #2704, 17.75000000000000000 ) ;
#3018 = CARTESIAN_POINT ( 'NONE',  ( -5.716814395936527404, 40.55306052115521709, 17.59454555146033883 ) ) ;
#3019 =( NAMED_UNIT ( * ) PLANE_ANGLE_UNIT ( ) SI_UNIT ( $, .RADIAN. ) );
#3020 = CARTESIAN_POINT ( 'NONE',  ( -23.00157936541982195, -1.264732097728513249, -12.12184710169159629 ) ) ;
#3021 = ORIENTED_EDGE ( 'NONE', *, *, #393, .F. ) ;
#3022 = CARTESIAN_POINT ( 'NONE',  ( 16.37790070187221758, 30.41479539086640571, -22.54224642132905743 ) ) ;
#3023 = DIRECTION ( 'NONE',  ( 0.0000000000000000000, 0.0000000000000000000, 1.000000000000000000 ) ) ;
#3024 = CARTESIAN_POINT ( 'NONE',  ( 21.45736873184033300, -3.263157315449825457, -14.68271041220682882 ) ) ;
#3025 = FACE_OUTER_BOUND ( 'NONE', #85, .T. ) ;
#3026 =( NAMED_UNIT ( * ) PLANE_ANGLE_UNIT ( ) SI_UNIT ( $, .RADIAN. ) );
#3027 = CARTESIAN_POINT ( 'NONE',  ( 23.42205872838901470, 2.480466720194181907, 11.28750738058596781 ) ) ;
#3028 = CARTESIAN_POINT ( 'NONE',  ( -21.43895035093611057, 49.14294891617326044, 15.57630918575053691 ) ) ;
#3029 = PRESENTATION_LAYER_ASSIGNMENT (  '', '', ( #6432 ) ) ;
#3030 = PRESENTATION_STYLE_ASSIGNMENT (( #406 ) ) ;
#3031 = FILL_AREA_STYLE ('',( #1000 ) ) ;
#3032 = CARTESIAN_POINT ( 'NONE',  ( -11.43362879187305481, 10.76498139916966679, 15.73703995451274018 ) ) ;
#3033 = EDGE_CURVE ( 'NONE', #413, #4587, #5779, .T. ) ;
#3034 = CARTESIAN_POINT ( 'NONE',  ( -1.191094608787419176E-15, 41.47472098754509062, 19.45205114840794280 ) ) ;
#3035 = CARTESIAN_POINT ( 'NONE',  ( -11.62444386751201897, 2.978641430428001780, 1.423583797421667352E-15 ) ) ;
#3036 = DIRECTION ( 'NONE',  ( 0.4999999999999979461, 0.0000000000000000000, 0.8660254037844397068 ) ) ;
#3037 = CARTESIAN_POINT ( 'NONE',  ( 16.37790070187221758, 93.71442337425985158, -22.54224642132905743 ) ) ;
#3038 = VERTEX_POINT ( 'NONE', #6114 ) ;
#3039 = ORIENTED_EDGE ( 'NONE', *, *, #5404, .F. ) ;
#3040 = EDGE_CURVE ( 'NONE', #3441, #4660, #1008, .T. ) ;
#3041 = MECHANICAL_DESIGN_GEOMETRIC_PRESENTATION_REPRESENTATION (  '', ( #3355 ), #805 ) ;
#3042 = VERTEX_POINT ( 'NONE', #3120 ) ;
#3043 = ADVANCED_FACE ( 'NONE', ( #589 ), #78, .T. ) ;
#3044 = UNCERTAINTY_MEASURE_WITH_UNIT (LENGTH_MEASURE( 1.000000000000000082E-05 ), #2345, 'distance_accuracy_value', 'NONE');
#3045 = PRESENTATION_LAYER_ASSIGNMENT (  '', '', ( #1128 ) ) ;
#3046 = AXIS2_PLACEMENT_3D ( 'NONE', #6007, #5479, #921 ) ;
#3047 = EDGE_CURVE ( 'NONE', #6220, #5697, #1623, .T. ) ;
#3048 = FACE_OUTER_BOUND ( 'NONE', #2507, .T. ) ;
#3049 = LINE ( 'NONE', #1947, #479 ) ;
#3050 = CARTESIAN_POINT ( 'NONE',  ( -22.64695853967465311, 1.012970701871404033, -12.77230315476835898 ) ) ;
#3051 = CARTESIAN_POINT ( 'NONE',  ( -18.49999999999999289, 64.81117684480142316, -6.011014380308773219 ) ) ;
#3052 = CARTESIAN_POINT ( 'NONE',  ( -11.43362879187305481, 47.63140005476531513, 15.73703995451274018 ) ) ;
#3053 = CARTESIAN_POINT ( 'NONE',  ( -5.716814395936527404, 77.41947917675086899, 17.59454555146033883 ) ) ;
#3054 = LINE ( 'NONE', #5518, #6318 ) ;
#3055 = CARTESIAN_POINT ( 'NONE',  ( 21.99987929365667938, 4.736624482439584227, 13.85702502551582072 ) ) ;
#3056 = ORIENTED_EDGE ( 'NONE', *, *, #1649, .T. ) ;
#3057 = CARTESIAN_POINT ( 'NONE',  ( 8.188950350936103462, 79.26280010953064448, 25.20299768182156797 ) ) ;
#3058 = CARTESIAN_POINT ( 'NONE',  ( 23.34002548582956038, -1.994406141246606978, 11.45657829892201640 ) ) ;
#3059 = DIRECTION ( 'NONE',  ( 0.0000000000000000000, 1.000000000000000000, 0.0000000000000000000 ) ) ;
#3060 = DIRECTION ( 'NONE',  ( -0.8660254037844328234, 0.0000000000000000000, -0.5000000000000101030 ) ) ;
#3061 = FACE_OUTER_BOUND ( 'NONE', #2520, .T. ) ;
#3062 = CARTESIAN_POINT ( 'NONE',  ( 21.43895035093610346, 54.67291171451259402, 15.57630918575054046 ) ) ;
#3063 =( NAMED_UNIT ( * ) PLANE_ANGLE_UNIT ( ) SI_UNIT ( $, .RADIAN. ) );
#3064 = CARTESIAN_POINT ( 'NONE',  ( -23.14818237886423447, -1.492616640374430093, 11.83934958175691854 ) ) ;
#3065 = ORIENTED_EDGE ( 'NONE', *, *, #3531, .T. ) ;
#3066 = CARTESIAN_POINT ( 'NONE',  ( 18.49999999999999645, 90.94944197509020967, 2.265596578422603396E-15 ) ) ;
#3067 = DIRECTION ( 'NONE',  ( -0.5000000000000105471, 0.0000000000000000000, 0.8660254037844327124 ) ) ;
#3068 = CARTESIAN_POINT ( 'NONE',  ( -11.29153687598806322, 92.16604663898934291, -22.15898580971330034 ) ) ;
#3069 = CARTESIAN_POINT ( 'NONE',  ( -23.44994432064368084, 2.867802793624277147, 11.22943058924679427 ) ) ;
#3070 = CARTESIAN_POINT ( 'NONE',  ( -25.74999999999998224, -150.0000000000000000, 3.153465507804434404E-15 ) ) ;
#3071 = CARTESIAN_POINT ( 'NONE',  ( -26.50000000000000000, 63.29962798339347785, 0.0000000000000000000 ) ) ;
#3072 = VERTEX_POINT ( 'NONE', #3650 ) ;
#3073 = ORIENTED_EDGE ( 'NONE', *, *, #1077, .F. ) ;
#3074 = ORIENTED_EDGE ( 'NONE', *, *, #3973, .F. ) ;
#3075 = ADVANCED_FACE ( 'NONE', ( #554 ), #1126, .F. ) ;
#3076 = EDGE_CURVE ( 'NONE', #3109, #6228, #2591, .T. ) ;
#3077 = SPHERICAL_SURFACE ( 'NONE', #3857, 6.500000000000000888 ) ;
#3078 = SURFACE_SIDE_STYLE ('',( #2259 ) ) ;
#3079 = CARTESIAN_POINT ( 'NONE',  ( 1.935780609244751371, -3.519473272623204085, -25.92785011329904776 ) ) ;
#3080 = CARTESIAN_POINT ( 'NONE',  ( 18.50000000000000355, 39.00468378588445262, -6.011014380308763450 ) ) ;
#3081 = EDGE_CURVE ( 'NONE', #5355, #475, #494, .T. ) ;
#3082 = CARTESIAN_POINT ( 'NONE',  ( -11.43362879187305481, 66.06460938256313398, 15.73703995451274018 ) ) ;
#3083 = CARTESIAN_POINT ( 'NONE',  ( -4.911419759393202078, -2.869677577987990799E-16, 22.45367063642312999 ) ) ;
#3084 = PLANE ( 'NONE',  #5786 ) ;
#3085 = MECHANICAL_DESIGN_GEOMETRIC_PRESENTATION_REPRESENTATION (  '', ( #1274 ), #427 ) ;
#3086 = CARTESIAN_POINT ( 'NONE',  ( 21.88316773738524645, 4.591750972945282783, 14.04061256750205899 ) ) ;
#3087 = VERTEX_POINT ( 'NONE', #2025 ) ;
#3088 = CARTESIAN_POINT ( 'NONE',  ( 26.50000000000000000, 64.51623264729239793, 3.245314017740485765E-15 ) ) ;
#3089 = CARTESIAN_POINT ( 'NONE',  ( 0.0000000000000000000, 40.00000000000000711, 0.0000000000000000000 ) ) ;
#3090 =( NAMED_UNIT ( * ) SI_UNIT ( $, .STERADIAN. ) SOLID_ANGLE_UNIT ( ) );
#3091 = DIRECTION ( 'NONE',  ( -0.0000000000000000000, 1.000000000000000000, -0.0000000000000000000 ) ) ;
#3092 = CARTESIAN_POINT ( 'NONE',  ( 0.0000000000000000000, 166.0000000000000000, 17.00000000000000000 ) ) ;
#3093 = CARTESIAN_POINT ( 'NONE',  ( 23.44994432064351741, 3.000000000000000444, 11.22943058924711757 ) ) ;
#3094 = CARTESIAN_POINT ( 'NONE',  ( 18.49999999999999645, 19.64981399169673892, 2.265596578422603396E-15 ) ) ;
#3095 = CARTESIAN_POINT ( 'NONE',  ( -15.14671797873894654, -17.72802011111563303, 7.565552893990066252 ) ) ;
#3096 = DIRECTION ( 'NONE',  ( -1.000000000000000000, 0.0000000000000000000, 0.0000000000000000000 ) ) ;
#3097 = EDGE_LOOP ( 'NONE', ( #5125, #542 ) ) ;
#3098 = UNCERTAINTY_MEASURE_WITH_UNIT (LENGTH_MEASURE( 1.000000000000000082E-05 ), #3954, 'distance_accuracy_value', 'NONE');
#3099 = CARTESIAN_POINT ( 'NONE',  ( 3.573283826362257527E-15, 58.69132565144401070, -19.45205114840793925 ) ) ;
#3100 = LINE ( 'NONE', #4162, #130 ) ;
#3101 = CARTESIAN_POINT ( 'NONE',  ( -10.56774248812638461, 92.16604663898937133, -16.76565195297180821 ) ) ;
#3102 = B_SPLINE_CURVE_WITH_KNOTS ( 'NONE', 3,
 ( #3583, #3111, #640, #3079, #673, #544, #580, #5734, #1149, #5635, #2203, #2143, #3148, #4243, #6263, #4173, #6234, #4603 ),
 .UNSPECIFIED., .F., .F.,
 ( 4, 2, 2, 2, 2, 2, 2, 2, 4 ),
 ( 0.003128328320225401849, 0.003519189914550516739, 0.003910051508875631195, 0.004300913103200746518, 0.004691774697525860974, 0.005082636291850975430, 0.005473497886176089886, 0.005864359480501205209, 0.006255221074826319665 ),
 .UNSPECIFIED. ) ;
#3103 = CARTESIAN_POINT ( 'NONE',  ( -21.82746580716049678, 1.492166226626201908, 14.12694174542062164 ) ) ;
#3104 = CARTESIAN_POINT ( 'NONE',  ( -14.65219935906689308, -17.97485684199674338, -8.614309995686102894 ) ) ;
#3105 =( NAMED_UNIT ( * ) SI_UNIT ( $, .STERADIAN. ) SOLID_ANGLE_UNIT ( ) );
#3106 = CARTESIAN_POINT ( 'NONE',  ( -8.188950350936107014, 3.686641865559562969, 25.20299768182156797 ) ) ;
#3107 = FACE_OUTER_BOUND ( 'NONE', #2601, .T. ) ;
#3108 = ORIENTED_EDGE ( 'NONE', *, *, #5525, .F. ) ;
#3109 = VERTEX_POINT ( 'NONE', #6073 ) ;
#3110 = CARTESIAN_POINT ( 'NONE',  ( 0.0000000000000000000, 17.99999999999998934, 0.0000000000000000000 ) ) ;
#3111 = CARTESIAN_POINT ( 'NONE',  ( 2.000000000000000888, -3.130473281419416054, -25.92296279363144507 ) ) ;
#3112 = CARTESIAN_POINT ( 'NONE',  ( 14.96681439593652563, 54.67291171451259402, 10.87402716741075537 ) ) ;
#3113 = CIRCLE ( 'NONE', #1628, 8.000000000000000000 ) ;
#3114 = SHAPE_REPRESENTATION_RELATIONSHIP ( 'NONE' , 'NONE' ,  #3200, #3728 ) ;
#3115 = CARTESIAN_POINT ( 'NONE',  ( -18.49999999999999645, 63.29962798339347785, 0.0000000000000000000 ) ) ;
#3116 = DIRECTION ( 'NONE',  ( 0.0000000000000000000, 0.0000000000000000000, -1.000000000000000000 ) ) ;
#3117 = CARTESIAN_POINT ( 'NONE',  ( -16.52881157767272313, 11.64280146391931936, 4.780890590335970636 ) ) ;
#3118 = AXIS2_PLACEMENT_3D ( 'NONE', #402, #5987, #428 ) ;
#3119 = CARTESIAN_POINT ( 'NONE',  ( 21.43895035093610701, 47.92634425227434036, -15.57630918575053514 ) ) ;
#3120 = CARTESIAN_POINT ( 'NONE',  ( 16.28571998612485672, 10.99999999999995026, 4.750000000000000000 ) ) ;
#3121 = CIRCLE ( 'NONE', #3544, 5.123475382979799875 ) ;
#3122 = AXIS2_PLACEMENT_3D ( 'NONE', #5679, #6213, #1661 ) ;
#3123 = DIRECTION ( 'NONE',  ( -0.0000000000000000000, 1.000000000000000000, -0.0000000000000000000 ) ) ;
#3124 = DIRECTION ( 'NONE',  ( 0.0000000000000000000, 0.0000000000000000000, 1.000000000000000000 ) ) ;
#3125 = CARTESIAN_POINT ( 'NONE',  ( 22.94673683506587025, 1.202077893911539741, 12.22546308705056894 ) ) ;
#3126 = CARTESIAN_POINT ( 'NONE',  ( 18.50000000000000355, 39.00468378588445262, -6.011014380308763450 ) ) ;
#3127 = DIRECTION ( 'NONE',  ( 1.000000000000000000, 0.0000000000000000000, 0.0000000000000000000 ) ) ;
#3128 = CIRCLE ( 'NONE', #2266, 4.000000000000000000 ) ;
#3129 = DIRECTION ( 'NONE',  ( 1.000000000000000000, 1.119229979353040281E-16, 0.0000000000000000000 ) ) ;
#3130 = ORIENTED_EDGE ( 'NONE', *, *, #5923, .F. ) ;
#3131 = COLOUR_RGB ( '',0.8980392156862745390, 0.8980392156862745390, 0.8980392156862745390 ) ;
#3132 = CARTESIAN_POINT ( 'NONE',  ( -18.49999999999999289, 80.81117684480140895, -6.011014380308773219 ) ) ;
#3133 = DIRECTION ( 'NONE',  ( 1.133932221432734415E-16, -1.000000000000000000, -0.0000000000000000000 ) ) ;
#3134 = CARTESIAN_POINT ( 'NONE',  ( -4.996928492869800564, 92.16604663898935712, -22.51657307064184366 ) ) ;
#3135 = CARTESIAN_POINT ( 'NONE',  ( -16.58845726811991739, 3.000000000000000000, 7.267949192431082395 ) ) ;
#3136 = CARTESIAN_POINT ( 'NONE',  ( 0.0000000000000000000, 3.000000000000000000, 18.00000000000000000 ) ) ;
#3137 = CARTESIAN_POINT ( 'NONE',  ( -25.00000000000000000, 15.99999999999998579, 9.750000000000035527 ) ) ;
#3138 = PRESENTATION_LAYER_ASSIGNMENT (  '', '', ( #3239 ) ) ;
#3139 = CARTESIAN_POINT ( 'NONE',  ( 8.188950350936103462, 23.96317212613716663, 25.20299768182156797 ) ) ;
#3140 = VERTEX_POINT ( 'NONE', #1523 ) ;
#3141 = EDGE_LOOP ( 'NONE', ( #4595, #5083, #407, #6594, #5006, #5891, #3000, #1136, #5018, #2053 ) ) ;
#3142 = ORIENTED_EDGE ( 'NONE', *, *, #550, .T. ) ;
#3143 = AXIS2_PLACEMENT_3D ( 'NONE', #3984, #1518, #3548 ) ;
#3144 = CIRCLE ( 'NONE', #692, 17.00000000000000000 ) ;
#3145 = UNCERTAINTY_MEASURE_WITH_UNIT (LENGTH_MEASURE( 1.000000000000000082E-05 ), #6317, 'distance_accuracy_value', 'NONE');
#3146 = DIRECTION ( 'NONE',  ( 0.0000000000000000000, 0.0000000000000000000, -1.000000000000000000 ) ) ;
#3147 = AXIS2_PLACEMENT_3D ( 'NONE', #5113, #4453, #3985 ) ;
#3148 = CARTESIAN_POINT ( 'NONE',  ( 0.8863476354870090113, -4.797658933734587627, -25.98517027047761019 ) ) ;
#3149 = CARTESIAN_POINT ( 'NONE',  ( 18.49999999999999289, 55.59457218090251018, 6.011014380308770555 ) ) ;
#3150 = STYLED_ITEM ( 'NONE', ( #2784 ), #6509 ) ;
#3151 = AXIS2_PLACEMENT_3D ( 'NONE', #6373, #3914, #748 ) ;
#3152 = FILL_AREA_STYLE ('',( #546 ) ) ;
#3153 = CARTESIAN_POINT ( 'NONE',  ( -14.96681439593652563, 79.88951637841151410, -10.87402716741075714 ) ) ;
#3154 = CARTESIAN_POINT ( 'NONE',  ( -18.50000000000000355, -2.755455298081545172E-15, 1.340173046735506412 ) ) ;
#3155 =( GEOMETRIC_REPRESENTATION_CONTEXT ( 3 ) GLOBAL_UNCERTAINTY_ASSIGNED_CONTEXT ( ( #201 ) ) GLOBAL_UNIT_ASSIGNED_CONTEXT ( ( #271, #5210, #4707 ) ) REPRESENTATION_CONTEXT ( 'NONE', 'WORKASPACE' ) );
#3156 = CARTESIAN_POINT ( 'NONE',  ( -17.00165342506385002, 13.20101979418167915, -5.248361797684934160 ) ) ;
#3157 = CONICAL_SURFACE ( 'NONE', #4006, 25.80000000000000782, 0.7853981633974200793 ) ;
#3158 = CARTESIAN_POINT ( 'NONE',  ( 3.184081677754342517E-15, -0.9999999999999997780, 26.00000000000000355 ) ) ;
#3159 = CARTESIAN_POINT ( 'NONE',  ( 26.50000000000000711, 65.43789311368229278, -8.610371950172012845 ) ) ;
#3160 = EDGE_CURVE ( 'NONE', #3304, #4266, #4800, .T. ) ;
#3161 = CARTESIAN_POINT ( 'NONE',  ( -23.00047533980163195, 4.736624482439587780, 12.12394183574023998 ) ) ;
#3162 = PLANE ( 'NONE',  #1343 ) ;
#3163 = ADVANCED_FACE ( 'NONE', ( #2210 ), #3286, .T. ) ;
#3164 = CARTESIAN_POINT ( 'NONE',  ( 11.43362879187305836, 40.84800471866424232, -15.73703995451274018 ) ) ;
#3165 = CARTESIAN_POINT ( 'NONE',  ( -15.64706079015932438, -15.98069137103550652, 5.181972752814221650 ) ) ;
#3166 =( NAMED_UNIT ( * ) SI_UNIT ( $, .STERADIAN. ) SOLID_ANGLE_UNIT ( ) );
#3167 = ORIENTED_EDGE ( 'NONE', *, *, #5712, .F. ) ;
#3168 = CARTESIAN_POINT ( 'NONE',  ( 18.50000000000000355, 91.87110244148010452, -6.011014380308763450 ) ) ;
#3169 = DIRECTION ( 'NONE',  ( 0.0000000000000000000, 0.0000000000000000000, -1.000000000000000000 ) ) ;
#3170 = CARTESIAN_POINT ( 'NONE',  ( -13.77234007531081517, 92.16604663898935712, -13.42914256208276669 ) ) ;
#3171 = CARTESIAN_POINT ( 'NONE',  ( -22.25300178678905638, 1.064062400522753471, 13.44694651034989441 ) ) ;
#3172 = CARTESIAN_POINT ( 'NONE',  ( -15.60973389682488666, -16.72599678232213805, -5.861532273654407099 ) ) ;
#3173 = LINE ( 'NONE', #4198, #3828 ) ;
#3174 = CARTESIAN_POINT ( 'NONE',  ( -16.37790070187220692, 15.66822792862814673, -22.54224642132906098 ) ) ;
#3175 = ORIENTED_EDGE ( 'NONE', *, *, #3851, .T. ) ;
#3176 = ORIENTED_EDGE ( 'NONE', *, *, #929, .T. ) ;
#3177 = ORIENTED_EDGE ( 'NONE', *, *, #2673, .F. ) ;
#3178 = DIRECTION ( 'NONE',  ( 0.4999999999999977240, 0.0000000000000000000, 0.8660254037844400399 ) ) ;
#3179 = CARTESIAN_POINT ( 'NONE',  ( -25.00000000000000000, 15.99999999999998579, 9.750000000000035527 ) ) ;
#3180 = CARTESIAN_POINT ( 'NONE',  ( 14.96681439593652740, 11.05992559667869024, -10.87402716741075004 ) ) ;
#3181 = CARTESIAN_POINT ( 'NONE',  ( 5.716814395936525628, 31.96317212613717018, 17.59454555146034238 ) ) ;
#3182 = CARTESIAN_POINT ( 'NONE',  ( -14.48839426044727752, -4.142113342721044703E-16, 12.43008158680457065 ) ) ;
#3183 = CARTESIAN_POINT ( 'NONE',  ( 23.44994432064375545, 3.000000000000000000, -11.22943058924662552 ) ) ;
#3184 = CARTESIAN_POINT ( 'NONE',  ( 14.28269141594801006, 5.910501563638755229, -4.750000000000000888 ) ) ;
#3185 = CARTESIAN_POINT ( 'NONE',  ( -26.50000000000000000, 11.35486979418771725, 8.610371950172016398 ) ) ;
#3186 = CARTESIAN_POINT ( 'NONE',  ( 21.82726869151814242, -1.492616640374432535, 14.12723920065347372 ) ) ;
#3187 = SURFACE_SIDE_STYLE ('',( #2242 ) ) ;
#3188 = DIRECTION ( 'NONE',  ( 0.0000000000000000000, 1.000000000000000000, 0.0000000000000000000 ) ) ;
#3189 = CIRCLE ( 'NONE', #3616, 18.84694033905140387 ) ;
#3190 = DIRECTION ( 'NONE',  ( 0.0000000000000000000, -1.000000000000000000, 0.0000000000000000000 ) ) ;
#3191 = CARTESIAN_POINT ( 'NONE',  ( 1.507549240360339660, -4.320879712592823552, 25.95642570308255159 ) ) ;
#3192 = CARTESIAN_POINT ( 'NONE',  ( 14.96681439593652740, 39.92634425227434036, -10.87402716741075004 ) ) ;
#3193 = CARTESIAN_POINT ( 'NONE',  ( 16.30663741914030496, 15.99999999999998934, -9.456143131604866525 ) ) ;
#3194 = ORIENTED_EDGE ( 'NONE', *, *, #4546, .F. ) ;
#3195 = CARTESIAN_POINT ( 'NONE',  ( 11.43362879187305303, 88.18446057592053933, 15.73703995451274018 ) ) ;
#3196 = CARTESIAN_POINT ( 'NONE',  ( -15.58845726811985166, -3.000000000000000000, -9.000000000000071054 ) ) ;
#3197 = CARTESIAN_POINT ( 'NONE',  ( -24.82316891875969489, 92.16604663898945660, -8.922912342313297884 ) ) ;
#3198 = DIRECTION ( 'NONE',  ( 1.133932221432734415E-16, -1.000000000000000000, -0.0000000000000000000 ) ) ;
#3199 = CARTESIAN_POINT ( 'NONE',  ( -15.50908782904136096, -14.63681407734092055, -4.463532029839269555 ) ) ;
#3200 = SHAPE_REPRESENTATION ( 'Retainer rings', ( #2408 ), #6229 ) ;
#3201 = PLANE ( 'NONE',  #6054 ) ;
#3202 = CARTESIAN_POINT ( 'NONE',  ( 16.37790070187221758, 30.41479539086640571, -22.54224642132905743 ) ) ;
#3203 = ORIENTED_EDGE ( 'NONE', *, *, #4822, .F. ) ;
#3204 = VERTEX_POINT ( 'NONE', #4221 ) ;
#3205 = EDGE_CURVE ( 'NONE', #667, #835, #6542, .T. ) ;
#3206 = VERTEX_POINT ( 'NONE', #389 ) ;
#3207 = CARTESIAN_POINT ( 'NONE',  ( 15.59814227594462110, -15.26348984180338952, -4.728829715768005926 ) ) ;
#3208 = DIRECTION ( 'NONE',  ( 0.0000000000000000000, -1.000000000000000000, 1.543211486502830771E-16 ) ) ;
#3209 = CARTESIAN_POINT ( 'NONE',  ( 4.898587196589411843E-16, -18.21768760422456879, 3.999999999999999112 ) ) ;
#3210 = CARTESIAN_POINT ( 'NONE',  ( 11.43362879187305836, 93.71442337425985158, -15.73703995451274018 ) ) ;
#3211 = CARTESIAN_POINT ( 'NONE',  ( -4.842696149117954540, 1.359826682918102678E-13, 22.40545539277257703 ) ) ;
#3212 = CARTESIAN_POINT ( 'NONE',  ( -17.21648749910567133, 14.79678212254818703, -6.479043768845368589 ) ) ;
#3213 = DIRECTION ( 'NONE',  ( -0.5000000000000105471, 0.0000000000000000000, 0.8660254037844327124 ) ) ;
#3214 = PRODUCT_DEFINITION_CONTEXT ( 'detailed design', #872, 'design' ) ;
#3215 = CIRCLE ( 'NONE', #4064, 2.000000000000000000 ) ;
#3216 = CARTESIAN_POINT ( 'NONE',  ( -16.37790070187221048, -5.235018600830325219, 22.54224642132905743 ) ) ;
#3217 = CARTESIAN_POINT ( 'NONE',  ( 23.00157936541972958, -1.264732097728512583, 12.12184710169175439 ) ) ;
#3218 = CARTESIAN_POINT ( 'NONE',  ( -22.64616751901323966, 4.987208380330578450, 12.77370106565446584 ) ) ;
#3219 = CARTESIAN_POINT ( 'NONE',  ( 0.0000000000000000000, -3.000000000000000000, 30.00000000000000000 ) ) ;
#3220 = AXIS2_PLACEMENT_3D ( 'NONE', #3592, #4580, #5585 ) ;
#3221 = CARTESIAN_POINT ( 'NONE',  ( 14.96681439593652740, 3.059925596678694237, -10.87402716741075004 ) ) ;
#3222 = FACE_OUTER_BOUND ( 'NONE', #5541, .T. ) ;
#3223 = ORIENTED_EDGE ( 'NONE', *, *, #2020, .F. ) ;
#3224 = CARTESIAN_POINT ( 'NONE',  ( 8.188950350936110567, 39.33645585725629701, -25.20299768182156797 ) ) ;
#3225 = CARTESIAN_POINT ( 'NONE',  ( 17.14413797230361070, 13.91376050437810719, 5.683271673591408835 ) ) ;
#3226 = PRESENTATION_LAYER_ASSIGNMENT (  '', '', ( #668 ) ) ;
#3227 = DIRECTION ( 'NONE',  ( 0.4999999999999979461, 0.0000000000000000000, 0.8660254037844397068 ) ) ;
#3228 = CARTESIAN_POINT ( 'NONE',  ( 0.0000000000000000000, 6.000000000000000000, -17.00000000000000000 ) ) ;
#3229 = CARTESIAN_POINT ( 'NONE',  ( -2.000000000000000000, 3.000000000000000000, 30.00000000000000000 ) ) ;
#3230 = CARTESIAN_POINT ( 'NONE',  ( 0.0000000000000000000, 0.0000000000000000000, -4.000000000000000000 ) ) ;
#3231 = CIRCLE ( 'NONE', #1214, 17.00000000000000000 ) ;
#3232 = CARTESIAN_POINT ( 'NONE',  ( -16.37790070187220692, 52.53464658422380040, -22.54224642132906098 ) ) ;
#3233 = AXIS2_PLACEMENT_3D ( 'NONE', #4617, #2579, #5614 ) ;
#3234 = ORIENTED_EDGE ( 'NONE', *, *, #1745, .F. ) ;
#3235 = ORIENTED_EDGE ( 'NONE', *, *, #1706, .F. ) ;
#3236 = EDGE_CURVE ( 'NONE', #765, #2868, #5147, .T. ) ;
#3237 = CARTESIAN_POINT ( 'NONE',  ( -11.43362879187304948, 52.53464658422380040, -15.73703995451274196 ) ) ;
#3238 = EDGE_LOOP ( 'NONE', ( #6530, #977, #5167, #2947 ) ) ;
#3239 = STYLED_ITEM ( 'NONE', ( #4655 ), #3322 ) ;
#3240 = CARTESIAN_POINT ( 'NONE',  ( 15.31659774538939445, -17.55679481259591057, -7.117216504354842321 ) ) ;
#3241 = EDGE_CURVE ( 'NONE', #575, #5569, #1951, .T. ) ;
#3242 = CARTESIAN_POINT ( 'NONE',  ( 0.0000000000000000000, 6.000000000000000000, -26.00000000000000355 ) ) ;
#3243 = ADVANCED_FACE ( 'NONE', ( #5914 ), #6477, .F. ) ;
#3244 =( GEOMETRIC_REPRESENTATION_CONTEXT ( 3 ) GLOBAL_UNCERTAINTY_ASSIGNED_CONTEXT ( ( #4559 ) ) GLOBAL_UNIT_ASSIGNED_CONTEXT ( ( #3581, #5140, #222 ) ) REPRESENTATION_CONTEXT ( 'NONE', 'WORKASPACE' ) );
#3245 =( NAMED_UNIT ( * ) PLANE_ANGLE_UNIT ( ) SI_UNIT ( $, .RADIAN. ) );
#3246 = AXIS2_PLACEMENT_3D ( 'NONE', #4636, #60, #2105 ) ;
#3247 = CONICAL_SURFACE ( 'NONE', #4424, 11.62444386751201897, 0.2508424371670830988 ) ;
#3248 = CARTESIAN_POINT ( 'NONE',  ( -16.37790070187220692, 42.10143725642596735, -22.54224642132905743 ) ) ;
#3249 = CARTESIAN_POINT ( 'NONE',  ( -17.13416815907741508, 3.786728680248126084E-15, 19.14467343047780545 ) ) ;
#3250 = DIRECTION ( 'NONE',  ( 0.0000000000000000000, 0.0000000000000000000, -1.000000000000000000 ) ) ;
#3251 = CARTESIAN_POINT ( 'NONE',  ( 2.400307726328810718E-15, 40.00000000000000711, -19.59999999999998721 ) ) ;
#3252 = AXIS2_PLACEMENT_3D ( 'NONE', #622, #5088, #3124 ) ;
#3253 = COLOUR_RGB ( '',1.000000000000000000, 0.0000000000000000000, 0.0000000000000000000 ) ;
#3254 = CARTESIAN_POINT ( 'NONE',  ( 16.37790070187221758, 3.981586063068586867, -22.54224642132905743 ) ) ;
#3255 = CARTESIAN_POINT ( 'NONE',  ( 21.88316773738525356, -1.408249027054716107, 14.04061256750205189 ) ) ;
#3256 = CARTESIAN_POINT ( 'NONE',  ( -22.77068091045520859, 4.936577456714848822, 12.55039573432420319 ) ) ;
#3257 = SURFACE_STYLE_FILL_AREA ( #1828 ) ;
#3258 = CARTESIAN_POINT ( 'NONE',  ( -11.43362879187304948, 21.19819072696749629, 15.73703995451273840 ) ) ;
#3259 = DIRECTION ( 'NONE',  ( 0.0000000000000000000, 0.0000000000000000000, -1.000000000000000000 ) ) ;
#3260 = AXIS2_PLACEMENT_3D ( 'NONE', #6506, #3485, #4012 ) ;
#3261 = APPLICATION_CONTEXT ( 'automotive_design' ) ;
#3262 = CARTESIAN_POINT ( 'NONE',  ( 5.716814395936530069, 78.63608384064976065, -17.59454555146033528 ) ) ;
#3263 = SURFACE_SIDE_STYLE ('',( #1164 ) ) ;
#3264 = ORIENTED_EDGE ( 'NONE', *, *, #5030, .T. ) ;
#3265 = CARTESIAN_POINT ( 'NONE',  ( -8.188950350936107014, 48.55306052115520998, 25.20299768182156797 ) ) ;
#3266 = CARTESIAN_POINT ( 'NONE',  ( 16.85812429332526108, 15.76588167815279640, 8.229391730667765970 ) ) ;
#3267 =( LENGTH_UNIT ( ) NAMED_UNIT ( * ) SI_UNIT ( .MILLI., .METRE. ) );
#3268 = B_SPLINE_CURVE_WITH_KNOTS ( 'NONE', 3,
 ( #5383, #4344, #2727, #724, #177, #3813, #6308, #784, #1225, #1762, #1189, #2279, #4224, #4755, #205, #5348, #5871, #1254 ),
 .UNSPECIFIED., .F., .F.,
 ( 4, 2, 2, 2, 2, 2, 2, 2, 4 ),
 ( 0.003128328320225401849, 0.003519189914550516739, 0.003910051508875631195, 0.004300913103200746518, 0.004691774697525860974, 0.005082636291850975430, 0.005473497886176089886, 0.005864359480501205209, 0.006255221074826319665 ),
 .UNSPECIFIED. ) ;
#3269 = CARTESIAN_POINT ( 'NONE',  ( 4.059477352729188085E-15, -23.79999999999998650, 0.0000000000000000000 ) ) ;
#3270 = CYLINDRICAL_SURFACE ( 'NONE', #2934, 2.000000000000000000 ) ;
#3271 = CARTESIAN_POINT ( 'NONE',  ( 0.0000000000000000000, -5.800000000000001599, 0.0000000000000000000 ) ) ;
#3272 = CARTESIAN_POINT ( 'NONE',  ( 21.43895035093610346, 25.80649305891694922, 15.57630918575054046 ) ) ;
#3273 = ORIENTED_EDGE ( 'NONE', *, *, #6534, .F. ) ;
#3274 = FACE_OUTER_BOUND ( 'NONE', #1716, .T. ) ;
#3275 = CARTESIAN_POINT ( 'NONE',  ( 3.573283826362257527E-15, 50.69132565144400360, -19.45205114840794280 ) ) ;
#3276 = ORIENTED_EDGE ( 'NONE', *, *, #3205, .F. ) ;
#3277 = CARTESIAN_POINT ( 'NONE',  ( -23.44994432064367729, -3.000000000000000000, 11.22943058924678894 ) ) ;
#3278 = CARTESIAN_POINT ( 'NONE',  ( -1.987015557333667415, 3.262167796541911358, -25.92397379989686002 ) ) ;
#3279 = CARTESIAN_POINT ( 'NONE',  ( -14.96681439593652563, 71.88951637841152831, -10.87402716741075714 ) ) ;
#3280 = CARTESIAN_POINT ( 'NONE',  ( 18.49999999999999289, 90.02778150870031482, 6.011014380308770555 ) ) ;
#3281 = CARTESIAN_POINT ( 'NONE',  ( -18.14871923484603045, 5.580424747626513173E-15, 18.33875564794485413 ) ) ;
#3282 = CARTESIAN_POINT ( 'NONE',  ( -23.44994432064360623, 3.261048135279916327, -11.22943058924695592 ) ) ;
#3283 =( LENGTH_UNIT ( ) NAMED_UNIT ( * ) SI_UNIT ( .MILLI., .METRE. ) );
#3284 = CARTESIAN_POINT ( 'NONE',  ( 21.43895035093610346, -0.6267162688808682880, 15.57630918575054046 ) ) ;
#3285 = EDGE_CURVE ( 'NONE', #2840, #2231, #5241, .T. ) ;
#3286 = CYLINDRICAL_SURFACE ( 'NONE', #6207, 5.499999999999992895 ) ;
#3287 = CARTESIAN_POINT ( 'NONE',  ( -22.94668621860943247, 4.797983425504192212, 12.22555913839067898 ) ) ;
#3288 = LINE ( 'NONE', #1729, #2185 ) ;
#3289 = CARTESIAN_POINT ( 'NONE',  ( 11.43362879187305481, 30.41479539086640571, -15.73703995451273840 ) ) ;
#3290 = CARTESIAN_POINT ( 'NONE',  ( -18.49999999999999289, 64.81117684480142316, -6.011014380308773219 ) ) ;
#3291 = SURFACE_SIDE_STYLE ('',( #2319 ) ) ;
#3292 = EDGE_LOOP ( 'NONE', ( #3900, #5222, #4577, #5429 ) ) ;
#3293 = CARTESIAN_POINT ( 'NONE',  ( -1.706162547722519354E-15, 12.60830233194945116, 27.86374894231408206 ) ) ;
#3294 = DIRECTION ( 'NONE',  ( 1.000000000000000000, 2.040851148208007998E-16, 0.0000000000000000000 ) ) ;
#3295 = DIRECTION ( 'NONE',  ( -0.0000000000000000000, 1.000000000000000000, -0.0000000000000000000 ) ) ;
#3296 = CARTESIAN_POINT ( 'NONE',  ( 1.002206248475161710, 4.735705397319423859, -25.98090494630863745 ) ) ;
#3297 = DIRECTION ( 'NONE',  ( -0.0000000000000000000, -1.000000000000000000, -0.0000000000000000000 ) ) ;
#3298 = FACE_BOUND ( 'NONE', #3522, .T. ) ;
#3299 = CARTESIAN_POINT ( 'NONE',  ( 21.43895035093611057, 3.059925596678695570, -15.57630918575053514 ) ) ;
#3300 = DIRECTION ( 'NONE',  ( 0.0000000000000000000, 1.023066299883649626E-16, -1.000000000000000000 ) ) ;
#3301 = VERTEX_POINT ( 'NONE', #1817 ) ;
#3302 = PRESENTATION_LAYER_ASSIGNMENT (  '', '', ( #1274 ) ) ;
#3303 = CARTESIAN_POINT ( 'NONE',  ( -5.716814395936523852, 51.61298611783390555, -17.59454555146034238 ) ) ;
#3304 = VERTEX_POINT ( 'NONE', #3835 ) ;
#3305 = CARTESIAN_POINT ( 'NONE',  ( 11.43362879187304948, 24.88483259252705437, 15.73703995451273840 ) ) ;
#3306 = CARTESIAN_POINT ( 'NONE',  ( 15.62811160464267246, -15.55978494089378827, -4.891432130005948231 ) ) ;
#3307 = DIRECTION ( 'NONE',  ( 0.0000000000000000000, 0.0000000000000000000, 1.000000000000000000 ) ) ;
#3308 = CARTESIAN_POINT ( 'NONE',  ( 18.50000000000000000, 46.08302331949456487, 2.265596578422603396E-15 ) ) ;
#3309 = UNCERTAINTY_MEASURE_WITH_UNIT (LENGTH_MEASURE( 1.000000000000000082E-05 ), #2285, 'distance_accuracy_value', 'NONE');
#3310 =( NAMED_UNIT ( * ) PLANE_ANGLE_UNIT ( ) SI_UNIT ( $, .RADIAN. ) );
#3311 = CARTESIAN_POINT ( 'NONE',  ( -1.706162547722519354E-15, 12.60830233194945116, 27.86374894231408206 ) ) ;
#3312 = CARTESIAN_POINT ( 'NONE',  ( -11.99668294812036784, -1.101824161416678090E-15, 21.91526320929588678 ) ) ;
#3313 = CARTESIAN_POINT ( 'NONE',  ( 4.229567185944098802E-15, -25.30000000000000426, 0.0000000000000000000 ) ) ;
#3314 = CARTESIAN_POINT ( 'NONE',  ( -22.94784860141476202, 4.796748844997122951, -12.22337464265216944 ) ) ;
#3315 = CARTESIAN_POINT ( 'NONE',  ( -17.74999999999998579, -150.0000000000000000, 2.173748068486552035E-15 ) ) ;
#3316 = ADVANCED_FACE ( 'NONE', ( #5862 ), #5617, .T. ) ;
#3317 = CARTESIAN_POINT ( 'NONE',  ( -26.50000000000000000, 10.43320932779782773, 0.0000000000000000000 ) ) ;
#3318 = CARTESIAN_POINT ( 'NONE',  ( 22.77201251315795005, -1.064157603391331142, 12.54797946750930926 ) ) ;
#3319 = CARTESIAN_POINT ( 'NONE',  ( -22.50000000000000000, 92.16604663898934291, 1.571166602479409985E-12 ) ) ;
#3320 = CYLINDRICAL_SURFACE ( 'NONE', #916, 2.000000000000001332 ) ;
#3321 =( NAMED_UNIT ( * ) PLANE_ANGLE_UNIT ( ) SI_UNIT ( $, .RADIAN. ) );
#3322 = ADVANCED_FACE ( 'NONE', ( #6118 ), #2125, .T. ) ;
#3323 = CARTESIAN_POINT ( 'NONE',  ( 18.49999999999999289, 74.02778150870031482, 6.011014380308770555 ) ) ;
#3324 = ORIENTED_EDGE ( 'NONE', *, *, #2753, .F. ) ;
#3325 = CARTESIAN_POINT ( 'NONE',  ( -21.43895035093610346, 43.02309772281586220, -15.57630918575054224 ) ) ;
#3326 = CARTESIAN_POINT ( 'NONE',  ( 23.33442367186925992, 1.998002690041430718, -11.46777929136247920 ) ) ;
#3327 = CARTESIAN_POINT ( 'NONE',  ( 4.898587196589412829E-16, 4.000000000000000000, 4.000000000000000000 ) ) ;
#3328 = CARTESIAN_POINT ( 'NONE',  ( -23.44994432064359913, 3.000000000000000444, -11.22943058924695414 ) ) ;
#3329 = DIRECTION ( 'NONE',  ( 0.0000000000000000000, 0.0000000000000000000, 1.000000000000000000 ) ) ;
#3330 = CARTESIAN_POINT ( 'NONE',  ( -26.50000000000000000, 19.35486979418771725, 8.610371950172016398 ) ) ;
#3331 = CARTESIAN_POINT ( 'NONE',  ( -21.43895035093610346, 8.589888395018043354, -15.57630918575054224 ) ) ;
#3332 = CARTESIAN_POINT ( 'NONE',  ( 0.0000000000000000000, -3.000000000000000000, -30.00000000000000000 ) ) ;
#3333 = ORIENTED_EDGE ( 'NONE', *, *, #3925, .F. ) ;
#3334 = CARTESIAN_POINT ( 'NONE',  ( 21.44994432064348189, -3.132197206375724630, 14.69353220438485152 ) ) ;
#3335 = CARTESIAN_POINT ( 'NONE',  ( -11.43362879187304948, 34.10143725642598156, -15.73703995451274196 ) ) ;
#3336 = EDGE_LOOP ( 'NONE', ( #1036, #1377 ) ) ;
#3337 = CARTESIAN_POINT ( 'NONE',  ( -11.43362879187304948, 34.10143725642598156, -15.73703995451274196 ) ) ;
#3338 = CARTESIAN_POINT ( 'NONE',  ( -21.88229768336688608, -4.590495439860260873, 14.04196592726134796 ) ) ;
#3339 = COLOUR_RGB ( '',1.000000000000000000, 0.0000000000000000000, 0.0000000000000000000 ) ;
#3340 = CARTESIAN_POINT ( 'NONE',  ( 15.31906389463335749, -17.55367983333769999, 7.110094294615041832 ) ) ;
#3341 = VECTOR ( 'NONE', #4435, 1000.000000000000000 ) ;
#3342 = CARTESIAN_POINT ( 'NONE',  ( 5.500000000000017764, -150.0000000000000000, 0.0000000000000000000 ) ) ;
#3343 = APPLICATION_PROTOCOL_DEFINITION ( 'draft international standard', 'automotive_design', 1998, #3261 ) ;
#3344 = CARTESIAN_POINT ( 'NONE',  ( 14.96681439593652740, 92.79276290786998516, -10.87402716741075004 ) ) ;
#3345 = CIRCLE ( 'NONE', #1539, 8.000000000000000000 ) ;
#3346 = CARTESIAN_POINT ( 'NONE',  ( 23.44994432064351741, 3.000000000000000444, 11.22943058924711757 ) ) ;
#3347 = PLANE ( 'NONE',  #1016 ) ;
#3348 = FILL_AREA_STYLE ('',( #310 ) ) ;
#3349 = CARTESIAN_POINT ( 'NONE',  ( 26.50000000000001066, 57.43789311368227857, -8.610371950172012845 ) ) ;
#3350 = CARTESIAN_POINT ( 'NONE',  ( -1.191094608787419176E-15, 23.04151165974727888, 19.45205114840794280 ) ) ;
#3351 = MECHANICAL_DESIGN_GEOMETRIC_PRESENTATION_REPRESENTATION (  '', ( #796 ), #4204 ) ;
#3352 =( NAMED_UNIT ( * ) PLANE_ANGLE_UNIT ( ) SI_UNIT ( $, .RADIAN. ) );
#3353 = CARTESIAN_POINT ( 'NONE',  ( 0.0000000000000000000, 40.00000000000000711, 16.99999999999998579 ) ) ;
#3354 = CARTESIAN_POINT ( 'NONE',  ( 18.50000000000000000, 9.216604663898909422, 2.265596578422603396E-15 ) ) ;
#3355 = STYLED_ITEM ( 'NONE', ( #4025 ), #6273 ) ;
#3356 = VECTOR ( 'NONE', #3, 1000.000000000000114 ) ;
#3357 = DIRECTION ( 'NONE',  ( -0.8660254037844363761, 0.0000000000000000000, -0.5000000000000039968 ) ) ;
#3358 = VERTEX_POINT ( 'NONE', #3092 ) ;
#3359 = CARTESIAN_POINT ( 'NONE',  ( 16.37790070187221758, 75.28121404646205406, -22.54224642132905743 ) ) ;
#3360 = CARTESIAN_POINT ( 'NONE',  ( 0.0000000000000000000, 40.00000000000000711, 0.0000000000000000000 ) ) ;
#3361 = EDGE_CURVE ( 'NONE', #441, #3952, #4409, .T. ) ;
#3362 = PRESENTATION_LAYER_ASSIGNMENT (  '', '', ( #3150 ) ) ;
#3363 = VECTOR ( 'NONE', #3809, 999.9999999999998863 ) ;
#3364 = ADVANCED_FACE ( 'NONE', ( #6179 ), #1562, .T. ) ;
#3365 = CARTESIAN_POINT ( 'NONE',  ( -1.735797477261274091, -4.002053192341083587, -25.94209522694591286 ) ) ;
#3366 = CARTESIAN_POINT ( 'NONE',  ( -2.000000000000000000, -2.735799937379526536, 25.92296279363144151 ) ) ;
#3367 = CARTESIAN_POINT ( 'NONE',  ( 8.188950350936110567, 49.76966518505413006, -25.20299768182156797 ) ) ;
#3368 = CARTESIAN_POINT ( 'NONE',  ( -21.43895035093611057, -6.156679067220215629, 15.57630918575053691 ) ) ;
#3369 = VERTEX_POINT ( 'NONE', #1626 ) ;
#3370 = CARTESIAN_POINT ( 'NONE',  ( 22.64695853967456429, -4.987029298128595300, 12.77230315476851530 ) ) ;
#3371 = EDGE_CURVE ( 'NONE', #1668, #371, #3345, .T. ) ;
#3372 = CARTESIAN_POINT ( 'NONE',  ( -18.49999999999998934, 54.37796751700358300, -6.011014380308772331 ) ) ;
#3373 = ORIENTED_EDGE ( 'NONE', *, *, #304, .F. ) ;
#3374 = CARTESIAN_POINT ( 'NONE',  ( 18.50000000000000355, 75.87110244148010452, -6.011014380308763450 ) ) ;
#3375 = EDGE_CURVE ( 'NONE', #1841, #1976, #33, .T. ) ;
#3376 = PRODUCT_DEFINITION_SHAPE ( 'NONE', 'NONE',  #6599 ) ;
#3377 = CARTESIAN_POINT ( 'NONE',  ( 1.748076580155245585, 4.006059400745284549, 25.94136125591095521 ) ) ;
#3378 = LINE ( 'NONE', #1376, #1495 ) ;
#3379 = ORIENTED_EDGE ( 'NONE', *, *, #5030, .F. ) ;
#3380 = CARTESIAN_POINT ( 'NONE',  ( 14.96681439593652740, 84.79276290786999937, -10.87402716741075004 ) ) ;
#3381 = ADVANCED_FACE ( 'NONE', ( #2583 ), #4123, .F. ) ;
#3382 = CARTESIAN_POINT ( 'NONE',  ( 5.118487643167557865E-15, 77.12453497924182955, -27.86374894231408206 ) ) ;
#3383 =( LENGTH_UNIT ( ) NAMED_UNIT ( * ) SI_UNIT ( .MILLI., .METRE. ) );
#3384 = DIRECTION ( 'NONE',  ( 0.0000000000000000000, 0.0000000000000000000, 1.000000000000000000 ) ) ;
#3385 = CARTESIAN_POINT ( 'NONE',  ( 3.628583108584750127E-15, -19.99999999999998934, 0.0000000000000000000 ) ) ;
#3386 = DIRECTION ( 'NONE',  ( -0.8660254037844398178, 0.0000000000000000000, 0.4999999999999980016 ) ) ;
#3387 = CARTESIAN_POINT ( 'NONE',  ( -11.43362879187305481, -5.235018600830326996, 15.73703995451274018 ) ) ;
#3388 = CARTESIAN_POINT ( 'NONE',  ( -14.96681439593652563, 35.02309772281586220, -10.87402716741075714 ) ) ;
#3389 = SURFACE_SIDE_STYLE ('',( #3516 ) ) ;
#3390 = CARTESIAN_POINT ( 'NONE',  ( 3.573283826362257527E-15, 13.82490699584836591, -19.45205114840794280 ) ) ;
#3391 =( LENGTH_UNIT ( ) NAMED_UNIT ( * ) SI_UNIT ( .MILLI., .METRE. ) );
#3392 = CARTESIAN_POINT ( 'NONE',  ( -18.49999999999998934, 0.9216604663898882999, 6.011014380308763450 ) ) ;
#3393 = ORIENTED_EDGE ( 'NONE', *, *, #2386, .T. ) ;
#3394 = CARTESIAN_POINT ( 'NONE',  ( -8.188950350936107014, 22.11985119335738403, 25.20299768182156797 ) ) ;
#3395 = DIRECTION ( 'NONE',  ( 1.133932221432734415E-16, -1.000000000000000000, -0.0000000000000000000 ) ) ;
#3396 = LINE ( 'NONE', #3465, #2617 ) ;
#3397 = CARTESIAN_POINT ( 'NONE',  ( 0.0000000000000000000, 15.99999999999998934, 1.527314690574322003E-15 ) ) ;
#3398 =( NAMED_UNIT ( * ) SI_UNIT ( $, .STERADIAN. ) SOLID_ANGLE_UNIT ( ) );
#3399 = CARTESIAN_POINT ( 'NONE',  ( 16.37790070187221758, 85.71442337425986580, -22.54224642132905743 ) ) ;
#3400 = CARTESIAN_POINT ( 'NONE',  ( -26.50000000000000000, 10.43320932779782773, 0.0000000000000000000 ) ) ;
#3401 = CARTESIAN_POINT ( 'NONE',  ( 0.0000000000000000000, 92.16604663898934291, 0.0000000000000000000 ) ) ;
#3402 = ORIENTED_EDGE ( 'NONE', *, *, #3849, .T. ) ;
#3403 = CYLINDRICAL_SURFACE ( 'NONE', #4418, 2.000000000000000000 ) ;
#3404 = CARTESIAN_POINT ( 'NONE',  ( -18.49999999999999645, 7.999999999999993783, 0.0000000000000000000 ) ) ;
#3405 = ORIENTED_EDGE ( 'NONE', *, *, #4042, .F. ) ;
#3406 = CARTESIAN_POINT ( 'NONE',  ( 18.49999999999998934, 8.294944197509018124, 6.011014380308767002 ) ) ;
#3407 = CARTESIAN_POINT ( 'NONE',  ( 0.0000000000000000000, 15.99999999999998934, 1.527314690574322003E-15 ) ) ;
#3408 = MECHANICAL_DESIGN_GEOMETRIC_PRESENTATION_REPRESENTATION (  '', ( #2872 ), #5104 ) ;
#3409 = CARTESIAN_POINT ( 'NONE',  ( 15.63546001219215675, -16.49267311604751640, 5.618149460660729844 ) ) ;
#3410 = EDGE_CURVE ( 'NONE', #4735, #2742, #4480, .T. ) ;
#3411 = ORIENTED_EDGE ( 'NONE', *, *, #5931, .F. ) ;
#3412 =( LENGTH_UNIT ( ) NAMED_UNIT ( * ) SI_UNIT ( .MILLI., .METRE. ) );
#3413 = CYLINDRICAL_SURFACE ( 'NONE', #3666, 26.00000000000000355 ) ;
#3414 = PRESENTATION_STYLE_ASSIGNMENT (( #1823 ) ) ;
#3415 = CARTESIAN_POINT ( 'NONE',  ( 21.82609118018721617, 4.505477883781180637, -14.12905712132759994 ) ) ;
#3416 = DIRECTION ( 'NONE',  ( 1.000000000000000000, 0.0000000000000000000, 0.0000000000000000000 ) ) ;
#3417 = CARTESIAN_POINT ( 'NONE',  ( -21.43895035093611057, 49.14294891617326044, 15.57630918575053691 ) ) ;
#3418 = CARTESIAN_POINT ( 'NONE',  ( 3.573283826362256738E-15, 13.82490699584836591, -19.45205114840794280 ) ) ;
#3419 = CARTESIAN_POINT ( 'NONE',  ( 14.96681439593652740, 19.05992559667868491, -10.87402716741075004 ) ) ;
#3420 =( NAMED_UNIT ( * ) SI_UNIT ( $, .STERADIAN. ) SOLID_ANGLE_UNIT ( ) );
#3421 = CARTESIAN_POINT ( 'NONE',  ( 11.43362879187304948, 80.18446057592053933, 15.73703995451273840 ) ) ;
#3422 = CARTESIAN_POINT ( 'NONE',  ( -5.716814395936527404, 3.686641865559562525, 17.59454555146033883 ) ) ;
#3423 = DIRECTION ( 'NONE',  ( 1.133932221432734415E-16, -1.000000000000000000, -0.0000000000000000000 ) ) ;
#3424 = EDGE_LOOP ( 'NONE', ( #5114, #3440 ) ) ;
#3425 = CARTESIAN_POINT ( 'NONE',  ( -1.706162547722518960E-15, 23.04151165974727888, 27.86374894231407140 ) ) ;
#3426 = DIRECTION ( 'NONE',  ( 0.8660254037844328234, 0.0000000000000000000, 0.5000000000000101030 ) ) ;
#3427 = CARTESIAN_POINT ( 'NONE',  ( 1.002054122105771716, -1.264203049427066849, 25.98091100582930579 ) ) ;
#3428 = CARTESIAN_POINT ( 'NONE',  ( -23.42205872838909286, -3.519533279805818982, -11.28750738058580261 ) ) ;
#3429 = DIRECTION ( 'NONE',  ( 0.0000000000000000000, -3.846707125290959924E-17, 1.000000000000000000 ) ) ;
#3430 = CARTESIAN_POINT ( 'NONE',  ( 26.50000000000000000, 64.51623264729239793, 3.245314017740485765E-15 ) ) ;
#3431 = CARTESIAN_POINT ( 'NONE',  ( 26.50000000000000000, 82.94944197509020967, 3.245314017740485765E-15 ) ) ;
#3432 = ORIENTED_EDGE ( 'NONE', *, *, #5317, .F. ) ;
#3433 = CARTESIAN_POINT ( 'NONE',  ( 0.0000000000000000000, -18.21768760422456879, 0.0000000000000000000 ) ) ;
#3434 = CARTESIAN_POINT ( 'NONE',  ( 18.50000000000000355, 36.57147445808661956, -6.011014380308763450 ) ) ;
#3435 = CARTESIAN_POINT ( 'NONE',  ( 0.0000000000000000000, -4.228539818807469430, 0.0000000000000000000 ) ) ;
#3436 = AXIS2_PLACEMENT_3D ( 'NONE', #3673, #1582, #4111 ) ;
#3437 = DIRECTION ( 'NONE',  ( -0.0000000000000000000, -1.000000000000000000, -0.0000000000000000000 ) ) ;
#3438 = EDGE_CURVE ( 'NONE', #4587, #5134, #2061, .T. ) ;
#3439 = AXIS2_PLACEMENT_3D ( 'NONE', #5068, #6130, #2037 ) ;
#3440 = ORIENTED_EDGE ( 'NONE', *, *, #512, .T. ) ;
#3441 = VERTEX_POINT ( 'NONE', #3353 ) ;
#3442 = CARTESIAN_POINT ( 'NONE',  ( 0.0000000000000000000, 3.000000000000000000, -18.00000000000000000 ) ) ;
#3443 = AXIS2_PLACEMENT_3D ( 'NONE', #2257, #3300, #4793 ) ;
#3444 = MECHANICAL_DESIGN_GEOMETRIC_PRESENTATION_REPRESENTATION (  '', ( #4821 ), #889 ) ;
#3445 = ADVANCED_FACE ( 'NONE', ( #5384 ), #5026, .T. ) ;
#3446 = ADVANCED_FACE ( 'NONE', ( #4709, #3677, #6106 ), #2614, .T. ) ;
#3447 = DIRECTION ( 'NONE',  ( 0.0000000000000000000, 0.0000000000000000000, 1.000000000000000000 ) ) ;
#3448 = PRESENTATION_LAYER_ASSIGNMENT (  '', '', ( #3657 ) ) ;
#3449 = CARTESIAN_POINT ( 'NONE',  ( 0.0000000000000000000, 6.000000000000000000, 0.0000000000000000000 ) ) ;
#3450 = CARTESIAN_POINT ( 'NONE',  ( 2.000000000000000000, -2.999999999999999556, 25.92296279363144507 ) ) ;
#3451 = AXIS2_PLACEMENT_3D ( 'NONE', #5555, #1090, #4022 ) ;
#3452 = PLANE ( 'NONE',  #3046 ) ;
#3453 = CARTESIAN_POINT ( 'NONE',  ( 11.43362879187305303, -1.548376735270761584, 15.73703995451274018 ) ) ;
#3454 = CARTESIAN_POINT ( 'NONE',  ( 23.33941200930453164, -1.991997481464661712, -11.45783086732103584 ) ) ;
#3455 = SHAPE_REPRESENTATION ( 'Shock Absorber', ( #4005, #1553, #1986, #707, #269, #4962, #1139 ), #922 ) ;
#3456 = CIRCLE ( 'NONE', #579, 26.00000000000000355 ) ;
#3457 = CARTESIAN_POINT ( 'NONE',  ( 18.49999999999999645, 83.87110244148009031, -6.011014380308762561 ) ) ;
#3458 = CARTESIAN_POINT ( 'NONE',  ( 14.96681439593652740, 84.79276290786999937, -10.87402716741075004 ) ) ;
#3459 = DIRECTION ( 'NONE',  ( 0.8660254037844399289, 0.0000000000000000000, -0.4999999999999980571 ) ) ;
#3460 = CARTESIAN_POINT ( 'NONE',  ( 24.98076211353331644, -2.999999999999999556, -16.73205080756864049 ) ) ;
#3461 = ORIENTED_EDGE ( 'NONE', *, *, #2182, .T. ) ;
#3462 = AXIS2_PLACEMENT_3D ( 'NONE', #4820, #5882, #1196 ) ;
#3463 = MECHANICAL_DESIGN_GEOMETRIC_PRESENTATION_REPRESENTATION (  '', ( #2604 ), #2716 ) ;
#3464 = CARTESIAN_POINT ( 'NONE',  ( -26.50000000000000000, -2.265596578422603791E-15, 0.0000000000000000000 ) ) ;
#3465 = CARTESIAN_POINT ( 'NONE',  ( 0.0000000000000000000, 6.000000000000000000, -26.00000000000000355 ) ) ;
#3466 = CARTESIAN_POINT ( 'NONE',  ( -1.797248298856433113, -3.887171216896291970, -25.93785710842270120 ) ) ;
#3467 = CIRCLE ( 'NONE', #586, 25.80000000000000426 ) ;
#3468 = CARTESIAN_POINT ( 'NONE',  ( 26.50000000000000000, 45.16136285310467713, 8.610371950172021727 ) ) ;
#3469 = CARTESIAN_POINT ( 'NONE',  ( -16.37790070187221048, 31.63140005476532224, 22.54224642132905743 ) ) ;
#3470 = VERTEX_POINT ( 'NONE', #4215 ) ;
#3471 = CARTESIAN_POINT ( 'NONE',  ( -21.44994432064368439, -2.999999999999999556, 14.69353220438454777 ) ) ;
#3472 = CARTESIAN_POINT ( 'NONE',  ( 3.573283826362257527E-15, 69.12453497924182955, -19.45205114840794280 ) ) ;
#3473 = CARTESIAN_POINT ( 'NONE',  ( 5.716814395936530069, 86.63608384064977486, -17.59454555146033883 ) ) ;
#3474 = VECTOR ( 'NONE', #1584, 1000.000000000000000 ) ;
#3475 = FACE_OUTER_BOUND ( 'NONE', #5302, .T. ) ;
#3476 = PRODUCT_DEFINITION_FORMATION_WITH_SPECIFIED_SOURCE ( 'ANY', '', #6395, .NOT_KNOWN. ) ;
#3477 = AXIS2_PLACEMENT_3D ( 'NONE', #4429, #3892, #1931 ) ;
#3478 = ORIENTED_EDGE ( 'NONE', *, *, #4010, .T. ) ;
#3479 = EDGE_LOOP ( 'NONE', ( #2477, #2566 ) ) ;
#3480 = ORIENTED_EDGE ( 'NONE', *, *, #348, .T. ) ;
#3481 = DIRECTION ( 'NONE',  ( 0.0000000000000000000, 0.0000000000000000000, 1.000000000000000000 ) ) ;
#3482 = DIRECTION ( 'NONE',  ( 1.000000000000000000, 0.0000000000000000000, 0.0000000000000000000 ) ) ;
#3483 = PRODUCT_DEFINITION_SHAPE ( 'NONE', 'NONE',  #5073 ) ;
#3484 = DIRECTION ( 'NONE',  ( 0.0000000000000000000, 0.0000000000000000000, 1.000000000000000000 ) ) ;
#3485 = DIRECTION ( 'NONE',  ( 0.0000000000000000000, 1.000000000000000000, 0.0000000000000000000 ) ) ;
#3486 = CARTESIAN_POINT ( 'NONE',  ( -26.50000000000000000, 65.73283731119130380, 0.0000000000000000000 ) ) ;
#3487 = CARTESIAN_POINT ( 'NONE',  ( 11.43362879187305303, 43.31804192032488743, 15.73703995451273663 ) ) ;
#3488 = CARTESIAN_POINT ( 'NONE',  ( -18.49999999999999645, 7.999999999999993783, 0.0000000000000000000 ) ) ;
#3489 = CARTESIAN_POINT ( 'NONE',  ( 11.43362879187304948, 43.31804192032488743, 15.73703995451273840 ) ) ;
#3490 = SURFACE_STYLE_FILL_AREA ( #4452 ) ;
#3491 = EDGE_LOOP ( 'NONE', ( #1431, #2167 ) ) ;
#3492 = EDGE_CURVE ( 'NONE', #2961, #5234, #5262, .T. ) ;
#3493 = CARTESIAN_POINT ( 'NONE',  ( -23.14916798868479475, -1.494522116218817143, -11.83742086669370508 ) ) ;
#3494 = EDGE_LOOP ( 'NONE', ( #3234, #2165, #114, #3903 ) ) ;
#3495 = CARTESIAN_POINT ( 'NONE',  ( 26.50000000000000000, 8.294944197509019901, 8.610371950172021727 ) ) ;
#3496 = CARTESIAN_POINT ( 'NONE',  ( 1.836970198721029747E-14, -150.0000000000000000, 0.0000000000000000000 ) ) ;
#3497 = DIRECTION ( 'NONE',  ( -0.0000000000000000000, -1.000000000000000000, -0.0000000000000000000 ) ) ;
#3498 = DIRECTION ( 'NONE',  ( -1.000000000000000000, 0.0000000000000000000, 0.0000000000000000000 ) ) ;
#3499 = CARTESIAN_POINT ( 'NONE',  ( -8.188950350936101685, 70.04619544563172440, -25.20299768182156797 ) ) ;
#3500 = CARTESIAN_POINT ( 'NONE',  ( 26.50000000000000000, 55.59457218090251018, 8.610371950172021727 ) ) ;
#3501 = FILL_AREA_STYLE ('',( #3929 ) ) ;
#3502 = ORIENTED_EDGE ( 'NONE', *, *, #6413, .T. ) ;
#3503 = CARTESIAN_POINT ( 'NONE',  ( -12.30089172663605268, -2.340498917533703871, -4.199999999999999289 ) ) ;
#3504 = CARTESIAN_POINT ( 'NONE',  ( -1.191094608787419176E-15, 78.34113964314076384, 19.45205114840794280 ) ) ;
#3505 = CARTESIAN_POINT ( 'NONE',  ( -11.43362879187304948, 76.49781871036094572, 15.73703995451273840 ) ) ;
#3506 = ORIENTED_EDGE ( 'NONE', *, *, #2174, .T. ) ;
#3507 = CARTESIAN_POINT ( 'NONE',  ( 3.401796664298201715E-15, -17.99999999999998934, 0.0000000000000000000 ) ) ;
#3508 = CARTESIAN_POINT ( 'NONE',  ( -8.188950350936107014, 66.98626984895302883, 25.20299768182156797 ) ) ;
#3509 = ORIENTED_EDGE ( 'NONE', *, *, #929, .F. ) ;
#3510 = VERTEX_POINT ( 'NONE', #679 ) ;
#3511 = ORIENTED_EDGE ( 'NONE', *, *, #2139, .F. ) ;
#3512 = CARTESIAN_POINT ( 'NONE',  ( 14.29545382280675625, -17.99999999999998934, -9.199999999999995737 ) ) ;
#3513 = CARTESIAN_POINT ( 'NONE',  ( -21.72589119250960010, 1.677733499105734438, -14.28265333861176245 ) ) ;
#3514 =( GEOMETRIC_REPRESENTATION_CONTEXT ( 3 ) GLOBAL_UNCERTAINTY_ASSIGNED_CONTEXT ( ( #5632 ) ) GLOBAL_UNIT_ASSIGNED_CONTEXT ( ( #61, #1071, #3105 ) ) REPRESENTATION_CONTEXT ( 'NONE', 'WORKASPACE' ) );
#3515 = CARTESIAN_POINT ( 'NONE',  ( -5.716814395936527404, 32.55306052115521709, 17.59454555146033528 ) ) ;
#3516 = SURFACE_STYLE_FILL_AREA ( #3981 ) ;
#3517 = CARTESIAN_POINT ( 'NONE',  ( 5.716814395936525628, 13.52996279833934246, 17.59454555146034238 ) ) ;
#3518 = CARTESIAN_POINT ( 'NONE',  ( 5.716814395936530069, 49.76966518505413006, -17.59454555146033883 ) ) ;
#3519 = EDGE_CURVE ( 'NONE', #3921, #4596, #3614, .T. ) ;
#3520 =( LENGTH_UNIT ( ) NAMED_UNIT ( * ) SI_UNIT ( .MILLI., .METRE. ) );
#3521 = LINE ( 'NONE', #3460, #3356 ) ;
#3522 = EDGE_LOOP ( 'NONE', ( #2111, #2430 ) ) ;
#3523 = CARTESIAN_POINT ( 'NONE',  ( -8.188950350936101685, 70.04619544563172440, -25.20299768182156797 ) ) ;
#3524 = DIRECTION ( 'NONE',  ( 0.5000000000000041078, 0.0000000000000000000, -0.8660254037844362651 ) ) ;
#3525 = CARTESIAN_POINT ( 'NONE',  ( 23.44433045744194644, -3.262175262794923647, -11.24117517500148900 ) ) ;
#3526 = ADVANCED_FACE ( 'NONE', ( #2086 ), #2387, .T. ) ;
#3527 = FILL_AREA_STYLE_COLOUR ( '', #6539 ) ;
#3528 = CARTESIAN_POINT ( 'NONE',  ( -26.50000000000000000, 29.78807912198554320, 8.610371950172016398 ) ) ;
#3529 = CARTESIAN_POINT ( 'NONE',  ( -14.96681439593652563, 90.32272570620935426, -10.87402716741075714 ) ) ;
#3530 = CARTESIAN_POINT ( 'NONE',  ( -11.43362879187304948, 89.40106523981941677, -15.73703995451274196 ) ) ;
#3531 = EDGE_CURVE ( 'NONE', #2840, #5902, #2427, .T. ) ;
#3532 = DIRECTION ( 'NONE',  ( 1.000000000000000000, 0.0000000000000000000, -0.0000000000000000000 ) ) ;
#3533 = CARTESIAN_POINT ( 'NONE',  ( 0.0000000000000000000, 0.0000000000000000000, 4.000000000000000000 ) ) ;
#3534 = CARTESIAN_POINT ( 'NONE',  ( 21.43895035093610346, 89.10612104231043418, 15.57630918575054046 ) ) ;
#3535 = ORIENTED_EDGE ( 'NONE', *, *, #4612, .T. ) ;
#3536 = ORIENTED_EDGE ( 'NONE', *, *, #5033, .T. ) ;
#3537 = PRESENTATION_LAYER_ASSIGNMENT (  '', '', ( #226 ) ) ;
#3538 = VERTEX_POINT ( 'NONE', #3346 ) ;
#3539 = CARTESIAN_POINT ( 'NONE',  ( 1.897986055078583423, 2.355920301222202085, 25.93068024707767094 ) ) ;
#3540 = CARTESIAN_POINT ( 'NONE',  ( 23.27358919188914754, 4.230848336789128084, -11.59198990613837488 ) ) ;
#3541 = CARTESIAN_POINT ( 'NONE',  ( -1.987016059364176579, -3.262234918806040884, 25.92397380198270085 ) ) ;
#3542 = AXIS2_PLACEMENT_3D ( 'NONE', #601, #5624, #1445 ) ;
#3543 = CARTESIAN_POINT ( 'NONE',  ( -14.96681439593652563, 8.589888395018043354, -10.87402716741075714 ) ) ;
#3544 = AXIS2_PLACEMENT_3D ( 'NONE', #2900, #4357, #5890 ) ;
#3545 = CARTESIAN_POINT ( 'NONE',  ( 11.43362879187305303, 69.75125124812268496, 15.73703995451274018 ) ) ;
#3546 = PRESENTATION_LAYER_ASSIGNMENT (  '', '', ( #4821 ) ) ;
#3547 = CARTESIAN_POINT ( 'NONE',  ( -18.49999999999998934, 56.22128844978334428, 6.011014380308763450 ) ) ;
#3548 = DIRECTION ( 'NONE',  ( 1.000000000000000000, 2.040851148208007998E-16, 0.0000000000000000000 ) ) ;
#3549 = CARTESIAN_POINT ( 'NONE',  ( 22.45145950439236415, 5.000104822221618228, 13.11294756080776658 ) ) ;
#3550 = VERTEX_POINT ( 'NONE', #4774 ) ;
#3551 = CARTESIAN_POINT ( 'NONE',  ( 8.188950350936110567, 68.20287451285194891, -25.20299768182156797 ) ) ;
#3552 = SURFACE_SIDE_STYLE ('',( #2122 ) ) ;
#3553 = DIRECTION ( 'NONE',  ( 0.0000000000000000000, -0.0000000000000000000, 1.000000000000000000 ) ) ;
#3554 = AXIS2_PLACEMENT_3D ( 'NONE', #6484, #5455, #1464 ) ;
#3555 = DIRECTION ( 'NONE',  ( 0.8660254037844432595, 0.0000000000000000000, -0.4999999999999919509 ) ) ;
#3556 = FACE_OUTER_BOUND ( 'NONE', #5552, .T. ) ;
#3557 = CARTESIAN_POINT ( 'NONE',  ( 23.26965468351797739, 1.779951368982626958, 11.59863943030509859 ) ) ;
#3558 = CARTESIAN_POINT ( 'NONE',  ( 5.118487643167557865E-15, 61.12453497924184376, -27.86374894231408206 ) ) ;
#3559 = VECTOR ( 'NONE', #1724, 1000.000000000000000 ) ;
#3560 = DIRECTION ( 'NONE',  ( 1.133932221432734415E-16, -1.000000000000000000, -0.0000000000000000000 ) ) ;
#3561 = CARTESIAN_POINT ( 'NONE',  ( -22.58187545834877596, -0.9998951777783839923, 12.88706050243769674 ) ) ;
#3562 = EDGE_LOOP ( 'NONE', ( #5368, #5508, #5507, #5072 ) ) ;
#3563 = UNCERTAINTY_MEASURE_WITH_UNIT (LENGTH_MEASURE( 1.000000000000000082E-05 ), #3383, 'distance_accuracy_value', 'NONE');
#3564 = CARTESIAN_POINT ( 'NONE',  ( -14.96681439593652563, 43.02309772281586220, -10.87402716741075714 ) ) ;
#3565 = ADVANCED_FACE ( 'NONE', ( #198 ), #6404, .T. ) ;
#3566 = CARTESIAN_POINT ( 'NONE',  ( -7.425758364163931091, 92.16604663898938554, -22.87982089418116871 ) ) ;
#3567 = EDGE_CURVE ( 'NONE', #1632, #694, #1646, .T. ) ;
#3568 = VECTOR ( 'NONE', #1607, 1000.000000000000000 ) ;
#3569 = CONICAL_SURFACE ( 'NONE', #5900, 25.80000000000000782, 0.7853981633974200793 ) ;
#3570 = CARTESIAN_POINT ( 'NONE',  ( -21.72527145923467629, 1.678864843231102855, 14.28360342013988848 ) ) ;
#3571 = CARTESIAN_POINT ( 'NONE',  ( -2.000000000000000000, -2.999999999999999556, -30.00000000000000000 ) ) ;
#3572 = CARTESIAN_POINT ( 'NONE',  ( 8.188950350936110567, 76.20287451285194891, -25.20299768182156797 ) ) ;
#3573 = VERTEX_POINT ( 'NONE', #6267 ) ;
#3574 = ORIENTED_EDGE ( 'NONE', *, *, #1706, .T. ) ;
#3575 = CIRCLE ( 'NONE', #3252, 11.23029167033340059 ) ;
#3576 = MECHANICAL_DESIGN_GEOMETRIC_PRESENTATION_REPRESENTATION (  '', ( #1651 ), #1021 ) ;
#3577 = EDGE_CURVE ( 'NONE', #160, #3301, #3765, .T. ) ;
#3578 = VERTEX_POINT ( 'NONE', #4908 ) ;
#3579 =( GEOMETRIC_REPRESENTATION_CONTEXT ( 3 ) GLOBAL_UNCERTAINTY_ASSIGNED_CONTEXT ( ( #1789 ) ) GLOBAL_UNIT_ASSIGNED_CONTEXT ( ( #3283, #847, #3878 ) ) REPRESENTATION_CONTEXT ( 'NONE', 'WORKASPACE' ) );
#3580 = CARTESIAN_POINT ( 'NONE',  ( -1.019346340203960930E-23, -5.000000000000000000, -26.00000000000000355 ) ) ;
#3581 =( LENGTH_UNIT ( ) NAMED_UNIT ( * ) SI_UNIT ( .MILLI., .METRE. ) );
#3582 = ADVANCED_FACE ( 'NONE', ( #342, #2379, #5441 ), #3413, .T. ) ;
#3583 = CARTESIAN_POINT ( 'NONE',  ( 2.000000000000000000, -3.000000000000000000, -25.92296279363144151 ) ) ;
#3584 = CARTESIAN_POINT ( 'NONE',  ( 18.50000000000000355, 20.57147445808663022, -6.011014380308763450 ) ) ;
#3585 =( NAMED_UNIT ( * ) PLANE_ANGLE_UNIT ( ) SI_UNIT ( $, .RADIAN. ) );
#3586 = CARTESIAN_POINT ( 'NONE',  ( 3.573283826362257527E-15, 40.25811632364619186, -19.45205114840793925 ) ) ;
#3587 = CARTESIAN_POINT ( 'NONE',  ( -13.68468703986110846, -4.142113342721044703E-16, 13.49794669331213726 ) ) ;
#3588 = FACE_OUTER_BOUND ( 'NONE', #2533, .T. ) ;
#3589 = DIRECTION ( 'NONE',  ( -0.0000000000000000000, 1.000000000000000000, -0.0000000000000000000 ) ) ;
#3590 = VERTEX_POINT ( 'NONE', #1379 ) ;
#3591 = CARTESIAN_POINT ( 'NONE',  ( -21.43895035093610346, 35.02309772281586220, -15.57630918575054402 ) ) ;
#3592 = CARTESIAN_POINT ( 'NONE',  ( 5.227427540804905816E-15, -34.09999999999999432, 0.0000000000000000000 ) ) ;
#3593 = CARTESIAN_POINT ( 'NONE',  ( 5.227427540804905816E-15, -34.09999999999999432, 0.0000000000000000000 ) ) ;
#3594 = CARTESIAN_POINT ( 'NONE',  ( 23.10184805376716710, 1.409504560139741125, 11.92964272333863285 ) ) ;
#3595 = CARTESIAN_POINT ( 'NONE',  ( -16.37790070187220692, 44.53464658422380040, -22.54224642132905743 ) ) ;
#3596 = CARTESIAN_POINT ( 'NONE',  ( -14.94954413420725992, -17.86149758163574575, 8.020791205689494774 ) ) ;
#3597 = EDGE_LOOP ( 'NONE', ( #1679, #633, #4170, #4009, #2759 ) ) ;
#3598 = CARTESIAN_POINT ( 'NONE',  ( -14.96681439593652563, 61.45630705061369525, -10.87402716741075714 ) ) ;
#3599 = DIRECTION ( 'NONE',  ( -0.8660254037844328234, 0.0000000000000000000, -0.5000000000000101030 ) ) ;
#3600 = CARTESIAN_POINT ( 'NONE',  ( -18.10222897669267184, 92.16604663898935712, -18.37743605918138456 ) ) ;
#3601 = DIRECTION ( 'NONE',  ( 0.0000000000000000000, 0.0000000000000000000, -1.000000000000000000 ) ) ;
#3602 = CARTESIAN_POINT ( 'NONE',  ( -15.58845726811991561, -3.000000000000000000, 8.999999999999962697 ) ) ;
#3603 = CARTESIAN_POINT ( 'NONE',  ( -21.43895035093610346, 98.32272570620934005, -15.57630918575054224 ) ) ;
#3604 = ORIENTED_EDGE ( 'NONE', *, *, #870, .F. ) ;
#3605 = VERTEX_POINT ( 'NONE', #3342 ) ;
#3606 = ADVANCED_FACE ( 'NONE', ( #6145 ), #5709, .T. ) ;
#3607 = ORIENTED_EDGE ( 'NONE', *, *, #1248, .F. ) ;
#3608 = EDGE_CURVE ( 'NONE', #4348, #5463, #4566, .T. ) ;
#3609 = FACE_OUTER_BOUND ( 'NONE', #6030, .T. ) ;
#3610 = FILL_AREA_STYLE ('',( #5665 ) ) ;
#3611 = SPHERICAL_SURFACE ( 'NONE', #1447, 6.500000000000000888 ) ;
#3612 = CARTESIAN_POINT ( 'NONE',  ( -5.716814395936527404, 14.11985119335738936, 17.59454555146033528 ) ) ;
#3613 = CARTESIAN_POINT ( 'NONE',  ( -5.716814395936523852, 78.04619544563172440, -17.59454555146034238 ) ) ;
#3614 = LINE ( 'NONE', #5247, #6533 ) ;
#3615 = CARTESIAN_POINT ( 'NONE',  ( -17.20145899599321382, 15.01075945320457805, -6.744957677542033458 ) ) ;
#3616 = AXIS2_PLACEMENT_3D ( 'NONE', #6320, #2255, #1297 ) ;
#3617 = LINE ( 'NONE', #1220, #484 ) ;
#3618 = CARTESIAN_POINT ( 'NONE',  ( 8.188950350936103462, 23.96317212613716663, 25.20299768182156797 ) ) ;
#3619 = FACE_OUTER_BOUND ( 'NONE', #28, .T. ) ;
#3620 = CARTESIAN_POINT ( 'NONE',  ( -3.465881193137118390E-17, -1.000000000000000000, -26.00000000000000355 ) ) ;
#3621 = CARTESIAN_POINT ( 'NONE',  ( 13.72969192145107797, -7.668780691395117977, -4.199999999999998401 ) ) ;
#3622 = CARTESIAN_POINT ( 'NONE',  ( 23.44994432064351386, 2.869445781120783412, 11.22943058924711401 ) ) ;
#3623 = CARTESIAN_POINT ( 'NONE',  ( 5.716814395936530069, 23.33645585725630056, -17.59454555146033528 ) ) ;
#3624 = CARTESIAN_POINT ( 'NONE',  ( -15.63491991454514185, -16.49959975608927820, 5.624906420401011076 ) ) ;
#3625 = SURFACE_STYLE_USAGE ( .BOTH. , #3263 ) ;
#3626 = ORIENTED_EDGE ( 'NONE', *, *, #5075, .F. ) ;
#3627 = CARTESIAN_POINT ( 'NONE',  ( 11.43362879187305303, 51.31804192032488032, 15.73703995451274018 ) ) ;
#3628 = DIRECTION ( 'NONE',  ( -1.000000000000000000, 0.0000000000000000000, 0.0000000000000000000 ) ) ;
#3629 = CARTESIAN_POINT ( 'NONE',  ( -14.86675819917070918, 92.16604663898937133, -20.58584931168445209 ) ) ;
#3630 = CARTESIAN_POINT ( 'NONE',  ( -22.45177255886775569, 0.9999532373881591107, 13.11239640230786208 ) ) ;
#3631 = CARTESIAN_POINT ( 'NONE',  ( -15.62747346364097289, -15.55232476790078167, -4.887041423629831627 ) ) ;
#3632 = PLANE ( 'NONE',  #2983 ) ;
#3633 = CARTESIAN_POINT ( 'NONE',  ( -21.43895035093610701, 57.14294891617326044, 15.57630918575053869 ) ) ;
#3634 = ORIENTED_EDGE ( 'NONE', *, *, #2139, .T. ) ;
#3635 = VERTEX_POINT ( 'NONE', #3183 ) ;
#3636 = ORIENTED_EDGE ( 'NONE', *, *, #1997, .F. ) ;
#3637 = DIRECTION ( 'NONE',  ( -1.000000000000000000, 0.0000000000000000000, 0.0000000000000000000 ) ) ;
#3638 = FACE_OUTER_BOUND ( 'NONE', #4191, .T. ) ;
#3639 = CARTESIAN_POINT ( 'NONE',  ( 5.716814395936525628, 34.39638145393499258, 17.59454555146034238 ) ) ;
#3640 = EDGE_CURVE ( 'NONE', #2479, #3573, #1754, .T. ) ;
#3641 = CONICAL_SURFACE ( 'NONE', #6079, 17.00000000000000355, 1.161086959060831481 ) ;
#3642 = EDGE_CURVE ( 'NONE', #4865, #14, #355, .T. ) ;
#3643 = CARTESIAN_POINT ( 'NONE',  ( -11.43362879187304770, 60.53464658422380040, -15.73703995451274196 ) ) ;
#3644 = CARTESIAN_POINT ( 'NONE',  ( -4.667791629115005669, 7.298984812250934339E-14, 22.22561519650177786 ) ) ;
#3645 = CARTESIAN_POINT ( 'NONE',  ( -16.74219737474138014, 12.27952122039039828, 4.905614848734765943 ) ) ;
#3646 = AXIS2_PLACEMENT_3D ( 'NONE', #658, #4196, #1295 ) ;
#3647 = ADVANCED_FACE ( 'NONE', ( #3588 ), #3084, .T. ) ;
#3648 = DIRECTION ( 'NONE',  ( 1.000000000000000000, -0.0000000000000000000, -0.0000000000000000000 ) ) ;
#3649 = CARTESIAN_POINT ( 'NONE',  ( -1.706162547722518960E-15, 59.90793031534291657, 27.86374894231407140 ) ) ;
#3650 = CARTESIAN_POINT ( 'NONE',  ( -10.17629357874269225, -4.228539818807469430, 4.750000000000000000 ) ) ;
#3651 = AXIS2_PLACEMENT_3D ( 'NONE', #2027, #5644, #965 ) ;
#3652 = DIRECTION ( 'NONE',  ( 0.0000000000000000000, 0.0000000000000000000, 1.000000000000000000 ) ) ;
#3653 = CARTESIAN_POINT ( 'NONE',  ( 1.022960916313601904E-15, 2.978641430428003112, 0.0000000000000000000 ) ) ;
#3654 = CARTESIAN_POINT ( 'NONE',  ( 23.36160761372276795, 2.113461709158677149, 11.41217863336184557 ) ) ;
#3655 = CARTESIAN_POINT ( 'NONE',  ( -18.49999999999999645, 28.86641865559565545, 0.0000000000000000000 ) ) ;
#3656 = CARTESIAN_POINT ( 'NONE',  ( 16.74314311369891684, 15.86290172287240630, -8.546523743986323751 ) ) ;
#3657 = STYLED_ITEM ( 'NONE', ( #6491 ), #215 ) ;
#3658 = ORIENTED_EDGE ( 'NONE', *, *, #1980, .T. ) ;
#3659 = PRESENTATION_LAYER_ASSIGNMENT (  '', '', ( #4073 ) ) ;
#3660 = CARTESIAN_POINT ( 'NONE',  ( 5.716814395936525628, 87.26280010953064448, 17.59454555146034238 ) ) ;
#3661 = DIRECTION ( 'NONE',  ( -0.0000000000000000000, -1.000000000000000000, -0.0000000000000000000 ) ) ;
#3662 = CARTESIAN_POINT ( 'NONE',  ( -4.771320510374609469, 92.16604663898931449, -21.38972490455853404 ) ) ;
#3663 = CARTESIAN_POINT ( 'NONE',  ( -22.06093002394751679, 1.202077893911539519, 13.75972548959808961 ) ) ;
#3664 = CARTESIAN_POINT ( 'NONE',  ( -14.95190809459958459, -17.86024235797798809, -8.015690869731299628 ) ) ;
#3665 = CARTESIAN_POINT ( 'NONE',  ( -21.44994432064368439, -2.999999999999999556, 14.69353220438454777 ) ) ;
#3666 = AXIS2_PLACEMENT_3D ( 'NONE', #2880, #5941, #6442 ) ;
#3667 = CARTESIAN_POINT ( 'NONE',  ( -26.50000000000000000, 37.78807912198552543, 8.610371950172016398 ) ) ;
#3668 = EDGE_LOOP ( 'NONE', ( #3636, #2802, #5826, #5687 ) ) ;
#3669 = ORIENTED_EDGE ( 'NONE', *, *, #4822, .T. ) ;
#3670 = EDGE_LOOP ( 'NONE', ( #4736, #552, #1043, #3411 ) ) ;
#3671 = COLOUR_RGB ( '',1.000000000000000000, 0.0000000000000000000, 0.0000000000000000000 ) ;
#3672 = AXIS2_PLACEMENT_3D ( 'NONE', #1532, #4056, #3096 ) ;
#3673 = CARTESIAN_POINT ( 'NONE',  ( 0.0000000000000000000, -6.000000000000000000, 0.0000000000000000000 ) ) ;
#3674 = CARTESIAN_POINT ( 'NONE',  ( -5.716814395936527404, 69.41947917675086899, 17.59454555146033528 ) ) ;
#3675 = CONICAL_SURFACE ( 'NONE', #3776, 19.59999999999998721, 0.3601112164665004056 ) ;
#3676 = CARTESIAN_POINT ( 'NONE',  ( -18.49999999999999289, 64.22128844978334428, 6.011014380308766114 ) ) ;
#3677 = FACE_BOUND ( 'NONE', #6279, .T. ) ;
#3678 = CARTESIAN_POINT ( 'NONE',  ( -17.06680013071501278, 13.50004807726582179, 5.416668107478368910 ) ) ;
#3679 = CARTESIAN_POINT ( 'NONE',  ( -25.00000000000000000, -17.99999999999998579, -9.200000000000033040 ) ) ;
#3680 = CARTESIAN_POINT ( 'NONE',  ( -21.43895035093610346, 27.02309772281586575, -15.57630918575054224 ) ) ;
#3681 = CARTESIAN_POINT ( 'NONE',  ( 22.06098789861991705, -1.202016574495809342, 13.75963362879092244 ) ) ;
#3682 = B_SPLINE_CURVE_WITH_KNOTS ( 'NONE', 3,
 ( #2292, #1171, #4320, #185, #6352, #1235, #3296, #4261, #1805, #3821, #5850, #6286, #118, #1739 ),
 .UNSPECIFIED., .F., .F.,
 ( 4, 2, 2, 2, 2, 2, 4 ),
 ( 3.368000395320924481E-20, 0.0003910410400281752854, 0.0007820820800563504623, 0.001173123120084525748, 0.001564164160112700925, 0.002346246240169051495, 0.003128328320225401849 ),
 .UNSPECIFIED. ) ;
#3683 = CARTESIAN_POINT ( 'NONE',  ( -21.44994432064368084, 3.261048135279915439, 14.69353220438454599 ) ) ;
#3684 = LINE ( 'NONE', #80, #488 ) ;
#3685 = SURFACE_STYLE_USAGE ( .BOTH. , #48 ) ;
#3686 = CARTESIAN_POINT ( 'NONE',  ( 3.628583108584750127E-15, -19.99999999999998934, 0.0000000000000000000 ) ) ;
#3687 = ADVANCED_FACE ( 'NONE', ( #2087 ), #4116, .T. ) ;
#3688 = CARTESIAN_POINT ( 'NONE',  ( -14.96681439593652563, 27.02309772281586575, -10.87402716741075714 ) ) ;
#3689 = ORIENTED_EDGE ( 'NONE', *, *, #3004, .F. ) ;
#3690 = CARTESIAN_POINT ( 'NONE',  ( -14.96681439593652563, 79.88951637841151410, -10.87402716741075714 ) ) ;
#3691 = CARTESIAN_POINT ( 'NONE',  ( 22.38461826670291543, 1.012970701871403811, -13.22668983642689788 ) ) ;
#3692 = CARTESIAN_POINT ( 'NONE',  ( -4.650554913056822670, 92.16604663898934291, -21.60872061712437642 ) ) ;
#3693 =( NAMED_UNIT ( * ) PLANE_ANGLE_UNIT ( ) SI_UNIT ( $, .RADIAN. ) );
#3694 = CARTESIAN_POINT ( 'NONE',  ( 0.0000000000000000000, 0.0000000000000000000, -4.000000000000000000 ) ) ;
#3695 = DIRECTION ( 'NONE',  ( 0.5000000000000041078, 0.0000000000000000000, -0.8660254037844362651 ) ) ;
#3696 = CARTESIAN_POINT ( 'NONE',  ( 21.43895035093610701, 47.92634425227434036, -15.57630918575053514 ) ) ;
#3697 = ORIENTED_EDGE ( 'NONE', *, *, #1859, .T. ) ;
#3698 = ORIENTED_EDGE ( 'NONE', *, *, #5246, .F. ) ;
#3699 = ORIENTED_EDGE ( 'NONE', *, *, #3864, .T. ) ;
#3700 = CARTESIAN_POINT ( 'NONE',  ( -21.99866483951554486, -4.735289409808079775, 13.85895033126659648 ) ) ;
#3701 = LINE ( 'NONE', #1645, #1411 ) ;
#3702 = DIRECTION ( 'NONE',  ( 1.000000000000000000, -0.0000000000000000000, -0.0000000000000000000 ) ) ;
#3703 = CARTESIAN_POINT ( 'NONE',  ( -8.188950350936101685, 41.17977679003607960, -25.20299768182156797 ) ) ;
#3704 = CARTESIAN_POINT ( 'NONE',  ( -17.47180745889415832, 9.273335201697738917E-16, 6.526081356650594856 ) ) ;
#3705 = CARTESIAN_POINT ( 'NONE',  ( -16.73698285214188530, 12.27049068022909140, -4.911322193996126906 ) ) ;
#3706 =( NAMED_UNIT ( * ) SI_UNIT ( $, .STERADIAN. ) SOLID_ANGLE_UNIT ( ) );
#3707 = CARTESIAN_POINT ( 'NONE',  ( 21.43895035093610346, 17.80649305891695278, 15.57630918575054046 ) ) ;
#3708 = SURFACE_STYLE_FILL_AREA ( #5312 ) ;
#3709 = ADVANCED_FACE ( 'NONE', ( #74 ), #275, .F. ) ;
#3710 = CARTESIAN_POINT ( 'NONE',  ( -26.98076211353309972, 3.000000000000000444, -13.26794919243124760 ) ) ;
#3711 = CARTESIAN_POINT ( 'NONE',  ( -1.230316301465429252, -1.401775990667574190, -25.97153058416117588 ) ) ;
#3712 = AXIS2_PLACEMENT_3D ( 'NONE', #1675, #218, #3695 ) ;
#3713 = DIRECTION ( 'NONE',  ( 1.133932221432734415E-16, -1.000000000000000000, -0.0000000000000000000 ) ) ;
#3714 = CARTESIAN_POINT ( 'NONE',  ( -11.43362879187305481, 31.63140005476532224, 15.73703995451274018 ) ) ;
#3715 = ORIENTED_EDGE ( 'NONE', *, *, #3371, .T. ) ;
#3716 = CARTESIAN_POINT ( 'NONE',  ( -21.43895035093610346, 24.58988839501803980, -15.57630918575054224 ) ) ;
#3717 = CARTESIAN_POINT ( 'NONE',  ( 0.0000000000000000000, 0.0000000000000000000, 0.0000000000000000000 ) ) ;
#3718 = CARTESIAN_POINT ( 'NONE',  ( -15.58845726811991561, 3.000000000000000000, 8.999999999999962697 ) ) ;
#3719 = EDGE_CURVE ( 'NONE', #4771, #4103, #6313, .T. ) ;
#3720 = EDGE_CURVE ( 'NONE', #5171, #1929, #4849, .T. ) ;
#3721 = CARTESIAN_POINT ( 'NONE',  ( -21.99757286312956595, -4.747887204308613107, -13.86235056411938338 ) ) ;
#3722 = CARTESIAN_POINT ( 'NONE',  ( -15.31906389463334683, -17.55367983333771065, -7.110094294615046273 ) ) ;
#3723 = CARTESIAN_POINT ( 'NONE',  ( 16.37790070187221758, 30.41479539086640571, -22.54224642132905743 ) ) ;
#3724 = PRODUCT_DEFINITION_CONTEXT ( 'detailed design', #3261, 'design' ) ;
#3725 = CARTESIAN_POINT ( 'NONE',  ( -16.37790070187221403, 21.19819072696749629, 22.54224642132906098 ) ) ;
#3726 = ORIENTED_EDGE ( 'NONE', *, *, #437, .T. ) ;
#3727 = EDGE_LOOP ( 'NONE', ( #6416, #1712, #5521, #5933, #3872 ) ) ;
#3728 = ADVANCED_BREP_SHAPE_REPRESENTATION ( '', ( #4416, #2408 ), #6229 ) ;
#3729 = CARTESIAN_POINT ( 'NONE',  ( 14.96681439593652740, 11.05992559667869024, -10.87402716741075004 ) ) ;
#3730 = ORIENTED_EDGE ( 'NONE', *, *, #1697, .F. ) ;
#3731 = CARTESIAN_POINT ( 'NONE',  ( 15.63491991454515251, -16.49959975608925689, -5.624906420400996865 ) ) ;
#3732 = CARTESIAN_POINT ( 'NONE',  ( 14.64991961740786230, -17.97528611278033850, -8.618375881545752293 ) ) ;
#3733 = SURFACE_STYLE_FILL_AREA ( #3804 ) ;
#3734 = CARTESIAN_POINT ( 'NONE',  ( -26.50000000000000000, 43.94475818920575705, -8.610371950172023503 ) ) ;
#3735 = SURFACE_SIDE_STYLE ('',( #3806 ) ) ;
#3736 = CARTESIAN_POINT ( 'NONE',  ( -21.99987929365676820, 4.736624482439585115, -13.85702502551566084 ) ) ;
#3737 = CARTESIAN_POINT ( 'NONE',  ( 10.17629357874269225, -4.228539818807469430, -4.750000000000000000 ) ) ;
#3738 = PRODUCT_DEFINITION_CONTEXT ( 'detailed design', #1684, 'design' ) ;
#3739 = CIRCLE ( 'NONE', #2251, 2.000000000000000444 ) ;
#3740 = CARTESIAN_POINT ( 'NONE',  ( 26.50000000000001066, 2.138265130288806048, -8.610371950172012845 ) ) ;
#3741 = CARTESIAN_POINT ( 'NONE',  ( 22.64616751901333203, -1.012791619669421328, -12.77370106565430774 ) ) ;
#3742 = CARTESIAN_POINT ( 'NONE',  ( -1.598224892267637198, 4.230315181156856674, 25.95148932253619378 ) ) ;
#3743 = FILL_AREA_STYLE_COLOUR ( '', #4212 ) ;
#3744 = CARTESIAN_POINT ( 'NONE',  ( -11.43362879187304948, 34.10143725642598156, -15.73703995451274196 ) ) ;
#3745 = LINE ( 'NONE', #689, #2341 ) ;
#3746 = CIRCLE ( 'NONE', #5243, 2.000000000000000444 ) ;
#3747 = CARTESIAN_POINT ( 'NONE',  ( -14.96681439593652563, 16.58988839501803980, -10.87402716741075714 ) ) ;
#3748 = CARTESIAN_POINT ( 'NONE',  ( 3.159588741800171871E-15, -5.800000000000001599, -25.80000000000000426 ) ) ;
#3749 = ORIENTED_EDGE ( 'NONE', *, *, #5797, .T. ) ;
#3750 = CARTESIAN_POINT ( 'NONE',  ( -26.50000000000000000, 7.999999999999994671, 0.0000000000000000000 ) ) ;
#3751 = CARTESIAN_POINT ( 'NONE',  ( 22.18820686476118453, 1.101853473531446248, -13.55352925245560947 ) ) ;
#3752 = DIRECTION ( 'NONE',  ( 6.982962677686266711E-14, 0.0000000000000000000, 1.000000000000000000 ) ) ;
#3753 = PRESENTATION_LAYER_ASSIGNMENT (  '', '', ( #5774 ) ) ;
#3754 = CARTESIAN_POINT ( 'NONE',  ( -21.50779809803831100, -3.644930465593539282, -14.60880402654470345 ) ) ;
#3755 = CARTESIAN_POINT ( 'NONE',  ( -16.58845726811986054, -2.999999999999999556, -7.267949192431199634 ) ) ;
#3756 = DIRECTION ( 'NONE',  ( 0.0000000000000000000, 1.000000000000000000, 0.0000000000000000000 ) ) ;
#3757 = CARTESIAN_POINT ( 'NONE',  ( 21.43895035093610346, 44.23970238671477517, 15.57630918575054046 ) ) ;
#3758 = COLOUR_RGB ( '',0.8980392156862745390, 0.8980392156862745390, 0.8980392156862745390 ) ;
#3759 = PRESENTATION_STYLE_ASSIGNMENT (( #5825 ) ) ;
#3760 = VERTEX_POINT ( 'NONE', #1351 ) ;
#3761 =( NAMED_UNIT ( * ) PLANE_ANGLE_UNIT ( ) SI_UNIT ( $, .RADIAN. ) );
#3762 = CARTESIAN_POINT ( 'NONE',  ( -5.716814395936527404, 40.55306052115521709, 17.59454555146033883 ) ) ;
#3763 = ORIENTED_EDGE ( 'NONE', *, *, #3640, .F. ) ;
#3764 = EDGE_CURVE ( 'NONE', #2590, #4168, #3456, .T. ) ;
#3765 = CIRCLE ( 'NONE', #2074, 5.123475382979800763 ) ;
#3766 = CARTESIAN_POINT ( 'NONE',  ( 15.14671797873896253, -17.72802011111562592, -7.565552893990040495 ) ) ;
#3767 = ADVANCED_FACE ( 'NONE', ( #1251, #4273, #2311 ), #199, .T. ) ;
#3768 = AXIS2_PLACEMENT_3D ( 'NONE', #578, #1402, #1811 ) ;
#3769 = UNCERTAINTY_MEASURE_WITH_UNIT (LENGTH_MEASURE( 1.000000000000000082E-05 ), #5693, 'distance_accuracy_value', 'NONE');
#3770 = MECHANICAL_DESIGN_GEOMETRIC_PRESENTATION_REPRESENTATION (  '', ( #1229 ), #5800 ) ;
#3771 = PRESENTATION_LAYER_ASSIGNMENT (  '', '', ( #381 ) ) ;
#3772 = CARTESIAN_POINT ( 'NONE',  ( -8.188950350936101685, 22.74656746223825721, -25.20299768182156797 ) ) ;
#3773 = DIRECTION ( 'NONE',  ( 0.4999999999999916733, 0.0000000000000000000, 0.8660254037844434816 ) ) ;
#3774 = DIRECTION ( 'NONE',  ( 0.4999999999999977240, 0.0000000000000000000, 0.8660254037844400399 ) ) ;
#3775 = AXIS2_PLACEMENT_3D ( 'NONE', #4122, #3188, #3652 ) ;
#3776 = AXIS2_PLACEMENT_3D ( 'NONE', #4650, #76, #4152 ) ;
#3777 = CARTESIAN_POINT ( 'NONE',  ( -8.188950350936107014, 14.11985119335739114, 25.20299768182156797 ) ) ;
#3778 = CARTESIAN_POINT ( 'NONE',  ( 21.44994432064347833, -3.000000000000000444, 14.69353220438484797 ) ) ;
#3779 = CARTESIAN_POINT ( 'NONE',  ( -22.38403152641781446, 4.986847363517081355, 13.22767837682753900 ) ) ;
#3780 = STYLED_ITEM ( 'NONE', ( #715 ), #6107 ) ;
#3781 = CARTESIAN_POINT ( 'NONE',  ( 0.0000000000000000000, 0.0000000000000000000, 4.750000000000000888 ) ) ;
#3782 = CARTESIAN_POINT ( 'NONE',  ( -14.96681439593652740, 20.27653026057760499, 10.87402716741075359 ) ) ;
#3783 = AXIS2_PLACEMENT_3D ( 'NONE', #3718, #5754, #3227 ) ;
#3784 = CARTESIAN_POINT ( 'NONE',  ( 11.43362879187304948, 6.451623264729235530, 15.73703995451273840 ) ) ;
#3785 = CARTESIAN_POINT ( 'NONE',  ( -5.123475382979800763, 6.274447728276471884E-16, -4.000000000000000000 ) ) ;
#3786 = ORIENTED_EDGE ( 'NONE', *, *, #1005, .T. ) ;
#3787 = CARTESIAN_POINT ( 'NONE',  ( 16.37790070187221758, 19.98158606306857976, -22.54224642132905743 ) ) ;
#3788 = CARTESIAN_POINT ( 'NONE',  ( 16.41119680763928201, 11.31991556102658159, 4.749999999999997335 ) ) ;
#3789 = CARTESIAN_POINT ( 'NONE',  ( -17.87675064387011759, 92.16604663898935712, -5.239392643237302138 ) ) ;
#3790 = SURFACE_STYLE_USAGE ( .BOTH. , #760 ) ;
#3791 = DIRECTION ( 'NONE',  ( 0.0000000000000000000, 1.000000000000000000, 0.0000000000000000000 ) ) ;
#3792 = CARTESIAN_POINT ( 'NONE',  ( -26.50000000000000000, 36.86641865559565190, 0.0000000000000000000 ) ) ;
#3793 = CARTESIAN_POINT ( 'NONE',  ( 21.43895035093611057, 21.49313492447652152, -15.57630918575053514 ) ) ;
#3794 = FACE_BOUND ( 'NONE', #5531, .T. ) ;
#3795 = ORIENTED_EDGE ( 'NONE', *, *, #2585, .F. ) ;
#3796 = CARTESIAN_POINT ( 'NONE',  ( 15.14730192041213819, -12.99999999999994849, 4.199999999999996625 ) ) ;
#3797 = CARTESIAN_POINT ( 'NONE',  ( -14.96681439593652563, 53.45630705061369525, -10.87402716741075714 ) ) ;
#3798 = ORIENTED_EDGE ( 'NONE', *, *, #5967, .F. ) ;
#3799 = CARTESIAN_POINT ( 'NONE',  ( -5.716814395936523852, 14.74656746223825721, -17.59454555146034238 ) ) ;
#3800 = CARTESIAN_POINT ( 'NONE',  ( -23.33442367186918176, -4.001997309958569282, 11.46777929136263907 ) ) ;
#3801 = CARTESIAN_POINT ( 'NONE',  ( -1.897850205834270110, 3.644477030716005928, -25.93069022737928364 ) ) ;
#3802 = CARTESIAN_POINT ( 'NONE',  ( -11.43362879187305303, 89.40106523981944520, -15.73703995451274018 ) ) ;
#3803 = EDGE_CURVE ( 'NONE', #1422, #5171, #5575, .T. ) ;
#3804 = FILL_AREA_STYLE ('',( #6368 ) ) ;
#3805 = CARTESIAN_POINT ( 'NONE',  ( -5.716814395936523852, 96.47940477342955035, -17.59454555146034238 ) ) ;
#3806 = SURFACE_STYLE_FILL_AREA ( #6299 ) ;
#3807 = DIRECTION ( 'NONE',  ( 1.000000000000000000, 1.954618001100627820E-16, 0.0000000000000000000 ) ) ;
#3808 = CARTESIAN_POINT ( 'NONE',  ( -23.44994432064359913, 3.000000000000000444, -11.22943058924695414 ) ) ;
#3809 = DIRECTION ( 'NONE',  ( 0.0000000000000000000, 0.7071067811865675568, 0.7071067811865275887 ) ) ;
#3810 = CARTESIAN_POINT ( 'NONE',  ( 16.37790070187221758, 85.71442337425989422, -22.54224642132905743 ) ) ;
#3811 = CARTESIAN_POINT ( 'NONE',  ( 21.99861721356566591, -1.264732097728512583, -13.85902850677160458 ) ) ;
#3812 = SPHERICAL_SURFACE ( 'NONE', #354, 6.500000000000000000 ) ;
#3813 = CARTESIAN_POINT ( 'NONE',  ( 1.797692579898159115, 2.113731371785166679, -25.93782619367486220 ) ) ;
#3814 = CARTESIAN_POINT ( 'NONE',  ( 14.96681439593652563, 25.80649305891694922, 10.87402716741075537 ) ) ;
#3815 = CARTESIAN_POINT ( 'NONE',  ( 3.628583108584750127E-15, -19.99999999999998934, 0.0000000000000000000 ) ) ;
#3816 = CARTESIAN_POINT ( 'NONE',  ( -11.43362879187304770, 62.96785591202161925, -15.73703995451274196 ) ) ;
#3817 = CARTESIAN_POINT ( 'NONE',  ( 0.0000000000000000000, -5.800000000000001599, 0.0000000000000000000 ) ) ;
#3818 = VERTEX_POINT ( 'NONE', #2272 ) ;
#3819 = CARTESIAN_POINT ( 'NONE',  ( 26.50000000000001066, 36.57147445808661956, -8.610371950172012845 ) ) ;
#3820 = CARTESIAN_POINT ( 'NONE',  ( 23.44433045744194644, 2.737824737205076353, -11.24117517500148900 ) ) ;
#3821 = CARTESIAN_POINT ( 'NONE',  ( 1.599162224853030834, 4.229129260709985516, -25.95143147258137617 ) ) ;
#3822 = DIRECTION ( 'NONE',  ( 0.0000000000000000000, 1.023066299883649626E-16, -1.000000000000000000 ) ) ;
#3823 = FACE_OUTER_BOUND ( 'NONE', #4034, .T. ) ;
#3824 = CARTESIAN_POINT ( 'NONE',  ( 5.118487643167557865E-15, 24.25811632364619186, -27.86374894231408206 ) ) ;
#3825 =( NAMED_UNIT ( * ) SI_UNIT ( $, .STERADIAN. ) SOLID_ANGLE_UNIT ( ) );
#3826 = VERTEX_POINT ( 'NONE', #5865 ) ;
#3827 = CARTESIAN_POINT ( 'NONE',  ( 21.99757286312947002, -4.747887204308613107, 13.86235056411953614 ) ) ;
#3828 = VECTOR ( 'NONE', #5694, 1000.000000000000000 ) ;
#3829 = CARTESIAN_POINT ( 'NONE',  ( -5.716814395936523852, 33.17977679003608671, -17.59454555146034238 ) ) ;
#3830 = ORIENTED_EDGE ( 'NONE', *, *, #1407, .T. ) ;
#3831 = CARTESIAN_POINT ( 'NONE',  ( 11.43362879187305836, 77.71442337425988001, -15.73703995451274018 ) ) ;
#3832 = COLOUR_RGB ( '',1.000000000000000000, 0.0000000000000000000, 0.0000000000000000000 ) ;
#3833 = DIRECTION ( 'NONE',  ( -1.000000000000000000, 0.0000000000000000000, 0.0000000000000000000 ) ) ;
#3834 = CARTESIAN_POINT ( 'NONE',  ( 15.59171567215370580, -16.83625203251162006, 5.988831013420701233 ) ) ;
#3835 = CARTESIAN_POINT ( 'NONE',  ( 23.44994432064351741, -2.999999999999999556, 11.22943058924711757 ) ) ;
#3836 = CARTESIAN_POINT ( 'NONE',  ( 21.43895035093610346, 33.80649305891694212, 15.57630918575054046 ) ) ;
#3837 = CARTESIAN_POINT ( 'NONE',  ( -25.06709235799277025, 1.519842618814970863E-16, 8.275077171430085698 ) ) ;
#3838 = CARTESIAN_POINT ( 'NONE',  ( -23.42735702334719150, 3.524206919695686668, -11.27691974340197056 ) ) ;
#3839 = B_SPLINE_CURVE_WITH_KNOTS ( 'NONE', 3,
 ( #3808, #3282, #3838, #6405, #718, #4308, #818, #6338, #3314, #2849, #6268, #4878, #5281, #5773, #3877, #5909, #5412, #4775, #3736, #846, #2237, #5808, #2882, #5309, #747, #2779 ),
 .UNSPECIFIED., .F., .F.,
 ( 4, 2, 2, 2, 2, 2, 2, 2, 2, 2, 2, 2, 4 ),
 ( 0.006255220636914318733, 0.007036942637670586496, 0.007818664638426852526, 0.008209525638804983372, 0.008600386639183114218, 0.008991247639561245064, 0.009382108639939375910, 0.009772969640317506756, 0.01016383064069563760, 0.01055469164107376845, 0.01094555264145189756, 0.01172727464220815925, 0.01250899664296442095 ),
 .UNSPECIFIED. ) ;
#3840 = ADVANCED_FACE ( 'NONE', ( #1756, #1279 ), #3347, .F. ) ;
#3841 = CARTESIAN_POINT ( 'NONE',  ( 0.0000000000000000000, 6.000000000000000000, -26.00000000000000355 ) ) ;
#3842 = CARTESIAN_POINT ( 'NONE',  ( -8.188950350936101685, 80.47940477342956456, -25.20299768182156797 ) ) ;
#3843 = DIRECTION ( 'NONE',  ( 0.0000000000000000000, 0.0000000000000000000, -1.000000000000000000 ) ) ;
#3844 = ADVANCED_FACE ( 'NONE', ( #4246 ), #1824, .F. ) ;
#3845 =( REPRESENTATION_RELATIONSHIP ('NONE','NONE', #3455, #4990 ) REPRESENTATION_RELATIONSHIP_WITH_TRANSFORMATION ( #5201 )SHAPE_REPRESENTATION_RELATIONSHIP( ) );
#3846 = CARTESIAN_POINT ( 'NONE',  ( 5.499999999999992006, -34.09999999999999432, 0.0000000000000000000 ) ) ;
#3847 = CARTESIAN_POINT ( 'NONE',  ( 5.716814395936525628, 23.96317212613716663, 17.59454555146034238 ) ) ;
#3848 = CARTESIAN_POINT ( 'NONE',  ( 1.003285329711786744, 1.264952631755740242, 25.98086158089064313 ) ) ;
#3849 = EDGE_CURVE ( 'NONE', #2008, #4169, #3839, .T. ) ;
#3850 = CARTESIAN_POINT ( 'NONE',  ( -5.716814395936523852, 80.47940477342955035, -17.59454555146034238 ) ) ;
#3851 = EDGE_CURVE ( 'NONE', #2331, #3635, #2017, .T. ) ;
#3852 = DIRECTION ( 'NONE',  ( 1.000000000000000000, -0.0000000000000000000, 1.224646799147353207E-16 ) ) ;
#3853 = ORIENTED_EDGE ( 'NONE', *, *, #670, .F. ) ;
#3854 = CARTESIAN_POINT ( 'NONE',  ( 26.50000000000000000, 17.21660466389890587, 3.245314017740485765E-15 ) ) ;
#3855 = CARTESIAN_POINT ( 'NONE',  ( -6.259305862308693239E-16, 12.00000000000000000, 0.0000000000000000000 ) ) ;
#3856 = FACE_OUTER_BOUND ( 'NONE', #2320, .T. ) ;
#3857 = AXIS2_PLACEMENT_3D ( 'NONE', #4672, #31, #2142 ) ;
#3858 = DIRECTION ( 'NONE',  ( 0.0000000000000000000, 0.0000000000000000000, -1.000000000000000000 ) ) ;
#3859 = DIRECTION ( 'NONE',  ( -1.000000000000000000, 0.0000000000000000000, 1.224646799147353207E-16 ) ) ;
#3860 = CARTESIAN_POINT ( 'NONE',  ( -21.43895035093610346, 71.88951637841152831, -15.57630918575054402 ) ) ;
#3861 = CARTESIAN_POINT ( 'NONE',  ( 16.37790070187221758, 85.71442337425989422, -22.54224642132905743 ) ) ;
#3862 =( NAMED_UNIT ( * ) PLANE_ANGLE_UNIT ( ) SI_UNIT ( $, .RADIAN. ) );
#3863 = ORIENTED_EDGE ( 'NONE', *, *, #1412, .T. ) ;
#3864 = EDGE_CURVE ( 'NONE', #4484, #765, #4446, .T. ) ;
#3865 = CARTESIAN_POINT ( 'NONE',  ( 22.83180407594262462, -4.898146526468552864, 12.43878618307970108 ) ) ;
#3866 = CARTESIAN_POINT ( 'NONE',  ( 18.50000000000000000, 46.08302331949456487, 2.265596578422603396E-15 ) ) ;
#3867 = ORIENTED_EDGE ( 'NONE', *, *, #2878, .T. ) ;
#3868 = CARTESIAN_POINT ( 'NONE',  ( 14.96681439593652563, 7.373283731119127715, 10.87402716741075537 ) ) ;
#3869 = CARTESIAN_POINT ( 'NONE',  ( -8.548252081608203036E-16, -6.500000000000000888, 0.0000000000000000000 ) ) ;
#3870 = AXIS2_PLACEMENT_3D ( 'NONE', #3442, #3169, #3628 ) ;
#3871 = DIRECTION ( 'NONE',  ( 0.0000000000000000000, 0.0000000000000000000, -1.000000000000000000 ) ) ;
#3872 = ORIENTED_EDGE ( 'NONE', *, *, #2435, .F. ) ;
#3873 = CARTESIAN_POINT ( 'NONE',  ( 11.43362879187305303, 61.75125124812271338, 15.73703995451273663 ) ) ;
#3874 = SHAPE_DEFINITION_REPRESENTATION ( #6456, #1586 ) ;
#3875 = CARTESIAN_POINT ( 'NONE',  ( -16.37790070187221403, 2.764981399169671672, 22.54224642132906098 ) ) ;
#3876 = AXIS2_PLACEMENT_3D ( 'NONE', #170, #5807, #4804 ) ;
#3877 = CARTESIAN_POINT ( 'NONE',  ( -22.38543338271171024, 4.987208380330576674, -13.22530583699630213 ) ) ;
#3878 =( NAMED_UNIT ( * ) SI_UNIT ( $, .STERADIAN. ) SOLID_ANGLE_UNIT ( ) );
#3879 = CARTESIAN_POINT ( 'NONE',  ( 14.96681439593652740, 3.059925596678694237, -10.87402716741075004 ) ) ;
#3880 = CARTESIAN_POINT ( 'NONE',  ( 18.50000000000000000, 9.216604663898909422, 2.265596578422603396E-15 ) ) ;
#3881 = CIRCLE ( 'NONE', #5580, 11.24099639711711873 ) ;
#3882 = AXIS2_PLACEMENT_3D ( 'NONE', #6169, #2536, #2081 ) ;
#3883 = CARTESIAN_POINT ( 'NONE',  ( 5.716814395936525628, 42.39638145393499968, 17.59454555146034238 ) ) ;
#3884 = CARTESIAN_POINT ( 'NONE',  ( -11.43362879187305481, 68.49781871036095993, 15.73703995451274018 ) ) ;
#3885 = PRODUCT_DEFINITION ( 'UNKNOWN', '', #3959, #4732 ) ;
#3886 = PRESENTATION_LAYER_ASSIGNMENT (  '', '', ( #380 ) ) ;
#3887 = PRESENTATION_LAYER_ASSIGNMENT (  '', '', ( #4951 ) ) ;
#3888 = CARTESIAN_POINT ( 'NONE',  ( -13.72969192145107264, -7.668780691395114424, 4.199999999999997513 ) ) ;
#3889 = ORIENTED_EDGE ( 'NONE', *, *, #2672, .F. ) ;
#3890 = CARTESIAN_POINT ( 'NONE',  ( 21.43895035093610701, 11.05992559667869202, -15.57630918575053514 ) ) ;
#3891 = FACE_OUTER_BOUND ( 'NONE', #3668, .T. ) ;
#3892 = DIRECTION ( 'NONE',  ( -0.0000000000000000000, -1.000000000000000000, -0.0000000000000000000 ) ) ;
#3893 = VECTOR ( 'NONE', #4413, 1000.000000000000000 ) ;
#3894 = EDGE_CURVE ( 'NONE', #5354, #3573, #36, .T. ) ;
#3895 = B_SPLINE_CURVE_WITH_KNOTS ( 'NONE', 3,
 ( #2371, #5338, #3278, #1345, #3801, #771, #2414, #4838, #810, #267, #2303, #6434, #4332, #5436 ),
 .UNSPECIFIED., .F., .F.,
 ( 4, 2, 2, 2, 2, 2, 4 ),
 ( 0.009383686341817716950, 0.009774350256830047906, 0.01016501417184237886, 0.01055567808685470982, 0.01094634200186703904, 0.01172766983189170095, 0.01250899766191636286 ),
 .UNSPECIFIED. ) ;
#3896 = CARTESIAN_POINT ( 'NONE',  ( -23.44994432064359913, -2.999999999999999556, -11.22943058924695414 ) ) ;
#3897 = DIRECTION ( 'NONE',  ( 0.0000000000000000000, 0.0000000000000000000, 1.000000000000000000 ) ) ;
#3898 = CARTESIAN_POINT ( 'NONE',  ( -21.43895035093610346, 90.32272570620935426, -15.57630918575054402 ) ) ;
#3899 = CARTESIAN_POINT ( 'NONE',  ( 8.188950350936103462, 79.26280010953064448, 25.20299768182156797 ) ) ;
#3900 = ORIENTED_EDGE ( 'NONE', *, *, #5197, .F. ) ;
#3901 = CARTESIAN_POINT ( 'NONE',  ( 21.50779809803821507, -3.644930465593540170, 14.60880402654486154 ) ) ;
#3902 = CARTESIAN_POINT ( 'NONE',  ( -11.43362879187305481, 29.19819072696749274, 15.73703995451274018 ) ) ;
#3903 = ORIENTED_EDGE ( 'NONE', *, *, #3567, .F. ) ;
#3904 = CARTESIAN_POINT ( 'NONE',  ( 18.49999999999998934, 26.72815352530683697, 6.011014380308767002 ) ) ;
#3905 = PRODUCT_DEFINITION_SHAPE ( 'NONE', 'NONE',  #4571 ) ;
#3906 = DIRECTION ( 'NONE',  ( 1.224646799147353947E-16, 0.0000000000000000000, -1.000000000000000000 ) ) ;
#3907 = CARTESIAN_POINT ( 'NONE',  ( 0.0000000000000000000, 3.000000000000000000, -30.00000000000000000 ) ) ;
#3908 = ORIENTED_EDGE ( 'NONE', *, *, #2753, .T. ) ;
#3909 = SURFACE_STYLE_FILL_AREA ( #5374 ) ;
#3910 = APPLICATION_PROTOCOL_DEFINITION ( 'draft international standard', 'automotive_design', 1998, #1684 ) ;
#3911 = DIRECTION ( 'NONE',  ( 0.0000000000000000000, 0.0000000000000000000, 1.000000000000000000 ) ) ;
#3912 = FACE_OUTER_BOUND ( 'NONE', #6257, .T. ) ;
#3913 = CARTESIAN_POINT ( 'NONE',  ( 23.44994432064375545, 3.000000000000000000, -11.22943058924662552 ) ) ;
#3914 = DIRECTION ( 'NONE',  ( 0.0000000000000000000, -3.846707125290959924E-17, 1.000000000000000000 ) ) ;
#3915 = CARTESIAN_POINT ( 'NONE',  ( -8.188950350936107014, 50.98626984895305014, 25.20299768182156797 ) ) ;
#3916 = CARTESIAN_POINT ( 'NONE',  ( 23.42703555603500476, -2.473058507074251899, -11.27759044213237871 ) ) ;
#3917 = CARTESIAN_POINT ( 'NONE',  ( 18.49999999999999289, 16.29494419750901102, 6.011014380308770555 ) ) ;
#3918 = CARTESIAN_POINT ( 'NONE',  ( 1.935790371729210646, 2.480582749855161140, 25.92784937063004946 ) ) ;
#3919 = CARTESIAN_POINT ( 'NONE',  ( -1.191094608787419176E-15, 78.34113964314076384, 19.45205114840794280 ) ) ;
#3920 = CARTESIAN_POINT ( 'NONE',  ( -15.58845726811985166, -3.000000000000000000, -9.000000000000071054 ) ) ;
#3921 = VERTEX_POINT ( 'NONE', #6505 ) ;
#3922 = CARTESIAN_POINT ( 'NONE',  ( 8.188950350936110567, 12.90324652945847461, -25.20299768182156797 ) ) ;
#3923 = CARTESIAN_POINT ( 'NONE',  ( -1.987016059364176135, 2.737765081193960448, 25.92397380198270085 ) ) ;
#3924 = CARTESIAN_POINT ( 'NONE',  ( 2.000000000000000000, 3.000000000000000000, -18.00000000000000000 ) ) ;
#3925 = EDGE_CURVE ( 'NONE', #1975, #540, #3049, .T. ) ;
#3926 = CARTESIAN_POINT ( 'NONE',  ( -23.40560076435813031, -3.644221969342633205, -11.32167762819575962 ) ) ;
#3927 = CARTESIAN_POINT ( 'NONE',  ( -1.706162547722519157E-15, 59.90793031534292368, 27.86374894231407495 ) ) ;
#3928 = CARTESIAN_POINT ( 'NONE',  ( -8.188950350936107014, 14.11985119335739114, 25.20299768182156797 ) ) ;
#3929 = FILL_AREA_STYLE_COLOUR ( '', #896 ) ;
#3930 = ORIENTED_EDGE ( 'NONE', *, *, #3438, .F. ) ;
#3931 = CARTESIAN_POINT ( 'NONE',  ( 23.10184805376716355, -4.590495439860258209, 11.92964272333863107 ) ) ;
#3932 = CARTESIAN_POINT ( 'NONE',  ( -14.96681439593652740, 75.57615824397107929, 10.87402716741075359 ) ) ;
#3933 = EDGE_CURVE ( 'NONE', #14, #2355, #6474, .T. ) ;
#3934 = CARTESIAN_POINT ( 'NONE',  ( -18.49999999999998934, 72.81117684480142316, -6.011014380308772331 ) ) ;
#3935 = EDGE_CURVE ( 'NONE', #1107, #3921, #5117, .T. ) ;
#3936 = CARTESIAN_POINT ( 'NONE',  ( 1.947526361877307099, 3.524469558418943382, 25.92715056865212730 ) ) ;
#3937 = COLOUR_RGB ( '',1.000000000000000000, 1.000000000000000000, 1.000000000000000000 ) ;
#3938 = LINE ( 'NONE', #2774, #5633 ) ;
#3939 = ORIENTED_EDGE ( 'NONE', *, *, #3720, .F. ) ;
#3940 = CARTESIAN_POINT ( 'NONE',  ( -5.716814395936523852, 70.04619544563172440, -17.59454555146034238 ) ) ;
#3941 = SHAPE_DEFINITION_REPRESENTATION ( #816, #4990 ) ;
#3942 = CARTESIAN_POINT ( 'NONE',  ( 0.0000000000000000000, 17.99999999999998934, 0.0000000000000000000 ) ) ;
#3943 = CARTESIAN_POINT ( 'NONE',  ( -1.019306897158699879E-23, 1.000000000000000000, -26.00000000000000355 ) ) ;
#3944 = CARTESIAN_POINT ( 'NONE',  ( -1.005946338177691857, -4.748134974776071715, 25.98164903291126393 ) ) ;
#3945 = CARTESIAN_POINT ( 'NONE',  ( -21.43895035093610346, 82.32272570620935426, -15.57630918575054224 ) ) ;
#3946 = CARTESIAN_POINT ( 'NONE',  ( 11.43362879187305658, 30.41479539086640571, -15.73703995451273663 ) ) ;
#3947 = CARTESIAN_POINT ( 'NONE',  ( 5.716814395936530069, 68.20287451285194891, -17.59454555146033883 ) ) ;
#3948 = CARTESIAN_POINT ( 'NONE',  ( 18.49999999999999645, 83.87110244148009031, -6.011014380308762561 ) ) ;
#3949 = CARTESIAN_POINT ( 'NONE',  ( 0.0000000000000000000, 6.000000000000000000, 0.0000000000000000000 ) ) ;
#3950 = CARTESIAN_POINT ( 'NONE',  ( -22.94784860141476912, -1.203251155002877493, -12.22337464265217122 ) ) ;
#3951 = ORIENTED_EDGE ( 'NONE', *, *, #2062, .F. ) ;
#3952 = VERTEX_POINT ( 'NONE', #3512 ) ;
#3953 = CARTESIAN_POINT ( 'NONE',  ( -16.37790070187221048, 66.06460938256313398, 22.54224642132905743 ) ) ;
#3954 =( LENGTH_UNIT ( ) NAMED_UNIT ( * ) SI_UNIT ( .MILLI., .METRE. ) );
#3955 = CARTESIAN_POINT ( 'NONE',  ( 1.748076580155244919, -1.993940599254713675, 25.94136125591095521 ) ) ;
#3956 = DIRECTION ( 'NONE',  ( -1.000000000000000000, 0.0000000000000000000, 0.0000000000000000000 ) ) ;
#3957 =( LENGTH_UNIT ( ) NAMED_UNIT ( * ) SI_UNIT ( .MILLI., .METRE. ) );
#3958 = CARTESIAN_POINT ( 'NONE',  ( 16.37790070187221758, 67.28121404646206827, -22.54224642132905743 ) ) ;
#3959 = PRODUCT_DEFINITION_FORMATION_WITH_SPECIFIED_SOURCE ( 'ANY', '', #6282, .NOT_KNOWN. ) ;
#3960 = CARTESIAN_POINT ( 'NONE',  ( -26.50000000000000000, 47.29962798339347785, 0.0000000000000000000 ) ) ;
#3961 = ORIENTED_EDGE ( 'NONE', *, *, #5761, .T. ) ;
#3962 = CARTESIAN_POINT ( 'NONE',  ( 23.26965468351797739, -4.220048631017374596, 11.59863943030510214 ) ) ;
#3963 = CARTESIAN_POINT ( 'NONE',  ( -5.716814395936523852, 22.74656746223825365, -17.59454555146034238 ) ) ;
#3964 = CARTESIAN_POINT ( 'NONE',  ( -5.716814395936527404, 77.41947917675086899, 17.59454555146033883 ) ) ;
#3965 = AXIS2_PLACEMENT_3D ( 'NONE', #577, #6198, #6139 ) ;
#3966 = CARTESIAN_POINT ( 'NONE',  ( 0.0000000000000000000, 6.000000000000000000, -26.00000000000000355 ) ) ;
#3967 = CIRCLE ( 'NONE', #3646, 5.123475382979800763 ) ;
#3968 = ORIENTED_EDGE ( 'NONE', *, *, #1248, .T. ) ;
#3969 = ORIENTED_EDGE ( 'NONE', *, *, #6534, .T. ) ;
#3970 = EDGE_LOOP ( 'NONE', ( #5007, #3969 ) ) ;
#3971 = DIRECTION ( 'NONE',  ( -0.0000000000000000000, -1.000000000000000000, -0.0000000000000000000 ) ) ;
#3972 = CIRCLE ( 'NONE', #6094, 11.23029167033340059 ) ;
#3973 = EDGE_CURVE ( 'NONE', #4702, #224, #5373, .T. ) ;
#3974 = DIRECTION ( 'NONE',  ( 1.000000000000000000, 0.0000000000000000000, 0.0000000000000000000 ) ) ;
#3975 = CIRCLE ( 'NONE', #5363, 11.62444386751201897 ) ;
#3976 = DIRECTION ( 'NONE',  ( -1.000000000000000000, 0.0000000000000000000, 0.0000000000000000000 ) ) ;
#3977 = CARTESIAN_POINT ( 'NONE',  ( -25.00000000000000000, 15.99999999999998579, -9.750000000000035527 ) ) ;
#3978 = CARTESIAN_POINT ( 'NONE',  ( -22.94673683506595907, 1.202077893911540629, -12.22546308705040907 ) ) ;
#3979 = CARTESIAN_POINT ( 'NONE',  ( -8.188950350936101685, 43.61298611783391266, -25.20299768182156797 ) ) ;
#3980 = CARTESIAN_POINT ( 'NONE',  ( -18.49999999999999645, 35.94475818920576415, -6.011014380308771443 ) ) ;
#3981 = FILL_AREA_STYLE ('',( #3015 ) ) ;
#3982 = CARTESIAN_POINT ( 'NONE',  ( 11.43362879187304948, 80.18446057592053933, 15.73703995451273840 ) ) ;
#3983 = CARTESIAN_POINT ( 'NONE',  ( 18.49999999999999645, 47.00468378588443841, -6.011014380308762561 ) ) ;
#3984 = CARTESIAN_POINT ( 'NONE',  ( 3.401796664298201715E-15, -17.99999999999998934, 0.0000000000000000000 ) ) ;
#3985 = DIRECTION ( 'NONE',  ( -1.000000000000000000, -1.133932221432734415E-16, 0.0000000000000000000 ) ) ;
#3986 = EDGE_LOOP ( 'NONE', ( #1044, #6071, #1243, #5999 ) ) ;
#3987 = CONICAL_SURFACE ( 'NONE', #2838, 11.62444386751201897, 0.2508424371670830988 ) ;
#3988 = CARTESIAN_POINT ( 'NONE',  ( -21.43895035093610701, 1.843320932779780374, 15.57630918575053869 ) ) ;
#3989 = FILL_AREA_STYLE_COLOUR ( '', #3131 ) ;
#3990 = LINE ( 'NONE', #495, #4315 ) ;
#3991 = DIRECTION ( 'NONE',  ( -0.0000000000000000000, -1.000000000000000000, -0.0000000000000000000 ) ) ;
#3992 = VECTOR ( 'NONE', #2254, 1000.000000000000227 ) ;
#3993 = FACE_OUTER_BOUND ( 'NONE', #4976, .T. ) ;
#3994 = CARTESIAN_POINT ( 'NONE',  ( -26.50000000000000000, 74.65449777758119865, 8.610371950172016398 ) ) ;
#3995 = PRESENTATION_LAYER_ASSIGNMENT (  '', '', ( #1884 ) ) ;
#3996 = CARTESIAN_POINT ( 'NONE',  ( -26.50000000000000000, 66.65449777758121286, 8.610371950172016398 ) ) ;
#3997 = VERTEX_POINT ( 'NONE', #3450 ) ;
#3998 = CYLINDRICAL_SURFACE ( 'NONE', #5484, 2.000000000000001332 ) ;
#3999 = CARTESIAN_POINT ( 'NONE',  ( -5.716814395936523852, 88.47940477342955035, -17.59454555146034238 ) ) ;
#4000 = COLOUR_RGB ( '',0.7921568627450980005, 0.8196078431372548767, 0.9333333333333333481 ) ;
#4001 = CARTESIAN_POINT ( 'NONE',  ( -18.50000000000000000, 73.73283731119130380, 0.0000000000000000000 ) ) ;
#4002 = MECHANICAL_DESIGN_GEOMETRIC_PRESENTATION_REPRESENTATION (  '', ( #4851 ), #4839 ) ;
#4003 = DIRECTION ( 'NONE',  ( 1.000000000000000000, 1.133932221432734415E-16, 0.0000000000000000000 ) ) ;
#4004 = CARTESIAN_POINT ( 'NONE',  ( 21.43895035093610346, 7.373283731119127715, 15.57630918575054046 ) ) ;
#4005 = AXIS2_PLACEMENT_3D ( 'NONE', #5977, #4608, #2846 ) ;
#4006 = AXIS2_PLACEMENT_3D ( 'NONE', #6485, #3059, #5086 ) ;
#4007 = ORIENTED_EDGE ( 'NONE', *, *, #1983, .T. ) ;
#4008 = ORIENTED_EDGE ( 'NONE', *, *, #5197, .T. ) ;
#4009 = ORIENTED_EDGE ( 'NONE', *, *, #670, .T. ) ;
#4010 = EDGE_CURVE ( 'NONE', #5463, #3042, #5973, .T. ) ;
#4011 = CARTESIAN_POINT ( 'NONE',  ( 0.0000000000000000000, -4.296878459511326308E-16, 4.199999999999998401 ) ) ;
#4012 = DIRECTION ( 'NONE',  ( 0.0000000000000000000, 0.0000000000000000000, 1.000000000000000000 ) ) ;
#4013 = CARTESIAN_POINT ( 'NONE',  ( -1.191094608787419176E-15, 15.04151165974728066, 19.45205114840793925 ) ) ;
#4014 = ADVANCED_FACE ( 'NONE', ( #1414 ), #5478, .T. ) ;
#4015 = SURFACE_STYLE_USAGE ( .BOTH. , #3389 ) ;
#4016 = CARTESIAN_POINT ( 'NONE',  ( -11.43362879187304770, 23.66822792862814495, -15.73703995451274196 ) ) ;
#4017 = CARTESIAN_POINT ( 'NONE',  ( 18.49999999999998934, 63.59457218090248887, 6.011014380308767002 ) ) ;
#4018 = ADVANCED_FACE ( 'NONE', ( #2113, #6188 ), #4602, .F. ) ;
#4019 = CARTESIAN_POINT ( 'NONE',  ( 22.64752127063155029, 4.986847363517082243, 12.77130075257604069 ) ) ;
#4020 = ORIENTED_EDGE ( 'NONE', *, *, #6137, .F. ) ;
#4021 = CARTESIAN_POINT ( 'NONE',  ( 8.188950350936103462, 87.26280010953064448, 25.20299768182156797 ) ) ;
#4022 = DIRECTION ( 'NONE',  ( 0.0000000000000000000, 0.0000000000000000000, -1.000000000000000000 ) ) ;
#4023 = CARTESIAN_POINT ( 'NONE',  ( 23.36147730076162787, -3.887132458862021966, -11.41244550646215927 ) ) ;
#4024 = DIRECTION ( 'NONE',  ( 0.0000000000000000000, 0.0000000000000000000, -1.000000000000000000 ) ) ;
#4025 = PRESENTATION_STYLE_ASSIGNMENT (( #1426 ) ) ;
#4026 = CARTESIAN_POINT ( 'NONE',  ( 23.44428457930154863, 2.736842684550173210, 11.24127121404025509 ) ) ;
#4027 = CARTESIAN_POINT ( 'NONE',  ( 8.188950350936103462, 34.39638145393499258, 25.20299768182156797 ) ) ;
#4028 = DIRECTION ( 'NONE',  ( -0.0000000000000000000, -1.000000000000000000, -0.0000000000000000000 ) ) ;
#4029 = SURFACE_STYLE_USAGE ( .BOTH. , #6556 ) ;
#4030 = CARTESIAN_POINT ( 'NONE',  ( 14.96681439593652563, 15.37328373111912327, 10.87402716741075537 ) ) ;
#4031 = CARTESIAN_POINT ( 'NONE',  ( -5.716814395936523852, 51.61298611783390555, -17.59454555146034238 ) ) ;
#4032 = CARTESIAN_POINT ( 'NONE',  ( -22.38461826670281241, 1.012970701871403589, 13.22668983642704887 ) ) ;
#4033 = CARTESIAN_POINT ( 'NONE',  ( -16.37790070187221048, 66.06460938256313398, 22.54224642132905743 ) ) ;
#4034 = EDGE_LOOP ( 'NONE', ( #3167, #6165, #3480, #4975 ) ) ;
#4035 = ORIENTED_EDGE ( 'NONE', *, *, #2535, .F. ) ;
#4036 = ORIENTED_EDGE ( 'NONE', *, *, #1649, .F. ) ;
#4037 = CARTESIAN_POINT ( 'NONE',  ( 23.44994432064375189, 3.264333351383486015, -11.22943058924662374 ) ) ;
#4038 = CARTESIAN_POINT ( 'NONE',  ( 0.0000000000000000000, 0.0000000000000000000, -4.000000000000000000 ) ) ;
#4039 = CARTESIAN_POINT ( 'NONE',  ( -5.716814395936523852, 62.04619544563173150, -17.59454555146034238 ) ) ;
#4040 =( LENGTH_UNIT ( ) NAMED_UNIT ( * ) SI_UNIT ( .MILLI., .METRE. ) );
#4041 = CARTESIAN_POINT ( 'NONE',  ( 3.573283826362257527E-15, 69.12453497924182955, -19.45205114840794280 ) ) ;
#4042 = EDGE_CURVE ( 'NONE', #3206, #475, #6321, .T. ) ;
#4043 = CARTESIAN_POINT ( 'NONE',  ( 14.96681439593652740, 29.49313492447651797, -10.87402716741075004 ) ) ;
#4044 = CARTESIAN_POINT ( 'NONE',  ( 8.000000000000000000, 9.797174393178825657E-16, 4.000000000000000000 ) ) ;
#4045 = ADVANCED_FACE ( 'NONE', ( #3274 ), #1240, .F. ) ;
#4046 = DIRECTION ( 'NONE',  ( -0.0000000000000000000, 1.000000000000000000, -0.0000000000000000000 ) ) ;
#4047 = ORIENTED_EDGE ( 'NONE', *, *, #6002, .F. ) ;
#4048 = CARTESIAN_POINT ( 'NONE',  ( -26.50000000000000000, 36.86641865559565190, 0.0000000000000000000 ) ) ;
#4049 = DIRECTION ( 'NONE',  ( 0.0000000000000000000, 1.000000000000000000, 0.0000000000000000000 ) ) ;
#4050 = SPHERICAL_SURFACE ( 'NONE', #4855, 12.00000000000000000 ) ;
#4051 = CARTESIAN_POINT ( 'NONE',  ( 3.184081677755131378E-15, 5.000000000000000000, 26.00000000000000355 ) ) ;
#4052 =( NAMED_UNIT ( * ) PLANE_ANGLE_UNIT ( ) SI_UNIT ( $, .RADIAN. ) );
#4053 = EDGE_CURVE ( 'NONE', #4201, #5697, #1382, .T. ) ;
#4054 = CARTESIAN_POINT ( 'NONE',  ( 21.43895035093611057, 58.35955358007217342, -15.57630918575053514 ) ) ;
#4055 = PLANE ( 'NONE',  #2588 ) ;
#4056 = DIRECTION ( 'NONE',  ( -0.0000000000000000000, -0.0000000000000000000, -1.000000000000000000 ) ) ;
#4057 = CARTESIAN_POINT ( 'NONE',  ( 18.50000000000000355, 55.00468378588444551, -6.011014380308763450 ) ) ;
#4058 = CARTESIAN_POINT ( 'NONE',  ( -11.43362879187304948, 39.63140005476532224, 15.73703995451273840 ) ) ;
#4059 = FACE_OUTER_BOUND ( 'NONE', #2365, .T. ) ;
#4060 = DIRECTION ( 'NONE',  ( 1.000000000000000000, 0.0000000000000000000, -0.0000000000000000000 ) ) ;
#4061 = CARTESIAN_POINT ( 'NONE',  ( -26.50000000000000000, 62.37796751700357589, -8.610371950172023503 ) ) ;
#4062 = EDGE_LOOP ( 'NONE', ( #2707, #3658 ) ) ;
#4063 = ORIENTED_EDGE ( 'NONE', *, *, #4541, .F. ) ;
#4064 = AXIS2_PLACEMENT_3D ( 'NONE', #5469, #5536, #1885 ) ;
#4065 = VERTEX_POINT ( 'NONE', #5827 ) ;
#4066 = AXIS2_PLACEMENT_3D ( 'NONE', #4082, #3123, #527 ) ;
#4067 = CARTESIAN_POINT ( 'NONE',  ( -25.00000000000000000, -11.54816157657958797, 4.750000000000000888 ) ) ;
#4068 = CARTESIAN_POINT ( 'NONE',  ( -0.2610664866733379275, -5.000000000000000000, 26.00000000000000711 ) ) ;
#4069 =( GEOMETRIC_REPRESENTATION_CONTEXT ( 3 ) GLOBAL_UNCERTAINTY_ASSIGNED_CONTEXT ( ( #1567 ) ) GLOBAL_UNIT_ASSIGNED_CONTEXT ( ( #915, #4471, #6001 ) ) REPRESENTATION_CONTEXT ( 'NONE', 'WORKASPACE' ) );
#4070 = CARTESIAN_POINT ( 'NONE',  ( 14.96681439593652740, 58.35955358007217342, -10.87402716741075004 ) ) ;
#4071 = AXIS2_PLACEMENT_3D ( 'NONE', #3942, #2814, #4909 ) ;
#4072 = CARTESIAN_POINT ( 'NONE',  ( 14.96681439593652740, 55.92634425227434036, -10.87402716741075004 ) ) ;
#4073 = STYLED_ITEM ( 'NONE', ( #1058 ), #2965 ) ;
#4074 = B_SPLINE_CURVE_WITH_KNOTS ( 'NONE', 3,
 ( #1770, #3788, #1261, #5819, #2288, #2696, #4726, #4231, #2249, #3225, #5264, #5788, #696, #4319, #2733, #6349, #212, #4762, #3266, #183, #2761, #5920, #4960, #4386 ),
 .UNSPECIFIED., .F., .F.,
 ( 4, 2, 2, 2, 2, 2, 2, 2, 2, 2, 2, 4 ),
 ( 2.120784425212786508E-07, 0.001017921121760010685, 0.001526775643418754004, 0.002035630165077497323, 0.003053339208394986997, 0.003562193730053732268, 0.004071048251712477105, 0.005088757295029967646, 0.006106466338347458188, 0.006615320860006206928, 0.007124175381664957403, 0.008141884424982459220 ),
 .UNSPECIFIED. ) ;
#4075 = CARTESIAN_POINT ( 'NONE',  ( -5.716814395936523852, 88.47940477342955035, -17.59454555146034238 ) ) ;
#4076 = CARTESIAN_POINT ( 'NONE',  ( -18.50000000000000000, -2.755455298081544778E-15, 0.0000000000000000000 ) ) ;
#4077 = CARTESIAN_POINT ( 'NONE',  ( -17.00000000000000000, -17.99999999999999289, 2.081899558550500674E-15 ) ) ;
#4078 = ORIENTED_EDGE ( 'NONE', *, *, #2877, .T. ) ;
#4079 = CARTESIAN_POINT ( 'NONE',  ( 21.43895035093610346, 25.80649305891694922, 15.57630918575054046 ) ) ;
#4080 = CARTESIAN_POINT ( 'NONE',  ( 3.401796664298201715E-15, -17.99999999999998934, 0.0000000000000000000 ) ) ;
#4081 = AXIS2_PLACEMENT_3D ( 'NONE', #777, #2813, #2205 ) ;
#4082 = CARTESIAN_POINT ( 'NONE',  ( 0.0000000000000000000, 40.00000000000000711, 0.0000000000000000000 ) ) ;
#4083 = LINE ( 'NONE', #2094, #2606 ) ;
#4084 = CARTESIAN_POINT ( 'NONE',  ( 23.23259914904067003, 1.678864843231104631, 11.67283527774051421 ) ) ;
#4085 = CARTESIAN_POINT ( 'NONE',  ( 26.50000000000001066, 39.00468378588445262, -8.610371950172012845 ) ) ;
#4086 = SHAPE_REPRESENTATION ( 'spring', ( #2408 ), #6333 ) ;
#4087 = MECHANICAL_DESIGN_GEOMETRIC_PRESENTATION_REPRESENTATION (  '', ( #2079 ), #4944 ) ;
#4088 = CARTESIAN_POINT ( 'NONE',  ( -14.48095708105368118, -17.99999999999998934, 8.911755080190308931 ) ) ;
#4089 = SURFACE_STYLE_FILL_AREA ( #3031 ) ;
#4090 = ORIENTED_EDGE ( 'NONE', *, *, #2250, .T. ) ;
#4091 = UNCERTAINTY_MEASURE_WITH_UNIT (LENGTH_MEASURE( 1.000000000000000082E-05 ), #2752, 'distance_accuracy_value', 'NONE');
#4092 = CARTESIAN_POINT ( 'NONE',  ( -14.96681439593652563, 98.32272570620934005, -10.87402716741075714 ) ) ;
#4093 = DIRECTION ( 'NONE',  ( 1.000000000000000000, 1.954618001100627820E-16, 0.0000000000000000000 ) ) ;
#4094 = CARTESIAN_POINT ( 'NONE',  ( -4.601681890152553578, 92.16604663898934291, -22.09698962803435407 ) ) ;
#4095 = ADVANCED_FACE ( 'NONE', ( #5300 ), #3569, .T. ) ;
#4096 = CIRCLE ( 'NONE', #2283, 2.000000000000000000 ) ;
#4097 = MECHANICAL_DESIGN_GEOMETRIC_PRESENTATION_REPRESENTATION (  '', ( #381 ), #5904 ) ;
#4098 = FACE_OUTER_BOUND ( 'NONE', #6084, .T. ) ;
#4099 = CARTESIAN_POINT ( 'NONE',  ( -26.50000000000000000, 0.0000000000000000000, 0.0000000000000000000 ) ) ;
#4100 = LINE ( 'NONE', #3070, #6588 ) ;
#4101 =( LENGTH_UNIT ( ) NAMED_UNIT ( * ) SI_UNIT ( .MILLI., .METRE. ) );
#4102 = CARTESIAN_POINT ( 'NONE',  ( -16.37790070187220692, 97.40106523981944520, -22.54224642132905743 ) ) ;
#4103 = VERTEX_POINT ( 'NONE', #4144 ) ;
#4104 = ORIENTED_EDGE ( 'NONE', *, *, #167, .T. ) ;
#4105 = MECHANICAL_DESIGN_GEOMETRIC_PRESENTATION_REPRESENTATION (  '', ( #3150 ), #6440 ) ;
#4106 = AXIS2_PLACEMENT_3D ( 'NONE', #3012, #5545, #1513 ) ;
#4107 = ORIENTED_EDGE ( 'NONE', *, *, #5233, .F. ) ;
#4108 = UNCERTAINTY_MEASURE_WITH_UNIT (LENGTH_MEASURE( 1.000000000000000082E-05 ), #6323, 'distance_accuracy_value', 'NONE');
#4109 = STYLED_ITEM ( 'NONE', ( #1820 ), #66 ) ;
#4110 = COLOUR_RGB ( '',1.000000000000000000, 0.0000000000000000000, 0.0000000000000000000 ) ;
#4111 = DIRECTION ( 'NONE',  ( 0.0000000000000000000, -0.0000000000000000000, 1.000000000000000000 ) ) ;
#4112 = CARTESIAN_POINT ( 'NONE',  ( -18.49999999999999289, 27.94475818920576415, -6.011014380308773219 ) ) ;
#4113 =( NAMED_UNIT ( * ) PLANE_ANGLE_UNIT ( ) SI_UNIT ( $, .RADIAN. ) );
#4114 = CARTESIAN_POINT ( 'NONE',  ( 11.43362879187305836, 75.28121404646205406, -15.73703995451274018 ) ) ;
#4115 = CARTESIAN_POINT ( 'NONE',  ( 3.401796664298201715E-15, -17.99999999999998934, 0.0000000000000000000 ) ) ;
#4116 = PLANE ( 'NONE',  #2598 ) ;
#4117 = CARTESIAN_POINT ( 'NONE',  ( -21.88316773738534948, -1.408249027054716329, -14.04061256750190267 ) ) ;
#4118 = ORIENTED_EDGE ( 'NONE', *, *, #5435, .T. ) ;
#4119 = CARTESIAN_POINT ( 'NONE',  ( -8.188950350936107014, 77.41947917675086899, 25.20299768182156797 ) ) ;
#4120 = SURFACE_STYLE_USAGE ( .BOTH. , #3552 ) ;
#4121 = CARTESIAN_POINT ( 'NONE',  ( -0.8866986368949248964, 4.797484805377571604, 25.98515818797759991 ) ) ;
#4122 = CARTESIAN_POINT ( 'NONE',  ( 0.0000000000000000000, 166.0000000000000000, 0.0000000000000000000 ) ) ;
#4123 = CYLINDRICAL_SURFACE ( 'NONE', #902, 5.500000000000000000 ) ;
#4124 = CARTESIAN_POINT ( 'NONE',  ( 23.33403465333962856, 1.996536574332694824, 11.46856976789800520 ) ) ;
#4125 = CARTESIAN_POINT ( 'NONE',  ( 18.50000000000000355, 20.57147445808663022, -6.011014380308763450 ) ) ;
#4126 = CARTESIAN_POINT ( 'NONE',  ( -15.54259347967696492, -17.05036175921646446, 6.263486683485264273 ) ) ;
#4127 = CARTESIAN_POINT ( 'NONE',  ( -23.00047533980163195, -1.263375517560413774, 12.12394183574023820 ) ) ;
#4128 = ORIENTED_EDGE ( 'NONE', *, *, #5235, .F. ) ;
#4129 = CARTESIAN_POINT ( 'NONE',  ( 5.716814395936530069, 94.63608384064977486, -17.59454555146033528 ) ) ;
#4130 = FACE_OUTER_BOUND ( 'NONE', #6097, .T. ) ;
#4131 = CARTESIAN_POINT ( 'NONE',  ( -15.59932521733855282, 92.16604663898934291, -10.70870174319072099 ) ) ;
#4132 = CARTESIAN_POINT ( 'NONE',  ( -22.77554025723047459, 1.052633269700345764, 12.54323487073847687 ) ) ;
#4133 = LINE ( 'NONE', #6160, #3568 ) ;
#4134 = DIRECTION ( 'NONE',  ( 0.0000000000000000000, 1.000000000000000000, 2.152228036460121707E-16 ) ) ;
#4135 = CARTESIAN_POINT ( 'NONE',  ( 5.118487643167556288E-15, 50.69132565144400360, -27.86374894231407140 ) ) ;
#4136 = ORIENTED_EDGE ( 'NONE', *, *, #793, .T. ) ;
#4137 = ORIENTED_EDGE ( 'NONE', *, *, #4670, .F. ) ;
#4138 = ADVANCED_FACE ( 'NONE', ( #1583 ), #1079, .F. ) ;
#4139 = EDGE_LOOP ( 'NONE', ( #5000, #6430 ) ) ;
#4140 = EDGE_CURVE ( 'NONE', #358, #3510, #4895, .T. ) ;
#4141 = B_SPLINE_CURVE_WITH_KNOTS ( 'NONE', 3,
 ( #2022, #1025, #1055, #5982, #1992, #1460, #4550, #522, #2960, #6545, #6070, #4019, #6043, #3549, #551, #1520, #1421, #5491, #3055, #3086, #5520, #5082, #4576, #988, #2990, #1957 ),
 .UNSPECIFIED., .F., .F.,
 ( 4, 2, 2, 2, 2, 2, 2, 2, 2, 2, 2, 2, 4 ),
 ( 0.006255220636914320467, 0.007036942637670580425, 0.007818664638426838648, 0.008209525638804971229, 0.008600386639183103810, 0.008991247639561234656, 0.009382108639939367237, 0.009772969640317499818, 0.01016383064069563240, 0.01055469164107376498, 0.01094555264145189583, 0.01172727464220815752, 0.01250899664296441921 ),
 .UNSPECIFIED. ) ;
#4142 = ADVANCED_FACE ( 'NONE', ( #905 ), #1369, .F. ) ;
#4143 = DIRECTION ( 'NONE',  ( -0.0000000000000000000, -0.0000000000000000000, 1.000000000000000000 ) ) ;
#4144 = CARTESIAN_POINT ( 'NONE',  ( -5.123475382979798987, -4.000000000000000000, 0.0000000000000000000 ) ) ;
#4145 = SURFACE_STYLE_FILL_AREA ( #2644 ) ;
#4146 = CARTESIAN_POINT ( 'NONE',  ( -18.49999999999999645, 47.29962798339347785, 0.0000000000000000000 ) ) ;
#4147 = SURFACE_SIDE_STYLE ('',( #2646 ) ) ;
#4148 = CARTESIAN_POINT ( 'NONE',  ( -5.716814395936523852, 41.17977679003607960, -17.59454555146034238 ) ) ;
#4149 = CARTESIAN_POINT ( 'NONE',  ( -4.788562133941129062, -3.878782934479199803E-16, 21.37202879880307194 ) ) ;
#4150 = DIRECTION ( 'NONE',  ( 0.8660254037844432595, 0.0000000000000000000, -0.4999999999999919509 ) ) ;
#4151 = CIRCLE ( 'NONE', #2229, 2.000000000000000444 ) ;
#4152 = DIRECTION ( 'NONE',  ( 0.0000000000000000000, 0.0000000000000000000, 1.000000000000000000 ) ) ;
#4153 = CARTESIAN_POINT ( 'NONE',  ( 5.118487643167556288E-15, 50.69132565144400360, -27.86374894231407140 ) ) ;
#4154 = DIRECTION ( 'NONE',  ( -0.0000000000000000000, 1.000000000000000000, -0.0000000000000000000 ) ) ;
#4155 = DIRECTION ( 'NONE',  ( 1.224646799147353207E-16, 1.388666465427646055E-32, 1.000000000000000000 ) ) ;
#4156 = FACE_BOUND ( 'NONE', #261, .T. ) ;
#4157 = DIRECTION ( 'NONE',  ( 1.133932221432734415E-16, -1.000000000000000000, -0.0000000000000000000 ) ) ;
#4158 = CARTESIAN_POINT ( 'NONE',  ( -1.191094608787419176E-15, 51.90793031534293789, 19.45205114840793925 ) ) ;
#4159 = DIRECTION ( 'NONE',  ( 0.0000000000000000000, 0.0000000000000000000, 1.000000000000000000 ) ) ;
#4160 = ORIENTED_EDGE ( 'NONE', *, *, #3894, .T. ) ;
#4161 = CARTESIAN_POINT ( 'NONE',  ( 11.43362879187305836, 56.84800471866423521, -15.73703995451274018 ) ) ;
#4162 = CARTESIAN_POINT ( 'NONE',  ( 2.081899558550500280E-15, 6.000000000000000000, 17.00000000000000000 ) ) ;
#4163 = CARTESIAN_POINT ( 'NONE',  ( -17.08500085381563949, 92.16604663898938554, -19.18182230945316391 ) ) ;
#4164 = CARTESIAN_POINT ( 'NONE',  ( -5.123475382979798987, -4.000000000000000000, 0.0000000000000000000 ) ) ;
#4165 = DIRECTION ( 'NONE',  ( 0.5000000000000106581, 0.0000000000000000000, -0.8660254037844324904 ) ) ;
#4166 = CARTESIAN_POINT ( 'NONE',  ( 0.0000000000000000000, 15.99999999999998934, 6.664234759902732219E-16 ) ) ;
#4167 = CARTESIAN_POINT ( 'NONE',  ( 16.37790070187221758, 67.28121404646206827, -22.54224642132905743 ) ) ;
#4168 = VERTEX_POINT ( 'NONE', #5332 ) ;
#4169 = VERTEX_POINT ( 'NONE', #1880 ) ;
#4170 = ORIENTED_EDGE ( 'NONE', *, *, #4053, .T. ) ;
#4171 = CARTESIAN_POINT ( 'NONE',  ( 8.000000000000000000, 0.0000000000000000000, -8.000000000000000000 ) ) ;
#4172 = PRESENTATION_STYLE_ASSIGNMENT (( #513 ) ) ;
#4173 = CARTESIAN_POINT ( 'NONE',  ( 0.2630968074704672643, -4.986921927555468592, -25.99898476588051466 ) ) ;
#4174 = CARTESIAN_POINT ( 'NONE',  ( -11.43362879187304770, 81.40106523981945941, -15.73703995451274196 ) ) ;
#4175 = EDGE_CURVE ( 'NONE', #2590, #463, #1937, .T. ) ;
#4176 = FILL_AREA_STYLE ('',( #5079 ) ) ;
#4177 = CARTESIAN_POINT ( 'NONE',  ( -1.191094608787419176E-15, 49.47472098754510483, 19.45205114840793925 ) ) ;
#4178 = CARTESIAN_POINT ( 'NONE',  ( -14.86544223990445523, -3.338352048545727454E-16, 11.88266758164308889 ) ) ;
#4179 = CARTESIAN_POINT ( 'NONE',  ( -16.46803140650503394, 15.97379612590658482, -9.151596376141712952 ) ) ;
#4180 = CIRCLE ( 'NONE', #4498, 26.00000000000000355 ) ;
#4181 = PRESENTATION_STYLE_ASSIGNMENT (( #5641 ) ) ;
#4182 = CARTESIAN_POINT ( 'NONE',  ( 26.50000000000000000, 27.64981399169673537, 3.245314017740485765E-15 ) ) ;
#4183 = CARTESIAN_POINT ( 'NONE',  ( 22.58345912618603535, -1.000106098574525593, 12.88428505993828210 ) ) ;
#4184 = VECTOR ( 'NONE', #4716, 1000.000000000000000 ) ;
#4185 = CYLINDRICAL_SURFACE ( 'NONE', #3122, 17.75000000000000355 ) ;
#4186 = CARTESIAN_POINT ( 'NONE',  ( 0.2622349433555153930, -1.012983938088114932, -25.99899209023607938 ) ) ;
#4187 = DIRECTION ( 'NONE',  ( 1.000000000000000000, 0.0000000000000000000, 0.0000000000000000000 ) ) ;
#4188 = CARTESIAN_POINT ( 'NONE',  ( 14.96681439593652740, 21.49313492447652152, -10.87402716741075004 ) ) ;
#4189 = AXIS2_PLACEMENT_3D ( 'NONE', #3313, #1163, #3807 ) ;
#4190 = CARTESIAN_POINT ( 'NONE',  ( -16.12900059345780690, 15.99999999999998579, 9.750000000000035527 ) ) ;
#4191 = EDGE_LOOP ( 'NONE', ( #5938, #6502, #3689, #6110, #6096, #873, #4502, #2892 ) ) ;
#4192 = CIRCLE ( 'NONE', #675, 5.500000000000000000 ) ;
#4193 = CARTESIAN_POINT ( 'NONE',  ( -5.716814395936527404, 66.98626984895302883, 17.59454555146033528 ) ) ;
#4194 = FILL_AREA_STYLE_COLOUR ( '', #1857 ) ;
#4195 = CARTESIAN_POINT ( 'NONE',  ( -9.381567595886512123, 92.16604663898927186, -22.65409164239637008 ) ) ;
#4196 = DIRECTION ( 'NONE',  ( 0.0000000000000000000, 0.0000000000000000000, 1.000000000000000000 ) ) ;
#4197 = CARTESIAN_POINT ( 'NONE',  ( -15.41017694742527766, -17.40857015400668217, -6.817577047874746832 ) ) ;
#4198 = CARTESIAN_POINT ( 'NONE',  ( -25.00000000000000000, -17.99999999999998579, 9.200000000000031264 ) ) ;
#4199 = MECHANICAL_DESIGN_GEOMETRIC_PRESENTATION_REPRESENTATION (  '', ( #3239 ), #2812 ) ;
#4200 = CARTESIAN_POINT ( 'NONE',  ( 21.43895035093610701, 66.35955358007217342, -15.57630918575053514 ) ) ;
#4201 = VERTEX_POINT ( 'NONE', #2366 ) ;
#4202 = ORIENTED_EDGE ( 'NONE', *, *, #3375, .F. ) ;
#4203 = EDGE_LOOP ( 'NONE', ( #4669, #5847, #5612, #3405 ) ) ;
#4204 =( GEOMETRIC_REPRESENTATION_CONTEXT ( 3 ) GLOBAL_UNCERTAINTY_ASSIGNED_CONTEXT ( ( #5306 ) ) GLOBAL_UNIT_ASSIGNED_CONTEXT ( ( #3267, #214, #5392 ) ) REPRESENTATION_CONTEXT ( 'NONE', 'WORKASPACE' ) );
#4205 = AXIS2_PLACEMENT_3D ( 'NONE', #5796, #2044, #1778 ) ;
#4206 = FACE_OUTER_BOUND ( 'NONE', #4723, .T. ) ;
#4207 = CIRCLE ( 'NONE', #1766, 2.000000000000000444 ) ;
#4208 = COLOUR_RGB ( '',1.000000000000000000, 0.0000000000000000000, 0.0000000000000000000 ) ;
#4209 = DIRECTION ( 'NONE',  ( 1.000000000000000000, 0.0000000000000000000, 0.0000000000000000000 ) ) ;
#4210 = CARTESIAN_POINT ( 'NONE',  ( -18.49999999999998934, 19.35486979418771369, 6.011014380308763450 ) ) ;
#4211 = EDGE_CURVE ( 'NONE', #609, #2939, #3144, .T. ) ;
#4212 = COLOUR_RGB ( '',1.000000000000000000, 0.0000000000000000000, 0.0000000000000000000 ) ;
#4213 = B_SPLINE_CURVE_WITH_KNOTS ( 'NONE', 3,
 ( #5966, #5898, #4301, #227, #2909, #6330, #6363, #2265, #5832, #2873, #3409, #743, #3834, #5406, #838, #4366, #3340, #335, #1816, #375, #4901, #1786, #4404, #6397 ),
 .UNSPECIFIED., .F., .F.,
 ( 4, 2, 2, 2, 2, 2, 2, 2, 2, 2, 2, 4 ),
 ( 2.042172099378168519E-07, 0.001015927668643224792, 0.002031651120076511871, 0.003047374571509798950, 0.003555236297226440322, 0.004063098022943080825, 0.004570959748659723064, 0.005078821474376364435, 0.006094544925809645443, 0.006602406651526287681, 0.007110268377242928185, 0.008125991828676203121 ),
 .UNSPECIFIED. ) ;
#4214 = CARTESIAN_POINT ( 'NONE',  ( 5.716814395936525628, 68.82959078173280432, 17.59454555146034238 ) ) ;
#4215 = CARTESIAN_POINT ( 'NONE',  ( 0.0000000000000000000, 166.0000000000000000, 5.500000000000000000 ) ) ;
#4216 = CARTESIAN_POINT ( 'NONE',  ( -17.14413797230361070, 13.91376050437811074, -5.683271673591407946 ) ) ;
#4217 = ADVANCED_FACE ( 'NONE', ( #865 ), #3403, .F. ) ;
#4218 = DIRECTION ( 'NONE',  ( -0.8660254037844328234, 0.0000000000000000000, -0.5000000000000101030 ) ) ;
#4219 = UNCERTAINTY_MEASURE_WITH_UNIT (LENGTH_MEASURE( 1.000000000000000082E-05 ), #6335, 'distance_accuracy_value', 'NONE');
#4220 = CARTESIAN_POINT ( 'NONE',  ( 16.37790070187221758, 22.41479539086640926, -22.54224642132905743 ) ) ;
#4221 = CARTESIAN_POINT ( 'NONE',  ( 17.75000000000000355, -25.30000000000000071, 0.0000000000000000000 ) ) ;
#4222 = EDGE_CURVE ( 'NONE', #4266, #3304, #2241, .T. ) ;
#4223 = FILL_AREA_STYLE_COLOUR ( '', #3339 ) ;
#4224 = CARTESIAN_POINT ( 'NONE',  ( 0.8863476354870095664, 1.202341066265412373, -25.98517027047761019 ) ) ;
#4225 = DIRECTION ( 'NONE',  ( -0.8660254037844363761, 0.0000000000000000000, -0.5000000000000039968 ) ) ;
#4226 = CARTESIAN_POINT ( 'NONE',  ( 1.219881370734696935, -4.590239058821238061, 25.97159293111511857 ) ) ;
#4227 = CARTESIAN_POINT ( 'NONE',  ( 18.49999999999999289, 37.16136285310467713, 6.011014380308770555 ) ) ;
#4228 = CARTESIAN_POINT ( 'NONE',  ( 16.28571998612485672, 10.99999999999995026, -4.750000000000000000 ) ) ;
#4229 = ORIENTED_EDGE ( 'NONE', *, *, #5150, .T. ) ;
#4230 = CARTESIAN_POINT ( 'NONE',  ( 21.43895035093610346, 15.37328373111912683, 15.57630918575054046 ) ) ;
#4231 = CARTESIAN_POINT ( 'NONE',  ( 17.00165342506385358, 13.20101979418167915, 5.248361797684934160 ) ) ;
#4232 = CARTESIAN_POINT ( 'NONE',  ( -5.856076849628850667, 92.16604663898935712, -20.37723232354795400 ) ) ;
#4233 = CARTESIAN_POINT ( 'NONE',  ( -21.67924203605488742, -4.219381841618405460, -14.35324892544699082 ) ) ;
#4234 = CARTESIAN_POINT ( 'NONE',  ( -15.45039322587416741, -14.31076753821011316, -4.363469356792201381 ) ) ;
#4235 = CARTESIAN_POINT ( 'NONE',  ( -21.43895035093610701, 1.843320932779780374, 15.57630918575053869 ) ) ;
#4236 = CARTESIAN_POINT ( 'NONE',  ( -26.50000000000000000, 35.94475818920576415, -8.610371950172025279 ) ) ;
#4237 = ORIENTED_EDGE ( 'NONE', *, *, #2913, .T. ) ;
#4238 = VERTEX_POINT ( 'NONE', #5856 ) ;
#4239 = CARTESIAN_POINT ( 'NONE',  ( -18.49999999999998934, 19.35486979418771369, 6.011014380308763450 ) ) ;
#4240 = ORIENTED_EDGE ( 'NONE', *, *, #6364, .F. ) ;
#4241 = CARTESIAN_POINT ( 'NONE',  ( -21.67954373773893906, -4.220048631017372820, 14.35279237806576269 ) ) ;
#4242 = DIRECTION ( 'NONE',  ( 0.0000000000000000000, 0.0000000000000000000, 1.000000000000000000 ) ) ;
#4243 = CARTESIAN_POINT ( 'NONE',  ( 0.6440800519358037546, -4.897985948227112196, -25.99230361094116404 ) ) ;
#4244 = CARTESIAN_POINT ( 'NONE',  ( 26.50000000000000000, 16.29494419750901102, 8.610371950172021727 ) ) ;
#4245 =( NAMED_UNIT ( * ) PLANE_ANGLE_UNIT ( ) SI_UNIT ( $, .RADIAN. ) );
#4246 = FACE_OUTER_BOUND ( 'NONE', #5102, .T. ) ;
#4247 = CARTESIAN_POINT ( 'NONE',  ( 2.000000000000000000, 3.000000000000000000, -30.00000000000000000 ) ) ;
#4248 = CARTESIAN_POINT ( 'NONE',  ( 5.118487643167557865E-15, 24.25811632364619186, -27.86374894231408206 ) ) ;
#4249 =( NAMED_UNIT ( * ) SI_UNIT ( $, .STERADIAN. ) SOLID_ANGLE_UNIT ( ) );
#4250 = ADVANCED_FACE ( 'NONE', ( #294 ), #4326, .F. ) ;
#4251 = CARTESIAN_POINT ( 'NONE',  ( -1.591183662846483049, -1.781322171585201231, -25.95136616975074517 ) ) ;
#4252 = CARTESIAN_POINT ( 'NONE',  ( -14.96681439593652563, 16.58988839501803980, -10.87402716741075714 ) ) ;
#4253 = CARTESIAN_POINT ( 'NONE',  ( 0.5194734249141441662, -4.935780570280729584, 25.99512638592124603 ) ) ;
#4254 = ADVANCED_FACE ( 'NONE', ( #4359, #6390 ), #6586, .F. ) ;
#4255 = CARTESIAN_POINT ( 'NONE',  ( -14.96681439593652563, 8.589888395018043354, -10.87402716741075714 ) ) ;
#4256 = VERTEX_POINT ( 'NONE', #5892 ) ;
#4257 = CARTESIAN_POINT ( 'NONE',  ( 8.188950350936110567, 57.76966518505413006, -25.20299768182156797 ) ) ;
#4258 = CARTESIAN_POINT ( 'NONE',  ( 21.44994432064378742, 3.000000000000000444, -14.69353220438439855 ) ) ;
#4259 = CARTESIAN_POINT ( 'NONE',  ( -16.78711918332254527, 92.16604663898945660, -8.348142861656679514 ) ) ;
#4260 = EDGE_CURVE ( 'NONE', #867, #5037, #6468, .T. ) ;
#4261 = CARTESIAN_POINT ( 'NONE',  ( 1.219623630605721099, 4.590474391631172324, -25.97160675417051579 ) ) ;
#4262 = DIRECTION ( 'NONE',  ( 0.0000000000000000000, 1.000000000000000000, 7.716057432514152622E-17 ) ) ;
#4263 = CARTESIAN_POINT ( 'NONE',  ( -8.188950350936107014, 22.11985119335738403, 25.20299768182156797 ) ) ;
#4264 = CARTESIAN_POINT ( 'NONE',  ( -8.188950350936101685, 33.17977679003608671, -25.20299768182156797 ) ) ;
#4265 = PLANE ( 'NONE',  #3443 ) ;
#4266 = VERTEX_POINT ( 'NONE', #4628 ) ;
#4267 = CARTESIAN_POINT ( 'NONE',  ( 18.50000000000000000, 9.216604663898909422, 2.265596578422603396E-15 ) ) ;
#4268 = ORIENTED_EDGE ( 'NONE', *, *, #1905, .F. ) ;
#4269 = CARTESIAN_POINT ( 'NONE',  ( -21.48629750118617210, -3.519533279805818093, 14.64034417742314886 ) ) ;
#4270 = FACE_OUTER_BOUND ( 'NONE', #978, .T. ) ;
#4271 = CARTESIAN_POINT ( 'NONE',  ( 21.43895035093610346, 52.23970238671476807, 15.57630918575054046 ) ) ;
#4272 = CARTESIAN_POINT ( 'NONE',  ( -8.201579537306438183, 9.572752762605202385E-15, 22.82163512377831438 ) ) ;
#4273 = FACE_BOUND ( 'NONE', #1944, .T. ) ;
#4274 = CARTESIAN_POINT ( 'NONE',  ( 0.0000000000000000000, 0.2000000000000065892, -26.00000000000000355 ) ) ;
#4275 = CIRCLE ( 'NONE', #5135, 19.59999999999998721 ) ;
#4276 = CARTESIAN_POINT ( 'NONE',  ( 21.43895035093611057, 21.49313492447652152, -15.57630918575053514 ) ) ;
#4277 = CARTESIAN_POINT ( 'NONE',  ( 22.64752127063154674, -1.013152636482919977, 12.77130075257603359 ) ) ;
#4278 = SURFACE_STYLE_USAGE ( .BOTH. , #3187 ) ;
#4279 = B_SPLINE_CURVE_WITH_KNOTS ( 'NONE', 3,
 ( #6224, #21, #2134, #4234, #3199, #630, #3631, #6190, #606, #2665, #4695, #3172, #2162, #1172, #6131, #4197, #3722, #1674, #1199, #3664, #1573, #3104, #2561, #4665 ),
 .UNSPECIFIED., .F., .F.,
 ( 4, 2, 2, 2, 2, 2, 2, 2, 2, 2, 2, 4 ),
 ( 2.042172099394900861E-07, 0.001015927668643216335, 0.002031651120076493223, 0.003047374571509769894, 0.003555236297226415602, 0.004063098022943060876, 0.004570959748659706584, 0.005078821474376353159, 0.006094544925809644575, 0.006602406651526287681, 0.007110268377242928185, 0.008125991828676206591 ),
 .UNSPECIFIED. ) ;
#4280 = CARTESIAN_POINT ( 'NONE',  ( 11.43362879187304948, 24.88483259252705437, 15.73703995451273840 ) ) ;
#4281 = SURFACE_SIDE_STYLE ('',( #2655 ) ) ;
#4282 = AXIS2_PLACEMENT_3D ( 'NONE', #2476, #6031, #1846 ) ;
#4283 = CARTESIAN_POINT ( 'NONE',  ( -5.716814395936527404, 22.11985119335738403, 17.59454555146033883 ) ) ;
#4284 = ORIENTED_EDGE ( 'NONE', *, *, #1372, .F. ) ;
#4285 = CARTESIAN_POINT ( 'NONE',  ( -21.43895035093611057, 65.14294891617325334, 15.57630918575053691 ) ) ;
#4286 = CARTESIAN_POINT ( 'NONE',  ( 14.58845726811976817, -3.000000000000000000, 10.73205080756904550 ) ) ;
#4287 = CARTESIAN_POINT ( 'NONE',  ( 0.0000000000000000000, 0.0000000000000000000, -8.000000000000000000 ) ) ;
#4288 = CIRCLE ( 'NONE', #1312, 11.62444386751201897 ) ;
#4289 = ADVANCED_FACE ( 'NONE', ( #5124 ), #2527, .T. ) ;
#4290 = CARTESIAN_POINT ( 'NONE',  ( -5.499999999999974243, -150.0000000000000000, 6.735557395310433148E-16 ) ) ;
#4291 = FACE_OUTER_BOUND ( 'NONE', #1098, .T. ) ;
#4292 = CARTESIAN_POINT ( 'NONE',  ( 8.188950350936103462, 5.529962798339344232, 25.20299768182156797 ) ) ;
#4293 = CARTESIAN_POINT ( 'NONE',  ( -16.37790070187220692, 70.96785591202160504, -22.54224642132906098 ) ) ;
#4294 = STYLED_ITEM ( 'NONE', ( #5523 ), #2921 ) ;
#4295 = FILL_AREA_STYLE_COLOUR ( '', #350 ) ;
#4296 = ORIENTED_EDGE ( 'NONE', *, *, #1003, .F. ) ;
#4297 = CARTESIAN_POINT ( 'NONE',  ( 18.49999999999999645, 47.00468378588443841, -6.011014380308762561 ) ) ;
#4298 = EDGE_LOOP ( 'NONE', ( #6044, #1203 ) ) ;
#4299 = AXIS2_PLACEMENT_3D ( 'NONE', #136, #2177, #3116 ) ;
#4300 = CARTESIAN_POINT ( 'NONE',  ( 15.31484428151359189, -13.66449044254637890, -4.233220681457106060 ) ) ;
#4301 = CARTESIAN_POINT ( 'NONE',  ( 15.31381504829617235, -13.66003787080216370, 4.232657630984108188 ) ) ;
#4302 = COLOUR_RGB ( '',0.7921568627450980005, 0.8196078431372548767, 0.9333333333333333481 ) ;
#4303 = CARTESIAN_POINT ( 'NONE',  ( -18.50000000000000000, 73.73283731119130380, 0.0000000000000000000 ) ) ;
#4304 = UNCERTAINTY_MEASURE_WITH_UNIT (LENGTH_MEASURE( 1.000000000000000082E-05 ), #2487, 'distance_accuracy_value', 'NONE');
#4305 = CIRCLE ( 'NONE', #1442, 2.000000000000000888 ) ;
#4306 = CARTESIAN_POINT ( 'NONE',  ( 21.43895035093610346, 15.37328373111912683, 15.57630918575054046 ) ) ;
#4307 = PRESENTATION_STYLE_ASSIGNMENT (( #1277 ) ) ;
#4308 = CARTESIAN_POINT ( 'NONE',  ( -23.14916798868478409, 4.505477883781180637, -11.83742086669370153 ) ) ;
#4309 = DIRECTION ( 'NONE',  ( -1.000000000000000000, 0.0000000000000000000, 0.0000000000000000000 ) ) ;
#4310 = CARTESIAN_POINT ( 'NONE',  ( 26.50000000000000000, 18.72815352530684407, 8.610371950172021727 ) ) ;
#4311 = CARTESIAN_POINT ( 'NONE',  ( -21.88189406637033585, 4.589955326101716082, 14.04259742813423806 ) ) ;
#4312 = CARTESIAN_POINT ( 'NONE',  ( -0.5266796500307843187, -1.053108746389918249, -25.99577782983098473 ) ) ;
#4313 = CARTESIAN_POINT ( 'NONE',  ( 14.96681439593652740, 11.05992559667869024, -10.87402716741075004 ) ) ;
#4314 = CYLINDRICAL_SURFACE ( 'NONE', #2029, 2.000000000000000000 ) ;
#4315 = VECTOR ( 'NONE', #1961, 1000.000000000000114 ) ;
#4316 = CARTESIAN_POINT ( 'NONE',  ( 11.43362879187304948, 24.88483259252705437, 15.73703995451273840 ) ) ;
#4317 = ORIENTED_EDGE ( 'NONE', *, *, #1997, .T. ) ;
#4318 = CARTESIAN_POINT ( 'NONE',  ( -26.50000000000000000, 27.35486979418771014, 8.610371950172016398 ) ) ;
#4319 = CARTESIAN_POINT ( 'NONE',  ( 17.21648749910567489, 14.79678212254818881, 6.479043768845367701 ) ) ;
#4320 = CARTESIAN_POINT ( 'NONE',  ( 0.2622349433555153375, 4.987016061911885068, -25.99899209023608648 ) ) ;
#4321 = CARTESIAN_POINT ( 'NONE',  ( 0.0000000000000000000, 3.000000000000000000, -30.00000000000000000 ) ) ;
#4322 = CARTESIAN_POINT ( 'NONE',  ( 26.50000000000000000, 27.64981399169673537, 3.245314017740485765E-15 ) ) ;
#4323 = CARTESIAN_POINT ( 'NONE',  ( 26.50000000000001066, 20.57147445808663022, -8.610371950172012845 ) ) ;
#4324 = SURFACE_SIDE_STYLE ('',( #1840 ) ) ;
#4325 = ORIENTED_EDGE ( 'NONE', *, *, #4905, .F. ) ;
#4326 = CYLINDRICAL_SURFACE ( 'NONE', #1546, 1.999999999999999112 ) ;
#4327 = CARTESIAN_POINT ( 'NONE',  ( 5.716814395936530069, 12.90324652945847461, -17.59454555146033883 ) ) ;
#4328 = ORIENTED_EDGE ( 'NONE', *, *, #2841, .T. ) ;
#4329 = CARTESIAN_POINT ( 'NONE',  ( 18.50000000000000000, 27.64981399169673537, 2.265596578422603396E-15 ) ) ;
#4330 = CARTESIAN_POINT ( 'NONE',  ( 15.54259347967698091, -17.05036175921645381, -6.263486683485247397 ) ) ;
#4331 = EDGE_CURVE ( 'NONE', #6531, #1479, #228, .T. ) ;
#4332 = CARTESIAN_POINT ( 'NONE',  ( -0.2641999966546543788, 5.000000000000000000, -26.00000000000000355 ) ) ;
#4333 = MANIFOLD_SOLID_BREP ( 'Revolve1', #464 ) ;
#4334 = ADVANCED_FACE ( 'NONE', ( #2628 ), #3998, .F. ) ;
#4335 = CARTESIAN_POINT ( 'NONE',  ( -18.49999999999999645, 91.24438617259923490, -6.011014380308771443 ) ) ;
#4336 = ADVANCED_FACE ( 'NONE', ( #3222 ), #2218, .F. ) ;
#4337 =( NAMED_UNIT ( * ) SI_UNIT ( $, .STERADIAN. ) SOLID_ANGLE_UNIT ( ) );
#4338 = CARTESIAN_POINT ( 'NONE',  ( -11.43362879187304770, 97.40106523981944520, -15.73703995451274196 ) ) ;
#4339 = CARTESIAN_POINT ( 'NONE',  ( -20.01999882964227595, -1.833259810575975912E-15, 16.52887065100209085 ) ) ;
#4340 = CYLINDRICAL_SURFACE ( 'NONE', #4680, 2.000000000000000000 ) ;
#4341 = DIRECTION ( 'NONE',  ( 0.0000000000000000000, 0.0000000000000000000, -1.000000000000000000 ) ) ;
#4342 = CARTESIAN_POINT ( 'NONE',  ( 8.188950350936110567, 78.63608384064978907, -25.20299768182156797 ) ) ;
#4343 = CARTESIAN_POINT ( 'NONE',  ( -18.49999999999999645, 19.35486979418771725, 6.011014380308765226 ) ) ;
#4344 = CARTESIAN_POINT ( 'NONE',  ( 2.000000000000000888, 2.869526718580583946, -25.92296279363144507 ) ) ;
#4345 = CARTESIAN_POINT ( 'NONE',  ( 18.49999999999998934, 8.294944197509018124, 6.011014380308767002 ) ) ;
#4346 =( NAMED_UNIT ( * ) PLANE_ANGLE_UNIT ( ) SI_UNIT ( $, .RADIAN. ) );
#4347 = CARTESIAN_POINT ( 'NONE',  ( -11.43362879187304770, 81.40106523981945941, -15.73703995451274196 ) ) ;
#4348 = VERTEX_POINT ( 'NONE', #4190 ) ;
#4349 = CARTESIAN_POINT ( 'NONE',  ( 26.50000000000001066, 55.00468378588444551, -8.610371950172012845 ) ) ;
#4350 = CARTESIAN_POINT ( 'NONE',  ( -1.735705879116617334, 1.997794602910380357, 25.94210129801437503 ) ) ;
#4351 = PLANE ( 'NONE',  #3783 ) ;
#4352 = AXIS2_PLACEMENT_3D ( 'NONE', #3137, #4134, #2135 ) ;
#4353 = CARTESIAN_POINT ( 'NONE',  ( -23.33403465333969962, -4.003463425667306730, -11.46856976789784355 ) ) ;
#4354 = CARTESIAN_POINT ( 'NONE',  ( 0.0000000000000000000, -5.800000000000001599, 0.0000000000000000000 ) ) ;
#4355 = DIRECTION ( 'NONE',  ( 1.000000000000000000, 0.0000000000000000000, -0.0000000000000000000 ) ) ;
#4356 = CARTESIAN_POINT ( 'NONE',  ( 26.50000000000000000, 82.02778150870030061, 8.610371950172021727 ) ) ;
#4357 = DIRECTION ( 'NONE',  ( -0.0000000000000000000, -1.000000000000000000, -0.0000000000000000000 ) ) ;
#4358 = ORIENTED_EDGE ( 'NONE', *, *, #1083, .T. ) ;
#4359 = FACE_OUTER_BOUND ( 'NONE', #2199, .T. ) ;
#4360 = AXIS2_PLACEMENT_3D ( 'NONE', #4166, #6191, #1638 ) ;
#4361 = CARTESIAN_POINT ( 'NONE',  ( 11.43362879187305481, 11.98158606306858331, -15.73703995451273840 ) ) ;
#4362 = ORIENTED_EDGE ( 'NONE', *, *, #1363, .F. ) ;
#4363 = CARTESIAN_POINT ( 'NONE',  ( -18.49999999999999289, 83.24438617259923490, -6.011014380308773219 ) ) ;
#4364 = CARTESIAN_POINT ( 'NONE',  ( 0.1320976491733281410, 5.000000000000000888, 26.00000000000001066 ) ) ;
#4365 = B_SPLINE_CURVE_WITH_KNOTS ( 'NONE', 3,
 ( #3620, #2687, #4186, #6117, #1528, #6, #6214, #2654, #4686, #1561, #2060, #5645, #592, #4717 ),
 .UNSPECIFIED., .F., .F.,
 ( 4, 2, 2, 2, 2, 2, 4 ),
 ( 3.368000395320924481E-20, 0.0003910410400281754480, 0.0007820820800563507876, 0.001173123120084526181, 0.001564164160112701575, 0.002346246240169051929, 0.003128328320225401849 ),
 .UNSPECIFIED. ) ;
#4366 = CARTESIAN_POINT ( 'NONE',  ( 15.41017694742528477, -17.40857015400667862, 6.817577047874739726 ) ) ;
#4367 = EDGE_LOOP ( 'NONE', ( #3176, #2668 ) ) ;
#4368 = CARTESIAN_POINT ( 'NONE',  ( 14.96681439593652740, 47.92634425227434036, -10.87402716741075004 ) ) ;
#4369 = SHAPE_DEFINITION_REPRESENTATION ( #5336, #3200 ) ;
#4370 = CARTESIAN_POINT ( 'NONE',  ( 26.50000000000000000, 34.72815352530683697, 8.610371950172021727 ) ) ;
#4371 = CARTESIAN_POINT ( 'NONE',  ( -15.49907504529453028, 3.786728680248098474E-15, 20.21429330330748542 ) ) ;
#4372 = PRODUCT_DEFINITION_SHAPE ( 'NONE', 'NONE',  #6597 ) ;
#4373 =( NAMED_UNIT ( * ) PLANE_ANGLE_UNIT ( ) SI_UNIT ( $, .RADIAN. ) );
#4374 = DIRECTION ( 'NONE',  ( -1.000000000000000000, 0.0000000000000000000, 0.0000000000000000000 ) ) ;
#4375 = LINE ( 'NONE', #3315, #3893 ) ;
#4376 = CARTESIAN_POINT ( 'NONE',  ( 16.37790070187220692, 53.75125124812271338, 22.54224642132905743 ) ) ;
#4377 = ADVANCED_FACE ( 'NONE', ( #5719 ), #3247, .T. ) ;
#4378 = CARTESIAN_POINT ( 'NONE',  ( -25.98076211353319565, -3.000000000000000000, 14.99999999999993960 ) ) ;
#4379 = DIRECTION ( 'NONE',  ( 8.659560562354690037E-17, -0.7071067811865675568, 0.7071067811865275887 ) ) ;
#4380 = SURFACE_SIDE_STYLE ('',( #6100 ) ) ;
#4381 = CARTESIAN_POINT ( 'NONE',  ( 5.716814395936525628, 23.96317212613716663, 17.59454555146034238 ) ) ;
#4382 =( GEOMETRIC_REPRESENTATION_CONTEXT ( 3 ) GLOBAL_UNCERTAINTY_ASSIGNED_CONTEXT ( ( #4599 ) ) GLOBAL_UNIT_ASSIGNED_CONTEXT ( ( #5350, #3321, #110 ) ) REPRESENTATION_CONTEXT ( 'NONE', 'WORKASPACE' ) );
#4383 = CARTESIAN_POINT ( 'NONE',  ( -24.98076211353319565, -2.999999999999999556, 16.73205080756881813 ) ) ;
#4384 = ORIENTED_EDGE ( 'NONE', *, *, #4211, .F. ) ;
#4385 = CARTESIAN_POINT ( 'NONE',  ( 16.37790070187221048, 6.451623264729235530, 22.54224642132906098 ) ) ;
#4386 = CARTESIAN_POINT ( 'NONE',  ( 16.12900059345781045, 15.99999999999998579, 9.750000000000035527 ) ) ;
#4387 = FILL_AREA_STYLE ('',( #733 ) ) ;
#4388 = AXIS2_PLACEMENT_3D ( 'NONE', #6396, #5936, #3906 ) ;
#4389 = CARTESIAN_POINT ( 'NONE',  ( 16.12900059345781045, 15.99999999999998579, 9.750000000000035527 ) ) ;
#4390 = CARTESIAN_POINT ( 'NONE',  ( -0.1319644971640888120, -0.9999999999999997780, 26.00000000000000355 ) ) ;
#4391 = CARTESIAN_POINT ( 'NONE',  ( 8.188950350936110567, 86.63608384064977486, -25.20299768182156797 ) ) ;
#4392 = CARTESIAN_POINT ( 'NONE',  ( -26.50000000000000000, 73.73283731119130380, 0.0000000000000000000 ) ) ;
#4393 = SURFACE_STYLE_USAGE ( .BOTH. , #5298 ) ;
#4394 = VERTEX_POINT ( 'NONE', #1700 ) ;
#4395 = MECHANICAL_DESIGN_GEOMETRIC_PRESENTATION_REPRESENTATION (  '', ( #668 ), #2374 ) ;
#4396 = DIRECTION ( 'NONE',  ( 0.0000000000000000000, 0.0000000000000000000, 1.000000000000000000 ) ) ;
#4397 = CIRCLE ( 'NONE', #1525, 0.1999999999999987899 ) ;
#4398 = CARTESIAN_POINT ( 'NONE',  ( 3.573283826362257527E-15, 21.82490699584835880, -19.45205114840793925 ) ) ;
#4399 = ORIENTED_EDGE ( 'NONE', *, *, #5557, .F. ) ;
#4400 = CARTESIAN_POINT ( 'NONE',  ( -5.716814395936527404, 22.11985119335738403, 17.59454555146033883 ) ) ;
#4401 = AXIS2_PLACEMENT_3D ( 'NONE', #3401, #4928, #6425 ) ;
#4402 = DIRECTION ( 'NONE',  ( -0.0000000000000000000, -1.000000000000000000, 2.152228036460121707E-16 ) ) ;
#4403 = PRESENTATION_LAYER_ASSIGNMENT (  '', '', ( #898 ) ) ;
#4404 = CARTESIAN_POINT ( 'NONE',  ( 14.48111300144776692, -17.99999999999998934, 8.911512802712739045 ) ) ;
#4405 = EDGE_LOOP ( 'NONE', ( #1147, #2669 ) ) ;
#4406 = CARTESIAN_POINT ( 'NONE',  ( -14.96681439593652563, 90.32272570620935426, -10.87402716741075714 ) ) ;
#4407 = CONTEXT_DEPENDENT_SHAPE_REPRESENTATION ( #6099, #4973 ) ;
#4408 = CARTESIAN_POINT ( 'NONE',  ( -21.43895035093610701, 1.843320932779780374, 15.57630918575053869 ) ) ;
#4409 = CIRCLE ( 'NONE', #4731, 17.00000000000000355 ) ;
#4410 = DIRECTION ( 'NONE',  ( 1.000000000000000000, 0.0000000000000000000, 0.0000000000000000000 ) ) ;
#4411 = CARTESIAN_POINT ( 'NONE',  ( 2.081899558550500280E-15, 6.000000000000000000, 17.00000000000000000 ) ) ;
#4412 = CARTESIAN_POINT ( 'NONE',  ( -1.797248298856434223, 2.112828783103711139, -25.93785710842269765 ) ) ;
#4413 = DIRECTION ( 'NONE',  ( 1.133932221432734415E-16, -1.000000000000000000, -0.0000000000000000000 ) ) ;
#4414 = EDGE_CURVE ( 'NONE', #3578, #1075, #5060, .T. ) ;
#4415 = CARTESIAN_POINT ( 'NONE',  ( -16.37790070187220692, 44.53464658422380040, -22.54224642132905743 ) ) ;
#4416 = MANIFOLD_SOLID_BREP ( 'LPattern1', #885 ) ;
#4417 = DIRECTION ( 'NONE',  ( 0.0000000000000000000, 0.9358576391944498640, 0.3523783182339557674 ) ) ;
#4418 = AXIS2_PLACEMENT_3D ( 'NONE', #5930, #4970, #5399 ) ;
#4419 = CARTESIAN_POINT ( 'NONE',  ( 14.96681439593652563, 62.67291171451260112, 10.87402716741075537 ) ) ;
#4420 = CARTESIAN_POINT ( 'NONE',  ( 0.8862691795515422744, 1.202307679747623981, 25.98517263500399466 ) ) ;
#4421 = EDGE_CURVE ( 'NONE', #6220, #1841, #2711, .T. ) ;
#4422 = CARTESIAN_POINT ( 'NONE',  ( 5.716814395936525628, 71.26280010953063027, 17.59454555146034238 ) ) ;
#4423 = MECHANICAL_DESIGN_GEOMETRIC_PRESENTATION_REPRESENTATION (  '', ( #1128 ), #1550 ) ;
#4424 = AXIS2_PLACEMENT_3D ( 'NONE', #1135, #6278, #3129 ) ;
#4425 = EDGE_CURVE ( 'NONE', #2140, #1768, #699, .T. ) ;
#4426 = DIRECTION ( 'NONE',  ( 0.0000000000000000000, 1.000000000000000000, 0.0000000000000000000 ) ) ;
#4427 = ORIENTED_EDGE ( 'NONE', *, *, #3531, .F. ) ;
#4428 = CARTESIAN_POINT ( 'NONE',  ( 8.188950350936110567, 94.63608384064977486, -25.20299768182156797 ) ) ;
#4429 = CARTESIAN_POINT ( 'NONE',  ( 0.0000000000000000000, 4.000000000000000000, 0.0000000000000000000 ) ) ;
#4430 = AXIS2_PLACEMENT_3D ( 'NONE', #1121, #4218, #3213 ) ;
#4431 = CARTESIAN_POINT ( 'NONE',  ( -1.506048976018098617, -4.322433445028881493, -25.95650888898504505 ) ) ;
#4432 = CARTESIAN_POINT ( 'NONE',  ( -10.17629357874269225, -4.228539818807469430, 4.750000000000000000 ) ) ;
#4433 = CARTESIAN_POINT ( 'NONE',  ( -26.50000000000000000, 72.81117684480140895, -8.610371950172025279 ) ) ;
#4434 = CARTESIAN_POINT ( 'NONE',  ( 16.37790070187220692, -1.548376735270759808, 22.54224642132905743 ) ) ;
#4435 = DIRECTION ( 'NONE',  ( -1.000000000000000000, 0.0000000000000000000, 6.982962677686266711E-14 ) ) ;
#4436 = ORIENTED_EDGE ( 'NONE', *, *, #45, .T. ) ;
#4437 = CARTESIAN_POINT ( 'NONE',  ( 22.58155466832404556, -5.000046762611841444, 12.88760719481610550 ) ) ;
#4438 = CARTESIAN_POINT ( 'NONE',  ( 14.96681439593652740, 37.49313492447650731, -10.87402716741075004 ) ) ;
#4439 = CARTESIAN_POINT ( 'NONE',  ( -14.96681439593652563, 71.88951637841152831, -10.87402716741075714 ) ) ;
#4440 = DIRECTION ( 'NONE',  ( 1.000000000000000000, 0.0000000000000000000, 0.0000000000000000000 ) ) ;
#4441 = DIRECTION ( 'NONE',  ( 1.000000000000000000, 0.0000000000000000000, 0.0000000000000000000 ) ) ;
#4442 = ORIENTED_EDGE ( 'NONE', *, *, #2569, .T. ) ;
#4443 = CARTESIAN_POINT ( 'NONE',  ( 14.96681439593652563, 62.67291171451260112, 10.87402716741075537 ) ) ;
#4444 = ITEM_DEFINED_TRANSFORMATION ( 'NONE', 'NONE', #1986,  #2408 ) ;
#4445 = CARTESIAN_POINT ( 'NONE',  ( 3.184081677755131378E-15, 5.000000000000000000, 26.00000000000000355 ) ) ;
#4446 = LINE ( 'NONE', #1512, #5792 ) ;
#4447 = DIRECTION ( 'NONE',  ( 0.0000000000000000000, 0.0000000000000000000, 1.000000000000000000 ) ) ;
#4448 = CARTESIAN_POINT ( 'NONE',  ( -8.188950350936107014, 69.41947917675086899, 25.20299768182156797 ) ) ;
#4449 = CARTESIAN_POINT ( 'NONE',  ( 14.96681439593652563, 25.80649305891694922, 10.87402716741075537 ) ) ;
#4450 = CARTESIAN_POINT ( 'NONE',  ( -14.96681439593652740, 75.57615824397107929, 10.87402716741075359 ) ) ;
#4451 = CARTESIAN_POINT ( 'NONE',  ( -11.43362879187304948, 52.53464658422380040, -15.73703995451274196 ) ) ;
#4452 = FILL_AREA_STYLE ('',( #5768 ) ) ;
#4453 = DIRECTION ( 'NONE',  ( -1.133932221432734415E-16, 1.000000000000000000, 0.0000000000000000000 ) ) ;
#4454 = ORIENTED_EDGE ( 'NONE', *, *, #2473, .T. ) ;
#4455 = CARTESIAN_POINT ( 'NONE',  ( 26.50000000000001066, 91.87110244148010452, -8.610371950172012845 ) ) ;
#4456 = FACE_OUTER_BOUND ( 'NONE', #2007, .T. ) ;
#4457 = CARTESIAN_POINT ( 'NONE',  ( 21.59909009074365116, -4.003463425667306730, -14.47358189862957190 ) ) ;
#4458 = CARTESIAN_POINT ( 'NONE',  ( -23.00153547642137397, -4.735289409808081551, -12.12192743472674117 ) ) ;
#4459 = DIRECTION ( 'NONE',  ( 1.000000000000000000, -0.0000000000000000000, -0.0000000000000000000 ) ) ;
#4460 = CARTESIAN_POINT ( 'NONE',  ( 8.188950350936110567, 68.20287451285194891, -25.20299768182156797 ) ) ;
#4461 = CARTESIAN_POINT ( 'NONE',  ( 5.118487643167557865E-15, 79.55774430703965550, -27.86374894231408206 ) ) ;
#4462 = ORIENTED_EDGE ( 'NONE', *, *, #2535, .T. ) ;
#4463 = CARTESIAN_POINT ( 'NONE',  ( 22.94673683506586670, -4.797922106088460481, 12.22546308705057072 ) ) ;
#4464 = CARTESIAN_POINT ( 'NONE',  ( -5.716814395936527404, 77.41947917675086899, 17.59454555146033883 ) ) ;
#4465 = CARTESIAN_POINT ( 'NONE',  ( -11.43362879187304948, 52.53464658422380040, -15.73703995451274196 ) ) ;
#4466 = ADVANCED_FACE ( 'NONE', ( #6380 ), #377, .T. ) ;
#4467 = DIRECTION ( 'NONE',  ( 0.0000000000000000000, 0.0000000000000000000, 1.000000000000000000 ) ) ;
#4468 = ORIENTED_EDGE ( 'NONE', *, *, #1506, .T. ) ;
#4469 = EDGE_LOOP ( 'NONE', ( #2602, #5894 ) ) ;
#4470 = ORIENTED_EDGE ( 'NONE', *, *, #2878, .F. ) ;
#4471 =( NAMED_UNIT ( * ) PLANE_ANGLE_UNIT ( ) SI_UNIT ( $, .RADIAN. ) );
#4472 =( NAMED_UNIT ( * ) SI_UNIT ( $, .STERADIAN. ) SOLID_ANGLE_UNIT ( ) );
#4473 = CYLINDRICAL_SURFACE ( 'NONE', #2452, 16.99999999999999289 ) ;
#4474 = DIRECTION ( 'NONE',  ( -0.0000000000000000000, 1.000000000000000000, -0.0000000000000000000 ) ) ;
#4475 = CARTESIAN_POINT ( 'NONE',  ( -1.735705879116616890, -4.002205397089619865, 25.94210129801437503 ) ) ;
#4476 = CARTESIAN_POINT ( 'NONE',  ( -26.50000000000000000, 84.16604663898912975, 0.0000000000000000000 ) ) ;
#4477 = CARTESIAN_POINT ( 'NONE',  ( 14.96681439593652740, 29.49313492447651797, -10.87402716741075004 ) ) ;
#4478 = DIRECTION ( 'NONE',  ( 0.0000000000000000000, 1.364088399844866250E-16, 1.000000000000000000 ) ) ;
#4479 = CARTESIAN_POINT ( 'NONE',  ( -14.96681439593652740, 9.843320932779775490, 10.87402716741075359 ) ) ;
#4480 = B_SPLINE_CURVE_WITH_KNOTS ( 'NONE', 3,
 ( #4582, #3621, #7, #5646 ),
 .UNSPECIFIED., .F., .F.,
 ( 4, 4 ),
 ( 0.01892720167044920423, 0.03547661103121970555 ),
 .UNSPECIFIED. ) ;
#4481 = CARTESIAN_POINT ( 'NONE',  ( 11.43362879187305481, 30.41479539086640571, -15.73703995451273840 ) ) ;
#4482 = DIRECTION ( 'NONE',  ( -0.0000000000000000000, 1.000000000000000000, -0.0000000000000000000 ) ) ;
#4483 = CARTESIAN_POINT ( 'NONE',  ( -22.77201251315803887, -1.064157603391330920, -12.54797946750914939 ) ) ;
#4484 = VERTEX_POINT ( 'NONE', #1322 ) ;
#4485 = CARTESIAN_POINT ( 'NONE',  ( -26.50000000000000000, 0.9216604663898887440, 8.610371950172016398 ) ) ;
#4486 = CARTESIAN_POINT ( 'NONE',  ( 1.322434559375260443, -1.493952002342213037, 25.96651100595100203 ) ) ;
#4487 = CARTESIAN_POINT ( 'NONE',  ( 0.0000000000000000000, -0.2000000000000065892, 0.0000000000000000000 ) ) ;
#4488 = CARTESIAN_POINT ( 'NONE',  ( -16.37790070187220692, 70.96785591202160504, -22.54224642132906098 ) ) ;
#4489 = CARTESIAN_POINT ( 'NONE',  ( -21.43895035093611057, 30.70973958837542739, 15.57630918575053691 ) ) ;
#4490 = DIRECTION ( 'NONE',  ( -0.0000000000000000000, 1.000000000000000000, 0.0000000000000000000 ) ) ;
#4491 = ORIENTED_EDGE ( 'NONE', *, *, #94, .F. ) ;
#4492 = SURFACE_STYLE_USAGE ( .BOTH. , #5063 ) ;
#4493 = CARTESIAN_POINT ( 'NONE',  ( -14.96681439593652740, 9.843320932779775490, 10.87402716741075359 ) ) ;
#4494 = EDGE_CURVE ( 'NONE', #867, #3038, #2857, .T. ) ;
#4495 = CARTESIAN_POINT ( 'NONE',  ( 14.96681439593652563, 62.67291171451260112, 10.87402716741075537 ) ) ;
#4496 = COLOUR_RGB ( '',1.000000000000000000, 0.0000000000000000000, 0.0000000000000000000 ) ;
#4497 = CARTESIAN_POINT ( 'NONE',  ( 0.0000000000000000000, 0.0000000000000000000, 0.0000000000000000000 ) ) ;
#4498 = AXIS2_PLACEMENT_3D ( 'NONE', #5425, #1425, #3858 ) ;
#4499 = VERTEX_POINT ( 'NONE', #854 ) ;
#4500 = EDGE_LOOP ( 'NONE', ( #636, #4104 ) ) ;
#4501 = ADVANCED_FACE ( 'NONE', ( #1290 ), #1358, .T. ) ;
#4502 = ORIENTED_EDGE ( 'NONE', *, *, #3375, .T. ) ;
#4503 = CARTESIAN_POINT ( 'NONE',  ( 21.44994432064378742, 3.261048135279914995, -14.69353220438440033 ) ) ;
#4504 = AXIS2_PLACEMENT_3D ( 'NONE', #6046, #4049, #6177 ) ;
#4505 = CARTESIAN_POINT ( 'NONE',  ( -23.36160761372284966, 2.113461709158678481, -11.41217863336168392 ) ) ;
#4506 = CARTESIAN_POINT ( 'NONE',  ( 5.716814395936530069, 60.20287451285195601, -17.59454555146033528 ) ) ;
#4507 = AXIS2_PLACEMENT_3D ( 'NONE', #3653, #5681, #1695 ) ;
#4508 = CARTESIAN_POINT ( 'NONE',  ( -25.00000000000000000, 12.43417972286980344, -4.200000000000000178 ) ) ;
#4509 = CARTESIAN_POINT ( 'NONE',  ( 3.573283826362257527E-15, 21.82490699584835880, -19.45205114840793925 ) ) ;
#4510 = CARTESIAN_POINT ( 'NONE',  ( -14.96681439593652563, 53.45630705061369525, -10.87402716741075714 ) ) ;
#4511 = SURFACE_SIDE_STYLE ('',( #3490 ) ) ;
#4512 = DIRECTION ( 'NONE',  ( 0.5000000000000101030, 0.0000000000000000000, -0.8660254037844328234 ) ) ;
#4513 = ORIENTED_EDGE ( 'NONE', *, *, #3849, .F. ) ;
#4514 = CIRCLE ( 'NONE', #6217, 11.01986842026709823 ) ;
#4515 = COLOUR_RGB ( '',1.000000000000000000, 1.000000000000000000, 1.000000000000000000 ) ;
#4516 = CARTESIAN_POINT ( 'NONE',  ( 8.188950350936103462, 68.82959078173280432, 25.20299768182156797 ) ) ;
#4517 = DIRECTION ( 'NONE',  ( 0.8660254037844362651, 0.0000000000000000000, 0.5000000000000039968 ) ) ;
#4518 = CARTESIAN_POINT ( 'NONE',  ( -26.98076211353309972, -2.999999999999999556, -13.26794919243124760 ) ) ;
#4519 = CYLINDRICAL_SURFACE ( 'NONE', #882, 8.000000000000000000 ) ;
#4520 = AXIS2_PLACEMENT_3D ( 'NONE', #1296, #3297, #2862 ) ;
#4521 = SURFACE_SIDE_STYLE ('',( #2496 ) ) ;
#4522 = CARTESIAN_POINT ( 'NONE',  ( 22.38579416835774438, 1.000093912559427034, 13.22665268454016996 ) ) ;
#4523 = MECHANICAL_DESIGN_GEOMETRIC_PRESENTATION_REPRESENTATION (  '', ( #4951 ), #2722 ) ;
#4524 = CARTESIAN_POINT ( 'NONE',  ( -14.96681439593652740, -6.156679067220217405, 10.87402716741075359 ) ) ;
#4525 = DIRECTION ( 'NONE',  ( 1.000000000000000000, 0.0000000000000000000, 0.0000000000000000000 ) ) ;
#4526 = ORIENTED_EDGE ( 'NONE', *, *, #6415, .F. ) ;
#4527 = SURFACE_STYLE_FILL_AREA ( #2500 ) ;
#4528 = CARTESIAN_POINT ( 'NONE',  ( 11.43362879187305481, 85.71442337425989422, -15.73703995451273840 ) ) ;
#4529 = AXIS2_PLACEMENT_3D ( 'NONE', #4508, #4478, #886 ) ;
#4530 = CARTESIAN_POINT ( 'NONE',  ( 14.96681439593652740, 66.35955358007217342, -10.87402716741075004 ) ) ;
#4531 = CIRCLE ( 'NONE', #3151, 8.000000000000000000 ) ;
#4532 =( REPRESENTATION_RELATIONSHIP ('NONE','NONE', #3455, #2772 ) REPRESENTATION_RELATIONSHIP_WITH_TRANSFORMATION ( #1201 )SHAPE_REPRESENTATION_RELATIONSHIP( ) );
#4533 = ORIENTED_EDGE ( 'NONE', *, *, #2744, .T. ) ;
#4534 = DIRECTION ( 'NONE',  ( 0.0000000000000000000, -0.0000000000000000000, 1.000000000000000000 ) ) ;
#4535 = CARTESIAN_POINT ( 'NONE',  ( 26.50000000000001066, 55.00468378588444551, -8.610371950172012845 ) ) ;
#4536 = COLOUR_RGB ( '',1.000000000000000000, 0.0000000000000000000, 0.0000000000000000000 ) ;
#4537 = ORIENTED_EDGE ( 'NONE', *, *, #2956, .F. ) ;
#4538 = ORIENTED_EDGE ( 'NONE', *, *, #5537, .T. ) ;
#4539 = MANIFOLD_SOLID_BREP ( 'Cut-Extrude2', #999 ) ;
#4540 = VERTEX_POINT ( 'NONE', #3785 ) ;
#4541 = EDGE_CURVE ( 'NONE', #2742, #6163, #587, .T. ) ;
#4542 = ADVANCED_FACE ( 'NONE', ( #2928 ), #397, .T. ) ;
#4543 = CARTESIAN_POINT ( 'NONE',  ( 21.99861721356566946, 4.735267902271488083, -13.85902850677160814 ) ) ;
#4544 = CARTESIAN_POINT ( 'NONE',  ( -23.44994432064367729, -3.000000000000000000, 11.22943058924678894 ) ) ;
#4545 = CARTESIAN_POINT ( 'NONE',  ( -5.716814395936527404, 50.98626984895305014, 17.59454555146033528 ) ) ;
#4546 = EDGE_CURVE ( 'NONE', #667, #2137, #3521, .T. ) ;
#4547 = CARTESIAN_POINT ( 'NONE',  ( -14.96681439593652740, 28.27653026057760144, 10.87402716741075359 ) ) ;
#4548 = CARTESIAN_POINT ( 'NONE',  ( -18.49999999999998934, 35.94475818920576415, -6.011014380308772331 ) ) ;
#4549 = CARTESIAN_POINT ( 'NONE',  ( 25.75000000000001066, -23.79999999999998295, 0.0000000000000000000 ) ) ;
#4550 = CARTESIAN_POINT ( 'NONE',  ( 23.10219314106732469, 4.589955326101715194, 11.92897743032977687 ) ) ;
#4551 = EDGE_LOOP ( 'NONE', ( #3324, #3536 ) ) ;
#4552 = CARTESIAN_POINT ( 'NONE',  ( -26.50000000000000000, 37.78807912198552543, 8.610371950172016398 ) ) ;
#4553 = DIRECTION ( 'NONE',  ( 1.133932221432734415E-16, -1.000000000000000000, -0.0000000000000000000 ) ) ;
#4554 = EDGE_CURVE ( 'NONE', #6228, #3470, #957, .T. ) ;
#4555 = FACE_OUTER_BOUND ( 'NONE', #1477, .T. ) ;
#4556 = CARTESIAN_POINT ( 'NONE',  ( 26.50000000000000000, 74.02778150870032903, 8.610371950172021727 ) ) ;
#4557 = FACE_OUTER_BOUND ( 'NONE', #3424, .T. ) ;
#4558 = CARTESIAN_POINT ( 'NONE',  ( -21.99861721356556998, -1.264732097728512583, 13.85902850677176090 ) ) ;
#4559 = UNCERTAINTY_MEASURE_WITH_UNIT (LENGTH_MEASURE( 1.000000000000000082E-05 ), #3581, 'distance_accuracy_value', 'NONE');
#4560 = CARTESIAN_POINT ( 'NONE',  ( -18.49999999999999645, 44.86641865559565190, 0.0000000000000000000 ) ) ;
#4561 = CARTESIAN_POINT ( 'NONE',  ( 5.716814395936530069, 49.76966518505413006, -17.59454555146033883 ) ) ;
#4562 = DIRECTION ( 'NONE',  ( 0.0000000000000000000, 0.0000000000000000000, 1.000000000000000000 ) ) ;
#4563 = CARTESIAN_POINT ( 'NONE',  ( -8.188950350936101685, 96.47940477342955035, -25.20299768182156797 ) ) ;
#4564 = VERTEX_POINT ( 'NONE', #4077 ) ;
#4565 = EDGE_LOOP ( 'NONE', ( #474, #2042, #1441, #3607 ) ) ;
#4566 = B_SPLINE_CURVE_WITH_KNOTS ( 'NONE', 3,
 ( #4679, #5674, #4749, #171, #6174, #680, #644, #5148, #1154, #5610, #1589, #2719, #3678, #2681, #1186, #1054, #3645, #3117, #6209, #2178 ),
 .UNSPECIFIED., .F., .F.,
 ( 4, 2, 2, 2, 2, 2, 2, 2, 2, 4 ),
 ( 2.309796044257371166E-07, 0.001018350681937575100, 0.002036470384270724476, 0.003054590086603873635, 0.004072709788937023227, 0.005090829491270172820, 0.005599889342436746749, 0.006108949193603319811, 0.007127068895936470271, 0.008145188598269620731 ),
 .UNSPECIFIED. ) ;
#4567 = ORIENTED_EDGE ( 'NONE', *, *, #1363, .T. ) ;
#4568 = UNCERTAINTY_MEASURE_WITH_UNIT (LENGTH_MEASURE( 1.000000000000000082E-05 ), #5558, 'distance_accuracy_value', 'NONE');
#4569 = CARTESIAN_POINT ( 'NONE',  ( -23.44428457930162679, 2.736842684550173210, -11.24127121404009344 ) ) ;
#4570 = CARTESIAN_POINT ( 'NONE',  ( -18.49999999999999645, 10.43320932779782595, 0.0000000000000000000 ) ) ;
#4571 = PRODUCT_DEFINITION ( 'UNKNOWN', '', #6398, #3214 ) ;
#4572 = CARTESIAN_POINT ( 'NONE',  ( -18.49999999999999645, 81.73283731119130380, 0.0000000000000000000 ) ) ;
#4573 = CARTESIAN_POINT ( 'NONE',  ( -11.43362879187304948, 76.49781871036094572, 15.73703995451273840 ) ) ;
#4574 = CARTESIAN_POINT ( 'NONE',  ( 0.0000000000000000000, 1.827185884513205933E-16, -4.750000000000000000 ) ) ;
#4575 = ADVANCED_FACE ( 'NONE', ( #930 ), #2519, .T. ) ;
#4576 = CARTESIAN_POINT ( 'NONE',  ( 21.59247860801774266, 4.008002518535338510, 14.48360827578887111 ) ) ;
#4577 = ORIENTED_EDGE ( 'NONE', *, *, #839, .T. ) ;
#4578 = CARTESIAN_POINT ( 'NONE',  ( 16.37790070187221048, 61.75125124812272048, 22.54224642132906098 ) ) ;
#4579 =( NAMED_UNIT ( * ) SI_UNIT ( $, .STERADIAN. ) SOLID_ANGLE_UNIT ( ) );
#4580 = DIRECTION ( 'NONE',  ( 1.133932221432734415E-16, -1.000000000000000000, -0.0000000000000000000 ) ) ;
#4581 = DIRECTION ( 'NONE',  ( -0.0000000000000000000, -1.000000000000000000, -0.0000000000000000000 ) ) ;
#4582 = CARTESIAN_POINT ( 'NONE',  ( 15.14730192041213819, -12.99999999999994849, -4.199999999999997513 ) ) ;
#4583 = CARTESIAN_POINT ( 'NONE',  ( 22.25053017230944619, 1.052633269700344654, 13.45257901230772113 ) ) ;
#4584 = CARTESIAN_POINT ( 'NONE',  ( 26.50000000000000000, 37.16136285310467713, 8.610371950172021727 ) ) ;
#4585 = CARTESIAN_POINT ( 'NONE',  ( 0.0000000000000000000, 5.800000000000000711, 25.80000000000000426 ) ) ;
#4586 = CARTESIAN_POINT ( 'NONE',  ( -23.27358919188906938, -1.769151663210869918, 11.59198990613853830 ) ) ;
#4587 = VERTEX_POINT ( 'NONE', #5578 ) ;
#4588 = CARTESIAN_POINT ( 'NONE',  ( 18.49999999999999289, 53.16136285310467002, 6.011014380308770555 ) ) ;
#4589 = DIRECTION ( 'NONE',  ( 1.133932221432734415E-16, -1.000000000000000000, -0.0000000000000000000 ) ) ;
#4590 = CARTESIAN_POINT ( 'NONE',  ( -4.577024007726038235, 92.16604663898935712, -21.84791370515278075 ) ) ;
#4591 = CARTESIAN_POINT ( 'NONE',  ( -21.44994432064368794, 2.869445781120783856, 14.69353220438454777 ) ) ;
#4592 = CARTESIAN_POINT ( 'NONE',  ( 15.58845726811978949, -3.000000000000000000, 9.000000000000181188 ) ) ;
#4593 = FACE_OUTER_BOUND ( 'NONE', #378, .T. ) ;
#4594 = CARTESIAN_POINT ( 'NONE',  ( 8.188950350936110567, 94.63608384064977486, -25.20299768182156797 ) ) ;
#4595 = ORIENTED_EDGE ( 'NONE', *, *, #4175, .F. ) ;
#4596 = VERTEX_POINT ( 'NONE', #5611 ) ;
#4597 = CIRCLE ( 'NONE', #1095, 3.999999999999998224 ) ;
#4598 = EDGE_LOOP ( 'NONE', ( #3203, #507, #163, #3795 ) ) ;
#4599 = UNCERTAINTY_MEASURE_WITH_UNIT (LENGTH_MEASURE( 1.000000000000000082E-05 ), #5350, 'distance_accuracy_value', 'NONE');
#4600 = CIRCLE ( 'NONE', #1102, 2.000000000000000444 ) ;
#4601 = FACE_BOUND ( 'NONE', #2404, .T. ) ;
#4602 = PLANE ( 'NONE',  #4626 ) ;
#4603 = CARTESIAN_POINT ( 'NONE',  ( -1.019346340203960930E-23, -5.000000000000000000, -26.00000000000000355 ) ) ;
#4604 = MECHANICAL_DESIGN_GEOMETRIC_PRESENTATION_REPRESENTATION (  '', ( #2056 ), #6298 ) ;
#4605 = AXIS2_PLACEMENT_3D ( 'NONE', #2102, #3661, #17 ) ;
#4606 = CARTESIAN_POINT ( 'NONE',  ( 18.49999999999999289, 18.72815352530684407, 6.011014380308770555 ) ) ;
#4607 = AXIS2_PLACEMENT_3D ( 'NONE', #560, #598, #2627 ) ;
#4608 = DIRECTION ( 'NONE',  ( 0.0000000000000000000, 0.0000000000000000000, 1.000000000000000000 ) ) ;
#4609 = CARTESIAN_POINT ( 'NONE',  ( -14.96681439593652563, 61.45630705061369525, -10.87402716741075714 ) ) ;
#4610 = CIRCLE ( 'NONE', #240, 2.000000000000000888 ) ;
#4611 = CARTESIAN_POINT ( 'NONE',  ( 3.573283826362257527E-15, 87.55774430703964128, -19.45205114840794280 ) ) ;
#4612 = EDGE_CURVE ( 'NONE', #3538, #3760, #4141, .T. ) ;
#4613 = DIRECTION ( 'NONE',  ( -1.000000000000000000, 0.0000000000000000000, 0.0000000000000000000 ) ) ;
#4614 = FACE_OUTER_BOUND ( 'NONE', #6555, .T. ) ;
#4615 = ORIENTED_EDGE ( 'NONE', *, *, #4956, .T. ) ;
#4616 = CARTESIAN_POINT ( 'NONE',  ( -26.50000000000000000, 35.94475818920576415, -8.610371950172025279 ) ) ;
#4617 = CARTESIAN_POINT ( 'NONE',  ( 0.0000000000000000000, 17.99999999999998934, 0.0000000000000000000 ) ) ;
#4618 = MECHANICAL_DESIGN_GEOMETRIC_PRESENTATION_REPRESENTATION (  '', ( #6432 ), #140 ) ;
#4619 = ADVANCED_FACE ( 'NONE', ( #6577 ), #5551, .F. ) ;
#4620 = FACE_BOUND ( 'NONE', #6136, .T. ) ;
#4621 = FACE_BOUND ( 'NONE', #911, .T. ) ;
#4622 =( NAMED_UNIT ( * ) SI_UNIT ( $, .STERADIAN. ) SOLID_ANGLE_UNIT ( ) );
#4623 = EDGE_CURVE ( 'NONE', #221, #3140, #1435, .T. ) ;
#4624 = CARTESIAN_POINT ( 'NONE',  ( 3.573283826362257527E-15, 42.69132565144401781, -19.45205114840793925 ) ) ;
#4625 = AXIS2_PLACEMENT_3D ( 'NONE', #1262, #3295, #4888 ) ;
#4626 = AXIS2_PLACEMENT_3D ( 'NONE', #32, #4795, #1112 ) ;
#4627 = CARTESIAN_POINT ( 'NONE',  ( 17.04800655806485210, 15.53768520441615131, -7.624970189442153767 ) ) ;
#4628 = CARTESIAN_POINT ( 'NONE',  ( 21.44994432064347833, -3.000000000000000444, 14.69353220438484797 ) ) ;
#4629 = ORIENTED_EDGE ( 'NONE', *, *, #2250, .F. ) ;
#4630 = CARTESIAN_POINT ( 'NONE',  ( -5.716814395936527404, 48.55306052115520998, 17.59454555146033528 ) ) ;
#4631 = DIRECTION ( 'NONE',  ( 0.0000000000000000000, 1.000000000000000000, 0.0000000000000000000 ) ) ;
#4632 = CARTESIAN_POINT ( 'NONE',  ( -5.149399036872030599, 92.16604663898935712, -22.58669511395864404 ) ) ;
#4633 = AXIS2_PLACEMENT_3D ( 'NONE', #701, #2764, #5851 ) ;
#4634 = COLOUR_RGB ( '',1.000000000000000000, 0.0000000000000000000, 0.0000000000000000000 ) ;
#4635 = CARTESIAN_POINT ( 'NONE',  ( -23.44433045744186472, 2.737824737205076797, 11.24117517500165064 ) ) ;
#4636 = CARTESIAN_POINT ( 'NONE',  ( 0.0000000000000000000, 6.000000000000000000, 0.0000000000000000000 ) ) ;
#4637 = DIRECTION ( 'NONE',  ( 0.8660254037844397068, 0.0000000000000000000, -0.4999999999999979461 ) ) ;
#4638 = CARTESIAN_POINT ( 'NONE',  ( 16.37790070187221758, 48.84800471866423521, -22.54224642132905743 ) ) ;
#4639 = DIRECTION ( 'NONE',  ( 0.0000000000000000000, 0.0000000000000000000, -1.000000000000000000 ) ) ;
#4640 = ORIENTED_EDGE ( 'NONE', *, *, #4900, .T. ) ;
#4641 = ORIENTED_EDGE ( 'NONE', *, *, #6042, .T. ) ;
#4642 = AXIS2_PLACEMENT_3D ( 'NONE', #6283, #3752, #1233 ) ;
#4643 = DIRECTION ( 'NONE',  ( 0.2482201192023351655, -0.9687036556260012476, 0.0000000000000000000 ) ) ;
#4644 = CARTESIAN_POINT ( 'NONE',  ( 0.0000000000000000000, 166.0000000000000000, 0.0000000000000000000 ) ) ;
#4645 = DIRECTION ( 'NONE',  ( -1.000000000000000000, 7.027923052891238635E-17, 0.0000000000000000000 ) ) ;
#4646 = CARTESIAN_POINT ( 'NONE',  ( 5.716814395936530069, 41.76966518505413006, -17.59454555146033528 ) ) ;
#4647 = CARTESIAN_POINT ( 'NONE',  ( -11.43362879187304770, 42.10143725642596735, -15.73703995451274196 ) ) ;
#4648 = CARTESIAN_POINT ( 'NONE',  ( -18.37153039526681653, 6.731724401312672489E-16, 2.658507367067462823 ) ) ;
#4649 = DIRECTION ( 'NONE',  ( 0.0000000000000000000, 0.0000000000000000000, -1.000000000000000000 ) ) ;
#4650 = CARTESIAN_POINT ( 'NONE',  ( 0.0000000000000000000, 17.99999999999998934, 0.0000000000000000000 ) ) ;
#4651 = CARTESIAN_POINT ( 'NONE',  ( -21.43895035093610701, 38.70973958837543449, 15.57630918575053869 ) ) ;
#4652 = DIRECTION ( 'NONE',  ( 1.133932221432734415E-16, -1.000000000000000000, -0.0000000000000000000 ) ) ;
#4653 = CARTESIAN_POINT ( 'NONE',  ( -1.001504370743216965, 4.736096231509822729, 25.98093150176118726 ) ) ;
#4654 = CARTESIAN_POINT ( 'NONE',  ( -1.897850205834270110, -2.355522969283996293, -25.93069022737927298 ) ) ;
#4655 = PRESENTATION_STYLE_ASSIGNMENT (( #3685 ) ) ;
#4656 = CARTESIAN_POINT ( 'NONE',  ( 21.56420637828257370, 2.112867541137978034, 14.52541005916206274 ) ) ;
#4657 = CARTESIAN_POINT ( 'NONE',  ( -11.43362879187305481, 50.06460938256315529, 15.73703995451274018 ) ) ;
#4658 = CARTESIAN_POINT ( 'NONE',  ( 17.11552074843572058, 15.38797120952383857, -7.328842154319451296 ) ) ;
#4659 = DIRECTION ( 'NONE',  ( -0.4999999999999983902, 0.0000000000000000000, -0.8660254037844397068 ) ) ;
#4660 = VERTEX_POINT ( 'NONE', #4681 ) ;
#4661 = CARTESIAN_POINT ( 'NONE',  ( 18.49999999999999289, 71.59457218090248887, 6.011014380308770555 ) ) ;
#4662 = DIRECTION ( 'NONE',  ( 1.000000000000000000, 1.347358039593636473E-16, 0.0000000000000000000 ) ) ;
#4663 = CARTESIAN_POINT ( 'NONE',  ( -15.43679663368584620, 92.16604663898937133, -20.25233838285483046 ) ) ;
#4664 = PLANE ( 'NONE',  #6518 ) ;
#4665 = CARTESIAN_POINT ( 'NONE',  ( -14.29545382280672605, -17.99999999999998579, -9.200000000000033040 ) ) ;
#4666 = CARTESIAN_POINT ( 'NONE',  ( -26.98076211353319209, 3.000000000000000000, 13.26794919243105753 ) ) ;
#4667 = CARTESIAN_POINT ( 'NONE',  ( 26.50000000000000000, 27.64981399169673537, 3.245314017740485765E-15 ) ) ;
#4668 = ORIENTED_EDGE ( 'NONE', *, *, #3410, .F. ) ;
#4669 = ORIENTED_EDGE ( 'NONE', *, *, #964, .F. ) ;
#4670 = EDGE_CURVE ( 'NONE', #5570, #6155, #265, .T. ) ;
#4671 = VERTEX_POINT ( 'NONE', #4712 ) ;
#4672 = CARTESIAN_POINT ( 'NONE',  ( 0.0000000000000000000, 0.0000000000000000000, 0.0000000000000000000 ) ) ;
#4673 = DIRECTION ( 'NONE',  ( -0.0000000000000000000, 1.000000000000000000, -0.0000000000000000000 ) ) ;
#4674 = PRESENTATION_STYLE_ASSIGNMENT (( #613 ) ) ;
#4675 = CARTESIAN_POINT ( 'NONE',  ( 5.716814395936525628, 71.26280010953063027, 17.59454555146034238 ) ) ;
#4676 = SURFACE_STYLE_FILL_AREA ( #3152 ) ;
#4677 = CARTESIAN_POINT ( 'NONE',  ( -1.191094608787419176E-15, 31.04151165974727533, 19.45205114840793925 ) ) ;
#4678 = DIRECTION ( 'NONE',  ( 0.0000000000000000000, 0.0000000000000000000, 1.000000000000000000 ) ) ;
#4679 = CARTESIAN_POINT ( 'NONE',  ( -16.12900059345780690, 15.99999999999998579, 9.750000000000035527 ) ) ;
#4680 = AXIS2_PLACEMENT_3D ( 'NONE', #2950, #5942, #2449 ) ;
#4681 = CARTESIAN_POINT ( 'NONE',  ( 2.081899558550499491E-15, 40.00000000000000711, -16.99999999999998579 ) ) ;
#4682 = CARTESIAN_POINT ( 'NONE',  ( -26.50000000000000000, 73.73283731119130380, 0.0000000000000000000 ) ) ;
#4683 = CARTESIAN_POINT ( 'NONE',  ( 22.77068091045530096, -1.063422543285150956, -12.55039573432403976 ) ) ;
#4684 = FILL_AREA_STYLE ('',( #4223 ) ) ;
#4685 = ADVANCED_BREP_SHAPE_REPRESENTATION ( '', ( #6509, #2408 ), #5911 ) ;
#4686 = CARTESIAN_POINT ( 'NONE',  ( 1.322517771194426706, -1.494023112691460486, -25.96650680336587058 ) ) ;
#4687 = DIRECTION ( 'NONE',  ( 1.133932221432734415E-16, -1.000000000000000000, -0.0000000000000000000 ) ) ;
#4688 = CARTESIAN_POINT ( 'NONE',  ( -18.49999999999999645, 10.43320932779782595, 0.0000000000000000000 ) ) ;
#4689 = LINE ( 'NONE', #2155, #2168 ) ;
#4690 = ORIENTED_EDGE ( 'NONE', *, *, #5108, .F. ) ;
#4691 = CARTESIAN_POINT ( 'NONE',  ( -11.43362879187304770, 60.53464658422380040, -15.73703995451274196 ) ) ;
#4692 = DIRECTION ( 'NONE',  ( 1.000000000000000000, 1.119229979353040281E-16, 0.0000000000000000000 ) ) ;
#4693 = CARTESIAN_POINT ( 'NONE',  ( -25.05485739023115599, 92.16604663898935712, -8.309809129492128577 ) ) ;
#4694 = PRESENTATION_STYLE_ASSIGNMENT (( #3790 ) ) ;
#4695 = CARTESIAN_POINT ( 'NONE',  ( -15.63546001219214610, -16.49267311604751640, -5.618149460660729844 ) ) ;
#4696 = CARTESIAN_POINT ( 'NONE',  ( 23.44994432064375545, -3.000000000000000000, -11.22943058924662552 ) ) ;
#4697 = CONTEXT_DEPENDENT_SHAPE_REPRESENTATION ( #4532, #5391 ) ;
#4698 = CARTESIAN_POINT ( 'NONE',  ( -16.37790070187220692, 34.10143725642598156, -22.54224642132906098 ) ) ;
#4699 = ORIENTED_EDGE ( 'NONE', *, *, #2304, .T. ) ;
#4700 = VERTEX_POINT ( 'NONE', #3251 ) ;
#4701 = EDGE_CURVE ( 'NONE', #6482, #6453, #478, .T. ) ;
#4702 = VERTEX_POINT ( 'NONE', #1657 ) ;
#4703 = EDGE_CURVE ( 'NONE', #413, #4957, #3617, .T. ) ;
#4704 = CARTESIAN_POINT ( 'NONE',  ( 11.62444386751202074, 2.978641430428004000, 0.0000000000000000000 ) ) ;
#4705 = CARTESIAN_POINT ( 'NONE',  ( 3.573283826362257527E-15, 79.55774430703965550, -19.45205114840793925 ) ) ;
#4706 =( GEOMETRIC_REPRESENTATION_CONTEXT ( 3 ) GLOBAL_UNCERTAINTY_ASSIGNED_CONTEXT ( ( #1076 ) ) GLOBAL_UNIT_ASSIGNED_CONTEXT ( ( #3391, #4346, #6062 ) ) REPRESENTATION_CONTEXT ( 'NONE', 'WORKASPACE' ) );
#4707 =( NAMED_UNIT ( * ) SI_UNIT ( $, .STERADIAN. ) SOLID_ANGLE_UNIT ( ) );
#4708 = CARTESIAN_POINT ( 'NONE',  ( 5.716814395936530069, 76.20287451285194891, -17.59454555146033528 ) ) ;
#4709 = FACE_OUTER_BOUND ( 'NONE', #3141, .T. ) ;
#4710 = CARTESIAN_POINT ( 'NONE',  ( 0.0000000000000000000, 0.0000000000000000000, 0.0000000000000000000 ) ) ;
#4711 = VECTOR ( 'NONE', #2735, 1000.000000000000000 ) ;
#4712 = CARTESIAN_POINT ( 'NONE',  ( -14.58845726811984456, -3.000000000000000000, -10.73205080756894425 ) ) ;
#4713 = CARTESIAN_POINT ( 'NONE',  ( 8.188950350936103462, 34.39638145393499258, 25.20299768182156797 ) ) ;
#4714 = CARTESIAN_POINT ( 'NONE',  ( 21.67575233507315957, -1.769151663210872583, 14.35952452434981375 ) ) ;
#4715 = CLOSED_SHELL ( 'NONE', ( #1617, #3163, #2512, #1082, #2748, #215, #1280, #1787, #96, #1088, #5279, #5867, #4377, #3565, #1205, #3322, #4018, #4289, #6285, #2921, #4619, #5310, #5103, #5593, #10, #4254 ) ) ;
#4716 = DIRECTION ( 'NONE',  ( 1.000000000000000000, -0.0000000000000000000, -0.0000000000000000000 ) ) ;
#4717 = CARTESIAN_POINT ( 'NONE',  ( 2.000000000000000000, -3.000000000000000000, -25.92296279363144151 ) ) ;
#4718 =( NAMED_UNIT ( * ) SI_UNIT ( $, .STERADIAN. ) SOLID_ANGLE_UNIT ( ) );
#4719 = FILL_AREA_STYLE ('',( #4782 ) ) ;
#4720 = CARTESIAN_POINT ( 'NONE',  ( -1.191094608787419176E-15, 15.04151165974728066, 19.45205114840793925 ) ) ;
#4721 = CARTESIAN_POINT ( 'NONE',  ( 16.99960997737519719, 13.20470622367260916, -5.259200945635072344 ) ) ;
#4722 = PRESENTATION_STYLE_ASSIGNMENT (( #4029 ) ) ;
#4723 = EDGE_LOOP ( 'NONE', ( #904, #2337, #5039, #2671 ) ) ;
#4724 = MECHANICAL_DESIGN_GEOMETRIC_PRESENTATION_REPRESENTATION (  '', ( #898 ), #5997 ) ;
#4725 = CARTESIAN_POINT ( 'NONE',  ( 26.50000000000000000, 53.16136285310467002, 8.610371950172021727 ) ) ;
#4726 = CARTESIAN_POINT ( 'NONE',  ( 16.87806708327284255, 12.74225227551134410, 5.060451443027164764 ) ) ;
#4727 = CARTESIAN_POINT ( 'NONE',  ( -5.220986748859069770, 92.16604663898935712, -20.90586228803846680 ) ) ;
#4728 = FILL_AREA_STYLE ('',( #216 ) ) ;
#4729 = SURFACE_SIDE_STYLE ('',( #2700 ) ) ;
#4730 = CARTESIAN_POINT ( 'NONE',  ( 16.37790070187221758, 11.98158606306858154, -22.54224642132905743 ) ) ;
#4731 = AXIS2_PLACEMENT_3D ( 'NONE', #5257, #4157, #5747 ) ;
#4732 = PRODUCT_DEFINITION_CONTEXT ( 'detailed design', #1555, 'design' ) ;
#4733 = CARTESIAN_POINT ( 'NONE',  ( -26.50000000000000000, 18.43320932779782240, 0.0000000000000000000 ) ) ;
#4734 = EDGE_LOOP ( 'NONE', ( #6260, #3669, #5918, #3698 ) ) ;
#4735 = VERTEX_POINT ( 'NONE', #5214 ) ;
#4736 = ORIENTED_EDGE ( 'NONE', *, *, #2335, .F. ) ;
#4737 = AXIS2_PLACEMENT_3D ( 'NONE', #966, #4925, #5498 ) ;
#4738 = COLOUR_RGB ( '',1.000000000000000000, 0.0000000000000000000, 0.0000000000000000000 ) ;
#4739 = DIRECTION ( 'NONE',  ( 0.0000000000000000000, 0.0000000000000000000, 1.000000000000000000 ) ) ;
#4740 = CARTESIAN_POINT ( 'NONE',  ( 0.0000000000000000000, 0.0000000000000000000, 0.0000000000000000000 ) ) ;
#4741 = MECHANICAL_DESIGN_GEOMETRIC_PRESENTATION_REPRESENTATION (  '', ( #2611 ), #2721 ) ;
#4742 = CARTESIAN_POINT ( 'NONE',  ( -14.29545382280672783, -17.99999999999998934, 9.200000000000027711 ) ) ;
#4743 = ADVANCED_FACE ( 'NONE', ( #4614 ), #3675, .T. ) ;
#4744 = MECHANICAL_DESIGN_GEOMETRIC_PRESENTATION_REPRESENTATION (  '', ( #4109 ), #3155 ) ;
#4745 = CIRCLE ( 'NONE', #1886, 8.000000000000000000 ) ;
#4746 = EDGE_CURVE ( 'NONE', #441, #3952, #2148, .T. ) ;
#4747 =( NAMED_UNIT ( * ) PLANE_ANGLE_UNIT ( ) SI_UNIT ( $, .RADIAN. ) );
#4748 = CARTESIAN_POINT ( 'NONE',  ( -14.96681439593652563, 98.32272570620934005, -10.87402716741075714 ) ) ;
#4749 = CARTESIAN_POINT ( 'NONE',  ( -16.46544258413981154, 15.97434453646660124, 9.156649599621822233 ) ) ;
#4750 = CARTESIAN_POINT ( 'NONE',  ( -21.67575233507325549, -1.769151663210871028, -14.35952452434965387 ) ) ;
#4751 = UNCERTAINTY_MEASURE_WITH_UNIT (LENGTH_MEASURE( 1.000000000000000082E-05 ), #5485, 'distance_accuracy_value', 'NONE');
#4752 = CARTESIAN_POINT ( 'NONE',  ( -16.37790070187220692, 26.10143725642598156, -22.54224642132905743 ) ) ;
#4753 = ADVANCED_FACE ( 'NONE', ( #2179 ), #5676, .F. ) ;
#4754 = CARTESIAN_POINT ( 'NONE',  ( 21.48019759438068377, -2.473058507074252343, 14.64961270582146824 ) ) ;
#4755 = CARTESIAN_POINT ( 'NONE',  ( 0.6440800519358039766, 1.102014051772890468, -25.99230361094116404 ) ) ;
#4756 = CARTESIAN_POINT ( 'NONE',  ( -14.96681439593652740, 38.70973958837543449, 10.87402716741075359 ) ) ;
#4757 = CARTESIAN_POINT ( 'NONE',  ( -1.019306897158699879E-23, 1.000000000000000000, -26.00000000000000355 ) ) ;
#4758 = CARTESIAN_POINT ( 'NONE',  ( -18.49999999999999289, 11.35486979418771547, 6.011014380308766114 ) ) ;
#4759 = FILL_AREA_STYLE ('',( #5260 ) ) ;
#4760 = VERTEX_POINT ( 'NONE', #3158 ) ;
#4761 = CARTESIAN_POINT ( 'NONE',  ( -26.50000000000000000, 62.37796751700357589, -8.610371950172023503 ) ) ;
#4762 = CARTESIAN_POINT ( 'NONE',  ( 16.91142960702593356, 15.71337414360733042, 8.073371239295001445 ) ) ;
#4763 = DIRECTION ( 'NONE',  ( -1.000000000000000000, 0.0000000000000000000, 0.0000000000000000000 ) ) ;
#4764 = SURFACE_STYLE_FILL_AREA ( #4728 ) ;
#4765 = DIRECTION ( 'NONE',  ( -0.4999999999999916733, 0.0000000000000000000, -0.8660254037844434816 ) ) ;
#4766 = CARTESIAN_POINT ( 'NONE',  ( 26.50000000000000000, 26.72815352530684052, 8.610371950172021727 ) ) ;
#4767 = CARTESIAN_POINT ( 'NONE',  ( 8.188950350936103462, 60.82959078173281853, 25.20299768182156797 ) ) ;
#4768 = ORIENTED_EDGE ( 'NONE', *, *, #5359, .F. ) ;
#4769 = ORIENTED_EDGE ( 'NONE', *, *, #839, .F. ) ;
#4770 = CARTESIAN_POINT ( 'NONE',  ( 5.716814395936525628, 60.82959078173281853, 17.59454555146034238 ) ) ;
#4771 = VERTEX_POINT ( 'NONE', #2720 ) ;
#4772 = CARTESIAN_POINT ( 'NONE',  ( -23.26989921430621422, -4.219381841618406348, 11.59814987529157193 ) ) ;
#4773 = CARTESIAN_POINT ( 'NONE',  ( 8.188950350936103462, 50.39638145393499258, 25.20299768182156797 ) ) ;
#4774 = CARTESIAN_POINT ( 'NONE',  ( -3.980102097228897738E-16, 6.500000000000000000, 0.0000000000000000000 ) ) ;
#4775 = CARTESIAN_POINT ( 'NONE',  ( -22.06098789862000231, 4.797983425504191324, -13.75963362879075724 ) ) ;
#4776 = CARTESIAN_POINT ( 'NONE',  ( 0.0000000000000000000, 0.0000000000000000000, 0.0000000000000000000 ) ) ;
#4777 = PRODUCT_RELATED_PRODUCT_CATEGORY ( 'part', '', ( #213 ) ) ;
#4778 = CARTESIAN_POINT ( 'NONE',  ( 26.50000000000000000, 82.94944197509020967, 3.245314017740485765E-15 ) ) ;
#4779 = CARTESIAN_POINT ( 'NONE',  ( -22.83165155971492766, 4.898262313786330147, 12.43906715623703718 ) ) ;
#4780 = AXIS2_PLACEMENT_3D ( 'NONE', #871, #1848, #3871 ) ;
#4781 = CARTESIAN_POINT ( 'NONE',  ( 3.573283826362257527E-15, 50.69132565144400360, -19.45205114840794280 ) ) ;
#4782 = FILL_AREA_STYLE_COLOUR ( '', #5743 ) ;
#4783 = EDGE_CURVE ( 'NONE', #181, #5763, #5250, .T. ) ;
#4784 = CARTESIAN_POINT ( 'NONE',  ( 14.96681439593652740, 76.79276290786997095, -10.87402716741075004 ) ) ;
#4785 = ORIENTED_EDGE ( 'NONE', *, *, #4260, .T. ) ;
#4786 = CARTESIAN_POINT ( 'NONE',  ( -1.706162547722519354E-15, 31.04151165974727533, 27.86374894231408206 ) ) ;
#4787 = CARTESIAN_POINT ( 'NONE',  ( 21.45736873184034721, 2.736842684550175875, -14.68271041220683770 ) ) ;
#4788 = CARTESIAN_POINT ( 'NONE',  ( -16.51478993379895499, 92.16604663898939975, -8.957479194704887959 ) ) ;
#4789 = CARTESIAN_POINT ( 'NONE',  ( -21.56420637828267672, -3.887132458862022411, -14.52541005916191352 ) ) ;
#4790 = CARTESIAN_POINT ( 'NONE',  ( 0.0000000000000000000, -5.800000000000001599, 0.0000000000000000000 ) ) ;
#4791 = CARTESIAN_POINT ( 'NONE',  ( 21.43895035093610346, 25.80649305891694922, 15.57630918575054046 ) ) ;
#4792 = CARTESIAN_POINT ( 'NONE',  ( 21.43895035093610346, -0.6267162688808682880, 15.57630918575054046 ) ) ;
#4793 = DIRECTION ( 'NONE',  ( 0.0000000000000000000, 1.000000000000000000, 1.023066299883649626E-16 ) ) ;
#4794 = VERTEX_POINT ( 'NONE', #4806 ) ;
#4795 = DIRECTION ( 'NONE',  ( -1.133932221432734415E-16, 1.000000000000000000, 0.0000000000000000000 ) ) ;
#4796 = CARTESIAN_POINT ( 'NONE',  ( 18.50000000000000000, 64.51623264729239793, 2.265596578422603396E-15 ) ) ;
#4797 = ORIENTED_EDGE ( 'NONE', *, *, #3241, .F. ) ;
#4798 = PRODUCT ( 'Retainer rings', 'Retainer rings', '', ( #2482 ) ) ;
#4799 = CARTESIAN_POINT ( 'NONE',  ( 15.41725572937825817, -14.15311390038818296, -4.331947060726768051 ) ) ;
#4800 = B_SPLINE_CURVE_WITH_KNOTS ( 'NONE', 3,
 ( #2055, #5583, #1028, #3058, #525, #5252, #203, #3217, #684, #6304, #3318, #4277, #4183, #2150, #1759, #238, #2240, #3681, #620, #3255, #3186, #4714, #2724, #4754, #139, #3778 ),
 .UNSPECIFIED., .F., .F.,
 ( 4, 2, 2, 2, 2, 2, 2, 2, 2, 2, 2, 2, 4 ),
 ( 0.006255220636914319600, 0.007036942637670581292, 0.007818664638426842117, 0.008209525638804974698, 0.008600386639183107279, 0.008991247639561239860, 0.009382108639939372441, 0.009772969640317505022, 0.01016383064069563760, 0.01055469164107376845, 0.01094555264145190103, 0.01172727464220815925, 0.01250899664296441748 ),
 .UNSPECIFIED. ) ;
#4801 = DIRECTION ( 'NONE',  ( 0.8660254037844363761, 0.0000000000000000000, 0.5000000000000039968 ) ) ;
#4802 = CARTESIAN_POINT ( 'NONE',  ( 11.43362879187305303, 80.18446057592056775, 15.73703995451273663 ) ) ;
#4803 = CARTESIAN_POINT ( 'NONE',  ( 8.188950350936103462, 31.96317212613717018, 25.20299768182156797 ) ) ;
#4804 = DIRECTION ( 'NONE',  ( 1.000000000000000000, 0.0000000000000000000, 0.0000000000000000000 ) ) ;
#4805 = CARTESIAN_POINT ( 'NONE',  ( 21.44994432064378742, 3.000000000000000444, -14.69353220438439855 ) ) ;
#4806 = CARTESIAN_POINT ( 'NONE',  ( 17.75000000000000711, -34.09999999999999432, 0.0000000000000000000 ) ) ;
#4807 = CIRCLE ( 'NONE', #2793, 17.00000000000000355 ) ;
#4808 = CARTESIAN_POINT ( 'NONE',  ( -8.188950350936101685, 25.17977679003608671, -25.20299768182156797 ) ) ;
#4809 = DIRECTION ( 'NONE',  ( 1.133932221432734415E-16, -1.000000000000000000, -0.0000000000000000000 ) ) ;
#4810 =( NAMED_UNIT ( * ) SI_UNIT ( $, .STERADIAN. ) SOLID_ANGLE_UNIT ( ) );
#4811 = CARTESIAN_POINT ( 'NONE',  ( -0.2641999966546544343, -1.000000000000000222, -26.00000000000000355 ) ) ;
#4812 = CARTESIAN_POINT ( 'NONE',  ( -1.191094608787419176E-15, 4.608302331949454711, 19.45205114840794280 ) ) ;
#4813 = CARTESIAN_POINT ( 'NONE',  ( 1.590291398993263883, -4.219810264119377763, 25.95142066435261796 ) ) ;
#4814 = CIRCLE ( 'NONE', #458, 4.000000000000000000 ) ;
#4815 = CARTESIAN_POINT ( 'NONE',  ( 18.49999999999999645, 56.51623264729239793, 2.265596578422603396E-15 ) ) ;
#4816 =( LENGTH_UNIT ( ) NAMED_UNIT ( * ) SI_UNIT ( .MILLI., .METRE. ) );
#4817 = ORIENTED_EDGE ( 'NONE', *, *, #4623, .F. ) ;
#4818 = CARTESIAN_POINT ( 'NONE',  ( -8.188950350936107014, 11.68664186555955986, 25.20299768182156797 ) ) ;
#4819 = CARTESIAN_POINT ( 'NONE',  ( 21.44994432064379097, 2.869445781120782524, -14.69353220438440033 ) ) ;
#4820 = CARTESIAN_POINT ( 'NONE',  ( 0.0000000000000000000, -0.2000000000000065892, 0.0000000000000000000 ) ) ;
#4821 = STYLED_ITEM ( 'NONE', ( #1761 ), #2512 ) ;
#4822 = EDGE_CURVE ( 'NONE', #4499, #1437, #4375, .T. ) ;
#4823 = EDGE_CURVE ( 'NONE', #1269, #1768, #5944, .T. ) ;
#4824 = CYLINDRICAL_SURFACE ( 'NONE', #1949, 5.000000000000000888 ) ;
#4825 = PLANE ( 'NONE',  #4633 ) ;
#4826 = CARTESIAN_POINT ( 'NONE',  ( -16.37790070187220692, 34.10143725642597445, -22.54224642132906098 ) ) ;
#4827 = AXIS2_PLACEMENT_3D ( 'NONE', #3332, #6523, #5990 ) ;
#4828 = CARTESIAN_POINT ( 'NONE',  ( 16.37790070187220692, 16.88483259252706503, 22.54224642132905743 ) ) ;
#4829 = CIRCLE ( 'NONE', #1862, 4.960846701924986668 ) ;
#4830 = CARTESIAN_POINT ( 'NONE',  ( -16.12900059345780690, 15.99999999999998579, -9.750000000000035527 ) ) ;
#4831 = ORIENTED_EDGE ( 'NONE', *, *, #5963, .F. ) ;
#4832 = CARTESIAN_POINT ( 'NONE',  ( 23.36160761372276795, -3.886538290841324184, 11.41217863336184379 ) ) ;
#4833 = CARTESIAN_POINT ( 'NONE',  ( 3.573283826362257527E-15, 13.82490699584836591, -19.45205114840794280 ) ) ;
#4834 = ORIENTED_EDGE ( 'NONE', *, *, #2049, .F. ) ;
#4835 = CARTESIAN_POINT ( 'NONE',  ( 18.49999999999999645, 74.94944197509020967, 2.265596578422603396E-15 ) ) ;
#4836 = AXIS2_PLACEMENT_3D ( 'NONE', #4710, #2206, #1621 ) ;
#4837 = CARTESIAN_POINT ( 'NONE',  ( -22.64751431602418563, -4.999906087440573188, 12.77334009141747018 ) ) ;
#4838 = CARTESIAN_POINT ( 'NONE',  ( -1.591183662846482161, 4.218677828414799436, -25.95136616975074517 ) ) ;
#4839 =( GEOMETRIC_REPRESENTATION_CONTEXT ( 3 ) GLOBAL_UNCERTAINTY_ASSIGNED_CONTEXT ( ( #5834 ) ) GLOBAL_UNIT_ASSIGNED_CONTEXT ( ( #2676, #3245, #1213 ) ) REPRESENTATION_CONTEXT ( 'NONE', 'WORKASPACE' ) );
#4840 = PRESENTATION_LAYER_ASSIGNMENT (  '', '', ( #2604 ) ) ;
#4841 = CARTESIAN_POINT ( 'NONE',  ( -18.49999999999999645, 54.37796751700357589, -6.011014380308771443 ) ) ;
#4842 = UNCERTAINTY_MEASURE_WITH_UNIT (LENGTH_MEASURE( 1.000000000000000082E-05 ), #2682, 'distance_accuracy_value', 'NONE');
#4843 = B_SPLINE_CURVE_WITH_KNOTS ( 'NONE', 3,
 ( #5023, #1999, #6049, #1467, #1496, #4432 ),
 .UNSPECIFIED., .F., .F.,
 ( 4, 2, 4 ),
 ( 0.02705062881716841991, 0.03525479569604933472, 0.04345896257493024606 ),
 .UNSPECIFIED. ) ;
#4844 = CIRCLE ( 'NONE', #4520, 5.123475382979798987 ) ;
#4845 = AXIS2_PLACEMENT_3D ( 'NONE', #1733, #150, #113 ) ;
#4846 = CARTESIAN_POINT ( 'NONE',  ( 18.50000000000000355, 91.87110244148010452, -6.011014380308763450 ) ) ;
#4847 = CARTESIAN_POINT ( 'NONE',  ( -26.36990073084848873, 1.146325406050252600E-15, 2.608797103302204601 ) ) ;
#4848 = DIRECTION ( 'NONE',  ( 0.0000000000000000000, 1.000000000000000000, 0.0000000000000000000 ) ) ;
#4849 = LINE ( 'NONE', #1219, #3559 ) ;
#4850 = CARTESIAN_POINT ( 'NONE',  ( -23.44994432064367729, 3.000000000000000000, 11.22943058924678894 ) ) ;
#4851 = STYLED_ITEM ( 'NONE', ( #4674 ), #5279 ) ;
#4852 = CARTESIAN_POINT ( 'NONE',  ( 8.188950350936110567, 86.63608384064977486, -25.20299768182156797 ) ) ;
#4853 = DIRECTION ( 'NONE',  ( -0.4999999999999983902, 0.0000000000000000000, -0.8660254037844397068 ) ) ;
#4854 = CARTESIAN_POINT ( 'NONE',  ( 5.716814395936525628, 5.529962798339344232, 17.59454555146034238 ) ) ;
#4855 = AXIS2_PLACEMENT_3D ( 'NONE', #6074, #3553, #1524 ) ;
#4856 = CARTESIAN_POINT ( 'NONE',  ( -14.96681439593652740, 1.843320932779779708, 10.87402716741075359 ) ) ;
#4857 = EDGE_LOOP ( 'NONE', ( #931, #2138, #4399, #5005 ) ) ;
#4858 = CARTESIAN_POINT ( 'NONE',  ( 21.43895035093611057, 37.49313492447650731, -15.57630918575053514 ) ) ;
#4859 = CARTESIAN_POINT ( 'NONE',  ( 23.23208622093925513, 1.677733499105734660, -11.67384702326390844 ) ) ;
#4860 = CARTESIAN_POINT ( 'NONE',  ( -18.24742780109667351, 92.16604663898932870, -3.304044317144794629 ) ) ;
#4861 = CARTESIAN_POINT ( 'NONE',  ( 3.184081677754342517E-15, -0.9999999999999997780, 26.00000000000000355 ) ) ;
#4862 = CARTESIAN_POINT ( 'NONE',  ( -1.706162547722519157E-15, 4.608302331949453823, 27.86374894231407495 ) ) ;
#4863 = CARTESIAN_POINT ( 'NONE',  ( 26.50000000000000711, 83.87110244148009031, -8.610371950172012845 ) ) ;
#4864 = DIRECTION ( 'NONE',  ( 0.0000000000000000000, 0.0000000000000000000, -1.000000000000000000 ) ) ;
#4865 = VERTEX_POINT ( 'NONE', #2273 ) ;
#4866 = DIRECTION ( 'NONE',  ( 0.5000000000000041078, 0.0000000000000000000, -0.8660254037844362651 ) ) ;
#4867 = CARTESIAN_POINT ( 'NONE',  ( 18.49999999999998934, 45.16136285310467713, 6.011014380308767002 ) ) ;
#4868 = VERTEX_POINT ( 'NONE', #6445 ) ;
#4869 = CARTESIAN_POINT ( 'NONE',  ( -18.50000000000000000, -2.755455298081544778E-15, 0.0000000000000000000 ) ) ;
#4870 = CARTESIAN_POINT ( 'NONE',  ( 15.59048989151095199, -16.84291230913792248, -5.996788201996670509 ) ) ;
#4871 = CARTESIAN_POINT ( 'NONE',  ( -15.58845726811985166, -3.000000000000000000, -9.000000000000071054 ) ) ;
#4872 = EDGE_CURVE ( 'NONE', #1346, #3038, #5170, .T. ) ;
#4873 = CARTESIAN_POINT ( 'NONE',  ( 11.43362879187305658, 67.28121404646206827, -15.73703995451273663 ) ) ;
#4874 = SHAPE_DEFINITION_REPRESENTATION ( #3905, #3455 ) ;
#4875 = CARTESIAN_POINT ( 'NONE',  ( 5.118487643167557865E-15, 40.25811632364619186, -27.86374894231408206 ) ) ;
#4876 = CARTESIAN_POINT ( 'NONE',  ( -5.597038877510234656, -1.524583002464314895E-17, 22.73497455480477214 ) ) ;
#4877 = CARTESIAN_POINT ( 'NONE',  ( 26.98076211353300735, 3.000000000000000444, 13.26794919243143589 ) ) ;
#4878 = CARTESIAN_POINT ( 'NONE',  ( -22.64752127063163556, 4.986847363517081355, -12.77130075257587372 ) ) ;
#4879 = CARTESIAN_POINT ( 'NONE',  ( -1.706162547722519354E-15, 70.34113964314076384, 27.86374894231408206 ) ) ;
#4880 = CARTESIAN_POINT ( 'NONE',  ( -14.96681439593652563, 16.58988839501803980, -10.87402716741075714 ) ) ;
#4881 = SURFACE_SIDE_STYLE ('',( #3257 ) ) ;
#4882 = CARTESIAN_POINT ( 'NONE',  ( -18.50000000000000000, 18.43320932779782240, 0.0000000000000000000 ) ) ;
#4883 = CARTESIAN_POINT ( 'NONE',  ( 14.96681439593652563, 73.10612104231041997, 10.87402716741075537 ) ) ;
#4884 = DIRECTION ( 'NONE',  ( 0.8660254037844397068, 0.0000000000000000000, -0.4999999999999979461 ) ) ;
#4885 = ORIENTED_EDGE ( 'NONE', *, *, #6129, .F. ) ;
#4886 = CARTESIAN_POINT ( 'NONE',  ( -21.43895035093610346, 79.88951637841151410, -15.57630918575054224 ) ) ;
#4887 = DIRECTION ( 'NONE',  ( 0.0000000000000000000, 0.0000000000000000000, 1.000000000000000000 ) ) ;
#4888 = DIRECTION ( 'NONE',  ( 0.0000000000000000000, 0.0000000000000000000, 1.000000000000000000 ) ) ;
#4889 = TOROIDAL_SURFACE ( 'NONE', #5315, 25.80000000000000426, 0.2000000000000000111 ) ;
#4890 = CARTESIAN_POINT ( 'NONE',  ( 11.62444386751202074, 2.978641430428003556, 0.0000000000000000000 ) ) ;
#4891 = CARTESIAN_POINT ( 'NONE',  ( -21.43895035093610701, 57.14294891617326044, 15.57630918575053869 ) ) ;
#4892 = CARTESIAN_POINT ( 'NONE',  ( 26.50000000000001066, 2.138265130288806048, -8.610371950172012845 ) ) ;
#4893 = PLANE ( 'NONE',  #4401 ) ;
#4894 = ORIENTED_EDGE ( 'NONE', *, *, #1826, .T. ) ;
#4895 = LINE ( 'NONE', #2866, #148 ) ;
#4896 = CARTESIAN_POINT ( 'NONE',  ( -18.49999999999998934, 35.94475818920576415, -6.011014380308772331 ) ) ;
#4897 = VERTEX_POINT ( 'NONE', #4850 ) ;
#4898 = CARTESIAN_POINT ( 'NONE',  ( -5.716814395936527404, 3.686641865559562525, 17.59454555146033883 ) ) ;
#4899 = DIRECTION ( 'NONE',  ( 1.133932221432734415E-16, -1.000000000000000000, -0.0000000000000000000 ) ) ;
#4900 = EDGE_CURVE ( 'NONE', #5354, #3042, #145, .T. ) ;
#4901 = CARTESIAN_POINT ( 'NONE',  ( 14.88035303306657120, -17.89426118835186230, 8.165946923474788122 ) ) ;
#4902 = ORIENTED_EDGE ( 'NONE', *, *, #4222, .F. ) ;
#4903 = PRESENTATION_STYLE_ASSIGNMENT (( #5408 ) ) ;
#4904 = EDGE_CURVE ( 'NONE', #371, #1668, #4531, .T. ) ;
#4905 = EDGE_CURVE ( 'NONE', #1145, #2137, #2511, .T. ) ;
#4906 = SHAPE_DEFINITION_REPRESENTATION ( #3483, #4086 ) ;
#4907 = CARTESIAN_POINT ( 'NONE',  ( -26.50000000000000000, 81.73283731119130380, 0.0000000000000000000 ) ) ;
#4908 = CARTESIAN_POINT ( 'NONE',  ( -16.58845726811986054, 3.000000000000000444, -7.267949192431199634 ) ) ;
#4909 = DIRECTION ( 'NONE',  ( 0.0000000000000000000, 0.0000000000000000000, 1.000000000000000000 ) ) ;
#4910 = DIRECTION ( 'NONE',  ( 1.000000000000000000, 0.0000000000000000000, 0.0000000000000000000 ) ) ;
#4911 = DIRECTION ( 'NONE',  ( -0.0000000000000000000, -1.000000000000000000, -0.0000000000000000000 ) ) ;
#4912 = CARTESIAN_POINT ( 'NONE',  ( 16.37790070187221758, 59.28121404646206827, -22.54224642132905743 ) ) ;
#4913 = CARTESIAN_POINT ( 'NONE',  ( 14.96681439593652740, 11.05992559667869024, -10.87402716741075004 ) ) ;
#4914 = CARTESIAN_POINT ( 'NONE',  ( -18.49999999999998934, 72.81117684480142316, -6.011014380308772331 ) ) ;
#4915 = FILL_AREA_STYLE ('',( #2889 ) ) ;
#4916 = CARTESIAN_POINT ( 'NONE',  ( -11.43362879187304948, 2.764981399169671228, 15.73703995451273840 ) ) ;
#4917 = CIRCLE ( 'NONE', #4388, 0.1999999999999987899 ) ;
#4918 = PRESENTATION_STYLE_ASSIGNMENT (( #1900 ) ) ;
#4919 = ORIENTED_EDGE ( 'NONE', *, *, #2383, .T. ) ;
#4920 = CARTESIAN_POINT ( 'NONE',  ( -16.37790070187220692, 15.66822792862814673, -22.54224642132906098 ) ) ;
#4921 = DIRECTION ( 'NONE',  ( -0.0000000000000000000, -1.023066299883649626E-16, 1.000000000000000000 ) ) ;
#4922 = CARTESIAN_POINT ( 'NONE',  ( 22.06093002394763047, -4.797922106088460481, -13.75972548959794395 ) ) ;
#4923 = AXIS2_PLACEMENT_3D ( 'NONE', #1505, #4562, #3532 ) ;
#4924 = CARTESIAN_POINT ( 'NONE',  ( -1.019346340203960930E-23, -5.000000000000000000, -26.00000000000000355 ) ) ;
#4925 = DIRECTION ( 'NONE',  ( -1.133932221432734415E-16, 1.000000000000000000, 0.0000000000000000000 ) ) ;
#4926 = CARTESIAN_POINT ( 'NONE',  ( -21.43895035093610346, 53.45630705061369525, -15.57630918575054402 ) ) ;
#4927 = CARTESIAN_POINT ( 'NONE',  ( -26.50000000000000000, 11.35486979418771725, 8.610371950172016398 ) ) ;
#4928 = DIRECTION ( 'NONE',  ( 0.0000000000000000000, 1.000000000000000000, 0.0000000000000000000 ) ) ;
#4929 = ORIENTED_EDGE ( 'NONE', *, *, #2794, .T. ) ;
#4930 = COLOUR_RGB ( '',1.000000000000000000, 0.0000000000000000000, 0.0000000000000000000 ) ;
#4931 = DIRECTION ( 'NONE',  ( 0.0000000000000000000, 1.000000000000000000, 0.0000000000000000000 ) ) ;
#4932 = CIRCLE ( 'NONE', #5465, 2.000000000000001332 ) ;
#4933 = CARTESIAN_POINT ( 'NONE',  ( -14.96681439593652563, 24.58988839501803980, -10.87402716741075714 ) ) ;
#4934 = ORIENTED_EDGE ( 'NONE', *, *, #5797, .F. ) ;
#4935 = CARTESIAN_POINT ( 'NONE',  ( 5.716814395936525628, 42.39638145393499968, 17.59454555146034238 ) ) ;
#4936 = VECTOR ( 'NONE', #5342, 1000.000000000000000 ) ;
#4937 = DIRECTION ( 'NONE',  ( 1.000000000000000000, 2.040851148208007998E-16, 0.0000000000000000000 ) ) ;
#4938 = AXIS2_PLACEMENT_3D ( 'NONE', #5185, #4517, #3524 ) ;
#4939 = DIRECTION ( 'NONE',  ( 1.133932221432734415E-16, -1.000000000000000000, -0.0000000000000000000 ) ) ;
#4940 = VERTEX_POINT ( 'NONE', #1383 ) ;
#4941 = CARTESIAN_POINT ( 'NONE',  ( 18.50000000000000000, 65.43789311368227857, -6.011014380308762561 ) ) ;
#4942 = EDGE_CURVE ( 'NONE', #3301, #160, #387, .T. ) ;
#4943 = DIRECTION ( 'NONE',  ( -0.9441152156040191201, 0.0000000000000000000, 0.3296156241214553417 ) ) ;
#4944 =( GEOMETRIC_REPRESENTATION_CONTEXT ( 3 ) GLOBAL_UNCERTAINTY_ASSIGNED_CONTEXT ( ( #2034 ) ) GLOBAL_UNIT_ASSIGNED_CONTEXT ( ( #434, #5532, #5562 ) ) REPRESENTATION_CONTEXT ( 'NONE', 'WORKASPACE' ) );
#4945 = SURFACE_SIDE_STYLE ('',( #6005 ) ) ;
#4946 = CARTESIAN_POINT ( 'NONE',  ( -25.00000000000000000, 10.99999999999995026, 4.750000000000000000 ) ) ;
#4947 = CARTESIAN_POINT ( 'NONE',  ( -1.590475138130929667, -4.219622643174090193, 25.95141004820791508 ) ) ;
#4948 = CARTESIAN_POINT ( 'NONE',  ( 5.118487643167557865E-15, 42.69132565144401781, -27.86374894231408206 ) ) ;
#4949 = CARTESIAN_POINT ( 'NONE',  ( 5.716814395936530069, 12.90324652945847461, -17.59454555146033883 ) ) ;
#4950 = ADVANCED_FACE ( 'NONE', ( #719 ), #2780, .T. ) ;
#4951 = STYLED_ITEM ( 'NONE', ( #728 ), #4377 ) ;
#4952 = CARTESIAN_POINT ( 'NONE',  ( -11.43362879187304948, 70.96785591202160504, -15.73703995451274196 ) ) ;
#4953 = CARTESIAN_POINT ( 'NONE',  ( 1.590291398993262773, 1.780189735880622903, 25.95142066435262151 ) ) ;
#4954 = CARTESIAN_POINT ( 'NONE',  ( 14.96681439593652563, 44.23970238671477517, 10.87402716741075537 ) ) ;
#4955 = SURFACE_STYLE_USAGE ( .BOTH. , #4511 ) ;
#4956 = EDGE_CURVE ( 'NONE', #2948, #6163, #1024, .T. ) ;
#4957 = VERTEX_POINT ( 'NONE', #4274 ) ;
#4958 = EDGE_LOOP ( 'NONE', ( #1303, #2258 ) ) ;
#4959 = CARTESIAN_POINT ( 'NONE',  ( 26.50000000000000000, 71.59457218090248887, 8.610371950172021727 ) ) ;
#4960 = CARTESIAN_POINT ( 'NONE',  ( 16.30704386420401519, 15.99999999999999289, 9.455470767228071338 ) ) ;
#4961 = CARTESIAN_POINT ( 'NONE',  ( 21.44994432064378387, -3.130554218879215700, -14.69353220438439500 ) ) ;
#4962 = AXIS2_PLACEMENT_3D ( 'NONE', #305, #918, #414 ) ;
#4963 = CIRCLE ( 'NONE', #3462, 26.00000000000000355 ) ;
#4964 = DIRECTION ( 'NONE',  ( 0.4999999999999977240, 0.0000000000000000000, 0.8660254037844400399 ) ) ;
#4965 = SURFACE_STYLE_USAGE ( .BOTH. , #6460 ) ;
#4966 = FACE_OUTER_BOUND ( 'NONE', #3238, .T. ) ;
#4967 = CARTESIAN_POINT ( 'NONE',  ( 8.188950350936110567, 60.20287451285195601, -25.20299768182156797 ) ) ;
#4968 = SURFACE_STYLE_FILL_AREA ( #970 ) ;
#4969 = ORIENTED_EDGE ( 'NONE', *, *, #2475, .F. ) ;
#4970 = DIRECTION ( 'NONE',  ( 0.0000000000000000000, 0.0000000000000000000, 1.000000000000000000 ) ) ;
#4971 = CARTESIAN_POINT ( 'NONE',  ( -5.716814395936523852, 70.04619544563172440, -17.59454555146034238 ) ) ;
#4972 = CARTESIAN_POINT ( 'NONE',  ( 18.49999999999999645, 65.43789311368229278, -6.011014380308762561 ) ) ;
#4973 = PRODUCT_DEFINITION_SHAPE ( 'NONE', 'NONE',  #6596 ) ;
#4974 = CARTESIAN_POINT ( 'NONE',  ( 3.184081677755131378E-15, 5.000000000000000000, 26.00000000000000355 ) ) ;
#4975 = ORIENTED_EDGE ( 'NONE', *, *, #2827, .F. ) ;
#4976 = EDGE_LOOP ( 'NONE', ( #4919, #6499 ) ) ;
#4977 = DIRECTION ( 'NONE',  ( 1.000000000000000000, 0.0000000000000000000, 0.0000000000000000000 ) ) ;
#4978 = PRODUCT_CONTEXT ( 'NONE', #5764, 'mechanical' ) ;
#4979 = CARTESIAN_POINT ( 'NONE',  ( -15.62811160464266536, -15.55978494089380071, 4.891432130005954448 ) ) ;
#4980 = CARTESIAN_POINT ( 'NONE',  ( 22.05967726121876993, 4.796748844997123840, -13.76173252969820027 ) ) ;
#4981 = DIRECTION ( 'NONE',  ( 0.0000000000000000000, 3.846707125290959924E-17, 1.000000000000000000 ) ) ;
#4982 = CARTESIAN_POINT ( 'NONE',  ( -16.37790070187220692, 62.96785591202163346, -22.54224642132905743 ) ) ;
#4983 = CARTESIAN_POINT ( 'NONE',  ( -14.96681439593652740, 20.27653026057760499, 10.87402716741075359 ) ) ;
#4984 = DIRECTION ( 'NONE',  ( 1.000000000000000000, 0.0000000000000000000, 0.0000000000000000000 ) ) ;
#4985 = CARTESIAN_POINT ( 'NONE',  ( 18.49999999999998934, 63.59457218090248887, 6.011014380308767002 ) ) ;
#4986 = CARTESIAN_POINT ( 'NONE',  ( -1.191094608787419176E-15, 41.47472098754509062, 19.45205114840794280 ) ) ;
#4987 = DIRECTION ( 'NONE',  ( 0.0000000000000000000, -1.000000000000000000, 0.0000000000000000000 ) ) ;
#4988 = CARTESIAN_POINT ( 'NONE',  ( -23.10219314106740995, -1.410044673898285028, -11.92897743032961699 ) ) ;
#4989 = ORIENTED_EDGE ( 'NONE', *, *, #2110, .F. ) ;
#4990 = SHAPE_REPRESENTATION ( 'spherical bearing', ( #2408 ), #1453 ) ;
#4991 = CARTESIAN_POINT ( 'NONE',  ( -8.188950350936107014, 66.98626984895302883, 25.20299768182156797 ) ) ;
#4992 = DIRECTION ( 'NONE',  ( 0.5000000000000106581, 0.0000000000000000000, -0.8660254037844324904 ) ) ;
#4993 = CARTESIAN_POINT ( 'NONE',  ( 23.10677048476799200, -4.598900076341346121, -11.92104423962715387 ) ) ;
#4994 = EDGE_CURVE ( 'NONE', #4587, #3510, #6339, .T. ) ;
#4995 = DIRECTION ( 'NONE',  ( 1.776356839400250465E-15, 1.840854212694046822E-16, 1.000000000000000000 ) ) ;
#4996 = FACE_BOUND ( 'NONE', #979, .T. ) ;
#4997 = CARTESIAN_POINT ( 'NONE',  ( -16.37790070187221403, 58.06460938256314819, 22.54224642132906098 ) ) ;
#4998 = CARTESIAN_POINT ( 'NONE',  ( -8.188950350936107014, 69.41947917675086899, 25.20299768182156797 ) ) ;
#4999 = CARTESIAN_POINT ( 'NONE',  ( 1.836970198721029747E-14, -150.0000000000000000, 0.0000000000000000000 ) ) ;
#5000 = ORIENTED_EDGE ( 'NONE', *, *, #1003, .T. ) ;
#5001 = CARTESIAN_POINT ( 'NONE',  ( -22.94668621860942892, -1.202016574495807788, 12.22555913839067721 ) ) ;
#5002 = CARTESIAN_POINT ( 'NONE',  ( 3.573283826362257527E-15, 87.55774430703964128, -19.45205114840794280 ) ) ;
#5003 = CARTESIAN_POINT ( 'NONE',  ( -5.716814395936527404, 58.98626984895304304, 17.59454555146033883 ) ) ;
#5004 = STYLED_ITEM ( 'NONE', ( #5130 ), #875 ) ;
#5005 = ORIENTED_EDGE ( 'NONE', *, *, #5875, .F. ) ;
#5006 = ORIENTED_EDGE ( 'NONE', *, *, #3935, .F. ) ;
#5007 = ORIENTED_EDGE ( 'NONE', *, *, #2714, .T. ) ;
#5008 = APPLICATION_PROTOCOL_DEFINITION ( 'draft international standard', 'automotive_design', 1998, #6017 ) ;
#5009 = DIRECTION ( 'NONE',  ( 0.0000000000000000000, 0.0000000000000000000, -1.000000000000000000 ) ) ;
#5010 = CARTESIAN_POINT ( 'NONE',  ( 0.0000000000000000000, 0.0000000000000000000, 0.0000000000000000000 ) ) ;
#5011 = CARTESIAN_POINT ( 'NONE',  ( 26.50000000000000000, 74.02778150870032903, 8.610371950172021727 ) ) ;
#5012 = CARTESIAN_POINT ( 'NONE',  ( -5.716814395936527404, 40.55306052115521709, 17.59454555146033883 ) ) ;
#5013 = SURFACE_STYLE_FILL_AREA ( #2424 ) ;
#5014 = CARTESIAN_POINT ( 'NONE',  ( -18.49999999999998934, 91.24438617259924911, -6.011014380308772331 ) ) ;
#5015 = CARTESIAN_POINT ( 'NONE',  ( 3.573283826362257527E-15, 50.69132565144400360, -19.45205114840794280 ) ) ;
#5016 = CARTESIAN_POINT ( 'NONE',  ( -18.49999999999998934, 0.9216604663898882999, 6.011014380308763450 ) ) ;
#5017 = CARTESIAN_POINT ( 'NONE',  ( -22.58345912618613127, -1.000106098574525815, -12.88428505993812756 ) ) ;
#5018 = ORIENTED_EDGE ( 'NONE', *, *, #2877, .F. ) ;
#5019 = CARTESIAN_POINT ( 'NONE',  ( -21.43895035093610701, 20.27653026057760499, 15.57630918575053869 ) ) ;
#5020 = DIRECTION ( 'NONE',  ( -0.5000000000000105471, 0.0000000000000000000, 0.8660254037844327124 ) ) ;
#5021 = DIRECTION ( 'NONE',  ( -0.8660254037844432595, 0.0000000000000000000, 0.4999999999999920064 ) ) ;
#5022 = PLANE ( 'NONE',  #3651 ) ;
#5023 = CARTESIAN_POINT ( 'NONE',  ( -16.28571998612486027, 10.99999999999995026, 4.750000000000000000 ) ) ;
#5024 = CARTESIAN_POINT ( 'NONE',  ( 5.118487643167557077E-15, 87.55774430703965550, -27.86374894231407495 ) ) ;
#5025 = CARTESIAN_POINT ( 'NONE',  ( -18.49999999999999645, -8.000000000000000000, 0.0000000000000000000 ) ) ;
#5026 =( BOUNDED_SURFACE ( )  B_SPLINE_SURFACE ( 3, 2, ( 
 ( #2280, #1355, #2785, #5813, #1799, #4812, #4854, #280, #5349, #4345, #822, #206, #4313, #6344, #2854, #3390, #5844, #1730, #4252, #1863, #4882, #5781, #3782, #3258, #2316, #243, #3847, #4280, #3814, #6275, #785, #688, #1226, #3289, #1829, #316, #1287, #3744, #5872, #2821, #6411, #1319, #4756, #6378, #725, #2351, #3883, #5316, #5915, #2728, #178, #2214, #5287, #2244, #2756, #4781, #6309, #1763, #1255, #753, #1484, #1896, #887, #391, #984, #2016, #6011, #2425, #4419, #4985, #6039, #6510, #2924, #1516, #3947, #4041, #5416, #4952, #2488, #4914, #2516, #352, #4450, #3016, #2986, #6478, #6066, #3982, #420, #851, #2888, #3457, #6572, #6541, #1925, #5050, #2389, #5515, #2455, #5014, #1989 ),
 ( #3488, #449, #4479, #6450, #1387, #1457, #3517, #953, #5548, #3917, #5978, #5947, #3419, #1418, #5448, #4509, #927, #4016, #5486, #2955, #1953, #486, #4547, #2047, #6143, #4677, #3181, #1084, #1408, #104, #72, #642, #2145, #1022, #2117, #3586, #4148, #4647, #1587, #1152, #2176, #6172, #5211, #3052, #5110, #4177, #5638, #6206, #547, #1619, #5608, #1653, #4072, #1052, #2572, #5707, #134, #3643, #4609, #2541, #3115, #3676, #5671, #3082, #6236, #2085, #4214, #3545, #37, #616, #5080, #2678, #518, #4114, #4708, #1118, #3613, #5576, #3153, #5146, #4572, #6105, #583, #1551, #2613, #5180, #2647, #1184, #1791, #3280, #5836, #4846, #3344, #3210, #5806, #5280, #3805, #4338, #4748, #6297, #1276 ),
 ( #5341, #5245, #677, #776, #1309, #3311, #169, #1685, #4306, #4244, #2204, #2811, #2717, #1249, #5307, #2343, #3772, #197, #2777, #746, #272, #2308, #6336, #6369, #1821, #1217, #4803, #233, #3836, #4370, #2270, #6266, #1721, #2847, #5863, #4875, #3703, #3248, #5376, #3734, #814, #5770, #716, #306, #5735, #2745, #4773, #2235, #4271, #1753, #5132, #4535, #1072, #1042, #5538, #2075, #5906, #6591, #1507, #4061, #3071, #1575, #1348, #4033, #3508, #2039, #2563, #2879, #6560, #6093, #2505, #2006, #5598, #2599, #3572, #3382, #5409, #5099, #6134, #1540, #4907, #6403, #2531, #2377, #341, #539, #843, #6057, #3534, #571, #5568, #5035, #1009, #3037, #4594, #24, #4563, #4102, #3603, #6032, #5070 ),
 ( #5628, #506, #4408, #3875, #3106, #1853, #6441, #1974, #4004, #1476, #976, #3006, #473, #2637, #5727, #2667, #1711, #3174, #1742, #159, #4733, #6256, #2197, #3725, #6162, #5297, #3139, #662, #3272, #2107, #4667, #1174, #1639, #3202, #2703, #5230, #4264, #4698, #5793, #4236, #5758, #3667, #608, #91, #2226, #1202, #1238, #2136, #3757, #6289, #737, #6226, #3696, #4638, #62, #4135, #1609, #3232, #5268, #1677, #704, #2738, #3633, #5658, #2163, #5695, #4767, #188, #1105, #122, #5166, #632, #4200, #4167, #6192, #1144, #5202, #4293, #1877, #2402, #4392, #5824, #2766, #5397, #5329, #1266, #3899, #6322, #291, #4356, #3431, #4863, #1298, #3861, #2326, #327, #2363, #831, #6423, #5427, #2295 ),
 ( #862, #2864, #3368, #763, #219, #6388, #5888, #4434, #4792, #257, #2899, #4892, #3299, #1334, #2797, #5927, #799, #1366, #3331, #6462, #3400, #4927, #366, #1909, #3928, #1775, #5461, #4828, #5958, #1399, #2256, #4323, #3793, #6355, #1808, #3824, #5853, #5364, #2833, #1839, #2000, #3528, #4489, #3469, #2969, #5090, #4027, #2063, #936, #4584, #529, #4085, #2498, #6553, #11, #6121, #1563, #3595, #6584, #1934, #3960, #901, #3028, #2937, #5989, #6050, #1428, #5500, #3062, #3500, #2552, #1500, #4054, #5529, #4967, #3558, #5589, #969, #405, #5560, #2031, #3996, #1033, #997, #4998, #5061, #431, #498, #2998, #4556, #6025, #2438, #2526, #6081, #1530, #4461, #6490, #2468, #6522, #1966, #1469 ),
 ( #5025, #462, #4524, #6216, #5259, #5683, #180, #111, #1666, #2626, #1598, #1096, #3221, #2154, #2217, #5648, #2730, #690, #4255, #624, #4688, #4758, #6277, #1732, #5619, #4720, #51, #2097, #1062, #1162, #3094, #4125, #4188, #6153, #3623, #1191, #1629, #5122, #3688, #2189, #3655, #559, #1698, #3714, #1133, #2586, #5717, #146, #2127, #4227, #2656, #3126, #3192, #3164, #5191, #4624, #5219, #651, #2691, #5156, #597, #6247, #5749, #4657, #82, #4158, #6181, #1228, #5352, #2758, #4815, #2318, #1831, #1289, #282, #2282, #1257, #3816, #5845, #3290, #824, #356, #6346, #3884, #5916, #245, #4422, #1357, #4883, #3323, #318, #6310, #4784, #787, #3262, #1866, #3850, #4347, #1765, #5289, #2822 ),
 ( #6379, #3392, #4856, #4916, #5876, #1321, #755, #3784, #5815, #5418, #3354, #2391, #5319, #853, #2890, #6452, #5386, #2856, #3747, #5783, #727, #208, #2353, #2246, #4283, #2787, #4381, #4316, #1801, #6414, #2926, #2428, #4043, #4481, #6067, #450, #5051, #6511, #1517, #4548, #6573, #1955, #1899, #2987, #3018, #4986, #487, #3489, #4954, #954, #6012, #3983, #519, #6543, #3518, #5015, #2542, #4451, #4510, #2018, #1990, #3547, #394, #928, #5949, #5517, #890, #2957, #2490, #4017, #1458, #6040, #421, #5979, #1486, #5549, #1419, #985, #5081, #2517, #5577, #1023, #2456, #4573, #3053, #3919, #1389, #3421, #6479, #1926, #5450, #3948, #3458, #5487, #617, #4611, #4075, #2118, #1119, #1686, #6595 ) ),
 .UNSPECIFIED., .T., .F., .F. ) 
 B_SPLINE_SURFACE_WITH_KNOTS ( ( 4, 3, 4 ),
 ( 3, 2, 2, 2, 2, 2, 2, 2, 2, 2, 2, 2, 2, 2, 2, 2, 2, 2, 2, 2, 2, 2, 2, 2, 2, 2, 2, 2, 2, 2, 2, 2, 2, 2, 2, 2, 2, 2, 2, 2, 2, 2, 2, 2, 2, 2, 2, 2, 2, 2, 3 ),
 ( 0.0000000000000000000, 0.5000000000000000000, 1.000000000000000000 ),
 ( 0.0000000000000000000, 0.02000000000000000042, 0.04000000000000000083, 0.05999999999999999778, 0.08000000000000000167, 0.1000000000000000056, 0.1199999999999999956, 0.1400000000000000133, 0.1600000000000000033, 0.1799999999999999933, 0.2000000000000000111, 0.2200000000000000011, 0.2399999999999999911, 0.2600000000000000089, 0.2800000000000000266, 0.2999999999999999889, 0.3200000000000000067, 0.3400000000000000244, 0.3599999999999999867, 0.3800000000000000044, 0.4000000000000000222, 0.4199999999999999845, 0.4400000000000000022, 0.4600000000000000200, 0.4799999999999999822, 0.5000000000000000000, 0.5200000000000000178, 0.5400000000000000355, 0.5600000000000000533, 0.5799999999999999600, 0.5999999999999999778, 0.6199999999999999956, 0.6400000000000000133, 0.6600000000000000311, 0.6800000000000000488, 0.6999999999999999556, 0.7199999999999999734, 0.7399999999999999911, 0.7600000000000000089, 0.7800000000000000266, 0.8000000000000000444, 0.8199999999999999512, 0.8399999999999999689, 0.8599999999999999867, 0.8800000000000000044, 0.9000000000000000222, 0.9200000000000000400, 0.9399999999999999467, 0.9599999999999999645, 0.9799999999999999822, 1.000000000000000000 ),
 .UNSPECIFIED. ) 
 GEOMETRIC_REPRESENTATION_ITEM ( )  RATIONAL_B_SPLINE_SURFACE ( (
 ( 1.000000000000000000, 0.9510565162951535312, 1.000000000000000000, 0.9510565162951535312, 1.000000000000000000, 0.9510565162951535312, 1.000000000000000000, 0.9510565162951535312, 1.000000000000000000, 0.9510565162951535312, 1.000000000000000000, 0.9510565162951535312, 1.000000000000000000, 0.9510565162951535312, 1.000000000000000000, 0.9510565162951535312, 1.000000000000000000, 0.9510565162951535312, 1.000000000000000000, 0.9510565162951535312, 1.000000000000000000, 0.9510565162951535312, 1.000000000000000000, 0.9510565162951535312, 1.000000000000000000, 0.9510565162951535312, 1.000000000000000000, 0.9510565162951535312, 1.000000000000000000, 0.9510565162951535312, 1.000000000000000000, 0.9510565162951535312, 1.000000000000000000, 0.9510565162951535312, 1.000000000000000000, 0.9510565162951535312, 1.000000000000000000, 0.9510565162951535312, 1.000000000000000000, 0.9510565162951535312, 1.000000000000000000, 0.9510565162951535312, 1.000000000000000000, 0.9510565162951535312, 1.000000000000000000, 0.9510565162951535312, 1.000000000000000000, 0.9510565162951535312, 1.000000000000000000, 0.9510565162951535312, 1.000000000000000000, 0.9510565162951535312, 1.000000000000000000, 0.9510565162951535312, 1.000000000000000000, 0.9510565162951535312, 1.000000000000000000, 0.9510565162951535312, 1.000000000000000000, 0.9510565162951535312, 1.000000000000000000, 0.9510565162951535312, 1.000000000000000000, 0.9510565162951535312, 1.000000000000000000, 0.9510565162951535312, 1.000000000000000000, 0.9510565162951535312, 1.000000000000000000, 0.9510565162951535312, 1.000000000000000000, 0.9510565162951535312, 1.000000000000000000, 0.9510565162951535312, 1.000000000000000000, 0.9510565162951535312, 1.000000000000000000, 0.9510565162951535312, 1.000000000000000000, 0.9510565162951535312, 1.000000000000000000, 0.9510565162951535312, 1.000000000000000000, 0.9510565162951535312, 1.000000000000000000, 0.9510565162951535312, 1.000000000000000000, 0.9510565162951535312, 1.000000000000000000, 0.9510565162951535312, 1.000000000000000000, 0.9510565162951535312, 1.000000000000000000, 0.9510565162951535312, 1.000000000000000000, 0.9510565162951535312, 1.000000000000000000, 0.9510565162951535312, 1.000000000000000000, 0.9510565162951535312, 1.000000000000000000),
 ( 0.3333333333333333703, 0.3170188387650512141, 0.3333333333333333703, 0.3170188387650512141, 0.3333333333333333703, 0.3170188387650512141, 0.3333333333333333703, 0.3170188387650512141, 0.3333333333333333703, 0.3170188387650512141, 0.3333333333333333703, 0.3170188387650512141, 0.3333333333333333703, 0.3170188387650512141, 0.3333333333333333703, 0.3170188387650512141, 0.3333333333333333703, 0.3170188387650512141, 0.3333333333333333703, 0.3170188387650512141, 0.3333333333333333703, 0.3170188387650512141, 0.3333333333333333703, 0.3170188387650512141, 0.3333333333333333703, 0.3170188387650512141, 0.3333333333333333703, 0.3170188387650512141, 0.3333333333333333703, 0.3170188387650512141, 0.3333333333333333703, 0.3170188387650512141, 0.3333333333333333703, 0.3170188387650512141, 0.3333333333333333703, 0.3170188387650512141, 0.3333333333333333703, 0.3170188387650512141, 0.3333333333333333703, 0.3170188387650512141, 0.3333333333333333703, 0.3170188387650512141, 0.3333333333333333703, 0.3170188387650512141, 0.3333333333333333703, 0.3170188387650512141, 0.3333333333333333703, 0.3170188387650512141, 0.3333333333333333703, 0.3170188387650512141, 0.3333333333333333703, 0.3170188387650512141, 0.3333333333333333703, 0.3170188387650512141, 0.3333333333333333703, 0.3170188387650512141, 0.3333333333333333703, 0.3170188387650512141, 0.3333333333333333703, 0.3170188387650512141, 0.3333333333333333703, 0.3170188387650512141, 0.3333333333333333703, 0.3170188387650512141, 0.3333333333333333703, 0.3170188387650512141, 0.3333333333333333703, 0.3170188387650512141, 0.3333333333333333703, 0.3170188387650512141, 0.3333333333333333703, 0.3170188387650512141, 0.3333333333333333703, 0.3170188387650512141, 0.3333333333333333703, 0.3170188387650512141, 0.3333333333333333703, 0.3170188387650512141, 0.3333333333333333703, 0.3170188387650512141, 0.3333333333333333703, 0.3170188387650512141, 0.3333333333333333703, 0.3170188387650512141, 0.3333333333333333703, 0.3170188387650512141, 0.3333333333333333703, 0.3170188387650512141, 0.3333333333333333703, 0.3170188387650512141, 0.3333333333333333703, 0.3170188387650512141, 0.3333333333333333703, 0.3170188387650512141, 0.3333333333333333703, 0.3170188387650512141, 0.3333333333333333703, 0.3170188387650512141, 0.3333333333333333703, 0.3170188387650512141, 0.3333333333333333703),
 ( 0.3333333333333333703, 0.3170188387650512141, 0.3333333333333333703, 0.3170188387650512141, 0.3333333333333333703, 0.3170188387650512141, 0.3333333333333333703, 0.3170188387650512141, 0.3333333333333333703, 0.3170188387650512141, 0.3333333333333333703, 0.3170188387650512141, 0.3333333333333333703, 0.3170188387650512141, 0.3333333333333333703, 0.3170188387650512141, 0.3333333333333333703, 0.3170188387650512141, 0.3333333333333333703, 0.3170188387650512141, 0.3333333333333333703, 0.3170188387650512141, 0.3333333333333333703, 0.3170188387650512141, 0.3333333333333333703, 0.3170188387650512141, 0.3333333333333333703, 0.3170188387650512141, 0.3333333333333333703, 0.3170188387650512141, 0.3333333333333333703, 0.3170188387650512141, 0.3333333333333333703, 0.3170188387650512141, 0.3333333333333333703, 0.3170188387650512141, 0.3333333333333333703, 0.3170188387650512141, 0.3333333333333333703, 0.3170188387650512141, 0.3333333333333333703, 0.3170188387650512141, 0.3333333333333333703, 0.3170188387650512141, 0.3333333333333333703, 0.3170188387650512141, 0.3333333333333333703, 0.3170188387650512141, 0.3333333333333333703, 0.3170188387650512141, 0.3333333333333333703, 0.3170188387650512141, 0.3333333333333333703, 0.3170188387650512141, 0.3333333333333333703, 0.3170188387650512141, 0.3333333333333333703, 0.3170188387650512141, 0.3333333333333333703, 0.3170188387650512141, 0.3333333333333333703, 0.3170188387650512141, 0.3333333333333333703, 0.3170188387650512141, 0.3333333333333333703, 0.3170188387650512141, 0.3333333333333333703, 0.3170188387650512141, 0.3333333333333333703, 0.3170188387650512141, 0.3333333333333333703, 0.3170188387650512141, 0.3333333333333333703, 0.3170188387650512141, 0.3333333333333333703, 0.3170188387650512141, 0.3333333333333333703, 0.3170188387650512141, 0.3333333333333333703, 0.3170188387650512141, 0.3333333333333333703, 0.3170188387650512141, 0.3333333333333333703, 0.3170188387650512141, 0.3333333333333333703, 0.3170188387650512141, 0.3333333333333333703, 0.3170188387650512141, 0.3333333333333333703, 0.3170188387650512141, 0.3333333333333333703, 0.3170188387650512141, 0.3333333333333333703, 0.3170188387650512141, 0.3333333333333333703, 0.3170188387650512141, 0.3333333333333333703, 0.3170188387650512141, 0.3333333333333333703, 0.3170188387650512141, 0.3333333333333333703),
 ( 1.000000000000000000, 0.9510565162951535312, 1.000000000000000000, 0.9510565162951535312, 1.000000000000000000, 0.9510565162951535312, 1.000000000000000000, 0.9510565162951535312, 1.000000000000000000, 0.9510565162951535312, 1.000000000000000000, 0.9510565162951535312, 1.000000000000000000, 0.9510565162951535312, 1.000000000000000000, 0.9510565162951535312, 1.000000000000000000, 0.9510565162951535312, 1.000000000000000000, 0.9510565162951535312, 1.000000000000000000, 0.9510565162951535312, 1.000000000000000000, 0.9510565162951535312, 1.000000000000000000, 0.9510565162951535312, 1.000000000000000000, 0.9510565162951535312, 1.000000000000000000, 0.9510565162951535312, 1.000000000000000000, 0.9510565162951535312, 1.000000000000000000, 0.9510565162951535312, 1.000000000000000000, 0.9510565162951535312, 1.000000000000000000, 0.9510565162951535312, 1.000000000000000000, 0.9510565162951535312, 1.000000000000000000, 0.9510565162951535312, 1.000000000000000000, 0.9510565162951535312, 1.000000000000000000, 0.9510565162951535312, 1.000000000000000000, 0.9510565162951535312, 1.000000000000000000, 0.9510565162951535312, 1.000000000000000000, 0.9510565162951535312, 1.000000000000000000, 0.9510565162951535312, 1.000000000000000000, 0.9510565162951535312, 1.000000000000000000, 0.9510565162951535312, 1.000000000000000000, 0.9510565162951535312, 1.000000000000000000, 0.9510565162951535312, 1.000000000000000000, 0.9510565162951535312, 1.000000000000000000, 0.9510565162951535312, 1.000000000000000000, 0.9510565162951535312, 1.000000000000000000, 0.9510565162951535312, 1.000000000000000000, 0.9510565162951535312, 1.000000000000000000, 0.9510565162951535312, 1.000000000000000000, 0.9510565162951535312, 1.000000000000000000, 0.9510565162951535312, 1.000000000000000000, 0.9510565162951535312, 1.000000000000000000, 0.9510565162951535312, 1.000000000000000000, 0.9510565162951535312, 1.000000000000000000, 0.9510565162951535312, 1.000000000000000000, 0.9510565162951535312, 1.000000000000000000, 0.9510565162951535312, 1.000000000000000000, 0.9510565162951535312, 1.000000000000000000, 0.9510565162951535312, 1.000000000000000000, 0.9510565162951535312, 1.000000000000000000, 0.9510565162951535312, 1.000000000000000000, 0.9510565162951535312, 1.000000000000000000),
 ( 0.3333333333333333703, 0.3170188387650512141, 0.3333333333333333703, 0.3170188387650512141, 0.3333333333333333703, 0.3170188387650512141, 0.3333333333333333703, 0.3170188387650512141, 0.3333333333333333703, 0.3170188387650512141, 0.3333333333333333703, 0.3170188387650512141, 0.3333333333333333703, 0.3170188387650512141, 0.3333333333333333703, 0.3170188387650512141, 0.3333333333333333703, 0.3170188387650512141, 0.3333333333333333703, 0.3170188387650512141, 0.3333333333333333703, 0.3170188387650512141, 0.3333333333333333703, 0.3170188387650512141, 0.3333333333333333703, 0.3170188387650512141, 0.3333333333333333703, 0.3170188387650512141, 0.3333333333333333703, 0.3170188387650512141, 0.3333333333333333703, 0.3170188387650512141, 0.3333333333333333703, 0.3170188387650512141, 0.3333333333333333703, 0.3170188387650512141, 0.3333333333333333703, 0.3170188387650512141, 0.3333333333333333703, 0.3170188387650512141, 0.3333333333333333703, 0.3170188387650512141, 0.3333333333333333703, 0.3170188387650512141, 0.3333333333333333703, 0.3170188387650512141, 0.3333333333333333703, 0.3170188387650512141, 0.3333333333333333703, 0.3170188387650512141, 0.3333333333333333703, 0.3170188387650512141, 0.3333333333333333703, 0.3170188387650512141, 0.3333333333333333703, 0.3170188387650512141, 0.3333333333333333703, 0.3170188387650512141, 0.3333333333333333703, 0.3170188387650512141, 0.3333333333333333703, 0.3170188387650512141, 0.3333333333333333703, 0.3170188387650512141, 0.3333333333333333703, 0.3170188387650512141, 0.3333333333333333703, 0.3170188387650512141, 0.3333333333333333703, 0.3170188387650512141, 0.3333333333333333703, 0.3170188387650512141, 0.3333333333333333703, 0.3170188387650512141, 0.3333333333333333703, 0.3170188387650512141, 0.3333333333333333703, 0.3170188387650512141, 0.3333333333333333703, 0.3170188387650512141, 0.3333333333333333703, 0.3170188387650512141, 0.3333333333333333703, 0.3170188387650512141, 0.3333333333333333703, 0.3170188387650512141, 0.3333333333333333703, 0.3170188387650512141, 0.3333333333333333703, 0.3170188387650512141, 0.3333333333333333703, 0.3170188387650512141, 0.3333333333333333703, 0.3170188387650512141, 0.3333333333333333703, 0.3170188387650512141, 0.3333333333333333703, 0.3170188387650512141, 0.3333333333333333703, 0.3170188387650512141, 0.3333333333333333703),
 ( 0.3333333333333333703, 0.3170188387650512141, 0.3333333333333333703, 0.3170188387650512141, 0.3333333333333333703, 0.3170188387650512141, 0.3333333333333333703, 0.3170188387650512141, 0.3333333333333333703, 0.3170188387650512141, 0.3333333333333333703, 0.3170188387650512141, 0.3333333333333333703, 0.3170188387650512141, 0.3333333333333333703, 0.3170188387650512141, 0.3333333333333333703, 0.3170188387650512141, 0.3333333333333333703, 0.3170188387650512141, 0.3333333333333333703, 0.3170188387650512141, 0.3333333333333333703, 0.3170188387650512141, 0.3333333333333333703, 0.3170188387650512141, 0.3333333333333333703, 0.3170188387650512141, 0.3333333333333333703, 0.3170188387650512141, 0.3333333333333333703, 0.3170188387650512141, 0.3333333333333333703, 0.3170188387650512141, 0.3333333333333333703, 0.3170188387650512141, 0.3333333333333333703, 0.3170188387650512141, 0.3333333333333333703, 0.3170188387650512141, 0.3333333333333333703, 0.3170188387650512141, 0.3333333333333333703, 0.3170188387650512141, 0.3333333333333333703, 0.3170188387650512141, 0.3333333333333333703, 0.3170188387650512141, 0.3333333333333333703, 0.3170188387650512141, 0.3333333333333333703, 0.3170188387650512141, 0.3333333333333333703, 0.3170188387650512141, 0.3333333333333333703, 0.3170188387650512141, 0.3333333333333333703, 0.3170188387650512141, 0.3333333333333333703, 0.3170188387650512141, 0.3333333333333333703, 0.3170188387650512141, 0.3333333333333333703, 0.3170188387650512141, 0.3333333333333333703, 0.3170188387650512141, 0.3333333333333333703, 0.3170188387650512141, 0.3333333333333333703, 0.3170188387650512141, 0.3333333333333333703, 0.3170188387650512141, 0.3333333333333333703, 0.3170188387650512141, 0.3333333333333333703, 0.3170188387650512141, 0.3333333333333333703, 0.3170188387650512141, 0.3333333333333333703, 0.3170188387650512141, 0.3333333333333333703, 0.3170188387650512141, 0.3333333333333333703, 0.3170188387650512141, 0.3333333333333333703, 0.3170188387650512141, 0.3333333333333333703, 0.3170188387650512141, 0.3333333333333333703, 0.3170188387650512141, 0.3333333333333333703, 0.3170188387650512141, 0.3333333333333333703, 0.3170188387650512141, 0.3333333333333333703, 0.3170188387650512141, 0.3333333333333333703, 0.3170188387650512141, 0.3333333333333333703, 0.3170188387650512141, 0.3333333333333333703),
 ( 1.000000000000000000, 0.9510565162951535312, 1.000000000000000000, 0.9510565162951535312, 1.000000000000000000, 0.9510565162951535312, 1.000000000000000000, 0.9510565162951535312, 1.000000000000000000, 0.9510565162951535312, 1.000000000000000000, 0.9510565162951535312, 1.000000000000000000, 0.9510565162951535312, 1.000000000000000000, 0.9510565162951535312, 1.000000000000000000, 0.9510565162951535312, 1.000000000000000000, 0.9510565162951535312, 1.000000000000000000, 0.9510565162951535312, 1.000000000000000000, 0.9510565162951535312, 1.000000000000000000, 0.9510565162951535312, 1.000000000000000000, 0.9510565162951535312, 1.000000000000000000, 0.9510565162951535312, 1.000000000000000000, 0.9510565162951535312, 1.000000000000000000, 0.9510565162951535312, 1.000000000000000000, 0.9510565162951535312, 1.000000000000000000, 0.9510565162951535312, 1.000000000000000000, 0.9510565162951535312, 1.000000000000000000, 0.9510565162951535312, 1.000000000000000000, 0.9510565162951535312, 1.000000000000000000, 0.9510565162951535312, 1.000000000000000000, 0.9510565162951535312, 1.000000000000000000, 0.9510565162951535312, 1.000000000000000000, 0.9510565162951535312, 1.000000000000000000, 0.9510565162951535312, 1.000000000000000000, 0.9510565162951535312, 1.000000000000000000, 0.9510565162951535312, 1.000000000000000000, 0.9510565162951535312, 1.000000000000000000, 0.9510565162951535312, 1.000000000000000000, 0.9510565162951535312, 1.000000000000000000, 0.9510565162951535312, 1.000000000000000000, 0.9510565162951535312, 1.000000000000000000, 0.9510565162951535312, 1.000000000000000000, 0.9510565162951535312, 1.000000000000000000, 0.9510565162951535312, 1.000000000000000000, 0.9510565162951535312, 1.000000000000000000, 0.9510565162951535312, 1.000000000000000000, 0.9510565162951535312, 1.000000000000000000, 0.9510565162951535312, 1.000000000000000000, 0.9510565162951535312, 1.000000000000000000, 0.9510565162951535312, 1.000000000000000000, 0.9510565162951535312, 1.000000000000000000, 0.9510565162951535312, 1.000000000000000000, 0.9510565162951535312, 1.000000000000000000, 0.9510565162951535312, 1.000000000000000000, 0.9510565162951535312, 1.000000000000000000, 0.9510565162951535312, 1.000000000000000000, 0.9510565162951535312, 1.000000000000000000) ) ) 
 REPRESENTATION_ITEM ( '' )  SURFACE ( )  );
#5027 = ORIENTED_EDGE ( 'NONE', *, *, #4703, .T. ) ;
#5028 = CARTESIAN_POINT ( 'NONE',  ( -15.14730192041213641, -12.99999999999994849, -4.199999999999997513 ) ) ;
#5029 = CARTESIAN_POINT ( 'NONE',  ( 18.49999999999999289, 34.72815352530682986, 6.011014380308770555 ) ) ;
#5030 = EDGE_CURVE ( 'NONE', #4169, #2008, #6435, .T. ) ;
#5031 = CARTESIAN_POINT ( 'NONE',  ( -16.28571998612486027, 10.99999999999995026, 4.750000000000000000 ) ) ;
#5032 = AXIS2_PLACEMENT_3D ( 'NONE', #1049, #100, #3208 ) ;
#5033 = EDGE_CURVE ( 'NONE', #3550, #4238, #2413, .T. ) ;
#5034 = CARTESIAN_POINT ( 'NONE',  ( 0.0000000000000000000, -6.000000000000000000, 25.80000000000000426 ) ) ;
#5035 = CARTESIAN_POINT ( 'NONE',  ( 26.50000000000001066, 91.87110244148010452, -8.610371950172012845 ) ) ;
#5036 = CIRCLE ( 'NONE', #2160, 3.999999999999998224 ) ;
#5037 = VERTEX_POINT ( 'NONE', #4544 ) ;
#5038 = EDGE_CURVE ( 'NONE', #4540, #1440, #1241, .T. ) ;
#5039 = ORIENTED_EDGE ( 'NONE', *, *, #714, .F. ) ;
#5040 = EDGE_CURVE ( 'NONE', #5331, #2228, #5912, .T. ) ;
#5041 = ORIENTED_EDGE ( 'NONE', *, *, #4900, .F. ) ;
#5042 = AXIS2_PLACEMENT_3D ( 'NONE', #1569, #3599, #3067 ) ;
#5043 = AXIS2_PLACEMENT_3D ( 'NONE', #4585, #5620, #4159 ) ;
#5044 = CARTESIAN_POINT ( 'NONE',  ( 22.64616751901333203, 4.987208380330578450, -12.77370106565430596 ) ) ;
#5045 = VECTOR ( 'NONE', #4553, 1000.000000000000000 ) ;
#5046 = CARTESIAN_POINT ( 'NONE',  ( -1.936151401393807037, -3.517993941753322140, 25.92782228142073109 ) ) ;
#5047 = CARTESIAN_POINT ( 'NONE',  ( -14.96681439593652740, 12.27653026057761032, 10.87402716741075359 ) ) ;
#5048 = VECTOR ( 'NONE', #4379, 999.9999999999998863 ) ;
#5049 = PRESENTATION_STYLE_ASSIGNMENT (( #4015 ) ) ;
#5050 = CARTESIAN_POINT ( 'NONE',  ( 3.573283826362257527E-15, 87.55774430703964128, -19.45205114840794280 ) ) ;
#5051 = CARTESIAN_POINT ( 'NONE',  ( -5.716814395936523852, 33.17977679003608671, -17.59454555146034238 ) ) ;
#5052 = CARTESIAN_POINT ( 'NONE',  ( -10.17629357874269225, -4.228539818807469430, -4.750000000000000000 ) ) ;
#5053 = CARTESIAN_POINT ( 'NONE',  ( 15.58845726811978949, 3.000000000000000000, 9.000000000000181188 ) ) ;
#5054 = ORIENTED_EDGE ( 'NONE', *, *, #512, .F. ) ;
#5055 = CARTESIAN_POINT ( 'NONE',  ( 21.43895035093610701, 29.49313492447651797, -15.57630918575053514 ) ) ;
#5056 = CARTESIAN_POINT ( 'NONE',  ( 1.599049250493760566, -1.770733375214463612, 25.95143829228956633 ) ) ;
#5057 = LINE ( 'NONE', #5087, #5874 ) ;
#5058 = AXIS2_PLACEMENT_3D ( 'NONE', #4790, #5395, #3897 ) ;
#5059 = CARTESIAN_POINT ( 'NONE',  ( 21.44994432064348189, 2.867802793624276703, 14.69353220438485152 ) ) ;
#5060 = CIRCLE ( 'NONE', #2607, 2.000000000000001332 ) ;
#5061 = CARTESIAN_POINT ( 'NONE',  ( -1.706162547722519354E-15, 70.34113964314076384, 27.86374894231408206 ) ) ;
#5062 =( NAMED_UNIT ( * ) SI_UNIT ( $, .STERADIAN. ) SOLID_ANGLE_UNIT ( ) );
#5063 = SURFACE_SIDE_STYLE ('',( #4089 ) ) ;
#5064 = CARTESIAN_POINT ( 'NONE',  ( 18.49999999999999645, 17.21660466389890232, 2.265596578422603396E-15 ) ) ;
#5065 = AXIS2_PLACEMENT_3D ( 'NONE', #3593, #142, #5616 ) ;
#5066 = CARTESIAN_POINT ( 'NONE',  ( 14.96681439593652740, 84.79276290786999937, -10.87402716741075004 ) ) ;
#5067 = STYLED_ITEM ( 'NONE', ( #4181 ), #4743 ) ;
#5068 = CARTESIAN_POINT ( 'NONE',  ( 0.0000000000000000000, -5.729171279348436721E-16, -4.199999999999999289 ) ) ;
#5069 = SURFACE_STYLE_USAGE ( .BOTH. , #1007 ) ;
#5070 = CARTESIAN_POINT ( 'NONE',  ( -26.50000000000000000, 100.1660466389891297, 0.0000000000000000000 ) ) ;
#5071 = EDGE_LOOP ( 'NONE', ( #971, #4538, #1543, #1680, #26, #246, #5535, #4526, #3626, #5858 ) ) ;
#5072 = ORIENTED_EDGE ( 'NONE', *, *, #2386, .F. ) ;
#5073 = PRODUCT_DEFINITION ( 'UNKNOWN', '', #5277, #3724 ) ;
#5074 = ORIENTED_EDGE ( 'NONE', *, *, #1656, .F. ) ;
#5075 = EDGE_CURVE ( 'NONE', #6578, #4940, #5325, .T. ) ;
#5076 = DIRECTION ( 'NONE',  ( 1.000000000000000000, -0.0000000000000000000, -0.0000000000000000000 ) ) ;
#5077 = CARTESIAN_POINT ( 'NONE',  ( -23.14802333289736680, 1.492166226626201908, -11.83966901652694048 ) ) ;
#5078 = CARTESIAN_POINT ( 'NONE',  ( 3.573283826362257527E-15, 42.69132565144401781, -19.45205114840793925 ) ) ;
#5079 = FILL_AREA_STYLE_COLOUR ( '', #4536 ) ;
#5080 = CARTESIAN_POINT ( 'NONE',  ( 18.49999999999999645, 72.51623264729238372, 2.265596578422603396E-15 ) ) ;
#5081 = CARTESIAN_POINT ( 'NONE',  ( -14.96681439593652563, 71.88951637841152831, -10.87402716741075714 ) ) ;
#5082 = CARTESIAN_POINT ( 'NONE',  ( 21.67575233507316668, 4.230848336789129860, 14.35952452434981197 ) ) ;
#5083 = ORIENTED_EDGE ( 'NONE', *, *, #3764, .T. ) ;
#5084 = CARTESIAN_POINT ( 'NONE',  ( 21.43895035093610701, 66.35955358007217342, -15.57630918575053514 ) ) ;
#5085 = FACE_OUTER_BOUND ( 'NONE', #2200, .T. ) ;
#5086 = DIRECTION ( 'NONE',  ( 0.0000000000000000000, 0.0000000000000000000, 1.000000000000000000 ) ) ;
#5087 = CARTESIAN_POINT ( 'NONE',  ( 26.98076211353300735, -2.999999999999999556, 13.26794919243143589 ) ) ;
#5088 = DIRECTION ( 'NONE',  ( -0.0000000000000000000, 1.000000000000000000, -0.0000000000000000000 ) ) ;
#5089 = CARTESIAN_POINT ( 'NONE',  ( 23.00153547642129226, 1.264710590191919559, 12.12192743472690104 ) ) ;
#5090 = CARTESIAN_POINT ( 'NONE',  ( -1.706162547722519354E-15, 33.47472098754511194, 27.86374894231408206 ) ) ;
#5091 = DIRECTION ( 'NONE',  ( -0.8660254037844433705, 0.0000000000000000000, 0.4999999999999920619 ) ) ;
#5092 = CARTESIAN_POINT ( 'NONE',  ( -22.64616751901323610, -1.012791619669421328, 12.77370106565446584 ) ) ;
#5093 = VERTEX_POINT ( 'NONE', #5444 ) ;
#5094 = UNCERTAINTY_MEASURE_WITH_UNIT (LENGTH_MEASURE( 1.000000000000000082E-05 ), #686, 'distance_accuracy_value', 'NONE');
#5095 = CARTESIAN_POINT ( 'NONE',  ( 18.50000000000000355, 73.43789311368225015, -6.011014380308763450 ) ) ;
#5096 = CARTESIAN_POINT ( 'NONE',  ( -6.107618198298935930, 92.16604663898942817, -22.83749732285384937 ) ) ;
#5097 = CARTESIAN_POINT ( 'NONE',  ( -23.26989921430621067, 1.780618158381594318, 11.59814987529157193 ) ) ;
#5098 = LINE ( 'NONE', #3571, #5539 ) ;
#5099 = CARTESIAN_POINT ( 'NONE',  ( -16.37790070187220692, 78.96785591202161925, -22.54224642132905743 ) ) ;
#5100 = EDGE_LOOP ( 'NONE', ( #1591, #331 ) ) ;
#5101 = EDGE_LOOP ( 'NONE', ( #1612, #541, #4629, #6426 ) ) ;
#5102 = EDGE_LOOP ( 'NONE', ( #4934, #3175, #5472, #6196 ) ) ;
#5103 = ADVANCED_FACE ( 'NONE', ( #881 ), #3452, .F. ) ;
#5104 =( GEOMETRIC_REPRESENTATION_CONTEXT ( 3 ) GLOBAL_UNCERTAINTY_ASSIGNED_CONTEXT ( ( #1047 ) ) GLOBAL_UNIT_ASSIGNED_CONTEXT ( ( #1529, #996, #4622 ) ) REPRESENTATION_CONTEXT ( 'NONE', 'WORKASPACE' ) );
#5105 = CARTESIAN_POINT ( 'NONE',  ( -8.000000000000000000, 9.797174393178825657E-16, -8.000000000000000000 ) ) ;
#5106 = CARTESIAN_POINT ( 'NONE',  ( 17.00000000000002132, -150.0000000000000000, 0.0000000000000000000 ) ) ;
#5107 = CARTESIAN_POINT ( 'NONE',  ( -11.43362879187304770, 44.53464658422380040, -15.73703995451274196 ) ) ;
#5108 = EDGE_CURVE ( 'NONE', #1975, #6359, #4745, .T. ) ;
#5109 = EDGE_CURVE ( 'NONE', #6228, #3109, #5595, .T. ) ;
#5110 = CARTESIAN_POINT ( 'NONE',  ( -5.716814395936527404, 48.55306052115520998, 17.59454555146033528 ) ) ;
#5111 = CARTESIAN_POINT ( 'NONE',  ( -11.94103808879068751, -3.031795035636993237E-16, 15.49975086044572414 ) ) ;
#5112 = CARTESIAN_POINT ( 'NONE',  ( 0.0000000000000000000, -3.000000000000000000, -18.00000000000000000 ) ) ;
#5113 = CARTESIAN_POINT ( 'NONE',  ( 1.836970198721029747E-14, -150.0000000000000000, 0.0000000000000000000 ) ) ;
#5114 = ORIENTED_EDGE ( 'NONE', *, *, #5557, .T. ) ;
#5115 = CARTESIAN_POINT ( 'NONE',  ( -8.188950350936107014, 40.55306052115521709, 25.20299768182156797 ) ) ;
#5116 = CARTESIAN_POINT ( 'NONE',  ( -25.00000000000000000, -12.99999999999994849, 4.199999999999996625 ) ) ;
#5117 = B_SPLINE_CURVE_WITH_KNOTS ( 'NONE', 3,
 ( #3943, #1381, #6006, #3011, #1451, #2981, #445, #2483, #4412, #6444, #1921, #1480, #1892, #5943 ),
 .UNSPECIFIED., .F., .F.,
 ( 4, 2, 2, 2, 2, 2, 4 ),
 ( 0.006255221074826319665, 0.007037337391574168335, 0.007819453708322017874, 0.008210511866695942643, 0.008601570025069867412, 0.008992628183443792181, 0.009383686341817716950 ),
 .UNSPECIFIED. ) ;
#5118 = FILL_AREA_STYLE_COLOUR ( '', #2375 ) ;
#5119 = CARTESIAN_POINT ( 'NONE',  ( -2.000000000000000888, -2.868035572153836199, -25.92296279363144862 ) ) ;
#5120 = FILL_AREA_STYLE_COLOUR ( '', #247 ) ;
#5121 = SURFACE_SIDE_STYLE ('',( #6152 ) ) ;
#5122 = CARTESIAN_POINT ( 'NONE',  ( -11.43362879187304770, 26.10143725642598156, -15.73703995451274196 ) ) ;
#5123 = CARTESIAN_POINT ( 'NONE',  ( -15.40773175690302565, -17.41295475486537470, 6.825857878831220305 ) ) ;
#5124 = FACE_OUTER_BOUND ( 'NONE', #4598, .T. ) ;
#5125 = ORIENTED_EDGE ( 'NONE', *, *, #5109, .T. ) ;
#5126 = CARTESIAN_POINT ( 'NONE',  ( -5.716814395936527404, 85.41947917675085478, 17.59454555146033528 ) ) ;
#5127 = DIRECTION ( 'NONE',  ( -1.000000000000000000, 0.0000000000000000000, 0.0000000000000000000 ) ) ;
#5128 = CARTESIAN_POINT ( 'NONE',  ( -10.02883490990594240, 92.16604663898934291, -22.51219852155585954 ) ) ;
#5129 = CARTESIAN_POINT ( 'NONE',  ( -21.67954373773893906, 1.779951368982626958, 14.35279237806576091 ) ) ;
#5130 = PRESENTATION_STYLE_ASSIGNMENT (( #5069 ) ) ;
#5131 = CONTEXT_DEPENDENT_SHAPE_REPRESENTATION ( #6351, #3376 ) ;
#5132 = CARTESIAN_POINT ( 'NONE',  ( 26.50000000000000000, 54.08302331949455777, 3.245314017740485765E-15 ) ) ;
#5133 = CYLINDRICAL_SURFACE ( 'NONE', #2702, 2.000000000000000000 ) ;
#5134 = VERTEX_POINT ( 'NONE', #6037 ) ;
#5135 = AXIS2_PLACEMENT_3D ( 'NONE', #3110, #5733, #2202 ) ;
#5136 = ORIENTED_EDGE ( 'NONE', *, *, #2435, .T. ) ;
#5137 = UNCERTAINTY_MEASURE_WITH_UNIT (LENGTH_MEASURE( 1.000000000000000082E-05 ), #852, 'distance_accuracy_value', 'NONE');
#5138 =( GEOMETRIC_REPRESENTATION_CONTEXT ( 3 ) GLOBAL_UNCERTAINTY_ASSIGNED_CONTEXT ( ( #3145 ) ) GLOBAL_UNIT_ASSIGNED_CONTEXT ( ( #6317, #3693, #2664 ) ) REPRESENTATION_CONTEXT ( 'NONE', 'WORKASPACE' ) );
#5139 = CARTESIAN_POINT ( 'NONE',  ( -22.50000000000000000, -2.755455298081544778E-15, 0.0000000000000000000 ) ) ;
#5140 =( NAMED_UNIT ( * ) PLANE_ANGLE_UNIT ( ) SI_UNIT ( $, .RADIAN. ) );
#5141 = FACE_BOUND ( 'NONE', #3491, .T. ) ;
#5142 = CIRCLE ( 'NONE', #1110, 8.000000000000000000 ) ;
#5143 = AXIS2_PLACEMENT_3D ( 'NONE', #5195, #3971, #628 ) ;
#5144 = CARTESIAN_POINT ( 'NONE',  ( -11.43362879187304770, 26.10143725642598156, -15.73703995451274196 ) ) ;
#5145 = CIRCLE ( 'NONE', #2065, 2.000000000000000000 ) ;
#5146 = CARTESIAN_POINT ( 'NONE',  ( -18.49999999999999289, 80.81117684480140895, -6.011014380308773219 ) ) ;
#5147 = CIRCLE ( 'NONE', #2495, 2.000000000000000000 ) ;
#5148 = CARTESIAN_POINT ( 'NONE',  ( -17.20050838701386553, 15.01859682976179045, 6.755475635574315518 ) ) ;
#5149 =( NAMED_UNIT ( * ) PLANE_ANGLE_UNIT ( ) SI_UNIT ( $, .RADIAN. ) );
#5150 = EDGE_CURVE ( 'NONE', #5093, #1422, #1050, .T. ) ;
#5151 = CARTESIAN_POINT ( 'NONE',  ( 26.50000000000000711, 28.57147445808662312, -8.610371950172012845 ) ) ;
#5152 = AXIS2_PLACEMENT_3D ( 'NONE', #2346, #4341, #4374 ) ;
#5153 = CARTESIAN_POINT ( 'NONE',  ( -0.1319644971640887843, 5.000000000000000888, 26.00000000000000355 ) ) ;
#5154 = DIRECTION ( 'NONE',  ( 0.0000000000000000000, -0.0000000000000000000, 1.000000000000000000 ) ) ;
#5155 = EDGE_CURVE ( 'NONE', #4484, #1269, #3102, .T. ) ;
#5156 = CARTESIAN_POINT ( 'NONE',  ( -18.49999999999999289, 46.37796751700358300, -6.011014380308773219 ) ) ;
#5157 = CARTESIAN_POINT ( 'NONE',  ( 1.022960916313601904E-15, 2.978641430428003112, 0.0000000000000000000 ) ) ;
#5158 = CARTESIAN_POINT ( 'NONE',  ( -15.58845726811985166, 3.000000000000000000, -9.000000000000071054 ) ) ;
#5159 = ORIENTED_EDGE ( 'NONE', *, *, #515, .T. ) ;
#5160 = CARTESIAN_POINT ( 'NONE',  ( 5.716814395936530069, 57.76966518505413006, -17.59454555146033528 ) ) ;
#5161 = CARTESIAN_POINT ( 'NONE',  ( 10.83917410271362947, 2.978641430428004000, -4.200000000000000178 ) ) ;
#5162 = CARTESIAN_POINT ( 'NONE',  ( -4.796899325006481973, 92.16604663898935712, -22.36684550684494255 ) ) ;
#5163 = AXIS2_PLACEMENT_3D ( 'NONE', #860, #3429, #2466 ) ;
#5164 = CYLINDRICAL_SURFACE ( 'NONE', #6296, 17.00000000000000000 ) ;
#5165 = SURFACE_STYLE_USAGE ( .BOTH. , #4729 ) ;
#5166 = CARTESIAN_POINT ( 'NONE',  ( 26.50000000000000000, 64.51623264729239793, 3.245314017740485765E-15 ) ) ;
#5167 = ORIENTED_EDGE ( 'NONE', *, *, #2575, .F. ) ;
#5168 = ORIENTED_EDGE ( 'NONE', *, *, #4783, .F. ) ;
#5169 = VECTOR ( 'NONE', #1625, 1000.000000000000227 ) ;
#5170 = CIRCLE ( 'NONE', #1344, 2.000000000000000444 ) ;
#5171 = VERTEX_POINT ( 'NONE', #1615 ) ;
#5172 = EDGE_LOOP ( 'NONE', ( #532, #6389, #4640, #5203 ) ) ;
#5173 = MECHANICAL_DESIGN_GEOMETRIC_PRESENTATION_REPRESENTATION (  '', ( #3780 ), #2726 ) ;
#5174 = CIRCLE ( 'NONE', #1141, 11.01986842026709823 ) ;
#5175 = CARTESIAN_POINT ( 'NONE',  ( 0.0000000000000000000, 0.0000000000000000000, 4.000000000000000000 ) ) ;
#5176 =( LENGTH_UNIT ( ) NAMED_UNIT ( * ) SI_UNIT ( .MILLI., .METRE. ) );
#5177 = SURFACE_SIDE_STYLE ('',( #4145 ) ) ;
#5178 = CARTESIAN_POINT ( 'NONE',  ( -14.96681439593652740, 30.70973958837542739, 10.87402716741075359 ) ) ;
#5179 = SURFACE_STYLE_USAGE ( .BOTH. , #1515 ) ;
#5180 = CARTESIAN_POINT ( 'NONE',  ( -1.191094608787419176E-15, 86.34113964314074963, 19.45205114840793925 ) ) ;
#5181 = CARTESIAN_POINT ( 'NONE',  ( -7.361173054697344398, 3.977344376823981366E-15, 19.28546946517478133 ) ) ;
#5182 = CARTESIAN_POINT ( 'NONE',  ( -17.19497654782259488, 14.31468809010522136, -6.002732546500714861 ) ) ;
#5183 = CARTESIAN_POINT ( 'NONE',  ( -21.59247860801783503, -1.991997481464662156, -14.48360827578871657 ) ) ;
#5184 = CARTESIAN_POINT ( 'NONE',  ( -26.50000000000000000, 72.81117684480142316, -8.610371950172025279 ) ) ;
#5185 = CARTESIAN_POINT ( 'NONE',  ( -25.98076211353308906, 3.000000000000000000, -15.00000000000012079 ) ) ;
#5186 = EDGE_CURVE ( 'NONE', #4065, #3605, #2084, .T. ) ;
#5187 = CARTESIAN_POINT ( 'NONE',  ( -23.42703555603491594, 3.526941492925747212, 11.27759044213253858 ) ) ;
#5188 = CARTESIAN_POINT ( 'NONE',  ( 16.28571998612485672, 10.99999999999995026, -4.750000000000000000 ) ) ;
#5189 = CARTESIAN_POINT ( 'NONE',  ( 3.184081677783118585E-15, -0.2000000000000065892, 26.00000000000000355 ) ) ;
#5190 = CYLINDRICAL_SURFACE ( 'NONE', #1181, 19.59999999999998721 ) ;
#5191 = CARTESIAN_POINT ( 'NONE',  ( 5.716814395936530069, 41.76966518505413006, -17.59454555146033528 ) ) ;
#5192 = CARTESIAN_POINT ( 'NONE',  ( 17.06680013071501278, 13.50004807726582179, -5.416668107478368022 ) ) ;
#5193 = ORIENTED_EDGE ( 'NONE', *, *, #5155, .T. ) ;
#5194 = CARTESIAN_POINT ( 'NONE',  ( -11.43362879187304770, 42.10143725642596735, -15.73703995451274196 ) ) ;
#5195 = CARTESIAN_POINT ( 'NONE',  ( 0.0000000000000000000, 5.800000000000000711, 0.0000000000000000000 ) ) ;
#5196 = CARTESIAN_POINT ( 'NONE',  ( -15.92155260295641916, 92.16604663898941396, -10.13619837431941129 ) ) ;
#5197 = EDGE_CURVE ( 'NONE', #5570, #2705, #5606, .T. ) ;
#5198 = CARTESIAN_POINT ( 'NONE',  ( 0.0000000000000000000, -0.2000000000000065892, 0.0000000000000000000 ) ) ;
#5199 = FILL_AREA_STYLE ('',( #659 ) ) ;
#5200 = DIRECTION ( 'NONE',  ( 1.133932221432734415E-16, -1.000000000000000000, -0.0000000000000000000 ) ) ;
#5201 = ITEM_DEFINED_TRANSFORMATION ( 'NONE', 'NONE', #4962,  #2408 ) ;
#5202 = CARTESIAN_POINT ( 'NONE',  ( -8.188950350936101685, 70.04619544563172440, -25.20299768182156797 ) ) ;
#5203 = ORIENTED_EDGE ( 'NONE', *, *, #4010, .F. ) ;
#5204 = ORIENTED_EDGE ( 'NONE', *, *, #5237, .F. ) ;
#5205 = EDGE_CURVE ( 'NONE', #4348, #2297, #6141, .T. ) ;
#5206 = EDGE_LOOP ( 'NONE', ( #6034, #653, #2078, #1056 ) ) ;
#5207 = LINE ( 'NONE', #4171, #1847 ) ;
#5208 = CARTESIAN_POINT ( 'NONE',  ( 0.0000000000000000000, -3.000000000000000000, 18.00000000000000000 ) ) ;
#5209 = CARTESIAN_POINT ( 'NONE',  ( 3.573283826362257527E-15, 13.82490699584836591, -19.45205114840794280 ) ) ;
#5210 =( NAMED_UNIT ( * ) PLANE_ANGLE_UNIT ( ) SI_UNIT ( $, .RADIAN. ) );
#5211 = CARTESIAN_POINT ( 'NONE',  ( -14.96681439593652740, 46.70973958837542739, 10.87402716741075359 ) ) ;
#5212 = CARTESIAN_POINT ( 'NONE',  ( -6.281336915911841956, 6.690827240457340929E-15, 20.05930118037867516 ) ) ;
#5213 = DIRECTION ( 'NONE',  ( -0.4999999999999919509, 0.0000000000000000000, -0.8660254037844432595 ) ) ;
#5214 = CARTESIAN_POINT ( 'NONE',  ( 15.14730192041213819, -12.99999999999994849, -4.199999999999997513 ) ) ;
#5215 = CARTESIAN_POINT ( 'NONE',  ( -8.188950350936107014, 32.55306052115521709, 25.20299768182156797 ) ) ;
#5216 = CARTESIAN_POINT ( 'NONE',  ( -23.14818237886424512, 4.507383359625570129, 11.83934958175691499 ) ) ;
#5217 = FACE_OUTER_BOUND ( 'NONE', #2991, .T. ) ;
#5218 = CYLINDRICAL_SURFACE ( 'NONE', #6061, 8.000000000000000000 ) ;
#5219 = CARTESIAN_POINT ( 'NONE',  ( -5.716814395936523852, 43.61298611783391266, -17.59454555146034238 ) ) ;
#5220 = CARTESIAN_POINT ( 'NONE',  ( 16.46544258413981154, 15.97434453646660124, -9.156649599621820457 ) ) ;
#5221 = DIRECTION ( 'NONE',  ( 0.8660254037844399289, 0.0000000000000000000, -0.4999999999999980571 ) ) ;
#5222 = ORIENTED_EDGE ( 'NONE', *, *, #132, .F. ) ;
#5223 = CARTESIAN_POINT ( 'NONE',  ( 21.43895035093610346, 33.80649305891694212, 15.57630918575054046 ) ) ;
#5224 = DIRECTION ( 'NONE',  ( -0.5000000000000044409, 0.0000000000000000000, 0.8660254037844361541 ) ) ;
#5225 = CARTESIAN_POINT ( 'NONE',  ( -11.90844898750968994, 92.16604663898931449, -21.94755148713738890 ) ) ;
#5226 = DIRECTION ( 'NONE',  ( 1.000000000000000000, 1.347358039593636473E-16, 0.0000000000000000000 ) ) ;
#5227 = FACE_OUTER_BOUND ( 'NONE', #788, .T. ) ;
#5228 = CARTESIAN_POINT ( 'NONE',  ( -26.50000000000000000, 0.9216604663898888550, 8.610371950172016398 ) ) ;
#5229 = ITEM_DEFINED_TRANSFORMATION ( 'NONE', 'NONE', #1139,  #2408 ) ;
#5230 = CARTESIAN_POINT ( 'NONE',  ( 5.118487643167556288E-15, 32.25811632364619896, -27.86374894231407140 ) ) ;
#5231 = ORIENTED_EDGE ( 'NONE', *, *, #1005, .F. ) ;
#5232 = EDGE_LOOP ( 'NONE', ( #6138, #4237 ) ) ;
#5233 = EDGE_CURVE ( 'NONE', #540, #5401, #2943, .T. ) ;
#5234 = VERTEX_POINT ( 'NONE', #4742 ) ;
#5235 = EDGE_CURVE ( 'NONE', #4256, #3369, #5490, .T. ) ;
#5236 = CARTESIAN_POINT ( 'NONE',  ( 15.53175658032821538, -14.79567345821592816, -4.530498492869347693 ) ) ;
#5237 = EDGE_CURVE ( 'NONE', #4564, #5171, #34, .T. ) ;
#5238 = CARTESIAN_POINT ( 'NONE',  ( -15.14730192041213641, -12.99999999999994849, -4.199999999999997513 ) ) ;
#5239 = MECHANICAL_DESIGN_GEOMETRIC_PRESENTATION_REPRESENTATION (  '', ( #226 ), #5345 ) ;
#5240 = ADVANCED_FACE ( 'NONE', ( #5141, #166 ), #3611, .F. ) ;
#5241 =( BOUNDED_CURVE ( )  B_SPLINE_CURVE ( 2, ( #2818, #1385, #1315, #1827, #1924, #278, #2885, #349, #6009, #850, #3880, #6449, #4913, #2922, #4949, #3418, #2423, #5482, #4880, #2385, #1895, #4343, #4983, #5446, #5946, #3350, #5870, #884, #4449, #2454, #5381, #2852, #4477, #3946, #821, #5976, #2349, #6508, #3388, #3980, #1353, #1455, #1861, #5415, #5012, #2985, #448, #3487, #5514, #952, #3308, #1850, #4368, #379, #5833, #5939, #1788, #874, #2775, #4841, #6439, #6400, #5903, #268, #1273, #5340, #2911, #3873, #4443, #772, #2416, #4941, #6471, #4873, #2338, #1918, #3940, #5969, #3279, #2373, #4303, #5305, #2808, #337, #2876, #744, #1347, #4802, #5439, #841, #2306, #229, #3380, #2845, #2267, #6332, #1307, #3802, #4406, #4335, #6365 ),
 .UNSPECIFIED., .F., .F. ) 
 B_SPLINE_CURVE_WITH_KNOTS ( ( 3, 2, 2, 2, 2, 2, 2, 2, 2, 2, 2, 2, 2, 2, 2, 2, 2, 2, 2, 2, 2, 2, 2, 2, 2, 2, 2, 2, 2, 2, 2, 2, 2, 2, 2, 2, 2, 2, 2, 2, 2, 2, 2, 2, 2, 2, 2, 2, 2, 2, 3 ),
 ( 0.0000000000000000000, 0.02000000000000000042, 0.04000000000000000083, 0.05999999999999999778, 0.08000000000000000167, 0.1000000000000000056, 0.1199999999999999956, 0.1400000000000000133, 0.1600000000000000033, 0.1799999999999999933, 0.2000000000000000111, 0.2200000000000000011, 0.2399999999999999911, 0.2600000000000000089, 0.2800000000000000266, 0.2999999999999999889, 0.3200000000000000067, 0.3400000000000000244, 0.3599999999999999867, 0.3800000000000000044, 0.4000000000000000222, 0.4199999999999999845, 0.4400000000000000022, 0.4600000000000000200, 0.4799999999999999822, 0.5000000000000000000, 0.5200000000000000178, 0.5400000000000000355, 0.5600000000000000533, 0.5799999999999999600, 0.5999999999999999778, 0.6199999999999999956, 0.6400000000000000133, 0.6600000000000000311, 0.6800000000000000488, 0.6999999999999999556, 0.7199999999999999734, 0.7399999999999999911, 0.7600000000000000089, 0.7800000000000000266, 0.8000000000000000444, 0.8199999999999999512, 0.8399999999999999689, 0.8599999999999999867, 0.8800000000000000044, 0.9000000000000000222, 0.9200000000000000400, 0.9399999999999999467, 0.9599999999999999645, 0.9799999999999999822, 1.000000000000000000 ),
 .UNSPECIFIED. ) 
 CURVE ( )  GEOMETRIC_REPRESENTATION_ITEM ( )  RATIONAL_B_SPLINE_CURVE ( ( 1.000000000000000000, 0.9510565162951535312, 1.000000000000000000, 0.9510565162951535312, 1.000000000000000000, 0.9510565162951535312, 1.000000000000000000, 0.9510565162951535312, 1.000000000000000000, 0.9510565162951535312, 1.000000000000000000, 0.9510565162951535312, 1.000000000000000000, 0.9510565162951535312, 1.000000000000000000, 0.9510565162951535312, 1.000000000000000000, 0.9510565162951535312, 1.000000000000000000, 0.9510565162951535312, 1.000000000000000000, 0.9510565162951535312, 1.000000000000000000, 0.9510565162951535312, 1.000000000000000000, 0.9510565162951535312, 1.000000000000000000, 0.9510565162951535312, 1.000000000000000000, 0.9510565162951535312, 1.000000000000000000, 0.9510565162951535312, 1.000000000000000000, 0.9510565162951535312, 1.000000000000000000, 0.9510565162951535312, 1.000000000000000000, 0.9510565162951535312, 1.000000000000000000, 0.9510565162951535312, 1.000000000000000000, 0.9510565162951535312, 1.000000000000000000, 0.9510565162951535312, 1.000000000000000000, 0.9510565162951535312, 1.000000000000000000, 0.9510565162951535312, 1.000000000000000000, 0.9510565162951535312, 1.000000000000000000, 0.9510565162951535312, 1.000000000000000000, 0.9510565162951535312, 1.000000000000000000, 0.9510565162951535312, 1.000000000000000000, 0.9510565162951535312, 1.000000000000000000, 0.9510565162951535312, 1.000000000000000000, 0.9510565162951535312, 1.000000000000000000, 0.9510565162951535312, 1.000000000000000000, 0.9510565162951535312, 1.000000000000000000, 0.9510565162951535312, 1.000000000000000000, 0.9510565162951535312, 1.000000000000000000, 0.9510565162951535312, 1.000000000000000000, 0.9510565162951535312, 1.000000000000000000, 0.9510565162951535312, 1.000000000000000000, 0.9510565162951535312, 1.000000000000000000, 0.9510565162951535312, 1.000000000000000000, 0.9510565162951535312, 1.000000000000000000, 0.9510565162951535312, 1.000000000000000000, 0.9510565162951535312, 1.000000000000000000, 0.9510565162951535312, 1.000000000000000000, 0.9510565162951535312, 1.000000000000000000, 0.9510565162951535312, 1.000000000000000000, 0.9510565162951535312, 1.000000000000000000, 0.9510565162951535312, 1.000000000000000000, 0.9510565162951535312, 1.000000000000000000, 0.9510565162951535312, 1.000000000000000000 ) ) 
 REPRESENTATION_ITEM ( '' )  );
#5242 = DIRECTION ( 'NONE',  ( 0.0000000000000000000, 0.0000000000000000000, 1.000000000000000000 ) ) ;
#5243 = AXIS2_PLACEMENT_3D ( 'NONE', #994, #3555, #2581 ) ;
#5244 = SHAPE_REPRESENTATION_RELATIONSHIP ( 'NONE' , 'NONE' ,  #4990, #66 ) ;
#5245 = CARTESIAN_POINT ( 'NONE',  ( -26.50000000000000000, 8.921660466389887745, 8.610371950172016398 ) ) ;
#5246 = EDGE_CURVE ( 'NONE', #3204, #4794, #69, .T. ) ;
#5247 = CARTESIAN_POINT ( 'NONE',  ( -2.000000000000000000, 3.000000000000000444, -30.00000000000000000 ) ) ;
#5248 = CARTESIAN_POINT ( 'NONE',  ( -17.11774305030925447, 15.38188163546993792, -7.317802622325892514 ) ) ;
#5249 = CIRCLE ( 'NONE', #4605, 5.123475382979798987 ) ;
#5250 = LINE ( 'NONE', #4247, #809 ) ;
#5251 = CARTESIAN_POINT ( 'NONE',  ( -21.43895035093611057, 12.27653026057761032, 15.57630918575053691 ) ) ;
#5252 = CARTESIAN_POINT ( 'NONE',  ( 23.14916798868471304, -1.494522116218817143, 11.83742086669386495 ) ) ;
#5253 = CIRCLE ( 'NONE', #4071, 19.59999999999998721 ) ;
#5254 = COLOUR_RGB ( '',1.000000000000000000, 0.0000000000000000000, 0.0000000000000000000 ) ;
#5255 = DIRECTION ( 'NONE',  ( 0.8660254037844363761, 0.0000000000000000000, 0.5000000000000039968 ) ) ;
#5256 = PLANE ( 'NONE',  #4529 ) ;
#5257 = CARTESIAN_POINT ( 'NONE',  ( 3.401796664298201715E-15, -17.99999999999998934, 0.0000000000000000000 ) ) ;
#5258 = CARTESIAN_POINT ( 'NONE',  ( 1.735063166140653479, -4.003254515895595667, 25.94214364776746606 ) ) ;
#5259 = CARTESIAN_POINT ( 'NONE',  ( -5.716814395936527404, -4.313358134440434810, 17.59454555146033528 ) ) ;
#5260 = FILL_AREA_STYLE_COLOUR ( '', #1978 ) ;
#5261 = ORIENTED_EDGE ( 'NONE', *, *, #6003, .F. ) ;
#5262 = CIRCLE ( 'NONE', #5896, 17.00000000000000355 ) ;
#5263 = CARTESIAN_POINT ( 'NONE',  ( -26.50000000000000000, 45.78807912198552543, 8.610371950172016398 ) ) ;
#5264 = CARTESIAN_POINT ( 'NONE',  ( 17.16471450554019640, 14.05125624407121521, 5.785279854043058556 ) ) ;
#5265 = CARTESIAN_POINT ( 'NONE',  ( -18.50000000000000355, 92.16604663898932870, -0.6653652917564145675 ) ) ;
#5266 = FACE_OUTER_BOUND ( 'NONE', #3336, .T. ) ;
#5267 = AXIS2_PLACEMENT_3D ( 'NONE', #593, #2152, #2624 ) ;
#5268 = CARTESIAN_POINT ( 'NONE',  ( -21.43895035093610346, 53.45630705061369525, -15.57630918575054402 ) ) ;
#5269 = ORIENTED_EDGE ( 'NONE', *, *, #1692, .F. ) ;
#5270 = ORIENTED_EDGE ( 'NONE', *, *, #5875, .T. ) ;
#5271 = CARTESIAN_POINT ( 'NONE',  ( -5.716814395936527404, 58.98626984895304304, 17.59454555146033883 ) ) ;
#5272 = EDGE_LOOP ( 'NONE', ( #6562, #4615, #4063, #1743, #3373 ) ) ;
#5273 = CARTESIAN_POINT ( 'NONE',  ( -22.77554025723047815, -4.947366730299654236, 12.54323487073848042 ) ) ;
#5274 = DIRECTION ( 'NONE',  ( -0.0000000000000000000, -1.000000000000000000, -0.0000000000000000000 ) ) ;
#5275 = MECHANICAL_DESIGN_GEOMETRIC_PRESENTATION_REPRESENTATION (  '', ( #380 ), #5488 ) ;
#5276 =( GEOMETRIC_REPRESENTATION_CONTEXT ( 3 ) GLOBAL_UNCERTAINTY_ASSIGNED_CONTEXT ( ( #3309 ) ) GLOBAL_UNIT_ASSIGNED_CONTEXT ( ( #2285, #5353, #283 ) ) REPRESENTATION_CONTEXT ( 'NONE', 'WORKASPACE' ) );
#5277 = PRODUCT_DEFINITION_FORMATION_WITH_SPECIFIED_SOURCE ( 'ANY', '', #443, .NOT_KNOWN. ) ;
#5278 = AXIS2_PLACEMENT_3D ( 'NONE', #200, #2238, #4309 ) ;
#5279 = ADVANCED_FACE ( 'NONE', ( #3638 ), #3987, .T. ) ;
#5280 = CARTESIAN_POINT ( 'NONE',  ( 3.573283826362257527E-15, 95.55774430703965550, -19.45205114840793925 ) ) ;
#5281 = CARTESIAN_POINT ( 'NONE',  ( -22.58345912618613127, 4.999893901425473963, -12.88428505993812756 ) ) ;
#5282 = CARTESIAN_POINT ( 'NONE',  ( 0.0000000000000000000, 4.000000000000000000, 0.0000000000000000000 ) ) ;
#5283 = UNCERTAINTY_MEASURE_WITH_UNIT (LENGTH_MEASURE( 1.000000000000000082E-05 ), #1652, 'distance_accuracy_value', 'NONE');
#5284 = CARTESIAN_POINT ( 'NONE',  ( 8.188950350936110567, 4.903246529458479053, -25.20299768182156797 ) ) ;
#5285 = CARTESIAN_POINT ( 'NONE',  ( 22.25287524160754060, -1.064157603391330698, -13.44715159793730130 ) ) ;
#5286 = CARTESIAN_POINT ( 'NONE',  ( -2.000000000000000000, 3.000000000000000000, 25.92296279363144151 ) ) ;
#5287 = CARTESIAN_POINT ( 'NONE',  ( 14.96681439593652740, 47.92634425227434036, -10.87402716741075004 ) ) ;
#5288 = FACE_OUTER_BOUND ( 'NONE', #2076, .T. ) ;
#5289 = CARTESIAN_POINT ( 'NONE',  ( -18.49999999999999289, 83.24438617259923490, -6.011014380308773219 ) ) ;
#5290 = ORIENTED_EDGE ( 'NONE', *, *, #1169, .F. ) ;
#5291 = CARTESIAN_POINT ( 'NONE',  ( -26.50000000000000000, 64.22128844978334428, 8.610371950172016398 ) ) ;
#5292 = CARTESIAN_POINT ( 'NONE',  ( 23.00393417625777914, 1.252112795691386227, -12.11928163900959454 ) ) ;
#5293 = CARTESIAN_POINT ( 'NONE',  ( -18.34139693836230833, 92.16604663898931449, -2.651601514531276571 ) ) ;
#5294 = CARTESIAN_POINT ( 'NONE',  ( -21.87731239353933788, -4.598900076341348786, -14.05052811941187052 ) ) ;
#5295 = CARTESIAN_POINT ( 'NONE',  ( 0.0000000000000000000, 4.000000000000000000, -4.000000000000000000 ) ) ;
#5296 = CARTESIAN_POINT ( 'NONE',  ( -26.50000000000000000, 0.0000000000000000000, 0.0000000000000000000 ) ) ;
#5297 = CARTESIAN_POINT ( 'NONE',  ( -1.706162547722518960E-15, 23.04151165974727888, 27.86374894231407140 ) ) ;
#5298 = SURFACE_SIDE_STYLE ('',( #6290 ) ) ;
#5299 = ORIENTED_EDGE ( 'NONE', *, *, #4872, .F. ) ;
#5300 = FACE_OUTER_BOUND ( 'NONE', #523, .T. ) ;
#5301 = CARTESIAN_POINT ( 'NONE',  ( 14.96681439593652563, 62.67291171451260112, 10.87402716741075537 ) ) ;
#5302 = EDGE_LOOP ( 'NONE', ( #6392, #2739, #4202, #4641, #3889 ) ) ;
#5303 = CARTESIAN_POINT ( 'NONE',  ( -23.36147730076156037, -3.887132458862022855, 11.41244550646232270 ) ) ;
#5304 = CARTESIAN_POINT ( 'NONE',  ( 0.0000000000000000000, 6.000000000000000000, 25.80000000000000426 ) ) ;
#5305 = CARTESIAN_POINT ( 'NONE',  ( -18.49999999999999645, 74.65449777758119865, 6.011014380308765226 ) ) ;
#5306 = UNCERTAINTY_MEASURE_WITH_UNIT (LENGTH_MEASURE( 1.000000000000000082E-05 ), #3267, 'distance_accuracy_value', 'NONE');
#5307 = CARTESIAN_POINT ( 'NONE',  ( 8.188950350936110567, 20.90324652945847106, -25.20299768182156797 ) ) ;
#5308 = CARTESIAN_POINT ( 'NONE',  ( -25.67535599061375251, 1.519842618815260277E-16, 6.435453780451319439 ) ) ;
#5309 = CARTESIAN_POINT ( 'NONE',  ( -21.48019759438077969, 3.526941492925745436, -14.64961270582131903 ) ) ;
#5310 = ADVANCED_FACE ( 'NONE', ( #4270 ), #1719, .F. ) ;
#5311 = CARTESIAN_POINT ( 'NONE',  ( -21.43895035093610346, 8.589888395018043354, -15.57630918575054224 ) ) ;
#5312 = FILL_AREA_STYLE ('',( #1660 ) ) ;
#5313 = EDGE_CURVE ( 'NONE', #3826, #454, #6535, .T. ) ;
#5314 = FILL_AREA_STYLE_COLOUR ( '', #2290 ) ;
#5315 = AXIS2_PLACEMENT_3D ( 'NONE', #3271, #3756, #660 ) ;
#5316 = CARTESIAN_POINT ( 'NONE',  ( 11.43362879187304948, 43.31804192032488743, 15.73703995451273840 ) ) ;
#5317 = EDGE_CURVE ( 'NONE', #1802, #4865, #2305, .T. ) ;
#5318 = B_SPLINE_CURVE_WITH_KNOTS ( 'NONE', 3,
 ( #6180, #5059, #81, #2551, #2126, #4656, #8, #1061, #6078, #594, #1627, #4583, #4522, #5618, #5647, #1032, #1094, #3125, #5089, #3594, #49, #4084, #3557, #4124, #3654, #6552, #3027, #4026, #3622, #3093 ),
 .UNSPECIFIED., .F., .F.,
 ( 4, 2, 2, 2, 2, 2, 2, 2, 2, 2, 2, 2, 2, 2, 4 ),
 ( 4.336808689942017736E-19, 0.0003909512898071477397, 0.0007819025796142950457, 0.001172853869421442352, 0.001563805159228589658, 0.002345707738842884704, 0.003127610318457180183, 0.003518561608264322502, 0.003909512898071464820, 0.004300464187878607139, 0.004691415477685749458, 0.005082366767492891776, 0.005473318057300035830, 0.005864269347107178149, 0.006255220636914320467 ),
 .UNSPECIFIED. ) ;
#5319 = CARTESIAN_POINT ( 'NONE',  ( 14.96681439593652740, 11.05992559667869024, -10.87402716741075004 ) ) ;
#5320 = CARTESIAN_POINT ( 'NONE',  ( 1.022960916313601904E-15, 2.978641430428003112, 0.0000000000000000000 ) ) ;
#5321 = ORIENTED_EDGE ( 'NONE', *, *, #4942, .F. ) ;
#5322 = CARTESIAN_POINT ( 'NONE',  ( 16.37790070187220692, 32.88483259252705437, 22.54224642132905743 ) ) ;
#5323 = DIRECTION ( 'NONE',  ( -0.0000000000000000000, 0.0000000000000000000, 1.000000000000000000 ) ) ;
#5324 = CYLINDRICAL_SURFACE ( 'NONE', #270, 8.000000000000000000 ) ;
#5325 = B_SPLINE_CURVE_WITH_KNOTS ( 'NONE', 3,
 ( #1415, #1481, #3541, #5046, #5553, #1922, #4475, #4947, #2484, #6475, #3944, #6537, #4068, #1548 ),
 .UNSPECIFIED., .F., .F.,
 ( 4, 2, 2, 2, 2, 2, 4 ),
 ( 0.0000000000000000000, 0.0003910409928767374747, 0.0007820819857534749495, 0.001173122978630211123, 0.001564163971506947514, 0.002346245957260417042, 0.003128327943013887221 ),
 .UNSPECIFIED. ) ;
#5326 = DIRECTION ( 'NONE',  ( -0.0000000000000000000, -1.000000000000000000, -0.0000000000000000000 ) ) ;
#5327 = CARTESIAN_POINT ( 'NONE',  ( -21.44994432064368439, 3.000000000000000444, 14.69353220438454777 ) ) ;
#5328 = CARTESIAN_POINT ( 'NONE',  ( -26.50000000000000000, 17.51154886140792755, -8.610371950172025279 ) ) ;
#5329 = CARTESIAN_POINT ( 'NONE',  ( -8.188950350936107014, 77.41947917675086899, 25.20299768182156797 ) ) ;
#5330 = DIRECTION ( 'NONE',  ( 1.000000000000000000, 0.0000000000000000000, 0.0000000000000000000 ) ) ;
#5331 = VERTEX_POINT ( 'NONE', #6041 ) ;
#5332 = CARTESIAN_POINT ( 'NONE',  ( 0.0000000000000000000, 5.800000000000000711, -26.00000000000000355 ) ) ;
#5333 = CARTESIAN_POINT ( 'NONE',  ( -18.49999999999998934, 17.51154886140792044, -6.011014380308772331 ) ) ;
#5334 = ORIENTED_EDGE ( 'NONE', *, *, #6362, .F. ) ;
#5335 = CARTESIAN_POINT ( 'NONE',  ( -18.49999999999998934, 37.78807912198552543, 6.011014380308763450 ) ) ;
#5336 = PRODUCT_DEFINITION_SHAPE ( 'NONE', 'NONE',  #338 ) ;
#5337 = CARTESIAN_POINT ( 'NONE',  ( 15.64893006176311729, -16.11757093240209571, -5.287230496855086059 ) ) ;
#5338 = CARTESIAN_POINT ( 'NONE',  ( -2.000000000000000444, 3.131964427846163801, -25.92296279363144151 ) ) ;
#5339 = APPLICATION_CONTEXT ( 'automotive_design' ) ;
#5340 = CARTESIAN_POINT ( 'NONE',  ( -1.191094608787419176E-15, 59.90793031534292368, 19.45205114840794280 ) ) ;
#5341 = CARTESIAN_POINT ( 'NONE',  ( -26.50000000000000000, 7.999999999999994671, 0.0000000000000000000 ) ) ;
#5342 = DIRECTION ( 'NONE',  ( -0.0000000000000000000, -1.000000000000000000, -0.0000000000000000000 ) ) ;
#5343 = DIRECTION ( 'NONE',  ( -0.0000000000000000000, -1.000000000000000000, -0.0000000000000000000 ) ) ;
#5344 = CARTESIAN_POINT ( 'NONE',  ( -21.45730849866331269, 2.737824737205076797, -14.68279816336113086 ) ) ;
#5345 =( GEOMETRIC_REPRESENTATION_CONTEXT ( 3 ) GLOBAL_UNCERTAINTY_ASSIGNED_CONTEXT ( ( #5137 ) ) GLOBAL_UNIT_ASSIGNED_CONTEXT ( ( #852, #1388, #3420 ) ) REPRESENTATION_CONTEXT ( 'NONE', 'WORKASPACE' ) );
#5346 = CARTESIAN_POINT ( 'NONE',  ( -26.50000000000000000, -7.999999999999999112, 0.0000000000000000000 ) ) ;
#5347 = CARTESIAN_POINT ( 'NONE',  ( 23.44994432064375545, -3.000000000000000000, -11.22943058924662552 ) ) ;
#5348 = CARTESIAN_POINT ( 'NONE',  ( 0.2630968074704674309, 1.013078072444533184, -25.99898476588051466 ) ) ;
#5349 = CARTESIAN_POINT ( 'NONE',  ( 14.96681439593652563, 7.373283731119127715, 10.87402716741075537 ) ) ;
#5350 =( LENGTH_UNIT ( ) NAMED_UNIT ( * ) SI_UNIT ( .MILLI., .METRE. ) );
#5351 = CIRCLE ( 'NONE', #2485, 2.000000000000000000 ) ;
#5352 = CARTESIAN_POINT ( 'NONE',  ( 14.96681439593652563, 54.67291171451259402, 10.87402716741075537 ) ) ;
#5353 =( NAMED_UNIT ( * ) PLANE_ANGLE_UNIT ( ) SI_UNIT ( $, .RADIAN. ) );
#5354 = VERTEX_POINT ( 'NONE', #2958 ) ;
#5355 = VERTEX_POINT ( 'NONE', #4549 ) ;
#5356 = CARTESIAN_POINT ( 'NONE',  ( -16.37790070187220692, 23.66822792862814495, -22.54224642132905743 ) ) ;
#5357 = CARTESIAN_POINT ( 'NONE',  ( 22.77554025723056341, 1.052633269700345320, -12.54323487073831878 ) ) ;
#5358 = CARTESIAN_POINT ( 'NONE',  ( -25.00000000000000000, -17.99999999999998579, -9.200000000000031264 ) ) ;
#5359 = EDGE_CURVE ( 'NONE', #6453, #1802, #4514, .T. ) ;
#5360 = FACE_OUTER_BOUND ( 'NONE', #6015, .T. ) ;
#5361 = DIRECTION ( 'NONE',  ( 0.8660254037844432595, 0.0000000000000000000, -0.4999999999999919509 ) ) ;
#5362 = CARTESIAN_POINT ( 'NONE',  ( -16.37790070187221403, 21.19819072696749629, 22.54224642132906098 ) ) ;
#5363 = AXIS2_PLACEMENT_3D ( 'NONE', #5157, #1699, #5718 ) ;
#5364 = CARTESIAN_POINT ( 'NONE',  ( -16.37790070187220692, 26.10143725642598156, -22.54224642132905743 ) ) ;
#5365 = EDGE_LOOP ( 'NONE', ( #6463, #610, #2262, #3699, #5720 ) ) ;
#5366 = CARTESIAN_POINT ( 'NONE',  ( 22.38579416835774438, -4.999906087440573188, 13.22665268454016996 ) ) ;
#5367 = CARTESIAN_POINT ( 'NONE',  ( -1.191094608787419176E-15, 41.47472098754509062, 19.45205114840794280 ) ) ;
#5368 = ORIENTED_EDGE ( 'NONE', *, *, #1578, .F. ) ;
#5369 = CARTESIAN_POINT ( 'NONE',  ( -18.49999999999999645, 84.16604663898912975, 0.0000000000000000000 ) ) ;
#5370 = FACE_OUTER_BOUND ( 'NONE', #4551, .T. ) ;
#5371 = DIRECTION ( 'NONE',  ( 1.000000000000000000, 1.347358039593636473E-16, 0.0000000000000000000 ) ) ;
#5372 = CIRCLE ( 'NONE', #252, 11.23029167033340059 ) ;
#5373 = CIRCLE ( 'NONE', #2503, 4.960846701924986668 ) ;
#5374 = FILL_AREA_STYLE ('',( #303 ) ) ;
#5375 = PRESENTATION_LAYER_ASSIGNMENT (  '', '', ( #1229 ) ) ;
#5376 = CARTESIAN_POINT ( 'NONE',  ( -21.43895035093610346, 43.02309772281586220, -15.57630918575054224 ) ) ;
#5377 = CARTESIAN_POINT ( 'NONE',  ( 3.171835209791645228E-15, 0.0000000000000000000, -25.80000000000000782 ) ) ;
#5378 = CARTESIAN_POINT ( 'NONE',  ( 25.98076211353329867, 3.000000000000000000, -14.99999999999975664 ) ) ;
#5379 =( GEOMETRIC_REPRESENTATION_CONTEXT ( 3 ) GLOBAL_UNCERTAINTY_ASSIGNED_CONTEXT ( ( #4842 ) ) GLOBAL_UNIT_ASSIGNED_CONTEXT ( ( #2682, #5149, #3706 ) ) REPRESENTATION_CONTEXT ( 'NONE', 'WORKASPACE' ) );
#5380 = CARTESIAN_POINT ( 'NONE',  ( -21.43895035093610346, 63.88951637841153541, -15.57630918575054224 ) ) ;
#5381 = CARTESIAN_POINT ( 'NONE',  ( 18.50000000000000000, 27.64981399169673537, 2.265596578422603396E-15 ) ) ;
#5382 = PRESENTATION_LAYER_ASSIGNMENT (  '', '', ( #3780 ) ) ;
#5383 = CARTESIAN_POINT ( 'NONE',  ( 2.000000000000000000, 3.000000000000000000, -25.92296279363144151 ) ) ;
#5384 = FACE_OUTER_BOUND ( 'NONE', #5502, .T. ) ;
#5385 = CARTESIAN_POINT ( 'NONE',  ( 17.00000000000000711, -19.99999999999998579, 0.0000000000000000000 ) ) ;
#5386 = CARTESIAN_POINT ( 'NONE',  ( -5.716814395936523852, 14.74656746223825721, -17.59454555146034238 ) ) ;
#5387 = SURFACE_SIDE_STYLE ('',( #5846 ) ) ;
#5388 = ORIENTED_EDGE ( 'NONE', *, *, #2673, .T. ) ;
#5389 = CARTESIAN_POINT ( 'NONE',  ( 16.37790070187221758, 93.71442337425985158, -22.54224642132905743 ) ) ;
#5390 = DIRECTION ( 'NONE',  ( 0.0000000000000000000, 0.0000000000000000000, -1.000000000000000000 ) ) ;
#5391 = PRODUCT_DEFINITION_SHAPE ( 'NONE', 'NONE',  #6598 ) ;
#5392 =( NAMED_UNIT ( * ) SI_UNIT ( $, .STERADIAN. ) SOLID_ANGLE_UNIT ( ) );
#5393 = ADVANCED_FACE ( 'NONE', ( #1420 ), #2019, .F. ) ;
#5394 = CARTESIAN_POINT ( 'NONE',  ( -11.23029167033340059, -4.228539818807469430, 0.0000000000000000000 ) ) ;
#5395 = DIRECTION ( 'NONE',  ( 0.0000000000000000000, 1.000000000000000000, 0.0000000000000000000 ) ) ;
#5396 = CARTESIAN_POINT ( 'NONE',  ( -8.188950350936107014, 58.98626984895304304, 25.20299768182156797 ) ) ;
#5397 = CARTESIAN_POINT ( 'NONE',  ( -16.37790070187221403, 76.49781871036094572, 22.54224642132906098 ) ) ;
#5398 = EDGE_LOOP ( 'NONE', ( #4929, #3749, #989, #1359 ) ) ;
#5399 = DIRECTION ( 'NONE',  ( 1.000000000000000000, 0.0000000000000000000, 0.0000000000000000000 ) ) ;
#5400 = CARTESIAN_POINT ( 'NONE',  ( 14.96681439593652740, 47.92634425227434036, -10.87402716741075004 ) ) ;
#5401 = VERTEX_POINT ( 'NONE', #4044 ) ;
#5402 = EDGE_CURVE ( 'NONE', #3952, #5093, #2276, .T. ) ;
#5403 = CARTESIAN_POINT ( 'NONE',  ( -18.49999999999999289, 66.65449777758121286, 6.011014380308766114 ) ) ;
#5404 = EDGE_CURVE ( 'NONE', #4660, #6399, #3054, .T. ) ;
#5405 = CARTESIAN_POINT ( 'NONE',  ( -21.44994432064369505, -3.130554218879218364, 14.69353220438455487 ) ) ;
#5406 = CARTESIAN_POINT ( 'NONE',  ( 15.54438094973386697, -17.04388803476440017, 6.254595871597990353 ) ) ;
#5407 = ORIENTED_EDGE ( 'NONE', *, *, #6569, .F. ) ;
#5408 = SURFACE_STYLE_USAGE ( .BOTH. , #811 ) ;
#5409 = CARTESIAN_POINT ( 'NONE',  ( -8.188950350936101685, 78.04619544563172440, -25.20299768182156797 ) ) ;
#5410 = CARTESIAN_POINT ( 'NONE',  ( -6.242665508247801753, -7.452705154443101130E-16, 22.85249118079517316 ) ) ;
#5411 = CARTESIAN_POINT ( 'NONE',  ( -15.59814227594461933, -15.26348984180340018, 4.728829715768013919 ) ) ;
#5412 = CARTESIAN_POINT ( 'NONE',  ( -22.18837393653936019, 4.898262313786328370, -13.55325668294926622 ) ) ;
#5413 = SURFACE_SIDE_STYLE ('',( #780 ) ) ;
#5414 = CARTESIAN_POINT ( 'NONE',  ( -18.49999999999999645, -8.000000000000000000, 0.0000000000000000000 ) ) ;
#5415 = CARTESIAN_POINT ( 'NONE',  ( -11.43362879187305303, 39.63140005476532224, 15.73703995451273663 ) ) ;
#5416 = CARTESIAN_POINT ( 'NONE',  ( -5.716814395936523852, 70.04619544563172440, -17.59454555146034238 ) ) ;
#5417 = LINE ( 'NONE', #5385, #1738 ) ;
#5418 = CARTESIAN_POINT ( 'NONE',  ( 18.49999999999998934, 8.294944197509018124, 6.011014380308767002 ) ) ;
#5419 =( NAMED_UNIT ( * ) SI_UNIT ( $, .STERADIAN. ) SOLID_ANGLE_UNIT ( ) );
#5420 = ORIENTED_EDGE ( 'NONE', *, *, #5731, .T. ) ;
#5421 = CARTESIAN_POINT ( 'NONE',  ( -21.43895035093611057, 83.57615824397107929, 15.57630918575053691 ) ) ;
#5422 = CARTESIAN_POINT ( 'NONE',  ( 0.0000000000000000000, -6.000000000000000000, -17.00000000000000000 ) ) ;
#5423 = CARTESIAN_POINT ( 'NONE',  ( 23.44994432064376255, -3.132197206375724630, -11.22943058924662729 ) ) ;
#5424 = PRESENTATION_LAYER_ASSIGNMENT (  '', '', ( #2872 ) ) ;
#5425 = CARTESIAN_POINT ( 'NONE',  ( 0.0000000000000000000, 0.2000000000000065892, 0.0000000000000000000 ) ) ;
#5426 = FILL_AREA_STYLE_COLOUR ( '', #6264 ) ;
#5427 = CARTESIAN_POINT ( 'NONE',  ( -26.50000000000000000, 91.24438617259924911, -8.610371950172025279 ) ) ;
#5428 = FILL_AREA_STYLE_COLOUR ( '', #4930 ) ;
#5429 = ORIENTED_EDGE ( 'NONE', *, *, #1656, .T. ) ;
#5430 = DIRECTION ( 'NONE',  ( -0.0000000000000000000, -1.000000000000000000, -0.0000000000000000000 ) ) ;
#5431 = CARTESIAN_POINT ( 'NONE',  ( 5.716814395936525628, 13.52996279833934246, 17.59454555146034238 ) ) ;
#5432 = ORIENTED_EDGE ( 'NONE', *, *, #2841, .F. ) ;
#5433 = CARTESIAN_POINT ( 'NONE',  ( 18.50000000000000000, 64.51623264729239793, 2.265596578422603396E-15 ) ) ;
#5434 = CARTESIAN_POINT ( 'NONE',  ( 0.6450627784794610298, 4.897648091517577740, 25.99227887210856380 ) ) ;
#5435 = EDGE_CURVE ( 'NONE', #5234, #4564, #5805, .T. ) ;
#5436 = CARTESIAN_POINT ( 'NONE',  ( -3.465881193137118390E-17, 5.000000000000000000, -26.00000000000000355 ) ) ;
#5437 = EDGE_CURVE ( 'NONE', #413, #2499, #956, .T. ) ;
#5438 = ORIENTED_EDGE ( 'NONE', *, *, #4904, .F. ) ;
#5439 = CARTESIAN_POINT ( 'NONE',  ( 14.96681439593652563, 81.10612104231043418, 10.87402716741075537 ) ) ;
#5440 = ADVANCED_FACE ( 'NONE', ( #2988 ), #5736, .T. ) ;
#5441 = FACE_OUTER_BOUND ( 'NONE', #126, .T. ) ;
#5442 = LINE ( 'NONE', #383, #4936 ) ;
#5443 = DIRECTION ( 'NONE',  ( 0.0000000000000000000, 1.000000000000000000, 1.748414716487481876E-16 ) ) ;
#5444 = CARTESIAN_POINT ( 'NONE',  ( 17.00000000000000711, -17.99999999999998934, 0.0000000000000000000 ) ) ;
#5445 = CARTESIAN_POINT ( 'NONE',  ( -26.50000000000000000, 46.37796751700358300, -8.610371950172023503 ) ) ;
#5446 = CARTESIAN_POINT ( 'NONE',  ( -11.43362879187305303, 21.19819072696749629, 15.73703995451273663 ) ) ;
#5447 =( NAMED_UNIT ( * ) PLANE_ANGLE_UNIT ( ) SI_UNIT ( $, .RADIAN. ) );
#5448 = CARTESIAN_POINT ( 'NONE',  ( 5.716814395936530069, 20.90324652945847106, -17.59454555146033528 ) ) ;
#5449 = SURFACE_STYLE_USAGE ( .BOTH. , #4380 ) ;
#5450 = CARTESIAN_POINT ( 'NONE',  ( 18.50000000000000000, 82.94944197509020967, 2.265596578422603396E-15 ) ) ;
#5451 = CIRCLE ( 'NONE', #5032, 11.24099639711711696 ) ;
#5452 = DIRECTION ( 'NONE',  ( 1.000000000000000000, 1.119229979353040281E-16, 0.0000000000000000000 ) ) ;
#5453 = EDGE_LOOP ( 'NONE', ( #3763, #190, #1958, #4768, #423 ) ) ;
#5454 = CARTESIAN_POINT ( 'NONE',  ( 21.43895035093610346, 70.67291171451259402, 15.57630918575054046 ) ) ;
#5455 = DIRECTION ( 'NONE',  ( 0.8660254037844432595, 0.0000000000000000000, -0.4999999999999919509 ) ) ;
#5456 = CARTESIAN_POINT ( 'NONE',  ( 23.40549445491532410, -3.644930465593541058, -11.32189751909534792 ) ) ;
#5457 = PRESENTATION_LAYER_ASSIGNMENT (  '', '', ( #5769 ) ) ;
#5458 = CARTESIAN_POINT ( 'NONE',  ( -1.897648232813787805, -3.645062322826484458, -25.93070504265541842 ) ) ;
#5459 = LINE ( 'NONE', #2897, #5483 ) ;
#5460 = CARTESIAN_POINT ( 'NONE',  ( -26.50000000000000000, 54.37796751700357589, -8.610371950172025279 ) ) ;
#5461 = CARTESIAN_POINT ( 'NONE',  ( 8.188950350936103462, 15.96317212613717551, 25.20299768182156797 ) ) ;
#5462 = SURFACE_STYLE_USAGE ( .BOTH. , #937 ) ;
#5463 = VERTEX_POINT ( 'NONE', #5031 ) ;
#5464 = DIRECTION ( 'NONE',  ( 0.0000000000000000000, 0.0000000000000000000, -1.000000000000000000 ) ) ;
#5465 = AXIS2_PLACEMENT_3D ( 'NONE', #3196, #249, #5224 ) ;
#5466 = CARTESIAN_POINT ( 'NONE',  ( 18.50000000000000000, 82.94944197509020967, 2.265596578422603396E-15 ) ) ;
#5467 = CARTESIAN_POINT ( 'NONE',  ( 0.0000000000000000000, 0.0000000000000000000, 0.0000000000000000000 ) ) ;
#5468 = STYLED_ITEM ( 'NONE', ( #3030 ), #262 ) ;
#5469 = CARTESIAN_POINT ( 'NONE',  ( 0.0000000000000000000, -3.000000000000000000, 18.00000000000000000 ) ) ;
#5470 = VECTOR ( 'NONE', #1559, 1000.000000000000000 ) ;
#5471 = EDGE_LOOP ( 'NONE', ( #3951, #4817 ) ) ;
#5472 = ORIENTED_EDGE ( 'NONE', *, *, #665, .T. ) ;
#5473 = PRODUCT_DEFINITION ( 'UNKNOWN', '', #3476, #661 ) ;
#5474 = AXIS2_PLACEMENT_3D ( 'NONE', #3949, #6014, #986 ) ;
#5475 = DIRECTION ( 'NONE',  ( 1.000000000000000000, 0.0000000000000000000, 0.0000000000000000000 ) ) ;
#5476 = MECHANICAL_DESIGN_GEOMETRIC_PRESENTATION_REPRESENTATION (  '', ( #1438 ), #3244 ) ;
#5477 = DIRECTION ( 'NONE',  ( -0.0000000000000000000, 1.000000000000000000, -0.0000000000000000000 ) ) ;
#5478 = CYLINDRICAL_SURFACE ( 'NONE', #5581, 16.99999999999999289 ) ;
#5479 = DIRECTION ( 'NONE',  ( 0.0000000000000000000, -1.000000000000000000, -2.913572898174986172E-16 ) ) ;
#5480 = B_SPLINE_CURVE_WITH_KNOTS ( 'NONE', 3,
 ( #2623, #5119, #1662, #109, #4654, #556, #2151, #4251, #6244, #3711, #2315, #4312, #4811, #2213 ),
 .UNSPECIFIED., .F., .F.,
 ( 4, 2, 2, 2, 2, 2, 4 ),
 ( 0.009383686341817713480, 0.009774350256830044437, 0.01016501417184237539, 0.01055567808685470635, 0.01094634200186703731, 0.01172766983189169748, 0.01250899766191635766 ),
 .UNSPECIFIED. ) ;
#5481 = CARTESIAN_POINT ( 'NONE',  ( 14.96681439593652563, -0.6267162688808700644, 10.87402716741075537 ) ) ;
#5482 = CARTESIAN_POINT ( 'NONE',  ( -11.43362879187305303, 15.66822792862814673, -15.73703995451274018 ) ) ;
#5483 = VECTOR ( 'NONE', #4459, 1000.000000000000000 ) ;
#5484 = AXIS2_PLACEMENT_3D ( 'NONE', #209, #5221, #4659 ) ;
#5485 =( LENGTH_UNIT ( ) NAMED_UNIT ( * ) SI_UNIT ( .MILLI., .METRE. ) );
#5486 = CARTESIAN_POINT ( 'NONE',  ( -14.96681439593652563, 24.58988839501803980, -10.87402716741075714 ) ) ;
#5487 = CARTESIAN_POINT ( 'NONE',  ( 11.43362879187305481, 85.71442337425989422, -15.73703995451273840 ) ) ;
#5488 =( GEOMETRIC_REPRESENTATION_CONTEXT ( 3 ) GLOBAL_UNCERTAINTY_ASSIGNED_CONTEXT ( ( #1689 ) ) GLOBAL_UNIT_ASSIGNED_CONTEXT ( ( #4040, #3585, #615 ) ) REPRESENTATION_CONTEXT ( 'NONE', 'WORKASPACE' ) );
#5489 = DIRECTION ( 'NONE',  ( 1.133932221432734415E-16, -1.000000000000000000, -0.0000000000000000000 ) ) ;
#5490 = CIRCLE ( 'NONE', #2612, 2.000000000000000000 ) ;
#5491 = CARTESIAN_POINT ( 'NONE',  ( 22.06098789861991349, 4.797983425504191324, 13.75963362879092067 ) ) ;
#5492 = ORIENTED_EDGE ( 'NONE', *, *, #676, .T. ) ;
#5493 = CARTESIAN_POINT ( 'NONE',  ( -8.188950350936107014, 3.686641865559562969, 25.20299768182156797 ) ) ;
#5494 = CARTESIAN_POINT ( 'NONE',  ( -1.005946338177691635, 1.251865025223927619, 25.98164903291127104 ) ) ;
#5495 = CARTESIAN_POINT ( 'NONE',  ( 2.000000000000000444, -2.738820232510770225, 25.92296279363144151 ) ) ;
#5496 = AXIS2_PLACEMENT_3D ( 'NONE', #2543, #5489, #1 ) ;
#5497 = CARTESIAN_POINT ( 'NONE',  ( -1.936188042401707055, -3.517862421783038762, -25.92781953945627293 ) ) ;
#5498 = DIRECTION ( 'NONE',  ( -1.000000000000000000, -1.133932221432734415E-16, 0.0000000000000000000 ) ) ;
#5499 = CARTESIAN_POINT ( 'NONE',  ( 26.50000000000001066, 47.00468378588444551, -8.610371950172012845 ) ) ;
#5500 = CARTESIAN_POINT ( 'NONE',  ( 16.37790070187220692, 53.75125124812271338, 22.54224642132905743 ) ) ;
#5501 =( NAMED_UNIT ( * ) SI_UNIT ( $, .STERADIAN. ) SOLID_ANGLE_UNIT ( ) );
#5502 = EDGE_LOOP ( 'NONE', ( #3073, #4427, #562, #2470 ) ) ;
#5503 = CARTESIAN_POINT ( 'NONE',  ( -18.49999999999998934, 72.81117684480142316, -6.011014380308772331 ) ) ;
#5504 = CARTESIAN_POINT ( 'NONE',  ( 5.716814395936525628, 79.26280010953064448, 17.59454555146034238 ) ) ;
#5505 = DIRECTION ( 'NONE',  ( 0.0000000000000000000, 0.0000000000000000000, -1.000000000000000000 ) ) ;
#5506 = ORIENTED_EDGE ( 'NONE', *, *, #5233, .T. ) ;
#5507 = ORIENTED_EDGE ( 'NONE', *, *, #1157, .T. ) ;
#5508 = ORIENTED_EDGE ( 'NONE', *, *, #1449, .T. ) ;
#5509 = DIRECTION ( 'NONE',  ( 0.0000000000000000000, -0.0000000000000000000, 1.000000000000000000 ) ) ;
#5510 = DIRECTION ( 'NONE',  ( 0.0000000000000000000, -1.000000000000000000, -3.491481338843133355E-15 ) ) ;
#5511 = CARTESIAN_POINT ( 'NONE',  ( 21.67486439998341652, 4.228732596366960195, -14.36085995393968595 ) ) ;
#5512 = CARTESIAN_POINT ( 'NONE',  ( -21.50779809803831100, 2.355069534406460274, -14.60880402654470522 ) ) ;
#5513 = CARTESIAN_POINT ( 'NONE',  ( -21.43895035093610346, 45.45630705061369525, -15.57630918575054224 ) ) ;
#5514 = CARTESIAN_POINT ( 'NONE',  ( 14.96681439593652563, 44.23970238671477517, 10.87402716741075537 ) ) ;
#5515 = CARTESIAN_POINT ( 'NONE',  ( -11.43362879187304948, 89.40106523981941677, -15.73703995451274196 ) ) ;
#5516 = EDGE_CURVE ( 'NONE', #3573, #6453, #5372, .T. ) ;
#5517 = CARTESIAN_POINT ( 'NONE',  ( -1.191094608787419176E-15, 59.90793031534291657, 19.45205114840794280 ) ) ;
#5518 = CARTESIAN_POINT ( 'NONE',  ( 2.081899558550499885E-15, 166.0000000000000000, -16.99999999999999289 ) ) ;
#5519 = EDGE_CURVE ( 'NONE', #6227, #1849, #1650, .T. ) ;
#5520 = CARTESIAN_POINT ( 'NONE',  ( 21.82726869151814952, 4.507383359625570129, 14.12723920065347905 ) ) ;
#5521 = ORIENTED_EDGE ( 'NONE', *, *, #3894, .F. ) ;
#5522 = CARTESIAN_POINT ( 'NONE',  ( -26.50000000000000000, 81.73283731119130380, 0.0000000000000000000 ) ) ;
#5523 = PRESENTATION_STYLE_ASSIGNMENT (( #2461 ) ) ;
#5524 = DIRECTION ( 'NONE',  ( 0.8660254037844363761, 0.0000000000000000000, 0.5000000000000039968 ) ) ;
#5525 = EDGE_CURVE ( 'NONE', #6060, #2231, #2625, .T. ) ;
#5526 = SURFACE_STYLE_USAGE ( .BOTH. , #1560 ) ;
#5527 = PLANE ( 'NONE',  #4737 ) ;
#5528 = CARTESIAN_POINT ( 'NONE',  ( -8.188950350936107014, 77.41947917675086899, 25.20299768182156797 ) ) ;
#5529 = CARTESIAN_POINT ( 'NONE',  ( 16.37790070187221758, 59.28121404646206827, -22.54224642132905743 ) ) ;
#5530 = DIRECTION ( 'NONE',  ( 0.0000000000000000000, 0.0000000000000000000, -1.000000000000000000 ) ) ;
#5531 = EDGE_LOOP ( 'NONE', ( #4537, #3074 ) ) ;
#5532 =( NAMED_UNIT ( * ) PLANE_ANGLE_UNIT ( ) SI_UNIT ( $, .RADIAN. ) );
#5533 = CARTESIAN_POINT ( 'NONE',  ( -11.43362879187304948, 76.49781871036094572, 15.73703995451273840 ) ) ;
#5534 = CARTESIAN_POINT ( 'NONE',  ( 18.50000000000000000, 82.94944197509020967, 2.265596578422603396E-15 ) ) ;
#5535 = ORIENTED_EDGE ( 'NONE', *, *, #6003, .T. ) ;
#5536 = DIRECTION ( 'NONE',  ( 0.0000000000000000000, 0.0000000000000000000, 1.000000000000000000 ) ) ;
#5537 = EDGE_CURVE ( 'NONE', #5134, #2499, #4963, .T. ) ;
#5538 = CARTESIAN_POINT ( 'NONE',  ( 8.188950350936110567, 57.76966518505413006, -25.20299768182156797 ) ) ;
#5539 = VECTOR ( 'NONE', #120, 1000.000000000000000 ) ;
#5540 = ORIENTED_EDGE ( 'NONE', *, *, #167, .F. ) ;
#5541 = EDGE_LOOP ( 'NONE', ( #1074, #3142, #4007, #4384 ) ) ;
#5542 = ORIENTED_EDGE ( 'NONE', *, *, #3567, .T. ) ;
#5543 = PRESENTATION_LAYER_ASSIGNMENT (  '', '', ( #1819 ) ) ;
#5544 = CARTESIAN_POINT ( 'NONE',  ( 22.38403152641790683, 4.986847363517082243, -13.22767837682737913 ) ) ;
#5545 = DIRECTION ( 'NONE',  ( 0.8660254037844328234, 0.0000000000000000000, 0.5000000000000101030 ) ) ;
#5546 = CARTESIAN_POINT ( 'NONE',  ( -11.43362879187305481, 13.19819072696749807, 15.73703995451274018 ) ) ;
#5547 = DIRECTION ( 'NONE',  ( 0.0000000000000000000, 0.0000000000000000000, 1.000000000000000000 ) ) ;
#5548 = CARTESIAN_POINT ( 'NONE',  ( 14.96681439593652563, 15.37328373111912327, 10.87402716741075537 ) ) ;
#5549 = CARTESIAN_POINT ( 'NONE',  ( 3.573283826362257527E-15, 69.12453497924182955, -19.45205114840794280 ) ) ;
#5550 = ORIENTED_EDGE ( 'NONE', *, *, #2714, .F. ) ;
#5551 = PLANE ( 'NONE',  #3147 ) ;
#5552 = EDGE_LOOP ( 'NONE', ( #4533, #452, #3730, #1392, #1230, #1176, #92, #440, #3223, #741 ) ) ;
#5553 = CARTESIAN_POINT ( 'NONE',  ( -1.897649156823712824, -3.645075173672035707, 25.93070504253688213 ) ) ;
#5554 = CARTESIAN_POINT ( 'NONE',  ( -1.706162547722518960E-15, 78.34113964314076384, 27.86374894231407140 ) ) ;
#5555 = CARTESIAN_POINT ( 'NONE',  ( 0.0000000000000000000, 0.0000000000000000000, 0.0000000000000000000 ) ) ;
#5556 = CARTESIAN_POINT ( 'NONE',  ( 21.56404041587868647, -3.886538290841322851, -14.52565635004699729 ) ) ;
#5557 = EDGE_CURVE ( 'NONE', #3358, #6399, #908, .T. ) ;
#5558 =( LENGTH_UNIT ( ) NAMED_UNIT ( * ) SI_UNIT ( .MILLI., .METRE. ) );
#5559 = AXIS2_PLACEMENT_3D ( 'NONE', #3407, #4402, #471 ) ;
#5560 = CARTESIAN_POINT ( 'NONE',  ( -26.50000000000000000, 64.81117684480142316, -8.610371950172023503 ) ) ;
#5561 = CYLINDRICAL_SURFACE ( 'NONE', #6305, 17.00000000000000355 ) ;
#5562 =( NAMED_UNIT ( * ) SI_UNIT ( $, .STERADIAN. ) SOLID_ANGLE_UNIT ( ) );
#5563 = CARTESIAN_POINT ( 'NONE',  ( 5.716814395936530069, 86.63608384064977486, -17.59454555146033883 ) ) ;
#5564 = CARTESIAN_POINT ( 'NONE',  ( -14.96681439593652740, 75.57615824397107929, 10.87402716741075359 ) ) ;
#5565 = AXIS2_PLACEMENT_3D ( 'NONE', #5596, #6590, #20 ) ;
#5566 = ADVANCED_FACE ( 'NONE', ( #3856 ), #5324, .F. ) ;
#5567 = CARTESIAN_POINT ( 'NONE',  ( -25.74999999999999289, -23.79999999999999005, 3.153465507804433615E-15 ) ) ;
#5568 = CARTESIAN_POINT ( 'NONE',  ( 26.50000000000000000, 90.94944197509020967, 3.245314017740485765E-15 ) ) ;
#5569 = VERTEX_POINT ( 'NONE', #6316 ) ;
#5570 = VERTEX_POINT ( 'NONE', #3327 ) ;
#5571 = EDGE_LOOP ( 'NONE', ( #3264, #1204, #3509, #4 ) ) ;
#5572 = CARTESIAN_POINT ( 'NONE',  ( 0.0000000000000000000, -4.228539818807469430, 0.0000000000000000000 ) ) ;
#5573 = CARTESIAN_POINT ( 'NONE',  ( -21.99757286312956595, 1.252112795691384672, -13.86235056411938160 ) ) ;
#5574 = CARTESIAN_POINT ( 'NONE',  ( 18.49999999999999289, 37.16136285310467713, 6.011014380308770555 ) ) ;
#5575 = CIRCLE ( 'NONE', #1333, 17.00000000000000355 ) ;
#5576 = CARTESIAN_POINT ( 'NONE',  ( -11.43362879187304770, 78.96785591202161925, -15.73703995451274196 ) ) ;
#5577 = CARTESIAN_POINT ( 'NONE',  ( -18.50000000000000000, 73.73283731119130380, 0.0000000000000000000 ) ) ;
#5578 = CARTESIAN_POINT ( 'NONE',  ( 0.0000000000000000000, 0.0000000000000000000, 25.80000000000000782 ) ) ;
#5579 = EDGE_LOOP ( 'NONE', ( #3108, #5540 ) ) ;
#5580 = AXIS2_PLACEMENT_3D ( 'NONE', #5790, #3822, #4262 ) ;
#5581 = AXIS2_PLACEMENT_3D ( 'NONE', #4644, #4673, #101 ) ;
#5582 = CARTESIAN_POINT ( 'NONE',  ( -16.37790070187220692, 70.96785591202160504, -22.54224642132906098 ) ) ;
#5583 = CARTESIAN_POINT ( 'NONE',  ( 23.44994432064352452, -2.738951864720085450, 11.22943058924711757 ) ) ;
#5584 = DIRECTION ( 'NONE',  ( 0.0000000000000000000, 3.846707125290959924E-17, 1.000000000000000000 ) ) ;
#5585 = DIRECTION ( 'NONE',  ( 1.000000000000000000, 0.0000000000000000000, 0.0000000000000000000 ) ) ;
#5586 = LINE ( 'NONE', #6077, #5169 ) ;
#5587 =( NAMED_UNIT ( * ) SI_UNIT ( $, .STERADIAN. ) SOLID_ANGLE_UNIT ( ) );
#5588 = MECHANICAL_DESIGN_GEOMETRIC_PRESENTATION_REPRESENTATION (  '', ( #1884 ), #5276 ) ;
#5589 = CARTESIAN_POINT ( 'NONE',  ( -8.188950350936101685, 62.04619544563173150, -25.20299768182156797 ) ) ;
#5590 = CARTESIAN_POINT ( 'NONE',  ( -22.44984773459975713, -1.000106098574525593, 13.11570677863569578 ) ) ;
#5591 = ORIENTED_EDGE ( 'NONE', *, *, #5637, .T. ) ;
#5592 = CARTESIAN_POINT ( 'NONE',  ( -11.43362879187305481, 47.63140005476531513, 15.73703995451274018 ) ) ;
#5593 = ADVANCED_FACE ( 'NONE', ( #2358 ), #1704, .F. ) ;
#5594 = CARTESIAN_POINT ( 'NONE',  ( -6.655501153631668387, 92.16604663898931449, -19.79139090090264119 ) ) ;
#5595 = CIRCLE ( 'NONE', #3260, 5.500000000000000000 ) ;
#5596 = CARTESIAN_POINT ( 'NONE',  ( 0.0000000000000000000, -5.729171279348436721E-16, -4.199999999999999289 ) ) ;
#5597 = DIRECTION ( 'NONE',  ( -0.5000000000000044409, 0.0000000000000000000, 0.8660254037844361541 ) ) ;
#5598 = CARTESIAN_POINT ( 'NONE',  ( 21.43895035093611057, 74.35955358007214500, -15.57630918575053514 ) ) ;
#5599 = EDGE_LOOP ( 'NONE', ( #5334, #6250, #2565, #1478 ) ) ;
#5600 = ORIENTED_EDGE ( 'NONE', *, *, #3047, .F. ) ;
#5601 = ADVANCED_FACE ( 'NONE', ( #2734 ), #6384, .F. ) ;
#5602 = ORIENTED_EDGE ( 'NONE', *, *, #1980, .F. ) ;
#5603 = ADVANCED_FACE ( 'NONE', ( #2323 ), #4351, .T. ) ;
#5604 = PLANE ( 'NONE',  #3436 ) ;
#5605 = SURFACE_STYLE_USAGE ( .BOTH. , #2608 ) ;
#5606 = LINE ( 'NONE', #3209, #1982 ) ;
#5607 = CARTESIAN_POINT ( 'NONE',  ( -18.49999999999999289, 11.35486979418771547, 6.011014380308766114 ) ) ;
#5608 = CARTESIAN_POINT ( 'NONE',  ( 18.49999999999999645, 54.08302331949455777, 2.265596578422603396E-15 ) ) ;
#5609 = CARTESIAN_POINT ( 'NONE',  ( -8.958335434629677962, 1.252577700832551723E-15, 18.10014831482443043 ) ) ;
#5610 = CARTESIAN_POINT ( 'NONE',  ( -17.20151684258481239, 14.32943052848812471, 6.004274712571697314 ) ) ;
#5611 = CARTESIAN_POINT ( 'NONE',  ( -2.000000000000000000, 3.000000000000000444, -18.00000000000000000 ) ) ;
#5612 = ORIENTED_EDGE ( 'NONE', *, *, #3081, .T. ) ;
#5613 = CARTESIAN_POINT ( 'NONE',  ( -16.37790070187220692, 34.10143725642598156, -22.54224642132906098 ) ) ;
#5614 = DIRECTION ( 'NONE',  ( 0.0000000000000000000, 0.0000000000000000000, 1.000000000000000000 ) ) ;
#5615 =( NAMED_UNIT ( * ) PLANE_ANGLE_UNIT ( ) SI_UNIT ( $, .RADIAN. ) );
#5616 = DIRECTION ( 'NONE',  ( 1.000000000000000000, 0.0000000000000000000, 0.0000000000000000000 ) ) ;
#5617 = SPHERICAL_SURFACE ( 'NONE', #5267, 12.00000000000000178 ) ;
#5618 = CARTESIAN_POINT ( 'NONE',  ( 22.58155466832404201, 0.9999532373881586667, 12.88760719481610550 ) ) ;
#5619 = CARTESIAN_POINT ( 'NONE',  ( -5.716814395936527404, 14.11985119335738936, 17.59454555146033528 ) ) ;
#5620 = DIRECTION ( 'NONE',  ( -1.000000000000000000, 0.0000000000000000000, 0.0000000000000000000 ) ) ;
#5621 = ORIENTED_EDGE ( 'NONE', *, *, #1692, .T. ) ;
#5622 = UNCERTAINTY_MEASURE_WITH_UNIT (LENGTH_MEASURE( 1.000000000000000082E-05 ), #3412, 'distance_accuracy_value', 'NONE');
#5623 = CARTESIAN_POINT ( 'NONE',  ( 14.96681439593652563, 52.23970238671476807, 10.87402716741075537 ) ) ;
#5624 = DIRECTION ( 'NONE',  ( -0.0000000000000000000, -1.000000000000000000, -0.0000000000000000000 ) ) ;
#5625 = CARTESIAN_POINT ( 'NONE',  ( -9.048436682113340623, 92.16604663898937133, -18.02976141523133791 ) ) ;
#5626 = CARTESIAN_POINT ( 'NONE',  ( -23.40549445491524239, 2.355069534406459830, 11.32189751909551134 ) ) ;
#5627 =( NAMED_UNIT ( * ) SI_UNIT ( $, .STERADIAN. ) SOLID_ANGLE_UNIT ( ) );
#5628 = CARTESIAN_POINT ( 'NONE',  ( -26.50000000000000000, -2.265596578422603791E-15, 0.0000000000000000000 ) ) ;
#5629 = ORIENTED_EDGE ( 'NONE', *, *, #1867, .F. ) ;
#5630 = ORIENTED_EDGE ( 'NONE', *, *, #3719, .T. ) ;
#5631 = EDGE_LOOP ( 'NONE', ( #3461, #4136, #2510, #6000, #5193 ) ) ;
#5632 = UNCERTAINTY_MEASURE_WITH_UNIT (LENGTH_MEASURE( 1.000000000000000082E-05 ), #61, 'distance_accuracy_value', 'NONE');
#5633 = VECTOR ( 'NONE', #4801, 1000.000000000000114 ) ;
#5634 = PLANE ( 'NONE',  #2153 ) ;
#5635 = CARTESIAN_POINT ( 'NONE',  ( 1.320880614180546253, -4.507548456741781173, -25.96659419431155769 ) ) ;
#5636 = CARTESIAN_POINT ( 'NONE',  ( -18.49999999999999289, 29.78807912198554320, 6.011014380308766114 ) ) ;
#5637 = EDGE_CURVE ( 'NONE', #6578, #4256, #697, .T. ) ;
#5638 = CARTESIAN_POINT ( 'NONE',  ( 5.716814395936525628, 50.39638145393499258, 17.59454555146034238 ) ) ;
#5639 = CARTESIAN_POINT ( 'NONE',  ( -6.551445864263195418, 3.977344376823975844E-15, 19.86603970182787293 ) ) ;
#5640 = CARTESIAN_POINT ( 'NONE',  ( 0.0000000000000000000, 3.000000000000000000, 18.00000000000000000 ) ) ;
#5641 = SURFACE_STYLE_USAGE ( .BOTH. , #40 ) ;
#5642 = CARTESIAN_POINT ( 'NONE',  ( 16.37790070187221048, 43.31804192032488743, 22.54224642132906098 ) ) ;
#5643 = DIRECTION ( 'NONE',  ( 1.000000000000000000, 2.040851148208007998E-16, 0.0000000000000000000 ) ) ;
#5644 = DIRECTION ( 'NONE',  ( -0.0000000000000000000, 1.000000000000000000, 0.0000000000000000000 ) ) ;
#5645 = CARTESIAN_POINT ( 'NONE',  ( 1.947530765969843314, -2.475569227635367575, -25.92715013264252732 ) ) ;
#5646 = CARTESIAN_POINT ( 'NONE',  ( 10.83917410271362947, 2.978641430428004000, -4.200000000000000178 ) ) ;
#5647 = CARTESIAN_POINT ( 'NONE',  ( 22.64695853967456429, 1.012970701871403589, 12.77230315476851885 ) ) ;
#5648 = CARTESIAN_POINT ( 'NONE',  ( 3.573283826362257527E-15, 5.824906995848369462, -19.45205114840793925 ) ) ;
#5649 = CARTESIAN_POINT ( 'NONE',  ( 16.86273270944264269, 15.77525778102986997, -8.232353191664644854 ) ) ;
#5650 =( NAMED_UNIT ( * ) PLANE_ANGLE_UNIT ( ) SI_UNIT ( $, .RADIAN. ) );
#5651 = EDGE_LOOP ( 'NONE', ( #3065, #738 ) ) ;
#5652 = CARTESIAN_POINT ( 'NONE',  ( -18.49999999999999289, 82.65449777758119865, 6.011014380308766114 ) ) ;
#5653 = CARTESIAN_POINT ( 'NONE',  ( 5.227427540804905816E-15, -34.09999999999999432, 0.0000000000000000000 ) ) ;
#5654 = CARTESIAN_POINT ( 'NONE',  ( -8.407382229848499477, 92.16604663898932870, -22.79761422398384951 ) ) ;
#5655 = CARTESIAN_POINT ( 'NONE',  ( -21.45736873184024418, 2.736842684550173654, 14.68271041220697981 ) ) ;
#5656 = DIRECTION ( 'NONE',  ( -0.0000000000000000000, 1.000000000000000000, -0.0000000000000000000 ) ) ;
#5657 = FACE_OUTER_BOUND ( 'NONE', #2372, .T. ) ;
#5658 = CARTESIAN_POINT ( 'NONE',  ( -16.37790070187221403, 58.06460938256315529, 22.54224642132906098 ) ) ;
#5659 = ORIENTED_EDGE ( 'NONE', *, *, #5313, .F. ) ;
#5660 = EDGE_LOOP ( 'NONE', ( #3634, #729, #1813, #412 ) ) ;
#5661 = AXIS2_PLACEMENT_3D ( 'NONE', #6361, #6232, #4739 ) ;
#5662 = EDGE_LOOP ( 'NONE', ( #1046, #3478, #4328, #864 ) ) ;
#5663 = MECHANICAL_DESIGN_GEOMETRIC_PRESENTATION_REPRESENTATION (  '', ( #5769 ), #5138 ) ;
#5664 = CARTESIAN_POINT ( 'NONE',  ( 2.000000000000000000, -2.999999999999999556, 30.00000000000000000 ) ) ;
#5665 = FILL_AREA_STYLE_COLOUR ( '', #4738 ) ;
#5666 = DIRECTION ( 'NONE',  ( 0.0000000000000000000, 0.0000000000000000000, 1.000000000000000000 ) ) ;
#5667 = STYLED_ITEM ( 'NONE', ( #1030 ), #2392 ) ;
#5668 = CARTESIAN_POINT ( 'NONE',  ( 11.43362879187305303, 53.75125124812271338, 15.73703995451274018 ) ) ;
#5669 =( REPRESENTATION_RELATIONSHIP ('NONE','NONE', #3455, #3200 ) REPRESENTATION_RELATIONSHIP_WITH_TRANSFORMATION ( #4444 )SHAPE_REPRESENTATION_RELATIONSHIP( ) );
#5670 = MECHANICAL_DESIGN_GEOMETRIC_PRESENTATION_REPRESENTATION (  '', ( #5468 ), #2378 ) ;
#5671 = CARTESIAN_POINT ( 'NONE',  ( -14.96681439593652740, 65.14294891617325334, 10.87402716741075359 ) ) ;
#5672 = AXIS2_PLACEMENT_3D ( 'NONE', #1834, #1903, #5020 ) ;
#5673 = CARTESIAN_POINT ( 'NONE',  ( -4.720961927613711140, 1.359826682918106716E-13, 22.29177535278788014 ) ) ;
#5674 = CARTESIAN_POINT ( 'NONE',  ( -16.30663741914030496, 15.99999999999998579, 9.456143131604864749 ) ) ;
#5675 = ADVANCED_FACE ( 'NONE', ( #2222 ), #2792, .T. ) ;
#5676 = CYLINDRICAL_SURFACE ( 'NONE', #4430, 2.000000000000001332 ) ;
#5677 = CARTESIAN_POINT ( 'NONE',  ( 26.50000000000000000, 63.59457218090248887, 8.610371950172021727 ) ) ;
#5678 =( NAMED_UNIT ( * ) PLANE_ANGLE_UNIT ( ) SI_UNIT ( $, .RADIAN. ) );
#5679 = CARTESIAN_POINT ( 'NONE',  ( 1.836970198721029747E-14, -150.0000000000000000, 0.0000000000000000000 ) ) ;
#5680 = CYLINDRICAL_SURFACE ( 'NONE', #2828, 26.00000000000000355 ) ;
#5681 = DIRECTION ( 'NONE',  ( 1.133932221432734415E-16, -1.000000000000000000, -0.0000000000000000000 ) ) ;
#5682 = FILL_AREA_STYLE_COLOUR ( '', #3832 ) ;
#5683 = CARTESIAN_POINT ( 'NONE',  ( -1.191094608787419176E-15, -3.391697668050543513, 19.45205114840793925 ) ) ;
#5684 = AXIS2_PLACEMENT_3D ( 'NONE', #6069, #3459, #422 ) ;
#5685 = COLOUR_RGB ( '',1.000000000000000000, 0.0000000000000000000, 0.0000000000000000000 ) ;
#5686 = CARTESIAN_POINT ( 'NONE',  ( 16.12900059345781045, 15.99999999999998579, -9.750000000000035527 ) ) ;
#5687 = ORIENTED_EDGE ( 'NONE', *, *, #5186, .F. ) ;
#5688 = CARTESIAN_POINT ( 'NONE',  ( 14.96681439593652563, 89.10612104231043418, 10.87402716741075537 ) ) ;
#5689 = CARTESIAN_POINT ( 'NONE',  ( 4.898587196589411843E-16, -4.000000000000000000, 3.999999999999998224 ) ) ;
#5690 = CARTESIAN_POINT ( 'NONE',  ( -4.617411882414378610, 92.16604663898935712, -21.68476032428793232 ) ) ;
#5691 = AXIS2_PLACEMENT_3D ( 'NONE', #3694, #5725, #2072 ) ;
#5692 = CARTESIAN_POINT ( 'NONE',  ( -21.59909009074354813, 1.996536574332694824, 14.47358189862972289 ) ) ;
#5693 =( LENGTH_UNIT ( ) NAMED_UNIT ( * ) SI_UNIT ( .MILLI., .METRE. ) );
#5694 = DIRECTION ( 'NONE',  ( 1.000000000000000000, -0.0000000000000000000, -0.0000000000000000000 ) ) ;
#5695 = CARTESIAN_POINT ( 'NONE',  ( -1.706162547722518960E-15, 59.90793031534291657, 27.86374894231407140 ) ) ;
#5696 = ORIENTED_EDGE ( 'NONE', *, *, #476, .F. ) ;
#5697 = VERTEX_POINT ( 'NONE', #2762 ) ;
#5698 = CIRCLE ( 'NONE', #3775, 5.500000000000000000 ) ;
#5699 = AXIS2_PLACEMENT_3D ( 'NONE', #1182, #1114, #4209 ) ;
#5700 = ORIENTED_EDGE ( 'NONE', *, *, #4546, .T. ) ;
#5701 = COLOUR_RGB ( '',0.7529411764705882248, 0.0000000000000000000, 0.0000000000000000000 ) ;
#5702 = COLOUR_RGB ( '',1.000000000000000000, 0.0000000000000000000, 0.0000000000000000000 ) ;
#5703 = CARTESIAN_POINT ( 'NONE',  ( -16.58845726811991739, -3.000000000000000000, 7.267949192431082395 ) ) ;
#5704 = CARTESIAN_POINT ( 'NONE',  ( 17.75000000000001776, -150.0000000000000000, 0.0000000000000000000 ) ) ;
#5705 = CARTESIAN_POINT ( 'NONE',  ( 18.49999999999999289, 74.02778150870031482, 6.011014380308770555 ) ) ;
#5706 =( LENGTH_UNIT ( ) NAMED_UNIT ( * ) SI_UNIT ( .MILLI., .METRE. ) );
#5707 = CARTESIAN_POINT ( 'NONE',  ( 3.573283826362257527E-15, 58.69132565144401070, -19.45205114840793925 ) ) ;
#5708 = DIRECTION ( 'NONE',  ( 0.0000000000000000000, 1.000000000000000000, 0.0000000000000000000 ) ) ;
#5709 = PLANE ( 'NONE',  #789 ) ;
#5710 = CARTESIAN_POINT ( 'NONE',  ( 16.28571998612485672, 10.99999999999995026, -4.750000000000000000 ) ) ;
#5711 = CARTESIAN_POINT ( 'NONE',  ( -16.37790070187220692, 89.40106523981941677, -22.54224642132906098 ) ) ;
#5712 = EDGE_CURVE ( 'NONE', #221, #6019, #5921, .T. ) ;
#5713 = LINE ( 'NONE', #1158, #4184 ) ;
#5714 = DIRECTION ( 'NONE',  ( 0.0000000000000000000, 1.000000000000000000, 0.0000000000000000000 ) ) ;
#5715 = DIRECTION ( 'NONE',  ( 1.000000000000000000, 2.040851148208007998E-16, 0.0000000000000000000 ) ) ;
#5716 = EDGE_CURVE ( 'NONE', #4168, #2445, #3396, .T. ) ;
#5717 = CARTESIAN_POINT ( 'NONE',  ( 5.716814395936525628, 34.39638145393499258, 17.59454555146034238 ) ) ;
#5718 = DIRECTION ( 'NONE',  ( 1.000000000000000000, 1.119229979353040281E-16, 0.0000000000000000000 ) ) ;
#5719 = FACE_OUTER_BOUND ( 'NONE', #3597, .T. ) ;
#5720 = ORIENTED_EDGE ( 'NONE', *, *, #1859, .F. ) ;
#5721 = CARTESIAN_POINT ( 'NONE',  ( 14.96681439593652740, 92.79276290786998516, -10.87402716741075004 ) ) ;
#5722 = CARTESIAN_POINT ( 'NONE',  ( 21.56404041587868647, 2.113461709158677593, -14.52565635004699729 ) ) ;
#5723 = CARTESIAN_POINT ( 'NONE',  ( -5.100175768297131818, 92.16604663898935712, -21.01921746664744717 ) ) ;
#5724 = EDGE_CURVE ( 'NONE', #2659, #4771, #6334, .T. ) ;
#5725 = DIRECTION ( 'NONE',  ( 0.0000000000000000000, 0.0000000000000000000, 1.000000000000000000 ) ) ;
#5726 = CARTESIAN_POINT ( 'NONE',  ( -14.58845726811984456, 3.000000000000000000, -10.73205080756894425 ) ) ;
#5727 = CARTESIAN_POINT ( 'NONE',  ( 8.188950350936110567, 12.90324652945847461, -25.20299768182156797 ) ) ;
#5728 = ORIENTED_EDGE ( 'NONE', *, *, #5402, .T. ) ;
#5729 = ORIENTED_EDGE ( 'NONE', *, *, #6137, .T. ) ;
#5730 = ORIENTED_EDGE ( 'NONE', *, *, #635, .T. ) ;
#5731 = EDGE_CURVE ( 'NONE', #835, #1145, #2964, .T. ) ;
#5732 = CARTESIAN_POINT ( 'NONE',  ( -21.82746580716050389, -4.507833773373798536, 14.12694174542062520 ) ) ;
#5733 = DIRECTION ( 'NONE',  ( -0.0000000000000000000, 1.000000000000000000, -0.0000000000000000000 ) ) ;
#5734 = CARTESIAN_POINT ( 'NONE',  ( 1.590239820596856646, -4.219880359382627510, -25.95142387573189424 ) ) ;
#5735 = CARTESIAN_POINT ( 'NONE',  ( -8.188950350936107014, 48.55306052115520998, 25.20299768182156797 ) ) ;
#5736 =( BOUNDED_SURFACE ( )  B_SPLINE_SURFACE ( 3, 2, ( 
 ( #4076, #5016, #1390, #451, #3422, #2927, #395, #2429, #2457, #2330, #4267, #6259, #3729, #4361, #4327, #4833, #2230, #1715, #6325, #5333, #5893, #4239, #1746, #6391, #260, #709, #767, #6292, #2801, #2261, #1302, #2770, #1337, #6358, #1812, #5857, #3829, #3335, #5762, #4896, #2741, #2299, #2867, #1207, #3762, #5367, #1242, #803, #2839, #4867, #3866, #4297, #5400, #295, #1842, #3275, #3303, #3237, #3797, #3372, #834, #5798, #223, #330, #5271, #1781, #4770, #191, #5301, #740, #4796, #5828, #1268, #2406, #939, #3472, #4971, #6557, #1002, #5503, #2003, #1881, #3932, #5533, #4464, #3504, #5962, #2973, #6465, #1503, #5466, #973, #1403, #4528, #5563, #5002, #3999, #6028, #3529, #1938, #6494 ),
 ( #3404, #6053, #4493, #3032, #866, #435, #5431, #2903, #4030, #409, #5064, #2472, #3002, #2442, #2367, #4398, #3963, #6429, #4933, #6526, #370, #2501, #1971, #3902, #5932, #5993, #1433, #1473, #1370, #5029, #467, #3434, #4438, #1912, #906, #2941, #600, #5194, #3564, #6124, #4560, #2101, #6086, #5592, #4630, #1137, #627, #3627, #5623, #4588, #563, #4057, #2630, #4161, #5160, #3099, #2660, #4691, #3598, #1166, #115, #1633, #2592, #2157, #4193, #533, #2528, #6587, #6221, #4661, #1099, #5095, #2035, #55, #1602, #1669, #501, #16, #3690, #3132, #1038, #5652, #2557, #86, #5126, #6185, #3660, #3195, #5688, #1534, #3066, #3168, #5721, #1568, #4129, #6156, #2130, #2068, #4092, #1066, #152 ),
 ( #3750, #6314, #731, #2790, #4818, #3293, #2287, #1292, #4230, #248, #3854, #6348, #1325, #3787, #6251, #2193, #6382, #5356, #3716, #1735, #1194, #4318, #2760, #1803, #2220, #4786, #1702, #5322, #5223, #5752, #1231, #3819, #4858, #211, #3224, #5848, #1769, #2321, #3325, #2695, #5818, #5263, #1260, #758, #3265, #2825, #5880, #790, #285, #4725, #182, #4349, #2248, #1833, #4257, #654, #2732, #695, #5787, #4761, #6280, #5291, #4285, #3953, #4991, #424, #4516, #2930, #5454, #4959, #399, #894, #6547, #3359, #2893, #2460, #2859, #455, #4886, #359, #5522, #932, #5421, #1994, #1930, #2432, #4021, #6045, #5984, #6020, #2356, #4455, #6417, #5389, #4428, #6454, #6483, #856, #1902, #826, #1423 ),
 ( #3464, #4485, #3988, #1463, #5493, #2962, #321, #4385, #6516, #3495, #1869, #1959, #3890, #5919, #3922, #5951, #960, #4920, #1393, #1360, #2992, #2394, #5019, #2492, #3394, #3425, #3618, #990, #4079, #588, #4182, #5151, #5055, #3022, #2619, #1125, #2547, #5613, #3591, #4616, #4048, #4552, #4651, #493, #5115, #619, #6176, #5642, #5, #2578, #1057, #1089, #3119, #6148, #77, #4153, #2521, #2121, #108, #1622, #1492, #43, #6579, #2024, #2651, #3649, #6072, #4578, #1522, #5677, #3088, #3159, #5084, #553, #3551, #1592, #3523, #5582, #6113, #5184, #4682, #2091, #1027, #2149, #4119, #5554, #3057, #524, #2054, #1558, #4778, #720, #2209, #3810, #4852, #2751, #5841, #5711, #1187, #2781, #1726 ),
 ( #5346, #2723, #749, #3216, #1795, #2817, #202, #1253, #3284, #781, #5776, #3740, #1222, #3254, #5284, #277, #6211, #5741, #5311, #1156, #3317, #3185, #5251, #1282, #3777, #1690, #2313, #1659, #3707, #4310, #2239, #2684, #4276, #4220, #6303, #4248, #4808, #4752, #3680, #1758, #5810, #237, #2274, #6340, #5215, #646, #4713, #138, #2181, #6241, #683, #174, #6271, #883, #2422, #4948, #3979, #4415, #5513, #5445, #388, #1352, #3417, #1825, #3915, #2920, #951, #4376, #1454, #6008, #2348, #3349, #849, #4912, #5975, #1950, #1894, #4982, #5380, #820, #3486, #6476, #2984, #2851, #4448, #4879, #312, #6507, #347, #5011, #1923, #924, #2384, #447, #4342, #6448, #3842, #6408, #3945, #1860, #4476 ),
 ( #5414, #6374, #5945, #3387, #1416, #418, #5869, #3453, #5481, #1314, #1384, #2953, #3879, #2453, #5913, #2884, #1585, #2115, #3543, #2480, #4570, #5607, #5047, #5546, #3612, #4013, #6104, #1616, #581, #4606, #1019, #3584, #2046, #35, #2083, #545, #6142, #5144, #1482, #4112, #1115, #5636, #5178, #1051, #3515, #6038, #3639, #2610, #982, #5574, #482, #3080, #3014, #2515, #4646, #5078, #70, #5107, #1081, #516, #4146, #6171, #2538, #6538, #4545, #2570, #6568, #5668, #3112, #3149, #2013, #1549, #4070, #2486, #4506, #1987, #4039, #6065, #1514, #3051, #1340, #5403, #806, #836, #3674, #6235, #4675, #2301, #6202, #5705, #4835, #3374, #2869, #3831, #5830, #4705, #769, #4174, #2842, #4363, #5369 ),
 ( #4869, #297, #2332, #6394, #4898, #1648, #1844, #5934, #3868, #3406, #5859, #1150, #3180, #1883, #332, #5209, #3799, #641, #5895, #2803, #2369, #4210, #264, #2677, #4400, #614, #131, #3305, #6431, #3904, #4329, #2172, #1373, #1304, #2645, #102, #2144, #3337, #1783, #1270, #1814, #5335, #6360, #4058, #1972, #3034, #4935, #410, #2004, #940, #6558, #2443, #6029, #2942, #4561, #1939, #4031, #4465, #1004, #2036, #1474, #469, #2502, #6589, #5003, #2974, #436, #2474, #4495, #6087, #5433, #4972, #4530, #372, #1913, #6496, #2905, #6527, #4439, #3934, #4001, #6055, #5564, #3505, #3964, #5994, #5504, #2409, #974, #1504, #5534, #1434, #5066, #502, #3473, #1535, #2529, #3530, #3003, #868, #6466 ) ),
 .UNSPECIFIED., .T., .F., .F. ) 
 B_SPLINE_SURFACE_WITH_KNOTS ( ( 4, 3, 4 ),
 ( 3, 2, 2, 2, 2, 2, 2, 2, 2, 2, 2, 2, 2, 2, 2, 2, 2, 2, 2, 2, 2, 2, 2, 2, 2, 2, 2, 2, 2, 2, 2, 2, 2, 2, 2, 2, 2, 2, 2, 2, 2, 2, 2, 2, 2, 2, 2, 2, 2, 2, 3 ),
 ( 0.0000000000000000000, 0.5000000000000000000, 1.000000000000000000 ),
 ( 0.0000000000000000000, 0.02000000000000000042, 0.04000000000000000083, 0.05999999999999999778, 0.08000000000000000167, 0.1000000000000000056, 0.1199999999999999956, 0.1400000000000000133, 0.1600000000000000033, 0.1799999999999999933, 0.2000000000000000111, 0.2200000000000000011, 0.2399999999999999911, 0.2600000000000000089, 0.2800000000000000266, 0.2999999999999999889, 0.3200000000000000067, 0.3400000000000000244, 0.3599999999999999867, 0.3800000000000000044, 0.4000000000000000222, 0.4199999999999999845, 0.4400000000000000022, 0.4600000000000000200, 0.4799999999999999822, 0.5000000000000000000, 0.5200000000000000178, 0.5400000000000000355, 0.5600000000000000533, 0.5799999999999999600, 0.5999999999999999778, 0.6199999999999999956, 0.6400000000000000133, 0.6600000000000000311, 0.6800000000000000488, 0.6999999999999999556, 0.7199999999999999734, 0.7399999999999999911, 0.7600000000000000089, 0.7800000000000000266, 0.8000000000000000444, 0.8199999999999999512, 0.8399999999999999689, 0.8599999999999999867, 0.8800000000000000044, 0.9000000000000000222, 0.9200000000000000400, 0.9399999999999999467, 0.9599999999999999645, 0.9799999999999999822, 1.000000000000000000 ),
 .UNSPECIFIED. ) 
 GEOMETRIC_REPRESENTATION_ITEM ( )  RATIONAL_B_SPLINE_SURFACE ( (
 ( 1.000000000000000000, 0.9510565162951535312, 1.000000000000000000, 0.9510565162951535312, 1.000000000000000000, 0.9510565162951535312, 1.000000000000000000, 0.9510565162951535312, 1.000000000000000000, 0.9510565162951535312, 1.000000000000000000, 0.9510565162951535312, 1.000000000000000000, 0.9510565162951535312, 1.000000000000000000, 0.9510565162951535312, 1.000000000000000000, 0.9510565162951535312, 1.000000000000000000, 0.9510565162951535312, 1.000000000000000000, 0.9510565162951535312, 1.000000000000000000, 0.9510565162951535312, 1.000000000000000000, 0.9510565162951535312, 1.000000000000000000, 0.9510565162951535312, 1.000000000000000000, 0.9510565162951535312, 1.000000000000000000, 0.9510565162951535312, 1.000000000000000000, 0.9510565162951535312, 1.000000000000000000, 0.9510565162951535312, 1.000000000000000000, 0.9510565162951535312, 1.000000000000000000, 0.9510565162951535312, 1.000000000000000000, 0.9510565162951535312, 1.000000000000000000, 0.9510565162951535312, 1.000000000000000000, 0.9510565162951535312, 1.000000000000000000, 0.9510565162951535312, 1.000000000000000000, 0.9510565162951535312, 1.000000000000000000, 0.9510565162951535312, 1.000000000000000000, 0.9510565162951535312, 1.000000000000000000, 0.9510565162951535312, 1.000000000000000000, 0.9510565162951535312, 1.000000000000000000, 0.9510565162951535312, 1.000000000000000000, 0.9510565162951535312, 1.000000000000000000, 0.9510565162951535312, 1.000000000000000000, 0.9510565162951535312, 1.000000000000000000, 0.9510565162951535312, 1.000000000000000000, 0.9510565162951535312, 1.000000000000000000, 0.9510565162951535312, 1.000000000000000000, 0.9510565162951535312, 1.000000000000000000, 0.9510565162951535312, 1.000000000000000000, 0.9510565162951535312, 1.000000000000000000, 0.9510565162951535312, 1.000000000000000000, 0.9510565162951535312, 1.000000000000000000, 0.9510565162951535312, 1.000000000000000000, 0.9510565162951535312, 1.000000000000000000, 0.9510565162951535312, 1.000000000000000000, 0.9510565162951535312, 1.000000000000000000, 0.9510565162951535312, 1.000000000000000000, 0.9510565162951535312, 1.000000000000000000, 0.9510565162951535312, 1.000000000000000000, 0.9510565162951535312, 1.000000000000000000, 0.9510565162951535312, 1.000000000000000000),
 ( 0.3333333333333333703, 0.3170188387650512141, 0.3333333333333333703, 0.3170188387650512141, 0.3333333333333333703, 0.3170188387650512141, 0.3333333333333333703, 0.3170188387650512141, 0.3333333333333333703, 0.3170188387650512141, 0.3333333333333333703, 0.3170188387650512141, 0.3333333333333333703, 0.3170188387650512141, 0.3333333333333333703, 0.3170188387650512141, 0.3333333333333333703, 0.3170188387650512141, 0.3333333333333333703, 0.3170188387650512141, 0.3333333333333333703, 0.3170188387650512141, 0.3333333333333333703, 0.3170188387650512141, 0.3333333333333333703, 0.3170188387650512141, 0.3333333333333333703, 0.3170188387650512141, 0.3333333333333333703, 0.3170188387650512141, 0.3333333333333333703, 0.3170188387650512141, 0.3333333333333333703, 0.3170188387650512141, 0.3333333333333333703, 0.3170188387650512141, 0.3333333333333333703, 0.3170188387650512141, 0.3333333333333333703, 0.3170188387650512141, 0.3333333333333333703, 0.3170188387650512141, 0.3333333333333333703, 0.3170188387650512141, 0.3333333333333333703, 0.3170188387650512141, 0.3333333333333333703, 0.3170188387650512141, 0.3333333333333333703, 0.3170188387650512141, 0.3333333333333333703, 0.3170188387650512141, 0.3333333333333333703, 0.3170188387650512141, 0.3333333333333333703, 0.3170188387650512141, 0.3333333333333333703, 0.3170188387650512141, 0.3333333333333333703, 0.3170188387650512141, 0.3333333333333333703, 0.3170188387650512141, 0.3333333333333333703, 0.3170188387650512141, 0.3333333333333333703, 0.3170188387650512141, 0.3333333333333333703, 0.3170188387650512141, 0.3333333333333333703, 0.3170188387650512141, 0.3333333333333333703, 0.3170188387650512141, 0.3333333333333333703, 0.3170188387650512141, 0.3333333333333333703, 0.3170188387650512141, 0.3333333333333333703, 0.3170188387650512141, 0.3333333333333333703, 0.3170188387650512141, 0.3333333333333333703, 0.3170188387650512141, 0.3333333333333333703, 0.3170188387650512141, 0.3333333333333333703, 0.3170188387650512141, 0.3333333333333333703, 0.3170188387650512141, 0.3333333333333333703, 0.3170188387650512141, 0.3333333333333333703, 0.3170188387650512141, 0.3333333333333333703, 0.3170188387650512141, 0.3333333333333333703, 0.3170188387650512141, 0.3333333333333333703, 0.3170188387650512141, 0.3333333333333333703, 0.3170188387650512141, 0.3333333333333333703),
 ( 0.3333333333333333703, 0.3170188387650512141, 0.3333333333333333703, 0.3170188387650512141, 0.3333333333333333703, 0.3170188387650512141, 0.3333333333333333703, 0.3170188387650512141, 0.3333333333333333703, 0.3170188387650512141, 0.3333333333333333703, 0.3170188387650512141, 0.3333333333333333703, 0.3170188387650512141, 0.3333333333333333703, 0.3170188387650512141, 0.3333333333333333703, 0.3170188387650512141, 0.3333333333333333703, 0.3170188387650512141, 0.3333333333333333703, 0.3170188387650512141, 0.3333333333333333703, 0.3170188387650512141, 0.3333333333333333703, 0.3170188387650512141, 0.3333333333333333703, 0.3170188387650512141, 0.3333333333333333703, 0.3170188387650512141, 0.3333333333333333703, 0.3170188387650512141, 0.3333333333333333703, 0.3170188387650512141, 0.3333333333333333703, 0.3170188387650512141, 0.3333333333333333703, 0.3170188387650512141, 0.3333333333333333703, 0.3170188387650512141, 0.3333333333333333703, 0.3170188387650512141, 0.3333333333333333703, 0.3170188387650512141, 0.3333333333333333703, 0.3170188387650512141, 0.3333333333333333703, 0.3170188387650512141, 0.3333333333333333703, 0.3170188387650512141, 0.3333333333333333703, 0.3170188387650512141, 0.3333333333333333703, 0.3170188387650512141, 0.3333333333333333703, 0.3170188387650512141, 0.3333333333333333703, 0.3170188387650512141, 0.3333333333333333703, 0.3170188387650512141, 0.3333333333333333703, 0.3170188387650512141, 0.3333333333333333703, 0.3170188387650512141, 0.3333333333333333703, 0.3170188387650512141, 0.3333333333333333703, 0.3170188387650512141, 0.3333333333333333703, 0.3170188387650512141, 0.3333333333333333703, 0.3170188387650512141, 0.3333333333333333703, 0.3170188387650512141, 0.3333333333333333703, 0.3170188387650512141, 0.3333333333333333703, 0.3170188387650512141, 0.3333333333333333703, 0.3170188387650512141, 0.3333333333333333703, 0.3170188387650512141, 0.3333333333333333703, 0.3170188387650512141, 0.3333333333333333703, 0.3170188387650512141, 0.3333333333333333703, 0.3170188387650512141, 0.3333333333333333703, 0.3170188387650512141, 0.3333333333333333703, 0.3170188387650512141, 0.3333333333333333703, 0.3170188387650512141, 0.3333333333333333703, 0.3170188387650512141, 0.3333333333333333703, 0.3170188387650512141, 0.3333333333333333703, 0.3170188387650512141, 0.3333333333333333703),
 ( 1.000000000000000000, 0.9510565162951535312, 1.000000000000000000, 0.9510565162951535312, 1.000000000000000000, 0.9510565162951535312, 1.000000000000000000, 0.9510565162951535312, 1.000000000000000000, 0.9510565162951535312, 1.000000000000000000, 0.9510565162951535312, 1.000000000000000000, 0.9510565162951535312, 1.000000000000000000, 0.9510565162951535312, 1.000000000000000000, 0.9510565162951535312, 1.000000000000000000, 0.9510565162951535312, 1.000000000000000000, 0.9510565162951535312, 1.000000000000000000, 0.9510565162951535312, 1.000000000000000000, 0.9510565162951535312, 1.000000000000000000, 0.9510565162951535312, 1.000000000000000000, 0.9510565162951535312, 1.000000000000000000, 0.9510565162951535312, 1.000000000000000000, 0.9510565162951535312, 1.000000000000000000, 0.9510565162951535312, 1.000000000000000000, 0.9510565162951535312, 1.000000000000000000, 0.9510565162951535312, 1.000000000000000000, 0.9510565162951535312, 1.000000000000000000, 0.9510565162951535312, 1.000000000000000000, 0.9510565162951535312, 1.000000000000000000, 0.9510565162951535312, 1.000000000000000000, 0.9510565162951535312, 1.000000000000000000, 0.9510565162951535312, 1.000000000000000000, 0.9510565162951535312, 1.000000000000000000, 0.9510565162951535312, 1.000000000000000000, 0.9510565162951535312, 1.000000000000000000, 0.9510565162951535312, 1.000000000000000000, 0.9510565162951535312, 1.000000000000000000, 0.9510565162951535312, 1.000000000000000000, 0.9510565162951535312, 1.000000000000000000, 0.9510565162951535312, 1.000000000000000000, 0.9510565162951535312, 1.000000000000000000, 0.9510565162951535312, 1.000000000000000000, 0.9510565162951535312, 1.000000000000000000, 0.9510565162951535312, 1.000000000000000000, 0.9510565162951535312, 1.000000000000000000, 0.9510565162951535312, 1.000000000000000000, 0.9510565162951535312, 1.000000000000000000, 0.9510565162951535312, 1.000000000000000000, 0.9510565162951535312, 1.000000000000000000, 0.9510565162951535312, 1.000000000000000000, 0.9510565162951535312, 1.000000000000000000, 0.9510565162951535312, 1.000000000000000000, 0.9510565162951535312, 1.000000000000000000, 0.9510565162951535312, 1.000000000000000000, 0.9510565162951535312, 1.000000000000000000, 0.9510565162951535312, 1.000000000000000000),
 ( 0.3333333333333333703, 0.3170188387650512141, 0.3333333333333333703, 0.3170188387650512141, 0.3333333333333333703, 0.3170188387650512141, 0.3333333333333333703, 0.3170188387650512141, 0.3333333333333333703, 0.3170188387650512141, 0.3333333333333333703, 0.3170188387650512141, 0.3333333333333333703, 0.3170188387650512141, 0.3333333333333333703, 0.3170188387650512141, 0.3333333333333333703, 0.3170188387650512141, 0.3333333333333333703, 0.3170188387650512141, 0.3333333333333333703, 0.3170188387650512141, 0.3333333333333333703, 0.3170188387650512141, 0.3333333333333333703, 0.3170188387650512141, 0.3333333333333333703, 0.3170188387650512141, 0.3333333333333333703, 0.3170188387650512141, 0.3333333333333333703, 0.3170188387650512141, 0.3333333333333333703, 0.3170188387650512141, 0.3333333333333333703, 0.3170188387650512141, 0.3333333333333333703, 0.3170188387650512141, 0.3333333333333333703, 0.3170188387650512141, 0.3333333333333333703, 0.3170188387650512141, 0.3333333333333333703, 0.3170188387650512141, 0.3333333333333333703, 0.3170188387650512141, 0.3333333333333333703, 0.3170188387650512141, 0.3333333333333333703, 0.3170188387650512141, 0.3333333333333333703, 0.3170188387650512141, 0.3333333333333333703, 0.3170188387650512141, 0.3333333333333333703, 0.3170188387650512141, 0.3333333333333333703, 0.3170188387650512141, 0.3333333333333333703, 0.3170188387650512141, 0.3333333333333333703, 0.3170188387650512141, 0.3333333333333333703, 0.3170188387650512141, 0.3333333333333333703, 0.3170188387650512141, 0.3333333333333333703, 0.3170188387650512141, 0.3333333333333333703, 0.3170188387650512141, 0.3333333333333333703, 0.3170188387650512141, 0.3333333333333333703, 0.3170188387650512141, 0.3333333333333333703, 0.3170188387650512141, 0.3333333333333333703, 0.3170188387650512141, 0.3333333333333333703, 0.3170188387650512141, 0.3333333333333333703, 0.3170188387650512141, 0.3333333333333333703, 0.3170188387650512141, 0.3333333333333333703, 0.3170188387650512141, 0.3333333333333333703, 0.3170188387650512141, 0.3333333333333333703, 0.3170188387650512141, 0.3333333333333333703, 0.3170188387650512141, 0.3333333333333333703, 0.3170188387650512141, 0.3333333333333333703, 0.3170188387650512141, 0.3333333333333333703, 0.3170188387650512141, 0.3333333333333333703, 0.3170188387650512141, 0.3333333333333333703),
 ( 0.3333333333333333703, 0.3170188387650512141, 0.3333333333333333703, 0.3170188387650512141, 0.3333333333333333703, 0.3170188387650512141, 0.3333333333333333703, 0.3170188387650512141, 0.3333333333333333703, 0.3170188387650512141, 0.3333333333333333703, 0.3170188387650512141, 0.3333333333333333703, 0.3170188387650512141, 0.3333333333333333703, 0.3170188387650512141, 0.3333333333333333703, 0.3170188387650512141, 0.3333333333333333703, 0.3170188387650512141, 0.3333333333333333703, 0.3170188387650512141, 0.3333333333333333703, 0.3170188387650512141, 0.3333333333333333703, 0.3170188387650512141, 0.3333333333333333703, 0.3170188387650512141, 0.3333333333333333703, 0.3170188387650512141, 0.3333333333333333703, 0.3170188387650512141, 0.3333333333333333703, 0.3170188387650512141, 0.3333333333333333703, 0.3170188387650512141, 0.3333333333333333703, 0.3170188387650512141, 0.3333333333333333703, 0.3170188387650512141, 0.3333333333333333703, 0.3170188387650512141, 0.3333333333333333703, 0.3170188387650512141, 0.3333333333333333703, 0.3170188387650512141, 0.3333333333333333703, 0.3170188387650512141, 0.3333333333333333703, 0.3170188387650512141, 0.3333333333333333703, 0.3170188387650512141, 0.3333333333333333703, 0.3170188387650512141, 0.3333333333333333703, 0.3170188387650512141, 0.3333333333333333703, 0.3170188387650512141, 0.3333333333333333703, 0.3170188387650512141, 0.3333333333333333703, 0.3170188387650512141, 0.3333333333333333703, 0.3170188387650512141, 0.3333333333333333703, 0.3170188387650512141, 0.3333333333333333703, 0.3170188387650512141, 0.3333333333333333703, 0.3170188387650512141, 0.3333333333333333703, 0.3170188387650512141, 0.3333333333333333703, 0.3170188387650512141, 0.3333333333333333703, 0.3170188387650512141, 0.3333333333333333703, 0.3170188387650512141, 0.3333333333333333703, 0.3170188387650512141, 0.3333333333333333703, 0.3170188387650512141, 0.3333333333333333703, 0.3170188387650512141, 0.3333333333333333703, 0.3170188387650512141, 0.3333333333333333703, 0.3170188387650512141, 0.3333333333333333703, 0.3170188387650512141, 0.3333333333333333703, 0.3170188387650512141, 0.3333333333333333703, 0.3170188387650512141, 0.3333333333333333703, 0.3170188387650512141, 0.3333333333333333703, 0.3170188387650512141, 0.3333333333333333703, 0.3170188387650512141, 0.3333333333333333703),
 ( 1.000000000000000000, 0.9510565162951535312, 1.000000000000000000, 0.9510565162951535312, 1.000000000000000000, 0.9510565162951535312, 1.000000000000000000, 0.9510565162951535312, 1.000000000000000000, 0.9510565162951535312, 1.000000000000000000, 0.9510565162951535312, 1.000000000000000000, 0.9510565162951535312, 1.000000000000000000, 0.9510565162951535312, 1.000000000000000000, 0.9510565162951535312, 1.000000000000000000, 0.9510565162951535312, 1.000000000000000000, 0.9510565162951535312, 1.000000000000000000, 0.9510565162951535312, 1.000000000000000000, 0.9510565162951535312, 1.000000000000000000, 0.9510565162951535312, 1.000000000000000000, 0.9510565162951535312, 1.000000000000000000, 0.9510565162951535312, 1.000000000000000000, 0.9510565162951535312, 1.000000000000000000, 0.9510565162951535312, 1.000000000000000000, 0.9510565162951535312, 1.000000000000000000, 0.9510565162951535312, 1.000000000000000000, 0.9510565162951535312, 1.000000000000000000, 0.9510565162951535312, 1.000000000000000000, 0.9510565162951535312, 1.000000000000000000, 0.9510565162951535312, 1.000000000000000000, 0.9510565162951535312, 1.000000000000000000, 0.9510565162951535312, 1.000000000000000000, 0.9510565162951535312, 1.000000000000000000, 0.9510565162951535312, 1.000000000000000000, 0.9510565162951535312, 1.000000000000000000, 0.9510565162951535312, 1.000000000000000000, 0.9510565162951535312, 1.000000000000000000, 0.9510565162951535312, 1.000000000000000000, 0.9510565162951535312, 1.000000000000000000, 0.9510565162951535312, 1.000000000000000000, 0.9510565162951535312, 1.000000000000000000, 0.9510565162951535312, 1.000000000000000000, 0.9510565162951535312, 1.000000000000000000, 0.9510565162951535312, 1.000000000000000000, 0.9510565162951535312, 1.000000000000000000, 0.9510565162951535312, 1.000000000000000000, 0.9510565162951535312, 1.000000000000000000, 0.9510565162951535312, 1.000000000000000000, 0.9510565162951535312, 1.000000000000000000, 0.9510565162951535312, 1.000000000000000000, 0.9510565162951535312, 1.000000000000000000, 0.9510565162951535312, 1.000000000000000000, 0.9510565162951535312, 1.000000000000000000, 0.9510565162951535312, 1.000000000000000000, 0.9510565162951535312, 1.000000000000000000, 0.9510565162951535312, 1.000000000000000000) ) ) 
 REPRESENTATION_ITEM ( '' )  SURFACE ( )  );
#5737 = CARTESIAN_POINT ( 'NONE',  ( -5.750732221976158520, 6.690827240457344874E-15, 20.45842149619813455 ) ) ;
#5738 = CARTESIAN_POINT ( 'NONE',  ( -17.06926965828023768, 13.49401784914689628, -5.403392909534139754 ) ) ;
#5739 = CARTESIAN_POINT ( 'NONE',  ( -21.44994432064358492, -3.000000000000000444, -14.69353220438469876 ) ) ;
#5740 = UNCERTAINTY_MEASURE_WITH_UNIT (LENGTH_MEASURE( 1.000000000000000082E-05 ), #4101, 'distance_accuracy_value', 'NONE');
#5741 = CARTESIAN_POINT ( 'NONE',  ( -16.37790070187220692, 7.668227928628152057, -22.54224642132905743 ) ) ;
#5742 = CARTESIAN_POINT ( 'NONE',  ( 23.00047533980171366, -1.263375517560414885, -12.12394183574007123 ) ) ;
#5743 = COLOUR_RGB ( '',1.000000000000000000, 0.0000000000000000000, 0.0000000000000000000 ) ;
#5744 = B_SPLINE_CURVE_WITH_KNOTS ( 'NONE', 3,
 ( #4051, #5153, #46, #591, #2093, #4121, #4653, #6149, #2184, #3742, #1728, #2725, #6243, #5286 ),
 .UNSPECIFIED., .F., .F.,
 ( 4, 2, 2, 2, 2, 2, 4 ),
 ( 0.009383685357488706288, 0.009774349268173169319, 0.01016501317885763235, 0.01055567708954209538, 0.01094634100022655841, 0.01172766882159548621, 0.01250899664296441401 ),
 .UNSPECIFIED. ) ;
#5745 = CARTESIAN_POINT ( 'NONE',  ( -23.10111103684434397, 4.591750972945286335, 11.93107289210085220 ) ) ;
#5746 = CARTESIAN_POINT ( 'NONE',  ( -2.000000000000000000, -3.000000000000000000, 25.92296279363144151 ) ) ;
#5747 = DIRECTION ( 'NONE',  ( 1.000000000000000000, 2.040851148208007998E-16, 0.0000000000000000000 ) ) ;
#5748 = DIRECTION ( 'NONE',  ( 1.133932221432734415E-16, -1.000000000000000000, -0.0000000000000000000 ) ) ;
#5749 = CARTESIAN_POINT ( 'NONE',  ( -14.96681439593652740, 49.14294891617326044, 10.87402716741075359 ) ) ;
#5750 = SURFACE_STYLE_FILL_AREA ( #4759 ) ;
#5751 = ORIENTED_EDGE ( 'NONE', *, *, #1045, .F. ) ;
#5752 = CARTESIAN_POINT ( 'NONE',  ( 26.50000000000000000, 34.72815352530683697, 8.610371950172021727 ) ) ;
#5753 = CARTESIAN_POINT ( 'NONE',  ( 22.06093002394763047, 1.202077893911539519, -13.75972548959794395 ) ) ;
#5754 = DIRECTION ( 'NONE',  ( -0.8660254037844398178, 0.0000000000000000000, 0.4999999999999980016 ) ) ;
#5755 = CARTESIAN_POINT ( 'NONE',  ( -22.38579416835784031, -4.999906087440574076, -13.22665268454001897 ) ) ;
#5756 = PLANE ( 'NONE',  #147 ) ;
#5757 = CARTESIAN_POINT ( 'NONE',  ( 26.50000000000000000, 9.216604663898911198, 3.245314017740485765E-15 ) ) ;
#5758 = CARTESIAN_POINT ( 'NONE',  ( -26.50000000000000000, 36.86641865559565190, 0.0000000000000000000 ) ) ;
#5759 = VERTEX_POINT ( 'NONE', #1395 ) ;
#5760 = ORIENTED_EDGE ( 'NONE', *, *, #2216, .F. ) ;
#5761 = EDGE_CURVE ( 'NONE', #3997, #4760, #2464, .T. ) ;
#5762 = CARTESIAN_POINT ( 'NONE',  ( -14.96681439593652563, 35.02309772281586220, -10.87402716741075714 ) ) ;
#5763 = VERTEX_POINT ( 'NONE', #3924 ) ;
#5764 = APPLICATION_CONTEXT ( 'automotive_design' ) ;
#5765 = CARTESIAN_POINT ( 'NONE',  ( -23.23208622093917697, -4.322266500894268226, 11.67384702326407364 ) ) ;
#5766 = CARTESIAN_POINT ( 'NONE',  ( 14.48095708105370250, -17.99999999999998934, -8.911755080190280509 ) ) ;
#5767 = AXIS2_PLACEMENT_3D ( 'NONE', #4067, #1320, #281 ) ;
#5768 = FILL_AREA_STYLE_COLOUR ( '', #3671 ) ;
#5769 = STYLED_ITEM ( 'NONE', ( #4694 ), #2014 ) ;
#5770 = CARTESIAN_POINT ( 'NONE',  ( -26.50000000000000000, 45.78807912198552543, 8.610371950172016398 ) ) ;
#5771 = PRESENTATION_LAYER_ASSIGNMENT (  '', '', ( #2056 ) ) ;
#5772 = CARTESIAN_POINT ( 'NONE',  ( -13.19545532995281256, -1.101824161417800245E-15, 21.42821068780614979 ) ) ;
#5773 = CARTESIAN_POINT ( 'NONE',  ( -22.45145950439244942, 5.000104822221614675, -13.11294756080760671 ) ) ;
#5774 = STYLED_ITEM ( 'NONE', ( #534 ), #2748 ) ;
#5775 = CARTESIAN_POINT ( 'NONE',  ( -22.45145950439245297, -0.9998951777783839923, -13.11294756080760315 ) ) ;
#5776 = CARTESIAN_POINT ( 'NONE',  ( 26.50000000000000000, 1.216604663898914529, 3.245314017740485765E-15 ) ) ;
#5777 = SURFACE_SIDE_STYLE ('',( #3708 ) ) ;
#5778 = AXIS2_PLACEMENT_3D ( 'NONE', #2439, #5091, #2970 ) ;
#5779 = CIRCLE ( 'NONE', #3451, 25.80000000000000782 ) ;
#5780 = CARTESIAN_POINT ( 'NONE',  ( -21.44994432064368439, 3.000000000000000444, 14.69353220438454777 ) ) ;
#5781 = CARTESIAN_POINT ( 'NONE',  ( -18.49999999999998934, 19.35486979418771369, 6.011014380308763450 ) ) ;
#5782 = CARTESIAN_POINT ( 'NONE',  ( 1.986921911036796828, -3.263096868984458609, 25.92398115006263026 ) ) ;
#5783 = CARTESIAN_POINT ( 'NONE',  ( -18.49999999999998934, 17.51154886140792044, -6.011014380308772331 ) ) ;
#5784 = FILL_AREA_STYLE ('',( #6219 ) ) ;
#5785 = VERTEX_POINT ( 'NONE', #933 ) ;
#5786 = AXIS2_PLACEMENT_3D ( 'NONE', #5112, #4649, #4613 ) ;
#5787 = CARTESIAN_POINT ( 'NONE',  ( -21.43895035093610346, 61.45630705061369525, -15.57630918575054224 ) ) ;
#5788 = CARTESIAN_POINT ( 'NONE',  ( 17.19497654782259488, 14.31468809010522136, 6.002732546500713084 ) ) ;
#5789 = CARTESIAN_POINT ( 'NONE',  ( -2.000000000000000000, -3.000000000000000000, 30.00000000000000000 ) ) ;
#5790 = CARTESIAN_POINT ( 'NONE',  ( 0.0000000000000000000, -4.296878459511326308E-16, 4.199999999999998401 ) ) ;
#5791 = CARTESIAN_POINT ( 'NONE',  ( 16.37790070187221048, 24.88483259252705793, 22.54224642132906098 ) ) ;
#5792 = VECTOR ( 'NONE', #3484, 1000.000000000000000 ) ;
#5793 = CARTESIAN_POINT ( 'NONE',  ( -21.43895035093610346, 35.02309772281586220, -15.57630918575054402 ) ) ;
#5794 =( LENGTH_UNIT ( ) NAMED_UNIT ( * ) SI_UNIT ( .MILLI., .METRE. ) );
#5795 = ORIENTED_EDGE ( 'NONE', *, *, #4222, .T. ) ;
#5796 = CARTESIAN_POINT ( 'NONE',  ( 4.229567185944098802E-15, -25.30000000000000426, 0.0000000000000000000 ) ) ;
#5797 = EDGE_CURVE ( 'NONE', #2331, #1879, #3990, .T. ) ;
#5798 = CARTESIAN_POINT ( 'NONE',  ( -18.49999999999998934, 56.22128844978334428, 6.011014380308763450 ) ) ;
#5799 = ORIENTED_EDGE ( 'NONE', *, *, #1288, .T. ) ;
#5800 =( GEOMETRIC_REPRESENTATION_CONTEXT ( 3 ) GLOBAL_UNCERTAINTY_ASSIGNED_CONTEXT ( ( #2776 ) ) GLOBAL_UNIT_ASSIGNED_CONTEXT ( ( #3957, #4052, #403 ) ) REPRESENTATION_CONTEXT ( 'NONE', 'WORKASPACE' ) );
#5801 = CARTESIAN_POINT ( 'NONE',  ( 15.23552319331148652, -13.33177457400502597, -4.199999999999997513 ) ) ;
#5802 = EDGE_CURVE ( 'NONE', #835, #667, #2463, .T. ) ;
#5803 = AXIS2_PLACEMENT_3D ( 'NONE', #1757, #1252, #2883 ) ;
#5804 = ADVANCED_FACE ( 'NONE', ( #401 ), #3157, .T. ) ;
#5805 = CIRCLE ( 'NONE', #5496, 17.00000000000000355 ) ;
#5806 = CARTESIAN_POINT ( 'NONE',  ( 5.716814395936530069, 94.63608384064977486, -17.59454555146033528 ) ) ;
#5807 = DIRECTION ( 'NONE',  ( 1.133932221432734415E-16, -1.000000000000000000, -0.0000000000000000000 ) ) ;
#5808 = CARTESIAN_POINT ( 'NONE',  ( -21.67575233507326971, 4.230848336789131636, -14.35952452434965920 ) ) ;
#5809 = CARTESIAN_POINT ( 'NONE',  ( 12.25168877311600468, 0.8321669717757551599, 4.750000000000000888 ) ) ;
#5810 = CARTESIAN_POINT ( 'NONE',  ( -26.50000000000000000, 28.86641865559565545, 0.0000000000000000000 ) ) ;
#5811 =( NAMED_UNIT ( * ) PLANE_ANGLE_UNIT ( ) SI_UNIT ( $, .RADIAN. ) );
#5812 = DIRECTION ( 'NONE',  ( 0.8660254037844397068, 0.0000000000000000000, -0.4999999999999979461 ) ) ;
#5813 = CARTESIAN_POINT ( 'NONE',  ( -11.43362879187304948, 2.764981399169671228, 15.73703995451273840 ) ) ;
#5814 = DIRECTION ( 'NONE',  ( 1.000000000000000000, 0.0000000000000000000, 0.0000000000000000000 ) ) ;
#5815 = CARTESIAN_POINT ( 'NONE',  ( 14.96681439593652563, 7.373283731119127715, 10.87402716741075537 ) ) ;
#5816 = FILL_AREA_STYLE ('',( #1767 ) ) ;
#5817 = ORIENTED_EDGE ( 'NONE', *, *, #517, .F. ) ;
#5818 = CARTESIAN_POINT ( 'NONE',  ( -26.50000000000000000, 44.86641865559565190, 0.0000000000000000000 ) ) ;
#5819 = CARTESIAN_POINT ( 'NONE',  ( 16.68636293869784737, 12.11272677367808015, 4.872724626022260530 ) ) ;
#5820 = CARTESIAN_POINT ( 'NONE',  ( -18.46786727916079940, 92.16604663898931449, -1.331495969202060037 ) ) ;
#5821 = CARTESIAN_POINT ( 'NONE',  ( -25.00000000000000000, 10.99999999999998579, -9.750000000000000000 ) ) ;
#5822 = DIRECTION ( 'NONE',  ( 0.8660254037844328234, 0.0000000000000000000, 0.5000000000000101030 ) ) ;
#5823 = CARTESIAN_POINT ( 'NONE',  ( -26.50000000000000000, 37.78807912198553254, 8.610371950172016398 ) ) ;
#5824 = CARTESIAN_POINT ( 'NONE',  ( -26.50000000000000000, 74.65449777758118444, 8.610371950172016398 ) ) ;
#5825 = SURFACE_STYLE_USAGE ( .BOTH. , #4324 ) ;
#5826 = ORIENTED_EDGE ( 'NONE', *, *, #955, .T. ) ;
#5827 = CARTESIAN_POINT ( 'NONE',  ( -5.499999999999981348, -150.0000000000000000, 6.735557395310438079E-16 ) ) ;
#5828 = CARTESIAN_POINT ( 'NONE',  ( 18.49999999999999645, 65.43789311368229278, -6.011014380308762561 ) ) ;
#5829 = ORIENTED_EDGE ( 'NONE', *, *, #5033, .F. ) ;
#5830 = CARTESIAN_POINT ( 'NONE',  ( 5.716814395936530069, 78.63608384064976065, -17.59454555146033528 ) ) ;
#5831 = CARTESIAN_POINT ( 'NONE',  ( -22.38461826670282306, -4.987029298128596189, 13.22668983642705065 ) ) ;
#5832 = CARTESIAN_POINT ( 'NONE',  ( 15.64891194039293154, -16.11033858634891658, 5.281484646336648936 ) ) ;
#5833 = CARTESIAN_POINT ( 'NONE',  ( 5.716814395936530069, 49.76966518505413006, -17.59454555146033883 ) ) ;
#5834 = UNCERTAINTY_MEASURE_WITH_UNIT (LENGTH_MEASURE( 1.000000000000000082E-05 ), #2676, 'distance_accuracy_value', 'NONE');
#5835 = PRODUCT_RELATED_PRODUCT_CATEGORY ( 'part', '', ( #443 ) ) ;
#5836 = CARTESIAN_POINT ( 'NONE',  ( 18.49999999999999645, 90.94944197509020967, 2.265596578422603396E-15 ) ) ;
#5837 = CARTESIAN_POINT ( 'NONE',  ( -24.33310557112562478, -2.074291396605113519E-14, 10.07966720759428370 ) ) ;
#5838 = CARTESIAN_POINT ( 'NONE',  ( 17.17038395447274368, 14.06295688915552589, -5.783708300204093433 ) ) ;
#5839 = DIRECTION ( 'NONE',  ( -0.0000000000000000000, 0.0000000000000000000, 1.000000000000000000 ) ) ;
#5840 = CARTESIAN_POINT ( 'NONE',  ( -21.44994432064358492, 2.999999999999999556, -14.69353220438469876 ) ) ;
#5841 = CARTESIAN_POINT ( 'NONE',  ( -8.188950350936101685, 88.47940477342955035, -25.20299768182156797 ) ) ;
#5842 = EDGE_CURVE ( 'NONE', #3072, #5354, #5174, .T. ) ;
#5843 = CARTESIAN_POINT ( 'NONE',  ( 22.18681792710339451, -1.102764265014182898, -13.55580146496875749 ) ) ;
#5844 = CARTESIAN_POINT ( 'NONE',  ( -5.716814395936523852, 14.74656746223825721, -17.59454555146034238 ) ) ;
#5845 = CARTESIAN_POINT ( 'NONE',  ( -14.96681439593652563, 63.88951637841153541, -10.87402716741075714 ) ) ;
#5846 = SURFACE_STYLE_FILL_AREA ( #5917 ) ;
#5847 = ORIENTED_EDGE ( 'NONE', *, *, #2049, .T. ) ;
#5848 = CARTESIAN_POINT ( 'NONE',  ( 5.118487643167557865E-15, 40.25811632364619186, -27.86374894231408206 ) ) ;
#5849 = CARTESIAN_POINT ( 'NONE',  ( 23.26989921430629593, 1.780618158381593430, -11.59814987529140851 ) ) ;
#5850 = CARTESIAN_POINT ( 'NONE',  ( 1.748135431015831909, 4.005945442968523729, -25.94135718500117704 ) ) ;
#5851 = DIRECTION ( 'NONE',  ( -0.4999999999999919509, 0.0000000000000000000, -0.8660254037844432595 ) ) ;
#5852 = CARTESIAN_POINT ( 'NONE',  ( -8.188950350936107014, 3.686641865559562969, 25.20299768182156797 ) ) ;
#5853 = CARTESIAN_POINT ( 'NONE',  ( -8.188950350936101685, 25.17977679003608671, -25.20299768182156797 ) ) ;
#5854 = FACE_OUTER_BOUND ( 'NONE', #5365, .T. ) ;
#5855 = ORIENTED_EDGE ( 'NONE', *, *, #2871, .T. ) ;
#5856 = CARTESIAN_POINT ( 'NONE',  ( -3.980102097228897738E-16, -6.500000000000000000, 0.0000000000000000000 ) ) ;
#5857 = CARTESIAN_POINT ( 'NONE',  ( 3.573283826362257527E-15, 32.25811632364619896, -19.45205114840794280 ) ) ;
#5858 = ORIENTED_EDGE ( 'NONE', *, *, #6075, .F. ) ;
#5859 = CARTESIAN_POINT ( 'NONE',  ( 18.50000000000000000, 9.216604663898909422, 2.265596578422603396E-15 ) ) ;
#5860 = CARTESIAN_POINT ( 'NONE',  ( -22.18820686476109572, -4.898146526468557305, 13.55352925245576579 ) ) ;
#5861 = CARTESIAN_POINT ( 'NONE',  ( 4.059477352729188085E-15, -23.79999999999998650, 0.0000000000000000000 ) ) ;
#5862 = FACE_OUTER_BOUND ( 'NONE', #5453, .T. ) ;
#5863 = CARTESIAN_POINT ( 'NONE',  ( 8.188950350936110567, 39.33645585725629701, -25.20299768182156797 ) ) ;
#5864 = CARTESIAN_POINT ( 'NONE',  ( -26.50000000000000000, 0.0000000000000000000, 0.0000000000000000000 ) ) ;
#5865 = CARTESIAN_POINT ( 'NONE',  ( 0.0000000000000000000, 6.000000000000000000, -17.00000000000000000 ) ) ;
#5866 = CARTESIAN_POINT ( 'NONE',  ( 15.28716482956396128, 8.454084911686290837, 4.750000000000000888 ) ) ;
#5867 = ADVANCED_FACE ( 'NONE', ( #1029 ), #4050, .T. ) ;
#5868 = CIRCLE ( 'NONE', #6401, 12.00000000000000178 ) ;
#5869 = CARTESIAN_POINT ( 'NONE',  ( 5.716814395936525628, -2.470037201660653103, 17.59454555146034238 ) ) ;
#5870 = CARTESIAN_POINT ( 'NONE',  ( 5.716814395936525628, 23.96317212613716663, 17.59454555146034238 ) ) ;
#5871 = CARTESIAN_POINT ( 'NONE',  ( 0.1305242522345812228, 1.000000000000000000, -26.00000000000001066 ) ) ;
#5872 = CARTESIAN_POINT ( 'NONE',  ( -14.96681439593652563, 35.02309772281586220, -10.87402716741075714 ) ) ;
#5873 = CARTESIAN_POINT ( 'NONE',  ( 1.507549240360339216, 1.679120287407175338, 25.95642570308255159 ) ) ;
#5874 = VECTOR ( 'NONE', #3060, 1000.000000000000000 ) ;
#5875 = EDGE_CURVE ( 'NONE', #3441, #3358, #2026, .T. ) ;
#5876 = CARTESIAN_POINT ( 'NONE',  ( -5.716814395936527404, 3.686641865559562525, 17.59454555146033883 ) ) ;
#5877 = DIRECTION ( 'NONE',  ( 1.224646799147353947E-16, 0.0000000000000000000, -1.000000000000000000 ) ) ;
#5878 = B_SPLINE_CURVE_WITH_KNOTS ( 'NONE', 3,
 ( #2064, #4088, #6122, #1564, #3596, #1063, #3095, #1630, #5123, #2587, #4126, #6154, #1599, #3624, #6182, #1134, #3165, #4979, #5411, #817, #2380, #1946, #879, #5908, #415, #1855 ),
 .UNSPECIFIED., .F., .F.,
 ( 4, 2, 2, 2, 2, 2, 2, 2, 2, 2, 2, 2, 4 ),
 ( 2.350147228363583613E-07, 0.001016357821384080394, 0.001524419224714699053, 0.002032480628045319881, 0.003048603434706565873, 0.003556664838037189736, 0.004064726241367813166, 0.004572787644698436162, 0.005080849048029060892, 0.006096971854690311221, 0.006605033258020932482, 0.007113094661351554611, 0.008129217468012796266 ),
 .UNSPECIFIED. ) ;
#5879 = VERTEX_POINT ( 'NONE', #119 ) ;
#5880 = CARTESIAN_POINT ( 'NONE',  ( 8.188950350936103462, 50.39638145393499258, 25.20299768182156797 ) ) ;
#5881 = CARTESIAN_POINT ( 'NONE',  ( -0.5244309979175979519, 1.052469241898450036, 25.99582633103043605 ) ) ;
#5882 = DIRECTION ( 'NONE',  ( -0.0000000000000000000, -1.000000000000000000, -0.0000000000000000000 ) ) ;
#5883 = AXIS2_PLACEMENT_3D ( 'NONE', #2631, #4589, #4662 ) ;
#5884 = CARTESIAN_POINT ( 'NONE',  ( -1.229267811122572551, -4.599048338019329663, -25.97158157558058633 ) ) ;
#5885 = DIRECTION ( 'NONE',  ( 0.0000000000000000000, 0.0000000000000000000, 1.000000000000000000 ) ) ;
#5886 = CARTESIAN_POINT ( 'NONE',  ( -16.37790070187220692, 89.40106523981944520, -22.54224642132906098 ) ) ;
#5887 = AXIS2_PLACEMENT_3D ( 'NONE', #308, #845, #3384 ) ;
#5888 = CARTESIAN_POINT ( 'NONE',  ( 8.188950350936103462, -2.470037201660651327, 25.20299768182156797 ) ) ;
#5889 =( GEOMETRIC_REPRESENTATION_CONTEXT ( 3 ) GLOBAL_UNCERTAINTY_ASSIGNED_CONTEXT ( ( #15 ) ) GLOBAL_UNIT_ASSIGNED_CONTEXT ( ( #2548, #5678, #4579 ) ) REPRESENTATION_CONTEXT ( 'NONE', 'WORKASPACE' ) );
#5890 = DIRECTION ( 'NONE',  ( 0.0000000000000000000, 0.0000000000000000000, -1.000000000000000000 ) ) ;
#5891 = ORIENTED_EDGE ( 'NONE', *, *, #1536, .T. ) ;
#5892 = CARTESIAN_POINT ( 'NONE',  ( -2.000000000000000000, -3.000000000000000000, 18.00000000000000000 ) ) ;
#5893 = CARTESIAN_POINT ( 'NONE',  ( -18.50000000000000000, 18.43320932779782240, 0.0000000000000000000 ) ) ;
#5894 = ORIENTED_EDGE ( 'NONE', *, *, #2827, .T. ) ;
#5895 = CARTESIAN_POINT ( 'NONE',  ( -14.96681439593652563, 16.58988839501803980, -10.87402716741075714 ) ) ;
#5896 = AXIS2_PLACEMENT_3D ( 'NONE', #4115, #6237, #2648 ) ;
#5897 = SPHERICAL_SURFACE ( 'NONE', #566, 12.00000000000000000 ) ;
#5898 = CARTESIAN_POINT ( 'NONE',  ( 15.23547200884742381, -13.33158208410774925, 4.199999999999993960 ) ) ;
#5899 = COLOUR_RGB ( '',1.000000000000000000, 0.0000000000000000000, 0.0000000000000000000 ) ;
#5900 = AXIS2_PLACEMENT_3D ( 'NONE', #6101, #6140, #1547 ) ;
#5901 = B_SPLINE_CURVE_WITH_KNOTS ( 'NONE', 3,
 ( #5780, #3683, #241, #176, #1188, #2278, #4311, #1693, #2783, #2754, #648, #3779, #1127, #1224, #3218, #3256, #4779, #3287, #3161, #5745, #5216, #723, #2686, #5187, #1624, #2653 ),
 .UNSPECIFIED., .F., .F.,
 ( 4, 2, 2, 2, 2, 2, 2, 2, 2, 2, 2, 2, 4 ),
 ( 0.006255220636914316130, 0.007036942637670578690, 0.007818664638426842117, 0.008209525638804972963, 0.008600386639183103810, 0.008991247639561234656, 0.009382108639939365502, 0.009772969640317498083, 0.01016383064069562893, 0.01055469164107375978, 0.01094555264145189062, 0.01172727464220815405, 0.01250899664296441401 ),
 .UNSPECIFIED. ) ;
#5902 = VERTEX_POINT ( 'NONE', #4099 ) ;
#5903 = CARTESIAN_POINT ( 'NONE',  ( -14.96681439593652740, 57.14294891617326044, 10.87402716741075359 ) ) ;
#5904 =( GEOMETRIC_REPRESENTATION_CONTEXT ( 3 ) GLOBAL_UNCERTAINTY_ASSIGNED_CONTEXT ( ( #773 ) ) GLOBAL_UNIT_ASSIGNED_CONTEXT ( ( #6183, #2658, #1258 ) ) REPRESENTATION_CONTEXT ( 'NONE', 'WORKASPACE' ) );
#5905 = ITEM_DEFINED_TRANSFORMATION ( 'NONE', 'NONE', #1553,  #2408 ) ;
#5906 = CARTESIAN_POINT ( 'NONE',  ( -8.188950350936101685, 59.61298611783389845, -25.20299768182156797 ) ) ;
#5907 = CARTESIAN_POINT ( 'NONE',  ( -14.93327229806201650, 4.871425985047629688E-13, 20.54808803327819078 ) ) ;
#5908 = CARTESIAN_POINT ( 'NONE',  ( -15.31484428151359012, -13.66449044254638601, 4.233220681457108725 ) ) ;
#5909 = CARTESIAN_POINT ( 'NONE',  ( -22.25430198870019183, 4.936577456714849710, -13.44479026276153810 ) ) ;
#5910 = DIRECTION ( 'NONE',  ( 0.0000000000000000000, 0.0000000000000000000, 1.000000000000000000 ) ) ;
#5911 =( GEOMETRIC_REPRESENTATION_CONTEXT ( 3 ) GLOBAL_UNCERTAINTY_ASSIGNED_CONTEXT ( ( #4751 ) ) GLOBAL_UNIT_ASSIGNED_CONTEXT ( ( #5485, #926, #351 ) ) REPRESENTATION_CONTEXT ( 'NONE', 'WORKASPACE' ) );
#5912 = CIRCLE ( 'NONE', #4106, 2.000000000000000888 ) ;
#5913 = CARTESIAN_POINT ( 'NONE',  ( 5.716814395936530069, 4.903246529458477276, -17.59454555146033528 ) ) ;
#5914 = FACE_OUTER_BOUND ( 'NONE', #6291, .T. ) ;
#5915 = CARTESIAN_POINT ( 'NONE',  ( 14.96681439593652563, 44.23970238671477517, 10.87402716741075537 ) ) ;
#5916 = CARTESIAN_POINT ( 'NONE',  ( -5.716814395936527404, 69.41947917675086899, 17.59454555146033528 ) ) ;
#5917 = FILL_AREA_STYLE ('',( #6311 ) ) ;
#5918 = ORIENTED_EDGE ( 'NONE', *, *, #2383, .F. ) ;
#5919 = CARTESIAN_POINT ( 'NONE',  ( 16.37790070187221758, 11.98158606306858331, -22.54224642132905743 ) ) ;
#5920 = CARTESIAN_POINT ( 'NONE',  ( 16.46803140650503394, 15.97379612590658482, 9.151596376141711175 ) ) ;
#5921 = LINE ( 'NONE', #4518, #1780 ) ;
#5922 = EDGE_CURVE ( 'NONE', #1479, #441, #4279, .T. ) ;
#5923 = EDGE_CURVE ( 'NONE', #3087, #5785, #1123, .T. ) ;
#5924 = CARTESIAN_POINT ( 'NONE',  ( 0.0000000000000000000, 0.0000000000000000000, 0.0000000000000000000 ) ) ;
#5925 = CARTESIAN_POINT ( 'NONE',  ( -1.218678679059928660, -1.408816978822005961, 25.97165060178172169 ) ) ;
#5926 = CARTESIAN_POINT ( 'NONE',  ( -26.50000000000000000, 91.24438617259923490, -8.610371950172025279 ) ) ;
#5927 = CARTESIAN_POINT ( 'NONE',  ( 5.118487643167557865E-15, 5.824906995848370350, -27.86374894231408206 ) ) ;
#5928 = LINE ( 'NONE', #1776, #6092 ) ;
#5929 = ORIENTED_EDGE ( 'NONE', *, *, #5516, .T. ) ;
#5930 = CARTESIAN_POINT ( 'NONE',  ( 0.0000000000000000000, -3.000000000000000000, -30.00000000000000000 ) ) ;
#5931 = EDGE_CURVE ( 'NONE', #210, #2824, #6327, .T. ) ;
#5932 = CARTESIAN_POINT ( 'NONE',  ( -5.716814395936527404, 30.11985119335738048, 17.59454555146033528 ) ) ;
#5933 = ORIENTED_EDGE ( 'NONE', *, *, #5842, .F. ) ;
#5934 = CARTESIAN_POINT ( 'NONE',  ( 11.43362879187304948, 6.451623264729235530, 15.73703995451273840 ) ) ;
#5935 = ADVANCED_FACE ( 'NONE', ( #5227 ), #5756, .F. ) ;
#5936 = DIRECTION ( 'NONE',  ( 1.000000000000000000, -0.0000000000000000000, 1.224646799147353207E-16 ) ) ;
#5937 = DIRECTION ( 'NONE',  ( 0.0000000000000000000, 0.0000000000000000000, 1.000000000000000000 ) ) ;
#5938 = ORIENTED_EDGE ( 'NONE', *, *, #4331, .T. ) ;
#5939 = CARTESIAN_POINT ( 'NONE',  ( 3.573283826362256738E-15, 50.69132565144401070, -19.45205114840794280 ) ) ;
#5940 = CARTESIAN_POINT ( 'NONE',  ( -47.92474241349965070, 171.0494237995913807, 33.47621701760772339 ) ) ;
#5941 = DIRECTION ( 'NONE',  ( -0.0000000000000000000, -1.000000000000000000, -0.0000000000000000000 ) ) ;
#5942 = DIRECTION ( 'NONE',  ( 0.0000000000000000000, 0.0000000000000000000, -1.000000000000000000 ) ) ;
#5943 = CARTESIAN_POINT ( 'NONE',  ( -2.000000000000000000, 3.000000000000000444, -25.92296279363143796 ) ) ;
#5944 = LINE ( 'NONE', #3841, #490 ) ;
#5945 = CARTESIAN_POINT ( 'NONE',  ( -14.96681439593652740, -6.156679067220217405, 10.87402716741075359 ) ) ;
#5946 = CARTESIAN_POINT ( 'NONE',  ( -5.716814395936527404, 22.11985119335738403, 17.59454555146033883 ) ) ;
#5947 = CARTESIAN_POINT ( 'NONE',  ( 18.50000000000000355, 18.13826513028880072, -6.011014380308763450 ) ) ;
#5948 = SURFACE_SIDE_STYLE ('',( #1015 ) ) ;
#5949 = CARTESIAN_POINT ( 'NONE',  ( -5.716814395936527404, 58.98626984895304304, 17.59454555146033883 ) ) ;
#5950 = EDGE_LOOP ( 'NONE', ( #5998, #6184 ) ) ;
#5951 = CARTESIAN_POINT ( 'NONE',  ( 5.118487643167556288E-15, 13.82490699584836769, -27.86374894231407140 ) ) ;
#5952 = CARTESIAN_POINT ( 'NONE',  ( -0.2610664866733383160, 0.9999999999999991118, 26.00000000000000355 ) ) ;
#5953 = CARTESIAN_POINT ( 'NONE',  ( 21.44994432064378742, -2.999999999999999556, -14.69353220438439855 ) ) ;
#5954 = AXIS2_PLACEMENT_3D ( 'NONE', #3449, #4848, #1350 ) ;
#5955 = CARTESIAN_POINT ( 'NONE',  ( -1.590525749820201673, -4.219561938364118525, -25.95140700395944933 ) ) ;
#5956 = CARTESIAN_POINT ( 'NONE',  ( 0.0000000000000000000, 45.99999999999998579, 5.500000000000000000 ) ) ;
#5957 = CARTESIAN_POINT ( 'NONE',  ( 26.50000000000001066, 65.43789311368227857, -8.610371950172012845 ) ) ;
#5958 = CARTESIAN_POINT ( 'NONE',  ( 21.43895035093610346, 17.80649305891695278, 15.57630918575054046 ) ) ;
#5959 = CARTESIAN_POINT ( 'NONE',  ( -22.50000000000000000, 92.16604663898934291, 1.571166602479409985E-12 ) ) ;
#5960 = ORIENTED_EDGE ( 'NONE', *, *, #1785, .T. ) ;
#5961 = CARTESIAN_POINT ( 'NONE',  ( 23.14802333289727798, -4.507833773373798536, 11.83966901652710213 ) ) ;
#5962 = CARTESIAN_POINT ( 'NONE',  ( 5.716814395936525628, 79.26280010953064448, 17.59454555146034238 ) ) ;
#5963 = EDGE_CURVE ( 'NONE', #694, #1632, #1339, .T. ) ;
#5964 = DIRECTION ( 'NONE',  ( -0.0000000000000000000, 1.000000000000000000, -0.0000000000000000000 ) ) ;
#5965 = CARTESIAN_POINT ( 'NONE',  ( 1.999999999999999556, 3.261179767489229331, 25.92296279363143441 ) ) ;
#5966 = CARTESIAN_POINT ( 'NONE',  ( 15.14730192041213819, -12.99999999999994849, 4.199999999999996625 ) ) ;
#5967 = EDGE_CURVE ( 'NONE', #4266, #2824, #4133, .T. ) ;
#5968 = EDGE_LOOP ( 'NONE', ( #4491, #1109, #2799, #2546 ) ) ;
#5969 = CARTESIAN_POINT ( 'NONE',  ( -11.43362879187305303, 70.96785591202160504, -15.73703995451274018 ) ) ;
#5970 = APPLICATION_PROTOCOL_DEFINITION ( 'draft international standard', 'automotive_design', 1998, #1215 ) ;
#5971 = PRODUCT_DEFINITION_SHAPE ( 'NONE', 'NONE',  #5473 ) ;
#5972 = LINE ( 'NONE', #4877, #6098 ) ;
#5973 = LINE ( 'NONE', #4946, #6112 ) ;
#5974 = DIRECTION ( 'NONE',  ( -1.000000000000000000, 0.0000000000000000000, 1.224646799147353207E-16 ) ) ;
#5975 = CARTESIAN_POINT ( 'NONE',  ( 8.188950350936110567, 60.20287451285195601, -25.20299768182156797 ) ) ;
#5976 = CARTESIAN_POINT ( 'NONE',  ( 3.573283826362256738E-15, 32.25811632364619896, -19.45205114840794280 ) ) ;
#5977 = CARTESIAN_POINT ( 'NONE',  ( 0.0000000000000000000, 0.0000000000000000000, 0.0000000000000000000 ) ) ;
#5978 = CARTESIAN_POINT ( 'NONE',  ( 18.49999999999999645, 17.21660466389890232, 2.265596578422603396E-15 ) ) ;
#5979 = CARTESIAN_POINT ( 'NONE',  ( 11.43362879187305481, 67.28121404646206827, -15.73703995451273840 ) ) ;
#5980 = PRESENTATION_STYLE_ASSIGNMENT (( #4955 ) ) ;
#5981 = VECTOR ( 'NONE', #5274, 1000.000000000000000 ) ;
#5982 = CARTESIAN_POINT ( 'NONE',  ( 23.34002548582957104, 4.005593858753391245, 11.45657829892201640 ) ) ;
#5983 = ORIENTED_EDGE ( 'NONE', *, *, #2020, .T. ) ;
#5984 = CARTESIAN_POINT ( 'NONE',  ( 21.43895035093610346, 89.10612104231043418, 15.57630918575054046 ) ) ;
#5985 = CARTESIAN_POINT ( 'NONE',  ( 0.8871720024485388878, -1.202752074561944884, 25.98514176970585510 ) ) ;
#5986 = TOROIDAL_SURFACE ( 'NONE', #3118, 25.80000000000000426, 0.2000000000000000111 ) ;
#5987 = DIRECTION ( 'NONE',  ( 0.0000000000000000000, 1.000000000000000000, 0.0000000000000000000 ) ) ;
#5988 = CYLINDRICAL_SURFACE ( 'NONE', #968, 25.75000000000000000 ) ;
#5989 = CARTESIAN_POINT ( 'NONE',  ( -8.188950350936107014, 50.98626984895305014, 25.20299768182156797 ) ) ;
#5990 = DIRECTION ( 'NONE',  ( 1.000000000000000000, 0.0000000000000000000, 0.0000000000000000000 ) ) ;
#5991 = EDGE_LOOP ( 'NONE', ( #1401, #2639 ) ) ;
#5992 = CARTESIAN_POINT ( 'NONE',  ( 23.33403465333962146, -4.003463425667304065, 11.46856976789800342 ) ) ;
#5993 = CARTESIAN_POINT ( 'NONE',  ( -1.191094608787419176E-15, 31.04151165974727533, 19.45205114840793925 ) ) ;
#5994 = CARTESIAN_POINT ( 'NONE',  ( -1.191094608787419176E-15, 78.34113964314076384, 19.45205114840794280 ) ) ;
#5995 = ORIENTED_EDGE ( 'NONE', *, *, #4425, .T. ) ;
#5996 = CARTESIAN_POINT ( 'NONE',  ( 0.5178627580371794048, 4.936187959725718777, 25.99515687564475286 ) ) ;
#5997 =( GEOMETRIC_REPRESENTATION_CONTEXT ( 3 ) GLOBAL_UNCERTAINTY_ASSIGNED_CONTEXT ( ( #4091 ) ) GLOBAL_UNIT_ASSIGNED_CONTEXT ( ( #2752, #5811, #4249 ) ) REPRESENTATION_CONTEXT ( 'NONE', 'WORKASPACE' ) );
#5998 = ORIENTED_EDGE ( 'NONE', *, *, #132, .T. ) ;
#5999 = ORIENTED_EDGE ( 'NONE', *, *, #4421, .F. ) ;
#6000 = ORIENTED_EDGE ( 'NONE', *, *, #3864, .F. ) ;
#6001 =( NAMED_UNIT ( * ) SI_UNIT ( $, .STERADIAN. ) SOLID_ANGLE_UNIT ( ) );
#6002 = EDGE_CURVE ( 'NONE', #3590, #2219, #4096, .T. ) ;
#6003 = EDGE_CURVE ( 'NONE', #1768, #6147, #2715, .T. ) ;
#6004 = AXIS2_PLACEMENT_3D ( 'NONE', #3433, #5430, #5464 ) ;
#6005 = SURFACE_STYLE_FILL_AREA ( #6371 ) ;
#6006 = CARTESIAN_POINT ( 'NONE',  ( -0.5244698243103627089, 1.052473670268292638, -25.99582589551635436 ) ) ;
#6007 = CARTESIAN_POINT ( 'NONE',  ( -25.00000000000000000, -17.99999999999998579, 9.200000000000031264 ) ) ;
#6008 = CARTESIAN_POINT ( 'NONE',  ( 26.50000000000000000, 55.59457218090251018, 8.610371950172021727 ) ) ;
#6009 = CARTESIAN_POINT ( 'NONE',  ( 14.96681439593652563, 7.373283731119127715, 10.87402716741075537 ) ) ;
#6010 = VECTOR ( 'NONE', #4046, 1000.000000000000000 ) ;
#6011 = CARTESIAN_POINT ( 'NONE',  ( 5.716814395936525628, 60.82959078173281853, 17.59454555146034238 ) ) ;
#6012 = CARTESIAN_POINT ( 'NONE',  ( 18.50000000000000000, 46.08302331949456487, 2.265596578422603396E-15 ) ) ;
#6013 = PRESENTATION_LAYER_ASSIGNMENT (  '', '', ( #2611 ) ) ;
#6014 = DIRECTION ( 'NONE',  ( 0.0000000000000000000, 1.000000000000000000, 0.0000000000000000000 ) ) ;
#6015 = EDGE_LOOP ( 'NONE', ( #4436, #612, #4020, #2904 ) ) ;
#6016 = COLOUR_RGB ( '',1.000000000000000000, 0.0000000000000000000, 0.0000000000000000000 ) ;
#6017 = APPLICATION_CONTEXT ( 'automotive_design' ) ;
#6018 = CARTESIAN_POINT ( 'NONE',  ( -23.44994432064359913, -2.738951864720085005, -11.22943058924695414 ) ) ;
#6019 = VERTEX_POINT ( 'NONE', #3755 ) ;
#6020 = CARTESIAN_POINT ( 'NONE',  ( 26.50000000000000000, 90.02778150870031482, 8.610371950172021727 ) ) ;
#6021 = CARTESIAN_POINT ( 'NONE',  ( 23.33442367186925992, -4.001997309958569282, -11.46777929136247920 ) ) ;
#6022 = CARTESIAN_POINT ( 'NONE',  ( -0.5244698243103619317, -4.947526329731706696, -25.99582589551635436 ) ) ;
#6023 = FILL_AREA_STYLE ('',( #3527 ) ) ;
#6024 = CARTESIAN_POINT ( 'NONE',  ( -16.37790070187220692, 52.53464658422380040, -22.54224642132906098 ) ) ;
#6025 = CARTESIAN_POINT ( 'NONE',  ( 26.50000000000000000, 74.94944197509022388, 3.245314017740485765E-15 ) ) ;
#6026 = EDGE_LOOP ( 'NONE', ( #1642, #2040, #3502, #1832 ) ) ;
#6027 = CARTESIAN_POINT ( 'NONE',  ( -10.83917410271362947, 2.978641430428001335, -4.199999999999999289 ) ) ;
#6028 = CARTESIAN_POINT ( 'NONE',  ( -11.43362879187304948, 89.40106523981941677, -15.73703995451274196 ) ) ;
#6029 = CARTESIAN_POINT ( 'NONE',  ( 14.96681439593652740, 47.92634425227434036, -10.87402716741075004 ) ) ;
#6030 = EDGE_LOOP ( 'NONE', ( #2600, #5960 ) ) ;
#6031 = DIRECTION ( 'NONE',  ( -0.0000000000000000000, -1.000000000000000000, -0.0000000000000000000 ) ) ;
#6032 = CARTESIAN_POINT ( 'NONE',  ( -26.50000000000000000, 99.24438617259923490, -8.610371950172023503 ) ) ;
#6033 = ORIENTED_EDGE ( 'NONE', *, *, #2871, .F. ) ;
#6034 = ORIENTED_EDGE ( 'NONE', *, *, #386, .T. ) ;
#6035 = EDGE_LOOP ( 'NONE', ( #800, #4317, #1979, #1917 ) ) ;
#6036 = CARTESIAN_POINT ( 'NONE',  ( 23.00047533980171366, 4.736624482439585115, -12.12394183574007656 ) ) ;
#6037 = CARTESIAN_POINT ( 'NONE',  ( 3.184081677783118585E-15, -0.2000000000000065892, 26.00000000000000355 ) ) ;
#6038 = CARTESIAN_POINT ( 'NONE',  ( -1.191094608787419176E-15, 33.47472098754511194, 19.45205114840793925 ) ) ;
#6039 = CARTESIAN_POINT ( 'NONE',  ( 18.50000000000000000, 64.51623264729239793, 2.265596578422603396E-15 ) ) ;
#6040 = CARTESIAN_POINT ( 'NONE',  ( 18.49999999999999645, 65.43789311368229278, -6.011014380308762561 ) ) ;
#6041 = CARTESIAN_POINT ( 'NONE',  ( 14.58845726811976817, 3.000000000000000000, 10.73205080756904550 ) ) ;
#6042 = EDGE_CURVE ( 'NONE', #1841, #4201, #3881, .T. ) ;
#6043 = CARTESIAN_POINT ( 'NONE',  ( 22.58345912618604245, 4.999893901425474851, 12.88428505993828566 ) ) ;
#6044 = ORIENTED_EDGE ( 'NONE', *, *, #2575, .T. ) ;
#6045 = CARTESIAN_POINT ( 'NONE',  ( 16.37790070187220692, 88.18446057592053933, 22.54224642132905743 ) ) ;
#6046 = CARTESIAN_POINT ( 'NONE',  ( 0.0000000000000000000, 45.99999999999998579, 0.0000000000000000000 ) ) ;
#6047 = CARTESIAN_POINT ( 'NONE',  ( 22.38461826670291543, -4.987029298128596189, -13.22668983642689788 ) ) ;
#6048 = SURFACE_STYLE_FILL_AREA ( #2059 ) ;
#6049 = CARTESIAN_POINT ( 'NONE',  ( -14.28269141594801184, 5.910501563638757894, 4.750000000000000888 ) ) ;
#6050 = CARTESIAN_POINT ( 'NONE',  ( -1.706162547722519354E-15, 51.90793031534293789, 27.86374894231408206 ) ) ;
#6051 = CARTESIAN_POINT ( 'NONE',  ( 16.58845726811981081, -2.999999999999999556, 7.267949192431313321 ) ) ;
#6052 = CARTESIAN_POINT ( 'NONE',  ( -23.42703555603492305, -2.473058507074253232, 11.27759044213253858 ) ) ;
#6053 = CARTESIAN_POINT ( 'NONE',  ( -18.49999999999999289, 8.921660466389885968, 6.011014380308766114 ) ) ;
#6054 = AXIS2_PLACEMENT_3D ( 'NONE', #3230, #6354, #4355 ) ;
#6055 = CARTESIAN_POINT ( 'NONE',  ( -18.49999999999998934, 74.65449777758118444, 6.011014380308763450 ) ) ;
#6056 = PLANE ( 'NONE',  #4923 ) ;
#6057 = CARTESIAN_POINT ( 'NONE',  ( 16.37790070187220692, 88.18446057592053933, 22.54224642132905743 ) ) ;
#6058 = EDGE_LOOP ( 'NONE', ( #2481, #1267 ) ) ;
#6059 = VERTEX_POINT ( 'NONE', #289 ) ;
#6060 = VERTEX_POINT ( 'NONE', #2736 ) ;
#6061 = AXIS2_PLACEMENT_3D ( 'NONE', #2245, #179, #5814 ) ;
#6062 =( NAMED_UNIT ( * ) SI_UNIT ( $, .STERADIAN. ) SOLID_ANGLE_UNIT ( ) );
#6063 = CARTESIAN_POINT ( 'NONE',  ( 21.47977748589806524, 3.524206919695686668, -14.65022645404537727 ) ) ;
#6064 = CARTESIAN_POINT ( 'NONE',  ( -23.44994432064359913, 3.000000000000000444, -11.22943058924695414 ) ) ;
#6065 = CARTESIAN_POINT ( 'NONE',  ( -11.43362879187304770, 62.96785591202161925, -15.73703995451274196 ) ) ;
#6066 = CARTESIAN_POINT ( 'NONE',  ( 5.716814395936525628, 79.26280010953064448, 17.59454555146034238 ) ) ;
#6067 = CARTESIAN_POINT ( 'NONE',  ( 5.716814395936530069, 31.33645585725630056, -17.59454555146033883 ) ) ;
#6068 = EDGE_CURVE ( 'NONE', #2659, #65, #6436, .T. ) ;
#6069 = CARTESIAN_POINT ( 'NONE',  ( -25.98076211353319565, -3.000000000000000000, 14.99999999999993960 ) ) ;
#6070 = CARTESIAN_POINT ( 'NONE',  ( 22.77201251315795361, 4.935842396608669524, 12.54797946750931104 ) ) ;
#6071 = ORIENTED_EDGE ( 'NONE', *, *, #4053, .F. ) ;
#6072 = CARTESIAN_POINT ( 'NONE',  ( 8.188950350936103462, 60.82959078173281853, 25.20299768182156797 ) ) ;
#6073 = CARTESIAN_POINT ( 'NONE',  ( 6.735557395310442023E-16, 45.99999999999998579, -5.500000000000000000 ) ) ;
#6074 = CARTESIAN_POINT ( 'NONE',  ( 0.0000000000000000000, 0.0000000000000000000, 0.0000000000000000000 ) ) ;
#6075 = EDGE_CURVE ( 'NONE', #4760, #6578, #2622, .T. ) ;
#6076 = DIRECTION ( 'NONE',  ( -0.0000000000000000000, -0.0000000000000000000, -1.000000000000000000 ) ) ;
#6077 = CARTESIAN_POINT ( 'NONE',  ( 2.400307726328810718E-15, 17.99999999999998934, -19.59999999999998721 ) ) ;
#6078 = CARTESIAN_POINT ( 'NONE',  ( 21.72589119250949707, 1.677733499105733328, 14.28265333861191522 ) ) ;
#6079 = AXIS2_PLACEMENT_3D ( 'NONE', #3815, #3713, #1664 ) ;
#6080 = ADVANCED_FACE ( 'NONE', ( #1264 ), #3270, .F. ) ;
#6081 = CARTESIAN_POINT ( 'NONE',  ( 16.37790070187221758, 77.71442337425989422, -22.54224642132905743 ) ) ;
#6082 = CARTESIAN_POINT ( 'NONE',  ( 0.0000000000000000000, 166.0000000000000000, 0.0000000000000000000 ) ) ;
#6083 = CARTESIAN_POINT ( 'NONE',  ( -21.59170059022662258, -1.994406141246606978, 14.48476584624382824 ) ) ;
#6084 = EDGE_LOOP ( 'NONE', ( #151, #3574 ) ) ;
#6085 = UNCERTAINTY_MEASURE_WITH_UNIT (LENGTH_MEASURE( 1.000000000000000082E-05 ), #2693, 'distance_accuracy_value', 'NONE');
#6086 = CARTESIAN_POINT ( 'NONE',  ( -14.96681439593652740, 46.70973958837542739, 10.87402716741075359 ) ) ;
#6087 = CARTESIAN_POINT ( 'NONE',  ( 18.49999999999998934, 63.59457218090248887, 6.011014380308767002 ) ) ;
#6088 = CIRCLE ( 'NONE', #1308, 18.84694033905140387 ) ;
#6089 = EDGE_CURVE ( 'NONE', #6147, #1768, #2823, .T. ) ;
#6090 = CARTESIAN_POINT ( 'NONE',  ( -21.48629750118616499, 2.480466720194181907, 14.64034417742314531 ) ) ;
#6091 = PLANE ( 'NONE',  #4352 ) ;
#6092 = VECTOR ( 'NONE', #2296, 1000.000000000000000 ) ;
#6093 = CARTESIAN_POINT ( 'NONE',  ( 26.50000000000000000, 71.59457218090248887, 8.610371950172021727 ) ) ;
#6094 = AXIS2_PLACEMENT_3D ( 'NONE', #2621, #1091, #459 ) ;
#6095 = ORIENTED_EDGE ( 'NONE', *, *, #3519, .F. ) ;
#6096 = ORIENTED_EDGE ( 'NONE', *, *, #396, .T. ) ;
#6097 = EDGE_LOOP ( 'NONE', ( #5795, #1259, #6492, #3798 ) ) ;
#6098 = VECTOR ( 'NONE', #2310, 1000.000000000000000 ) ;
#6099 =( REPRESENTATION_RELATIONSHIP ('NONE','NONE', #3455, #1586 ) REPRESENTATION_RELATIONSHIP_WITH_TRANSFORMATION ( #5905 )SHAPE_REPRESENTATION_RELATIONSHIP( ) );
#6100 = SURFACE_STYLE_FILL_AREA ( #4915 ) ;
#6101 = CARTESIAN_POINT ( 'NONE',  ( 0.0000000000000000000, 0.0000000000000000000, 0.0000000000000000000 ) ) ;
#6102 =( GEOMETRIC_REPRESENTATION_CONTEXT ( 3 ) GLOBAL_UNCERTAINTY_ASSIGNED_CONTEXT ( ( #5622 ) ) GLOBAL_UNIT_ASSIGNED_CONTEXT ( ( #3412, #6151, #4718 ) ) REPRESENTATION_CONTEXT ( 'NONE', 'WORKASPACE' ) );
#6103 = CARTESIAN_POINT ( 'NONE',  ( -22.58155466832414149, 0.9999532373881593328, -12.88760719481594741 ) ) ;
#6104 = CARTESIAN_POINT ( 'NONE',  ( 5.716814395936525628, 15.96317212613717018, 17.59454555146034238 ) ) ;
#6105 = CARTESIAN_POINT ( 'NONE',  ( -18.49999999999999289, 82.65449777758119865, 6.011014380308766114 ) ) ;
#6106 = FACE_BOUND ( 'NONE', #189, .T. ) ;
#6107 = ADVANCED_BREP_SHAPE_REPRESENTATION ( '', ( #4539, #2408 ), #6333 ) ;
#6108 = CARTESIAN_POINT ( 'NONE',  ( -17.20464877157189676, 14.43993841805274769, -6.117438786742553702 ) ) ;
#6109 = CARTESIAN_POINT ( 'NONE',  ( 0.0000000000000000000, 45.99999999999998579, 5.500000000000000000 ) ) ;
#6110 = ORIENTED_EDGE ( 'NONE', *, *, #5435, .F. ) ;
#6111 = AXIS2_PLACEMENT_3D ( 'NONE', #4354, #3791, #3329 ) ;
#6112 = VECTOR ( 'NONE', #384, 1000.000000000000000 ) ;
#6113 = CARTESIAN_POINT ( 'NONE',  ( -21.43895035093610346, 71.88951637841152831, -15.57630918575054402 ) ) ;
#6114 = CARTESIAN_POINT ( 'NONE',  ( -14.58845726811992094, -2.999999999999999556, 10.73205080756884477 ) ) ;
#6115 = CARTESIAN_POINT ( 'NONE',  ( 2.308084515994043431E-15, 15.99999999999998579, -18.84694033905140387 ) ) ;
#6116 = AXIS2_PLACEMENT_3D ( 'NONE', #3781, #315, #6343 ) ;
#6117 = CARTESIAN_POINT ( 'NONE',  ( 0.5179941364746266652, -1.063848644761884232, -25.99515414357554732 ) ) ;
#6118 = FACE_OUTER_BOUND ( 'NONE', #4203, .T. ) ;
#6119 = PRESENTATION_STYLE_ASSIGNMENT (( #365 ) ) ;
#6120 = VECTOR ( 'NONE', #4884, 1000.000000000000227 ) ;
#6121 = CARTESIAN_POINT ( 'NONE',  ( 5.118487643167557865E-15, 42.69132565144401781, -27.86374894231408206 ) ) ;
#6122 = CARTESIAN_POINT ( 'NONE',  ( -14.64991961740783921, -17.97528611278033850, 8.618375881545787820 ) ) ;
#6123 = ORIENTED_EDGE ( 'NONE', *, *, #6497, .F. ) ;
#6124 = CARTESIAN_POINT ( 'NONE',  ( -18.49999999999999289, 43.94475818920575705, -6.011014380308773219 ) ) ;
#6125 = EDGE_CURVE ( 'NONE', #2824, #210, #4305, .T. ) ;
#6126 = MECHANICAL_DESIGN_GEOMETRIC_PRESENTATION_REPRESENTATION (  '', ( #6446 ), #2837 ) ;
#6127 = CARTESIAN_POINT ( 'NONE',  ( -4.637722679350193111, 92.16604663898930028, -22.17498435169744297 ) ) ;
#6128 = AXIS2_PLACEMENT_3D ( 'NONE', #4776, #5910, #2749 ) ;
#6129 = EDGE_CURVE ( 'NONE', #2137, #1145, #4207, .T. ) ;
#6130 = DIRECTION ( 'NONE',  ( -0.0000000000000000000, -1.364088399844866250E-16, -1.000000000000000000 ) ) ;
#6131 = CARTESIAN_POINT ( 'NONE',  ( -15.51481127656787606, -17.14170099544358550, -6.393904786764275983 ) ) ;
#6132 = LINE ( 'NONE', #4666, #2544 ) ;
#6133 = APPLICATION_PROTOCOL_DEFINITION ( 'draft international standard', 'automotive_design', 1998, #872 ) ;
#6134 = CARTESIAN_POINT ( 'NONE',  ( -21.43895035093610346, 79.88951637841151410, -15.57630918575054224 ) ) ;
#6135 = VERTEX_POINT ( 'NONE', #5327 ) ;
#6136 = EDGE_LOOP ( 'NONE', ( #192, #5269 ) ) ;
#6137 = EDGE_CURVE ( 'NONE', #4103, #65, #4844, .T. ) ;
#6138 = ORIENTED_EDGE ( 'NONE', *, *, #5040, .T. ) ;
#6139 = DIRECTION ( 'NONE',  ( 0.5000000000000041078, 0.0000000000000000000, -0.8660254037844362651 ) ) ;
#6140 = DIRECTION ( 'NONE',  ( 0.0000000000000000000, 1.000000000000000000, 0.0000000000000000000 ) ) ;
#6141 = LINE ( 'NONE', #3179, #1131 ) ;
#6142 = CARTESIAN_POINT ( 'NONE',  ( -5.716814395936523852, 25.17977679003608671, -17.59454555146034238 ) ) ;
#6143 = CARTESIAN_POINT ( 'NONE',  ( -5.716814395936527404, 30.11985119335738048, 17.59454555146033528 ) ) ;
#6144 = CARTESIAN_POINT ( 'NONE',  ( 0.0000000000000000000, 5.800000000000000711, 0.0000000000000000000 ) ) ;
#6145 = FACE_OUTER_BOUND ( 'NONE', #1291, .T. ) ;
#6146 = DIRECTION ( 'NONE',  ( 0.0000000000000000000, 0.0000000000000000000, -1.000000000000000000 ) ) ;
#6147 = VERTEX_POINT ( 'NONE', #2361 ) ;
#6148 = CARTESIAN_POINT ( 'NONE',  ( 16.37790070187221758, 48.84800471866423521, -22.54224642132905743 ) ) ;
#6149 = CARTESIAN_POINT ( 'NONE',  ( -1.218678679059928660, 4.591183021177996260, 25.97165060178174301 ) ) ;
#6150 = CARTESIAN_POINT ( 'NONE',  ( 10.17629357874269225, -4.228539818807469430, -4.750000000000000000 ) ) ;
#6151 =( NAMED_UNIT ( * ) PLANE_ANGLE_UNIT ( ) SI_UNIT ( $, .RADIAN. ) );
#6152 = SURFACE_STYLE_FILL_AREA ( #1130 ) ;
#6153 = CARTESIAN_POINT ( 'NONE',  ( 11.43362879187305836, 22.41479539086640926, -15.73703995451274018 ) ) ;
#6154 = CARTESIAN_POINT ( 'NONE',  ( -15.59048989151094311, -16.84291230913793669, 5.996788201996686496 ) ) ;
#6155 = VERTEX_POINT ( 'NONE', #5295 ) ;
#6156 = CARTESIAN_POINT ( 'NONE',  ( 3.573283826362257527E-15, 95.55774430703965550, -19.45205114840793925 ) ) ;
#6157 = DIRECTION ( 'NONE',  ( 1.000000000000000000, 0.0000000000000000000, -6.982962677686265448E-14 ) ) ;
#6158 = DIRECTION ( 'NONE',  ( -1.000000000000000000, 0.0000000000000000000, 1.224646799147353207E-16 ) ) ;
#6159 = CARTESIAN_POINT ( 'NONE',  ( -23.33442367186918176, 1.998002690041430274, 11.46777929136263907 ) ) ;
#6160 = CARTESIAN_POINT ( 'NONE',  ( 24.98076211353296472, -3.000000000000000000, 16.73205080756916985 ) ) ;
#6161 = PLANE ( 'NONE',  #963 ) ;
#6162 = CARTESIAN_POINT ( 'NONE',  ( -8.188950350936107014, 22.11985119335738403, 25.20299768182156797 ) ) ;
#6163 = VERTEX_POINT ( 'NONE', #4890 ) ;
#6164 = ORIENTED_EDGE ( 'NONE', *, *, #2110, .T. ) ;
#6165 = ORIENTED_EDGE ( 'NONE', *, *, #4623, .T. ) ;
#6166 = VECTOR ( 'NONE', #5200, 1000.000000000000000 ) ;
#6167 = EDGE_CURVE ( 'NONE', #4394, #3590, #2795, .T. ) ;
#6168 = LINE ( 'NONE', #5105, #9 ) ;
#6169 = CARTESIAN_POINT ( 'NONE',  ( 25.98076211353329867, -3.000000000000000000, -14.99999999999975664 ) ) ;
#6170 = CARTESIAN_POINT ( 'NONE',  ( 0.0000000000000000000, 0.0000000000000000000, 4.000000000000000000 ) ) ;
#6171 = CARTESIAN_POINT ( 'NONE',  ( -18.49999999999999289, 48.22128844978336559, 6.011014380308766114 ) ) ;
#6172 = CARTESIAN_POINT ( 'NONE',  ( -18.49999999999999289, 45.78807912198552543, 6.011014380308766114 ) ) ;
#6173 = CARTESIAN_POINT ( 'NONE',  ( -4.576577837443736918, 8.293008154220896288E-14, 21.99208874007915782 ) ) ;
#6174 = CARTESIAN_POINT ( 'NONE',  ( -16.86273270944263913, 15.77525778102986997, 8.232353191664644854 ) ) ;
#6175 = CARTESIAN_POINT ( 'NONE',  ( -21.82726869151824545, -1.492616640374430981, -14.12723920065332095 ) ) ;
#6176 = CARTESIAN_POINT ( 'NONE',  ( 8.188950350936103462, 42.39638145393499968, 25.20299768182156797 ) ) ;
#6177 = DIRECTION ( 'NONE',  ( 0.0000000000000000000, -0.0000000000000000000, 1.000000000000000000 ) ) ;
#6178 = DIRECTION ( 'NONE',  ( 0.0000000000000000000, 0.0000000000000000000, 1.000000000000000000 ) ) ;
#6179 = FACE_OUTER_BOUND ( 'NONE', #4367, .T. ) ;
#6180 = CARTESIAN_POINT ( 'NONE',  ( 21.44994432064347833, 2.999999999999999556, 14.69353220438484797 ) ) ;
#6181 = CARTESIAN_POINT ( 'NONE',  ( 5.716814395936525628, 52.82959078173281853, 17.59454555146034238 ) ) ;
#6182 = CARTESIAN_POINT ( 'NONE',  ( -15.64282252296629672, -16.37662532312520369, 5.508467102878672250 ) ) ;
#6183 =( LENGTH_UNIT ( ) NAMED_UNIT ( * ) SI_UNIT ( .MILLI., .METRE. ) );
#6184 = ORIENTED_EDGE ( 'NONE', *, *, #4670, .T. ) ;
#6185 = CARTESIAN_POINT ( 'NONE',  ( -1.191094608787419176E-15, 86.34113964314074963, 19.45205114840793925 ) ) ;
#6186 = CARTESIAN_POINT ( 'NONE',  ( 1.022960916313601904E-15, 2.978641430428003112, 0.0000000000000000000 ) ) ;
#6187 = CARTESIAN_POINT ( 'NONE',  ( -4.735065444147932290, 92.16604663898930028, -22.30861039949537883 ) ) ;
#6188 = FACE_OUTER_BOUND ( 'NONE', #4298, .T. ) ;
#6189 = CARTESIAN_POINT ( 'NONE',  ( -23.23208622093918052, 1.677733499105735326, 11.67384702326407009 ) ) ;
#6190 = CARTESIAN_POINT ( 'NONE',  ( -15.64687069380289053, -15.97324374731087815, -5.176467351983096599 ) ) ;
#6191 = DIRECTION ( 'NONE',  ( -0.0000000000000000000, -1.000000000000000000, -2.152228036460121707E-16 ) ) ;
#6192 = CARTESIAN_POINT ( 'NONE',  ( 8.188950350936110567, 68.20287451285194891, -25.20299768182156797 ) ) ;
#6193 = ORIENTED_EDGE ( 'NONE', *, *, #511, .T. ) ;
#6194 = EDGE_LOOP ( 'NONE', ( #1014, #1910, #1577, #4989 ) ) ;
#6195 = PRESENTATION_LAYER_ASSIGNMENT (  '', '', ( #6513 ) ) ;
#6196 = ORIENTED_EDGE ( 'NONE', *, *, #2886, .F. ) ;
#6197 = VECTOR ( 'NONE', #5326, 1000.000000000000000 ) ;
#6198 = DIRECTION ( 'NONE',  ( 0.8660254037844362651, 0.0000000000000000000, 0.5000000000000039968 ) ) ;
#6199 =( NAMED_UNIT ( * ) SI_UNIT ( $, .STERADIAN. ) SOLID_ANGLE_UNIT ( ) );
#6200 = DIRECTION ( 'NONE',  ( 1.133932221432734415E-16, -1.000000000000000000, -0.0000000000000000000 ) ) ;
#6201 = AXIS2_PLACEMENT_3D ( 'NONE', #3319, #2949, #6157 ) ;
#6202 = CARTESIAN_POINT ( 'NONE',  ( 14.96681439593652563, 73.10612104231041997, 10.87402716741075537 ) ) ;
#6203 = ADVANCED_FACE ( 'NONE', ( #5266 ), #4825, .T. ) ;
#6204 = EDGE_CURVE ( 'NONE', #6135, #5879, #6319, .T. ) ;
#6205 = SURFACE_STYLE_USAGE ( .BOTH. , #4147 ) ;
#6206 = CARTESIAN_POINT ( 'NONE',  ( 11.43362879187305303, 51.31804192032488032, 15.73703995451274018 ) ) ;
#6207 = AXIS2_PLACEMENT_3D ( 'NONE', #6272, #4809, #750 ) ;
#6208 = CARTESIAN_POINT ( 'NONE',  ( -10.98950195376986549, 3.455320008860041862E-15, 16.41290425045940893 ) ) ;
#6209 = CARTESIAN_POINT ( 'NONE',  ( -16.41116850407870231, 11.31984339830080621, 4.749999999999996447 ) ) ;
#6210 = ADVANCED_FACE ( 'NONE', ( #4291 ), #1773, .F. ) ;
#6211 = CARTESIAN_POINT ( 'NONE',  ( -8.188950350936101685, 6.746567462238261648, -25.20299768182156797 ) ) ;
#6212 = SURFACE_STYLE_USAGE ( .BOTH. , #5777 ) ;
#6213 = DIRECTION ( 'NONE',  ( 1.133932221432734415E-16, -1.000000000000000000, -0.0000000000000000000 ) ) ;
#6214 = CARTESIAN_POINT ( 'NONE',  ( 1.002206248475161710, -1.264294602680577695, -25.98090494630863745 ) ) ;
#6215 = DIRECTION ( 'NONE',  ( -0.5000000000000039968, 0.0000000000000000000, 0.8660254037844363761 ) ) ;
#6216 = CARTESIAN_POINT ( 'NONE',  ( -11.43362879187305481, -5.235018600830326996, 15.73703995451274018 ) ) ;
#6217 = AXIS2_PLACEMENT_3D ( 'NONE', #4574, #6575, #4987 ) ;
#6218 = DIRECTION ( 'NONE',  ( 0.0000000000000000000, 0.0000000000000000000, 1.000000000000000000 ) ) ;
#6219 = FILL_AREA_STYLE_COLOUR ( '', #4634 ) ;
#6220 = VERTEX_POINT ( 'NONE', #2028 ) ;
#6221 = CARTESIAN_POINT ( 'NONE',  ( 14.96681439593652563, 70.67291171451259402, 10.87402716741075537 ) ) ;
#6222 = CARTESIAN_POINT ( 'NONE',  ( -5.622623023885715554, 92.16604663898944239, -22.74036970874250230 ) ) ;
#6223 = AXIS2_PLACEMENT_3D ( 'NONE', #6287, #761, #3859 ) ;
#6224 = CARTESIAN_POINT ( 'NONE',  ( -15.14730192041213641, -12.99999999999994849, -4.199999999999997513 ) ) ;
#6225 = FACE_OUTER_BOUND ( 'NONE', #2901, .T. ) ;
#6226 = CARTESIAN_POINT ( 'NONE',  ( 26.50000000000000711, 47.00468378588443841, -8.610371950172012845 ) ) ;
#6227 = VERTEX_POINT ( 'NONE', #1397 ) ;
#6228 = VERTEX_POINT ( 'NONE', #5956 ) ;
#6229 =( GEOMETRIC_REPRESENTATION_CONTEXT ( 3 ) GLOBAL_UNCERTAINTY_ASSIGNED_CONTEXT ( ( #6270 ) ) GLOBAL_UNIT_ASSIGNED_CONTEXT ( ( #390, #1952, #103 ) ) REPRESENTATION_CONTEXT ( 'NONE', 'WORKASPACE' ) );
#6230 = AXIS2_PLACEMENT_3D ( 'NONE', #1313, #2312, #3416 ) ;
#6231 = ORIENTED_EDGE ( 'NONE', *, *, #1867, .T. ) ;
#6232 = DIRECTION ( 'NONE',  ( 0.0000000000000000000, 1.000000000000000000, 0.0000000000000000000 ) ) ;
#6233 = CARTESIAN_POINT ( 'NONE',  ( 5.123475382979800763, 0.0000000000000000000, -4.000000000000000000 ) ) ;
#6234 = CARTESIAN_POINT ( 'NONE',  ( 0.1305242522345812228, -5.000000000000000000, -26.00000000000001066 ) ) ;
#6235 = CARTESIAN_POINT ( 'NONE',  ( -1.191094608787419176E-15, 70.34113964314076384, 19.45205114840793925 ) ) ;
#6236 = CARTESIAN_POINT ( 'NONE',  ( -5.716814395936527404, 66.98626984895302883, 17.59454555146033528 ) ) ;
#6237 = DIRECTION ( 'NONE',  ( 1.133932221432734415E-16, -1.000000000000000000, -0.0000000000000000000 ) ) ;
#6238 = CARTESIAN_POINT ( 'NONE',  ( -17.16471450554020706, 14.05125624407121876, -5.785279854043061221 ) ) ;
#6239 = CARTESIAN_POINT ( 'NONE',  ( -22.18837393653936374, -1.101737686213673406, -13.55325668294926800 ) ) ;
#6240 = PRODUCT_RELATED_PRODUCT_CATEGORY ( 'part', '', ( #1723 ) ) ;
#6241 = CARTESIAN_POINT ( 'NONE',  ( 26.50000000000000000, 37.16136285310467713, 8.610371950172021727 ) ) ;
#6242 = CARTESIAN_POINT ( 'NONE',  ( 22.58187545834886123, -0.9998951777783842143, -12.88706050243753687 ) ) ;
#6243 = CARTESIAN_POINT ( 'NONE',  ( -1.999999999999999556, 3.264200062620473020, 25.92296279363143796 ) ) ;
#6244 = CARTESIAN_POINT ( 'NONE',  ( -1.506813942542239326, -1.678443611125555845, -25.95646415662153572 ) ) ;
#6245 = CARTESIAN_POINT ( 'NONE',  ( 1.836970198721029747E-14, -150.0000000000000000, 0.0000000000000000000 ) ) ;
#6246 = EDGE_CURVE ( 'NONE', #5463, #3072, #4843, .T. ) ;
#6247 = CARTESIAN_POINT ( 'NONE',  ( -18.49999999999999289, 48.22128844978336559, 6.011014380308766114 ) ) ;
#6248 = CARTESIAN_POINT ( 'NONE',  ( 16.96154714744742620, 13.05231841015806005, -5.187601071261770613 ) ) ;
#6249 =( LENGTH_UNIT ( ) NAMED_UNIT ( * ) SI_UNIT ( .MILLI., .METRE. ) );
#6250 = ORIENTED_EDGE ( 'NONE', *, *, #5109, .F. ) ;
#6251 = CARTESIAN_POINT ( 'NONE',  ( 8.188950350936110567, 20.90324652945847106, -25.20299768182156797 ) ) ;
#6252 = CARTESIAN_POINT ( 'NONE',  ( 23.36147730076162787, 2.112867541137977145, -11.41244550646215927 ) ) ;
#6253 = CARTESIAN_POINT ( 'NONE',  ( -26.39536269487411602, 92.16604663898935712, -2.612743339408568843 ) ) ;
#6254 = CARTESIAN_POINT ( 'NONE',  ( -21.44994432064358492, -3.000000000000000444, -14.69353220438469876 ) ) ;
#6255 = CARTESIAN_POINT ( 'NONE',  ( -21.43895035093610701, 20.27653026057760499, 15.57630918575053869 ) ) ;
#6256 = CARTESIAN_POINT ( 'NONE',  ( -26.50000000000000000, 19.35486979418771369, 8.610371950172016398 ) ) ;
#6257 = EDGE_LOOP ( 'NONE', ( #6033, #2740, #4454, #1936, #97 ) ) ;
#6258 = ORIENTED_EDGE ( 'NONE', *, *, #3371, .F. ) ;
#6259 = CARTESIAN_POINT ( 'NONE',  ( 18.49999999999999645, 10.13826513028879717, -6.011014380308762561 ) ) ;
#6260 = ORIENTED_EDGE ( 'NONE', *, *, #2633, .T. ) ;
#6261 = CARTESIAN_POINT ( 'NONE',  ( -21.56404041587858345, -3.886538290841322407, 14.52565635004715894 ) ) ;
#6262 = DIRECTION ( 'NONE',  ( 1.000000000000000000, 0.0000000000000000000, 0.0000000000000000000 ) ) ;
#6263 = CARTESIAN_POINT ( 'NONE',  ( 0.5194174366955252031, -4.935790330267855630, -25.99512712631050348 ) ) ;
#6264 = COLOUR_RGB ( '',1.000000000000000000, 0.0000000000000000000, 0.0000000000000000000 ) ;
#6265 = CARTESIAN_POINT ( 'NONE',  ( 0.0000000000000000000, 0.0000000000000000000, 0.0000000000000000000 ) ) ;
#6266 = CARTESIAN_POINT ( 'NONE',  ( 26.50000000000001066, 36.57147445808661956, -8.610371950172012845 ) ) ;
#6267 = CARTESIAN_POINT ( 'NONE',  ( 11.23029167033340059, -4.228539818807469430, 1.375314074756498078E-15 ) ) ;
#6268 = CARTESIAN_POINT ( 'NONE',  ( -22.77201251315804242, 4.935842396608670413, -12.54797946750915294 ) ) ;
#6269 = CARTESIAN_POINT ( 'NONE',  ( -21.99987929365677175, -1.263375517560415107, -13.85702502551566440 ) ) ;
#6270 = UNCERTAINTY_MEASURE_WITH_UNIT (LENGTH_MEASURE( 1.000000000000000082E-05 ), #390, 'distance_accuracy_value', 'NONE');
#6271 = CARTESIAN_POINT ( 'NONE',  ( 21.43895035093611057, 39.92634425227434036, -15.57630918575053514 ) ) ;
#6272 = CARTESIAN_POINT ( 'NONE',  ( 1.836970198721029747E-14, -150.0000000000000000, 0.0000000000000000000 ) ) ;
#6273 = ADVANCED_FACE ( 'NONE', ( #4996, #460 ), #6582, .F. ) ;
#6274 = FACE_OUTER_BOUND ( 'NONE', #2166, .T. ) ;
#6275 = CARTESIAN_POINT ( 'NONE',  ( 18.49999999999998934, 26.72815352530683697, 6.011014380308767002 ) ) ;
#6276 = CARTESIAN_POINT ( 'NONE',  ( 0.6441351434807344178, -4.897962237203466351, 25.99230193435196412 ) ) ;
#6277 = CARTESIAN_POINT ( 'NONE',  ( -14.96681439593652740, 12.27653026057761032, 10.87402716741075359 ) ) ;
#6278 = DIRECTION ( 'NONE',  ( 1.133932221432734415E-16, -1.000000000000000000, -0.0000000000000000000 ) ) ;
#6279 = EDGE_LOOP ( 'NONE', ( #3379, #4513 ) ) ;
#6280 = CARTESIAN_POINT ( 'NONE',  ( -26.50000000000000000, 63.29962798339347785, 0.0000000000000000000 ) ) ;
#6281 = CARTESIAN_POINT ( 'NONE',  ( 21.99866483951564788, 1.264710590191920003, -13.85895033126644194 ) ) ;
#6282 = PRODUCT ( 'Damper body', 'Damper body', '', ( #1852 ) ) ;
#6283 = CARTESIAN_POINT ( 'NONE',  ( -22.50000000000000000, 92.16604663898934291, 1.571166602479409985E-12 ) ) ;
#6284 = EDGE_CURVE ( 'NONE', #4865, #6482, #5459, .T. ) ;
#6285 = ADVANCED_FACE ( 'NONE', ( #364, #3993 ), #5527, .F. ) ;
#6286 = CARTESIAN_POINT ( 'NONE',  ( 1.947530765969843536, 3.524430772364632425, -25.92715013264253443 ) ) ;
#6287 = CARTESIAN_POINT ( 'NONE',  ( 0.0000000000000000000, 0.0000000000000000000, 0.0000000000000000000 ) ) ;
#6288 = CARTESIAN_POINT ( 'NONE',  ( 21.43895035093610701, 29.49313492447651797, -15.57630918575053514 ) ) ;
#6289 = CARTESIAN_POINT ( 'NONE',  ( 26.50000000000000000, 45.16136285310467713, 8.610371950172021727 ) ) ;
#6290 = SURFACE_STYLE_FILL_AREA ( #1878 ) ;
#6291 = EDGE_LOOP ( 'NONE', ( #825, #4785, #258, #5817 ) ) ;
#6292 = CARTESIAN_POINT ( 'NONE',  ( 11.43362879187304948, 24.88483259252705437, 15.73703995451273840 ) ) ;
#6293 = EDGE_LOOP ( 'NONE', ( #2977, #5995, #1146, #3177 ) ) ;
#6294 = CARTESIAN_POINT ( 'NONE',  ( -23.10677048476791384, -4.598900076341346121, 11.92104423962732085 ) ) ;
#6295 = COLOUR_RGB ( '',1.000000000000000000, 0.0000000000000000000, 0.0000000000000000000 ) ;
#6296 = AXIS2_PLACEMENT_3D ( 'NONE', #605, #2560, #2504 ) ;
#6297 = CARTESIAN_POINT ( 'NONE',  ( -18.49999999999999289, 99.24438617259923490, -6.011014380308773219 ) ) ;
#6298 =( GEOMETRIC_REPRESENTATION_CONTEXT ( 3 ) GLOBAL_UNCERTAINTY_ASSIGNED_CONTEXT ( ( #1581 ) ) GLOBAL_UNIT_ASSIGNED_CONTEXT ( ( #5794, #3862, #3825 ) ) REPRESENTATION_CONTEXT ( 'NONE', 'WORKASPACE' ) );
#6299 = FILL_AREA_STYLE ('',( #1349 ) ) ;
#6300 = CARTESIAN_POINT ( 'NONE',  ( 0.0000000000000000000, 6.000000000000000000, 0.0000000000000000000 ) ) ;
#6301 = MECHANICAL_DESIGN_GEOMETRIC_PRESENTATION_REPRESENTATION (  '', ( #5774 ), #4069 ) ;
#6302 = DIRECTION ( 'NONE',  ( 0.0000000000000000000, 0.0000000000000000000, 1.000000000000000000 ) ) ;
#6303 = CARTESIAN_POINT ( 'NONE',  ( 8.188950350936110567, 23.33645585725630056, -25.20299768182156797 ) ) ;
#6304 = CARTESIAN_POINT ( 'NONE',  ( 22.83307740087292359, -1.102764265014183120, 12.43644722152721371 ) ) ;
#6305 = AXIS2_PLACEMENT_3D ( 'NONE', #4999, #3560, #4525 ) ;
#6306 = AXIS2_PLACEMENT_3D ( 'NONE', #3089, #4154, #2493 ) ;
#6307 = FACE_OUTER_BOUND ( 'NONE', #4734, .T. ) ;
#6308 = CARTESIAN_POINT ( 'NONE',  ( 1.735047821192582607, 1.996715475852296029, -25.94214472481206712 ) ) ;
#6309 = CARTESIAN_POINT ( 'NONE',  ( -5.716814395936523852, 51.61298611783390555, -17.59454555146034238 ) ) ;
#6310 = CARTESIAN_POINT ( 'NONE',  ( 18.50000000000000355, 75.87110244148010452, -6.011014380308763450 ) ) ;
#6311 = FILL_AREA_STYLE_COLOUR ( '', #2284 ) ;
#6312 = EDGE_LOOP ( 'NONE', ( #2009, #5027, #3506, #1073 ) ) ;
#6313 = CIRCLE ( 'NONE', #1967, 6.500000000000000000 ) ;
#6314 = CARTESIAN_POINT ( 'NONE',  ( -26.50000000000000000, 8.921660466389887745, 8.610371950172016398 ) ) ;
#6315 = CARTESIAN_POINT ( 'NONE',  ( 21.82746580716060336, 1.492166226626201242, -14.12694174542047598 ) ) ;
#6316 = CARTESIAN_POINT ( 'NONE',  ( 0.0000000000000000000, 17.99999999999998934, 19.59999999999998721 ) ) ;
#6317 =( LENGTH_UNIT ( ) NAMED_UNIT ( * ) SI_UNIT ( .MILLI., .METRE. ) );
#6318 = VECTOR ( 'NONE', #4482, 1000.000000000000000 ) ;
#6319 = LINE ( 'NONE', #2325, #3992 ) ;
#6320 = CARTESIAN_POINT ( 'NONE',  ( 0.0000000000000000000, 15.99999999999998934, 6.664234759902732219E-16 ) ) ;
#6321 = CIRCLE ( 'NONE', #4205, 25.75000000000000000 ) ;
#6322 = CARTESIAN_POINT ( 'NONE',  ( 16.37790070187221048, 80.18446057592053933, 22.54224642132906098 ) ) ;
#6323 =( LENGTH_UNIT ( ) NAMED_UNIT ( * ) SI_UNIT ( .MILLI., .METRE. ) );
#6324 = EDGE_LOOP ( 'NONE', ( #6593, #4240, #5388, #5261 ) ) ;
#6325 = CARTESIAN_POINT ( 'NONE',  ( -14.96681439593652563, 16.58988839501803980, -10.87402716741075714 ) ) ;
#6326 = ORIENTED_EDGE ( 'NONE', *, *, #6406, .T. ) ;
#6327 = CIRCLE ( 'NONE', #2398, 2.000000000000000888 ) ;
#6328 = CARTESIAN_POINT ( 'NONE',  ( 15.40773175690304342, -17.41295475486536404, -6.825857878831198988 ) ) ;
#6329 = VECTOR ( 'NONE', #6200, 1000.000000000000000 ) ;
#6330 = CARTESIAN_POINT ( 'NONE',  ( 15.59732505557377102, -15.25685840976726659, 4.725642026569321530 ) ) ;
#6331 = EDGE_CURVE ( 'NONE', #2090, #6532, #42, .T. ) ;
#6332 = CARTESIAN_POINT ( 'NONE',  ( 3.573283826362256738E-15, 87.55774430703965550, -19.45205114840794280 ) ) ;
#6333 =( GEOMETRIC_REPRESENTATION_CONTEXT ( 3 ) GLOBAL_UNCERTAINTY_ASSIGNED_CONTEXT ( ( #682 ) ) GLOBAL_UNIT_ASSIGNED_CONTEXT ( ( #2116, #4747, #1752 ) ) REPRESENTATION_CONTEXT ( 'NONE', 'WORKASPACE' ) );
#6334 = CIRCLE ( 'NONE', #3477, 5.123475382979799875 ) ;
#6335 =( LENGTH_UNIT ( ) NAMED_UNIT ( * ) SI_UNIT ( .MILLI., .METRE. ) );
#6336 = CARTESIAN_POINT ( 'NONE',  ( -21.43895035093611057, 28.27653026057760144, 15.57630918575053691 ) ) ;
#6337 = CARTESIAN_POINT ( 'NONE',  ( -9.491333405239448240, -1.156531874477880910E-16, 22.63200311628262540 ) ) ;
#6338 = CARTESIAN_POINT ( 'NONE',  ( -23.00157936541981840, 4.735267902271486307, -12.12184710169159807 ) ) ;
#6339 = LINE ( 'NONE', #1794, #3363 ) ;
#6340 = CARTESIAN_POINT ( 'NONE',  ( -16.37790070187221048, 31.63140005476532224, 22.54224642132905743 ) ) ;
#6341 = CARTESIAN_POINT ( 'NONE',  ( 21.59170059022671140, -1.994406141246606312, -14.48476584624367192 ) ) ;
#6342 = DIRECTION ( 'NONE',  ( -0.0000000000000000000, -0.0000000000000000000, -1.000000000000000000 ) ) ;
#6343 = DIRECTION ( 'NONE',  ( 0.0000000000000000000, 1.000000000000000000, 0.0000000000000000000 ) ) ;
#6344 = CARTESIAN_POINT ( 'NONE',  ( 11.43362879187305481, 11.98158606306858331, -15.73703995451273840 ) ) ;
#6345 = CARTESIAN_POINT ( 'NONE',  ( 16.58845726811996002, -3.000000000000000000, -7.267949192430963379 ) ) ;
#6346 = CARTESIAN_POINT ( 'NONE',  ( -14.96681439593652740, 67.57615824397109350, 10.87402716741075359 ) ) ;
#6347 = ORIENTED_EDGE ( 'NONE', *, *, #396, .F. ) ;
#6348 = CARTESIAN_POINT ( 'NONE',  ( 26.50000000000001066, 18.13826513028880072, -8.610371950172012845 ) ) ;
#6349 = CARTESIAN_POINT ( 'NONE',  ( 17.11774305030925092, 15.38188163546993259, 7.317802622325888962 ) ) ;
#6350 = CARTESIAN_POINT ( 'NONE',  ( -18.50000000000000000, 92.16604663898934291, 1.291848095371959316E-12 ) ) ;
#6351 =( REPRESENTATION_RELATIONSHIP ('NONE','NONE', #3455, #4086 ) REPRESENTATION_RELATIONSHIP_WITH_TRANSFORMATION ( #121 )SHAPE_REPRESENTATION_RELATIONSHIP( ) );
#6352 = CARTESIAN_POINT ( 'NONE',  ( 0.6450754970183312231, 4.897649061941072191, -25.99227887627449718 ) ) ;
#6353 = DIRECTION ( 'NONE',  ( 1.000000000000000000, 0.0000000000000000000, 0.0000000000000000000 ) ) ;
#6354 = DIRECTION ( 'NONE',  ( 0.0000000000000000000, 0.0000000000000000000, 1.000000000000000000 ) ) ;
#6355 = CARTESIAN_POINT ( 'NONE',  ( 16.37790070187221758, 22.41479539086640926, -22.54224642132905743 ) ) ;
#6356 = ORIENTED_EDGE ( 'NONE', *, *, #5317, .T. ) ;
#6357 = CARTESIAN_POINT ( 'NONE',  ( -25.98076211353308906, 3.000000000000000000, -15.00000000000012079 ) ) ;
#6358 = CARTESIAN_POINT ( 'NONE',  ( 11.43362879187305481, 30.41479539086640571, -15.73703995451273840 ) ) ;
#6359 = VERTEX_POINT ( 'NONE', #1031 ) ;
#6360 = CARTESIAN_POINT ( 'NONE',  ( -14.96681439593652740, 38.70973958837543449, 10.87402716741075359 ) ) ;
#6361 = CARTESIAN_POINT ( 'NONE',  ( 0.0000000000000000000, 166.0000000000000000, 0.0000000000000000000 ) ) ;
#6362 = EDGE_CURVE ( 'NONE', #3109, #1300, #4083, .T. ) ;
#6363 = CARTESIAN_POINT ( 'NONE',  ( 15.62747346364098000, -15.55232476790077278, 4.887041423629830739 ) ) ;
#6364 = EDGE_CURVE ( 'NONE', #1734, #2140, #3467, .T. ) ;
#6365 = CARTESIAN_POINT ( 'NONE',  ( -18.50000000000000000, 92.16604663898934291, 1.291848095371959316E-12 ) ) ;
#6366 = UNCERTAINTY_MEASURE_WITH_UNIT (LENGTH_MEASURE( 1.000000000000000082E-05 ), #4816, 'distance_accuracy_value', 'NONE');
#6367 = ADVANCED_FACE ( 'NONE', ( #3061, #4621 ), #2124, .T. ) ;
#6368 = FILL_AREA_STYLE_COLOUR ( '', #2615 ) ;
#6369 = CARTESIAN_POINT ( 'NONE',  ( -16.37790070187221048, 29.19819072696749274, 22.54224642132905743 ) ) ;
#6370 = CARTESIAN_POINT ( 'NONE',  ( -26.47399687190856099, 1.146325406050253389E-15, 1.306493719176150092 ) ) ;
#6371 = FILL_AREA_STYLE ('',( #6504 ) ) ;
#6372 = DIRECTION ( 'NONE',  ( 1.000000000000000000, 2.040851148208007998E-16, 0.0000000000000000000 ) ) ;
#6373 = CARTESIAN_POINT ( 'NONE',  ( 0.0000000000000000000, 0.0000000000000000000, -4.750000000000000888 ) ) ;
#6374 = CARTESIAN_POINT ( 'NONE',  ( -18.49999999999999289, -7.078339533610108703, 6.011014380308766114 ) ) ;
#6375 = CARTESIAN_POINT ( 'NONE',  ( 23.10111103684442213, -1.408249027054716329, -11.93107289210068522 ) ) ;
#6376 = FACE_BOUND ( 'NONE', #1406, .T. ) ;
#6377 = AXIS2_PLACEMENT_3D ( 'NONE', #2636, #538, #2073 ) ;
#6378 = CARTESIAN_POINT ( 'NONE',  ( -11.43362879187304948, 39.63140005476532224, 15.73703995451273840 ) ) ;
#6379 = CARTESIAN_POINT ( 'NONE',  ( -18.50000000000000000, -2.755455298081544778E-15, 0.0000000000000000000 ) ) ;
#6380 = FACE_OUTER_BOUND ( 'NONE', #6324, .T. ) ;
#6381 = ORIENTED_EDGE ( 'NONE', *, *, #6331, .F. ) ;
#6382 = CARTESIAN_POINT ( 'NONE',  ( -8.188950350936101685, 22.74656746223825721, -25.20299768182156797 ) ) ;
#6383 = CYLINDRICAL_SURFACE ( 'NONE', #2067, 5.499999999999992895 ) ;
#6384 = CYLINDRICAL_SURFACE ( 'NONE', #1760, 8.000000000000000000 ) ;
#6385 = CARTESIAN_POINT ( 'NONE',  ( -15.58845726811991561, 3.000000000000000000, 8.999999999999962697 ) ) ;
#6386 = CARTESIAN_POINT ( 'NONE',  ( -1.001504370743217409, -1.263903768490175938, 25.98093150176118016 ) ) ;
#6387 = CARTESIAN_POINT ( 'NONE',  ( 21.43895035093610346, 44.23970238671477517, 15.57630918575054046 ) ) ;
#6388 = CARTESIAN_POINT ( 'NONE',  ( -1.706162547722519354E-15, -3.391697668050542180, 27.86374894231408206 ) ) ;
#6389 = ORIENTED_EDGE ( 'NONE', *, *, #5842, .T. ) ;
#6390 = FACE_BOUND ( 'NONE', #4062, .T. ) ;
#6391 = CARTESIAN_POINT ( 'NONE',  ( -11.43362879187304948, 21.19819072696749629, 15.73703995451273840 ) ) ;
#6392 = ORIENTED_EDGE ( 'NONE', *, *, #4956, .F. ) ;
#6393 = B_SPLINE_CURVE_WITH_KNOTS ( 'NONE', 3,
 ( #2931, #2433, #3923, #895, #2894, #827, #4350, #400, #2357, #2860, #5494, #5881, #5952, #1394 ),
 .UNSPECIFIED., .F., .F.,
 ( 4, 2, 2, 2, 2, 2, 4 ),
 ( 0.0000000000000000000, 0.0003910409928767362821, 0.0007820819857534725642, 0.001173122978630208955, 0.001564163971506945128, 0.002346245957260416175, 0.003128327943013886787 ),
 .UNSPECIFIED. ) ;
#6394 = CARTESIAN_POINT ( 'NONE',  ( -11.43362879187304948, 2.764981399169671228, 15.73703995451273840 ) ) ;
#6395 = PRODUCT ( 'Damper shaft', 'Damper shaft', '', ( #6503 ) ) ;
#6396 = CARTESIAN_POINT ( 'NONE',  ( 3.159588741800171871E-15, 5.800000000000000711, -25.80000000000000426 ) ) ;
#6397 = CARTESIAN_POINT ( 'NONE',  ( 14.29545382280673493, -17.99999999999999289, 9.200000000000027711 ) ) ;
#6398 = PRODUCT_DEFINITION_FORMATION_WITH_SPECIFIED_SOURCE ( 'ANY', '', #1723, .NOT_KNOWN. ) ;
#6399 = VERTEX_POINT ( 'NONE', #1092 ) ;
#6400 = CARTESIAN_POINT ( 'NONE',  ( -18.49999999999999645, 56.22128844978335849, 6.011014380308765226 ) ) ;
#6401 = AXIS2_PLACEMENT_3D ( 'NONE', #4740, #2112, #3637 ) ;
#6402 = CARTESIAN_POINT ( 'NONE',  ( -47.92474241349965070, 171.0494237995913807, 33.47621701760772339 ) ) ;
#6403 = CARTESIAN_POINT ( 'NONE',  ( -26.50000000000000000, 82.65449777758119865, 8.610371950172016398 ) ) ;
#6404 = CYLINDRICAL_SURFACE ( 'NONE', #3876, 17.00000000000000355 ) ;
#6405 = CARTESIAN_POINT ( 'NONE',  ( -23.34002548582964209, 4.005593858753392134, -11.45657829892185120 ) ) ;
#6406 = EDGE_CURVE ( 'NONE', #1802, #2227, #3575, .T. ) ;
#6407 = AXIS2_PLACEMENT_3D ( 'NONE', #2123, #4155, #1527 ) ;
#6408 = CARTESIAN_POINT ( 'NONE',  ( -16.37790070187220692, 81.40106523981945941, -22.54224642132905743 ) ) ;
#6409 = EDGE_CURVE ( 'NONE', #2440, #3818, #5586, .T. ) ;
#6410 = SURFACE_SIDE_STYLE ('',( #5013 ) ) ;
#6411 = CARTESIAN_POINT ( 'NONE',  ( -18.50000000000000000, 36.86641865559565190, 0.0000000000000000000 ) ) ;
#6412 = CIRCLE ( 'NONE', #3542, 26.00000000000000355 ) ;
#6413 = EDGE_CURVE ( 'NONE', #1300, #3470, #5698, .T. ) ;
#6414 = CARTESIAN_POINT ( 'NONE',  ( 18.49999999999998934, 26.72815352530683697, 6.011014380308767002 ) ) ;
#6415 = EDGE_CURVE ( 'NONE', #4940, #6147, #3684, .T. ) ;
#6416 = ORIENTED_EDGE ( 'NONE', *, *, #1498, .F. ) ;
#6417 = CARTESIAN_POINT ( 'NONE',  ( 21.43895035093611057, 92.79276290786998516, -15.57630918575053514 ) ) ;
#6418 = CARTESIAN_POINT ( 'NONE',  ( 2.000000000000000000, 3.000000000000000444, 30.00000000000000000 ) ) ;
#6419 = CARTESIAN_POINT ( 'NONE',  ( 22.77554025723056341, -4.947366730299654236, -12.54323487073831700 ) ) ;
#6420 = CARTESIAN_POINT ( 'NONE',  ( -23.36160761372283901, -3.886538290841321519, -11.41217863336167504 ) ) ;
#6421 = CARTESIAN_POINT ( 'NONE',  ( -1.946891231828692614, -2.473320460188751291, 25.92719876895002074 ) ) ;
#6422 = CARTESIAN_POINT ( 'NONE',  ( -16.37790070187221403, 76.49781871036095993, 22.54224642132906098 ) ) ;
#6423 = CARTESIAN_POINT ( 'NONE',  ( -21.43895035093610346, 90.32272570620935426, -15.57630918575054402 ) ) ;
#6424 = STYLED_ITEM ( 'NONE', ( #4903 ), #3316 ) ;
#6425 = DIRECTION ( 'NONE',  ( 0.0000000000000000000, -0.0000000000000000000, 1.000000000000000000 ) ) ;
#6426 = ORIENTED_EDGE ( 'NONE', *, *, #5437, .F. ) ;
#6427 = ADVANCED_FACE ( 'NONE', ( #5217 ), #3162, .T. ) ;
#6428 = CARTESIAN_POINT ( 'NONE',  ( 21.48606061743505435, -3.517877587129047523, 14.64069154981130261 ) ) ;
#6429 = CARTESIAN_POINT ( 'NONE',  ( -11.43362879187304770, 23.66822792862814495, -15.73703995451274196 ) ) ;
#6430 = ORIENTED_EDGE ( 'NONE', *, *, #4211, .T. ) ;
#6431 = CARTESIAN_POINT ( 'NONE',  ( 14.96681439593652563, 25.80649305891694922, 10.87402716741075537 ) ) ;
#6432 = STYLED_ITEM ( 'NONE', ( #4307 ), #3565 ) ;
#6433 = CARTESIAN_POINT ( 'NONE',  ( 0.2620570140540025017, 4.987040959047852162, 25.99899399874787065 ) ) ;
#6434 = CARTESIAN_POINT ( 'NONE',  ( -0.5266796500307855400, 4.946891253610082195, -25.99577782983098828 ) ) ;
#6435 = B_SPLINE_CURVE_WITH_KNOTS ( 'NONE', 3,
 ( #5840, #1281, #5344, #2952, #5512, #2421, #981, #2514, #3513, #1452, #5573, #1018, #1948, #6103, #3050, #6567, #950, #3978, #2012, #417, #5077, #514, #2045, #446, #4505, #2537, #481, #4569, #2982, #6064 ),
 .UNSPECIFIED., .F., .F.,
 ( 4, 2, 2, 2, 2, 2, 2, 2, 2, 2, 2, 2, 2, 2, 4 ),
 ( 4.336808689942017736E-19, 0.0003909512898071417766, 0.0007819025796142831195, 0.001172853869421424354, 0.001563805159228565805, 0.002345707738842851744, 0.003127610318457137682, 0.003518561608264285205, 0.003909512898071433595, 0.004300464187878581118, 0.004691415477685726906, 0.005082366767492876164, 0.005473318057300023687, 0.005864269347107171210, 0.006255220636914318733 ),
 .UNSPECIFIED. ) ;
#6436 = CIRCLE ( 'NONE', #6223, 6.500000000000000000 ) ;
#6437 = PRESENTATION_LAYER_ASSIGNMENT (  '', '', ( #1438 ) ) ;
#6438 = EDGE_LOOP ( 'NONE', ( #1026, #3130 ) ) ;
#6439 = CARTESIAN_POINT ( 'NONE',  ( -18.50000000000000000, 55.29962798339347785, 0.0000000000000000000 ) ) ;
#6440 =( GEOMETRIC_REPRESENTATION_CONTEXT ( 3 ) GLOBAL_UNCERTAINTY_ASSIGNED_CONTEXT ( ( #230 ) ) GLOBAL_UNIT_ASSIGNED_CONTEXT ( ( #687, #3352, #2243 ) ) REPRESENTATION_CONTEXT ( 'NONE', 'WORKASPACE' ) );
#6441 = CARTESIAN_POINT ( 'NONE',  ( 8.188950350936103462, 5.529962798339344232, 25.20299768182156797 ) ) ;
#6442 = DIRECTION ( 'NONE',  ( 0.0000000000000000000, 0.0000000000000000000, -1.000000000000000000 ) ) ;
#6443 = DIRECTION ( 'NONE',  ( -0.8660254037844398178, 0.0000000000000000000, 0.4999999999999980016 ) ) ;
#6444 = CARTESIAN_POINT ( 'NONE',  ( -1.897648232813788249, 2.354937677173518651, -25.93070504265541132 ) ) ;
#6445 = CARTESIAN_POINT ( 'NONE',  ( 2.000000000000000000, 3.000000000000000444, 25.92296279363144507 ) ) ;
#6446 = STYLED_ITEM ( 'NONE', ( #2015 ), #2212 ) ;
#6447 = PRESENTATION_LAYER_ASSIGNMENT (  '', '', ( #162 ) ) ;
#6448 = CARTESIAN_POINT ( 'NONE',  ( 5.118487643167557865E-15, 79.55774430703965550, -27.86374894231408206 ) ) ;
#6449 = CARTESIAN_POINT ( 'NONE',  ( 18.50000000000000000, 10.13826513028879894, -6.011014380308762561 ) ) ;
#6450 = CARTESIAN_POINT ( 'NONE',  ( -11.43362879187305481, 10.76498139916966679, 15.73703995451274018 ) ) ;
#6451 = CARTESIAN_POINT ( 'NONE',  ( 1.219881370734696935, 1.409760941178762383, 25.97159293111511857 ) ) ;
#6452 = CARTESIAN_POINT ( 'NONE',  ( 3.573283826362257527E-15, 13.82490699584836591, -19.45205114840794280 ) ) ;
#6453 = VERTEX_POINT ( 'NONE', #6150 ) ;
#6454 = CARTESIAN_POINT ( 'NONE',  ( 5.118487643167557865E-15, 95.55774430703965550, -27.86374894231408206 ) ) ;
#6455 = CARTESIAN_POINT ( 'NONE',  ( 1.836970198721029747E-14, -150.0000000000000000, 0.0000000000000000000 ) ) ;
#6456 = PRODUCT_DEFINITION_SHAPE ( 'NONE', 'NONE',  #3885 ) ;
#6457 = CARTESIAN_POINT ( 'NONE',  ( 21.50766082165462123, -3.644221969342632761, -14.60900603867263037 ) ) ;
#6458 = ADVANCED_FACE ( 'NONE', ( #1159, #4156, #3556 ), #5680, .T. ) ;
#6459 = CARTESIAN_POINT ( 'NONE',  ( 3.171835209791645228E-15, -6.000000000000000000, -25.80000000000000426 ) ) ;
#6460 = SURFACE_SIDE_STYLE ('',( #2399 ) ) ;
#6461 = CARTESIAN_POINT ( 'NONE',  ( -26.50000000000000000, 73.73283731119130380, 0.0000000000000000000 ) ) ;
#6462 = CARTESIAN_POINT ( 'NONE',  ( -26.50000000000000000, 9.511548861407934652, -8.610371950172023503 ) ) ;
#6463 = ORIENTED_EDGE ( 'NONE', *, *, #793, .F. ) ;
#6464 = CARTESIAN_POINT ( 'NONE',  ( 22.77189817468791944, -4.935937599477245641, 12.54819160264509392 ) ) ;
#6465 = CARTESIAN_POINT ( 'NONE',  ( 14.96681439593652563, 81.10612104231043418, 10.87402716741075537 ) ) ;
#6466 = CARTESIAN_POINT ( 'NONE',  ( -18.50000000000000000, 92.16604663898912975, 0.0000000000000000000 ) ) ;
#6467 = DIRECTION ( 'NONE',  ( -0.0000000000000000000, -1.000000000000000000, -0.0000000000000000000 ) ) ;
#6468 = B_SPLINE_CURVE_WITH_KNOTS ( 'NONE', 3,
 ( #3471, #972, #1565, #6083, #6525, #2033, #1472, #4558, #1502, #531, #2002, #561, #5590, #3561, #5092, #1035, #2554, #5001, #4127, #1970, #3064, #4586, #13, #6052, #1064, #2099 ),
 .UNSPECIFIED., .F., .F.,
 ( 4, 2, 2, 2, 2, 2, 2, 2, 2, 2, 2, 2, 4 ),
 ( 0.006255220636914316130, 0.007036942637670576955, 0.007818664638426838648, 0.008209525638804971229, 0.008600386639183103810, 0.008991247639561236391, 0.009382108639939368971, 0.009772969640317501552, 0.01016383064069563413, 0.01055469164107376671, 0.01094555264145189930, 0.01172727464220815752, 0.01250899664296441574 ),
 .UNSPECIFIED. ) ;
#6469 = CYLINDRICAL_SURFACE ( 'NONE', #195, 2.000000000000000000 ) ;
#6470 = ORIENTED_EDGE ( 'NONE', *, *, #1284, .T. ) ;
#6471 = CARTESIAN_POINT ( 'NONE',  ( 14.96681439593652740, 66.35955358007217342, -10.87402716741075004 ) ) ;
#6472 = CARTESIAN_POINT ( 'NONE',  ( -47.92474241349964359, 53.58337716060201217, 33.47621701760772339 ) ) ;
#6473 = CARTESIAN_POINT ( 'NONE',  ( 25.75000000000000355, -25.30000000000000071, 0.0000000000000000000 ) ) ;
#6474 = LINE ( 'NONE', #3977, #2401 ) ;
#6475 = CARTESIAN_POINT ( 'NONE',  ( -1.229130496464557520, -4.599161258269350405, 25.97158838852758578 ) ) ;
#6476 = CARTESIAN_POINT ( 'NONE',  ( -26.50000000000000000, 66.65449777758121286, 8.610371950172016398 ) ) ;
#6477 = CYLINDRICAL_SURFACE ( 'NONE', #2709, 2.000000000000001332 ) ;
#6478 = CARTESIAN_POINT ( 'NONE',  ( -1.191094608787419176E-15, 78.34113964314076384, 19.45205114840794280 ) ) ;
#6479 = CARTESIAN_POINT ( 'NONE',  ( 14.96681439593652563, 81.10612104231043418, 10.87402716741075537 ) ) ;
#6480 = CARTESIAN_POINT ( 'NONE',  ( -23.42735702334719505, -2.475793080304311999, -11.27691974340196523 ) ) ;
#6481 = ORIENTED_EDGE ( 'NONE', *, *, #3935, .T. ) ;
#6482 = VERTEX_POINT ( 'NONE', #5188 ) ;
#6483 = CARTESIAN_POINT ( 'NONE',  ( -8.188950350936101685, 96.47940477342955035, -25.20299768182156797 ) ) ;
#6484 = CARTESIAN_POINT ( 'NONE',  ( 15.58845726811997778, 3.000000000000000000, -8.999999999999854339 ) ) ;
#6485 = CARTESIAN_POINT ( 'NONE',  ( 0.0000000000000000000, 0.0000000000000000000, 0.0000000000000000000 ) ) ;
#6486 = AXIS2_PLACEMENT_3D ( 'NONE', #4871, #1916, #300 ) ;
#6487 = CARTESIAN_POINT ( 'NONE',  ( 14.58845726811999377, -2.999999999999999556, -10.73205080756873819 ) ) ;
#6488 = PRESENTATION_STYLE_ASSIGNMENT (( #4965 ) ) ;
#6489 = CARTESIAN_POINT ( 'NONE',  ( -8.188950350936107014, 40.55306052115521709, 25.20299768182156797 ) ) ;
#6490 = CARTESIAN_POINT ( 'NONE',  ( -8.188950350936101685, 80.47940477342956456, -25.20299768182156797 ) ) ;
#6491 = PRESENTATION_STYLE_ASSIGNMENT (( #5462 ) ) ;
#6492 = ORIENTED_EDGE ( 'NONE', *, *, #6125, .F. ) ;
#6493 = CARTESIAN_POINT ( 'NONE',  ( 23.23259914904066648, -4.321135156768897367, 11.67283527774052310 ) ) ;
#6494 = CARTESIAN_POINT ( 'NONE',  ( -18.50000000000000000, 92.16604663898912975, 0.0000000000000000000 ) ) ;
#6495 = EDGE_CURVE ( 'NONE', #433, #4484, #4365, .T. ) ;
#6496 = CARTESIAN_POINT ( 'NONE',  ( 3.573283826362257527E-15, 69.12453497924182955, -19.45205114840794280 ) ) ;
#6497 = EDGE_CURVE ( 'NONE', #6532, #2090, #1981, .T. ) ;
#6498 = FACE_OUTER_BOUND ( 'NONE', #439, .T. ) ;
#6499 = ORIENTED_EDGE ( 'NONE', *, *, #2585, .T. ) ;
#6500 = EDGE_CURVE ( 'NONE', #1508, #433, #5480, .T. ) ;
#6501 = ORIENTED_EDGE ( 'NONE', *, *, #6204, .T. ) ;
#6502 = ORIENTED_EDGE ( 'NONE', *, *, #5922, .T. ) ;
#6503 = PRODUCT_CONTEXT ( 'NONE', #5339, 'mechanical' ) ;
#6504 = FILL_AREA_STYLE_COLOUR ( '', #3937 ) ;
#6505 = CARTESIAN_POINT ( 'NONE',  ( -2.000000000000000000, 3.000000000000000444, -25.92296279363143796 ) ) ;
#6506 = CARTESIAN_POINT ( 'NONE',  ( 0.0000000000000000000, 45.99999999999998579, 0.0000000000000000000 ) ) ;
#6507 = CARTESIAN_POINT ( 'NONE',  ( 16.37790070187220692, 72.18446057592055354, 22.54224642132905743 ) ) ;
#6508 = CARTESIAN_POINT ( 'NONE',  ( -11.43362879187305303, 34.10143725642597445, -15.73703995451274018 ) ) ;
#6509 = MANIFOLD_SOLID_BREP ( 'Cut-Extrude4', #23 ) ;
#6510 = CARTESIAN_POINT ( 'NONE',  ( 18.49999999999999645, 65.43789311368229278, -6.011014380308762561 ) ) ;
#6511 = CARTESIAN_POINT ( 'NONE',  ( -11.43362879187304948, 34.10143725642598156, -15.73703995451274196 ) ) ;
#6512 = CARTESIAN_POINT ( 'NONE',  ( -11.22577997472862599, -1.702873245928562040, -4.750000000000000888 ) ) ;
#6513 = STYLED_ITEM ( 'NONE', ( #2925 ), #1212 ) ;
#6514 = CARTESIAN_POINT ( 'NONE',  ( -22.64752127063163201, -1.013152636482919977, -12.77130075257587372 ) ) ;
#6515 = EDGE_LOOP ( 'NONE', ( #3056, #2789, #5299, #5407 ) ) ;
#6516 = CARTESIAN_POINT ( 'NONE',  ( 21.43895035093610346, 7.373283731119127715, 15.57630918575054046 ) ) ;
#6517 = CARTESIAN_POINT ( 'NONE',  ( 0.1320976491733282521, -1.000000000000000000, 26.00000000000000355 ) ) ;
#6518 = AXIS2_PLACEMENT_3D ( 'NONE', #4164, #1142, #4534 ) ;
#6519 = CARTESIAN_POINT ( 'NONE',  ( -18.50000000000000000, 92.16604663898934291, 1.291848095371959316E-12 ) ) ;
#6520 =( LENGTH_UNIT ( ) NAMED_UNIT ( * ) SI_UNIT ( .MILLI., .METRE. ) );
#6521 = CARTESIAN_POINT ( 'NONE',  ( -26.50000000000000000, 55.29962798339347785, 0.0000000000000000000 ) ) ;
#6522 = CARTESIAN_POINT ( 'NONE',  ( -21.43895035093610346, 82.32272570620935426, -15.57630918575054224 ) ) ;
#6523 = DIRECTION ( 'NONE',  ( 0.0000000000000000000, 0.0000000000000000000, 1.000000000000000000 ) ) ;
#6524 = EDGE_LOOP ( 'NONE', ( #2706, #1165, #6356, #1541 ) ) ;
#6525 = CARTESIAN_POINT ( 'NONE',  ( -21.67486439998331704, -1.771267403633040471, 14.36085995393983517 ) ) ;
#6526 = CARTESIAN_POINT ( 'NONE',  ( -18.49999999999999289, 25.51154886140792755, -6.011014380308773219 ) ) ;
#6527 = CARTESIAN_POINT ( 'NONE',  ( -11.43362879187304948, 70.96785591202160504, -15.73703995451274196 ) ) ;
#6528 = COLOUR_RGB ( '',1.000000000000000000, 0.0000000000000000000, 0.0000000000000000000 ) ;
#6529 = CARTESIAN_POINT ( 'NONE',  ( 0.0000000000000000000, -5.800000000000001599, -26.00000000000000355 ) ) ;
#6530 = ORIENTED_EDGE ( 'NONE', *, *, #672, .T. ) ;
#6531 = VERTEX_POINT ( 'NONE', #1286 ) ;
#6532 = VERTEX_POINT ( 'NONE', #3846 ) ;
#6533 = VECTOR ( 'NONE', #4678, 1000.000000000000000 ) ;
#6534 = EDGE_CURVE ( 'NONE', #4596, #5763, #698, .T. ) ;
#6535 = CIRCLE ( 'NONE', #5474, 17.00000000000000000 ) ;
#6536 = CARTESIAN_POINT ( 'NONE',  ( 23.33941200930453164, 4.008002518535338510, -11.45783086732103584 ) ) ;
#6537 = CARTESIAN_POINT ( 'NONE',  ( -0.5244309979175985070, -4.947530758101549075, 25.99582633103043605 ) ) ;
#6538 = CARTESIAN_POINT ( 'NONE',  ( -11.43362879187305481, 50.06460938256315529, 15.73703995451274018 ) ) ;
#6539 = COLOUR_RGB ( '',1.000000000000000000, 0.0000000000000000000, 0.0000000000000000000 ) ;
#6540 = AXIS2_PLACEMENT_3D ( 'NONE', #3920, #3357, #357 ) ;
#6541 = CARTESIAN_POINT ( 'NONE',  ( 11.43362879187305481, 85.71442337425989422, -15.73703995451273840 ) ) ;
#6542 = B_SPLINE_CURVE_WITH_KNOTS ( 'NONE', 3,
 ( #722, #2782, #2183, #6341, #647, #1796, #1727, #3811, #1223, #5843, #5285, #1283, #2652, #6242, #3741, #4683, #2685, #1691, #5742, #6375, #2314, #782, #3454, #3916, #419, #5347 ),
 .UNSPECIFIED., .F., .F.,
 ( 4, 2, 2, 2, 2, 2, 2, 2, 2, 2, 2, 2, 4 ),
 ( 0.006255220636914317865, 0.007036942637670581292, 0.007818664638426845587, 0.008209525638804976433, 0.008600386639183105544, 0.008991247639561236391, 0.009382108639939367237, 0.009772969640317498083, 0.01016383064069562719, 0.01055469164107375804, 0.01094555264145188889, 0.01172727464220815405, 0.01250899664296441748 ),
 .UNSPECIFIED. ) ;
#6543 = CARTESIAN_POINT ( 'NONE',  ( 11.43362879187305481, 48.84800471866423521, -15.73703995451273840 ) ) ;
#6544 = CIRCLE ( 'NONE', #6116, 8.000000000000000000 ) ;
#6545 = CARTESIAN_POINT ( 'NONE',  ( 22.83307740087292359, 4.897235734985815547, 12.43644722152721194 ) ) ;
#6546 = ORIENTED_EDGE ( 'NONE', *, *, #6570, .T. ) ;
#6547 = CARTESIAN_POINT ( 'NONE',  ( 21.43895035093611057, 74.35955358007214500, -15.57630918575053514 ) ) ;
#6548 = CARTESIAN_POINT ( 'NONE',  ( 0.0000000000000000000, 45.99999999999998579, 0.0000000000000000000 ) ) ;
#6549 = CARTESIAN_POINT ( 'NONE',  ( 0.2620570140540022797, -1.012959040952147172, 25.99899399874786710 ) ) ;
#6550 =( GEOMETRIC_REPRESENTATION_CONTEXT ( 3 ) GLOBAL_UNCERTAINTY_ASSIGNED_CONTEXT ( ( #2307 ) ) GLOBAL_UNIT_ASSIGNED_CONTEXT ( ( #3520, #3019, #1991 ) ) REPRESENTATION_CONTEXT ( 'NONE', 'WORKASPACE' ) );
#6551 = DIRECTION ( 'NONE',  ( -0.0000000000000000000, -1.000000000000000000, -0.0000000000000000000 ) ) ;
#6552 = CARTESIAN_POINT ( 'NONE',  ( 23.40560076435805215, 2.355778030657368127, 11.32167762819592838 ) ) ;
#6553 = CARTESIAN_POINT ( 'NONE',  ( 16.37790070187221758, 40.84800471866424232, -22.54224642132905743 ) ) ;
#6554 = FACE_BOUND ( 'NONE', #6058, .T. ) ;
#6555 = EDGE_LOOP ( 'NONE', ( #1641, #710, #5696, #4797, #5231, #5432, #5041, #4160, #5929, #508, #6592 ) ) ;
#6556 = SURFACE_SIDE_STYLE ('',( #4527 ) ) ;
#6557 = CARTESIAN_POINT ( 'NONE',  ( -11.43362879187304948, 70.96785591202160504, -15.73703995451274196 ) ) ;
#6558 = CARTESIAN_POINT ( 'NONE',  ( 18.50000000000000000, 46.08302331949456487, 2.265596578422603396E-15 ) ) ;
#6559 = CARTESIAN_POINT ( 'NONE',  ( -23.44994432064367729, 3.000000000000000000, 11.22943058924678894 ) ) ;
#6560 = CARTESIAN_POINT ( 'NONE',  ( 21.43895035093610346, 70.67291171451259402, 15.57630918575054046 ) ) ;
#6561 = ORIENTED_EDGE ( 'NONE', *, *, #2633, .F. ) ;
#6562 = ORIENTED_EDGE ( 'NONE', *, *, #2339, .F. ) ;
#6563 = ORIENTED_EDGE ( 'NONE', *, *, #4260, .F. ) ;
#6564 = EDGE_CURVE ( 'NONE', #6359, #1975, #6544, .T. ) ;
#6565 = CARTESIAN_POINT ( 'NONE',  ( 1.797659251768568556, 2.113653037359899400, 25.93782855899829443 ) ) ;
#6566 = CARTESIAN_POINT ( 'NONE',  ( 22.18681792710340162, 4.897235734985817324, -13.55580146496876104 ) ) ;
#6567 = CARTESIAN_POINT ( 'NONE',  ( -22.77189817468802246, 1.064062400522754359, -12.54819160264494116 ) ) ;
#6568 = CARTESIAN_POINT ( 'NONE',  ( 5.716814395936525628, 52.82959078173281853, 17.59454555146034238 ) ) ;
#6569 = EDGE_CURVE ( 'NONE', #5037, #1346, #3288, .T. ) ;
#6570 = EDGE_CURVE ( 'NONE', #181, #1107, #3268, .T. ) ;
#6571 =( NAMED_UNIT ( * ) SI_UNIT ( $, .STERADIAN. ) SOLID_ANGLE_UNIT ( ) );
#6572 = CARTESIAN_POINT ( 'NONE',  ( 14.96681439593652740, 84.79276290786999937, -10.87402716741075004 ) ) ;
#6573 = CARTESIAN_POINT ( 'NONE',  ( -18.50000000000000000, 36.86641865559565190, 0.0000000000000000000 ) ) ;
#6574 = PRESENTATION_LAYER_ASSIGNMENT (  '', '', ( #1499 ) ) ;
#6575 = DIRECTION ( 'NONE',  ( -0.0000000000000000000, 3.846707125290959924E-17, -1.000000000000000000 ) ) ;
#6576 = ADVANCED_FACE ( 'NONE', ( #6274 ), #3320, .F. ) ;
#6577 = FACE_OUTER_BOUND ( 'NONE', #4958, .T. ) ;
#6578 = VERTEX_POINT ( 'NONE', #5746 ) ;
#6579 = CARTESIAN_POINT ( 'NONE',  ( -21.43895035093610701, 57.14294891617326044, 15.57630918575053869 ) ) ;
#6580 = CARTESIAN_POINT ( 'NONE',  ( 0.0000000000000000000, 1.827185884513205933E-16, 4.750000000000000000 ) ) ;
#6581 = CARTESIAN_POINT ( 'NONE',  ( 16.12900059345781045, 15.99999999999998579, -9.750000000000035527 ) ) ;
#6582 = PLANE ( 'NONE',  #5163 ) ;
#6583 = SURFACE_STYLE_USAGE ( .BOTH. , #5121 ) ;
#6584 = CARTESIAN_POINT ( 'NONE',  ( -21.43895035093610346, 45.45630705061369525, -15.57630918575054224 ) ) ;
#6585 = CARTESIAN_POINT ( 'NONE',  ( 0.0000000000000000000, 4.960846701924986668, 4.199999999999999289 ) ) ;
#6586 = SPHERICAL_SURFACE ( 'NONE', #3672, 6.500000000000000000 ) ;
#6587 = CARTESIAN_POINT ( 'NONE',  ( 11.43362879187305303, 69.75125124812268496, 15.73703995451274018 ) ) ;
#6588 = VECTOR ( 'NONE', #631, 1000.000000000000000 ) ;
#6589 = CARTESIAN_POINT ( 'NONE',  ( -11.43362879187304948, 58.06460938256315529, 15.73703995451273840 ) ) ;
#6590 = DIRECTION ( 'NONE',  ( -0.0000000000000000000, -1.364088399844866250E-16, -1.000000000000000000 ) ) ;
#6591 = CARTESIAN_POINT ( 'NONE',  ( -16.37790070187220692, 60.53464658422380040, -22.54224642132905743 ) ) ;
#6592 = ORIENTED_EDGE ( 'NONE', *, *, #386, .F. ) ;
#6593 = ORIENTED_EDGE ( 'NONE', *, *, #4425, .F. ) ;
#6594 = ORIENTED_EDGE ( 'NONE', *, *, #676, .F. ) ;
#6595 = CARTESIAN_POINT ( 'NONE',  ( -18.50000000000000000, 92.16604663898912975, 0.0000000000000000000 ) ) ;
#6596 = NEXT_ASSEMBLY_USAGE_OCCURRENCE ( 'NAUO1', ' ', ' ', #4571, #3885, $ ) ;
#6597 = NEXT_ASSEMBLY_USAGE_OCCURRENCE ( 'NAUO2', ' ', ' ', #4571, #338, $ ) ;
#6598 = NEXT_ASSEMBLY_USAGE_OCCURRENCE ( 'NAUO3', ' ', ' ', #4571, #5473, $ ) ;
#6599 = NEXT_ASSEMBLY_USAGE_OCCURRENCE ( 'NAUO4', ' ', ' ', #4571, #5073, $ ) ;
#6600 = NEXT_ASSEMBLY_USAGE_OCCURRENCE ( 'NAUO5', ' ', ' ', #4571, #1122, $ ) ;
#6601 = NEXT_ASSEMBLY_USAGE_OCCURRENCE ( 'NAUO6', ' ', ' ', #4571, #1122, $ ) ;
ENDSEC;
END-ISO-10303-21;
