 PTC IGES file: shock_absorber_asm.igs                                  S      1
1H,,1H;,18HSHOCK_ABSORBER_ASM,22Hshock_absorber_asm.igs,                G      1
27HCreo Parametric by PTC Inc.,7H2020053,32,38,7,38,15,                 G      2
18HSHOCK_ABSORBER_ASM,1.,2,2HMM,32768,0.5,15H20250326.101731,0.0299131, G      3
299.143,5Hluong,7HUnknown,10,0,15H20250326.101731;                      G      4
     314       1       1       1       0       0       0       001000200D      1
     314       0       4       1       0                   COLOR       1D      2
     314       2       1       1       0       0       0       001000200D      3
     314       0       1       1       0                   COLOR       2D      4
     314       3       1       1       0       0       0       001000200D      5
     314       0       2       1       0                   COLOR       3D      6
     314       4       1       1       0       0       0       001000200D      7
     314       0       8       1       0                   COLOR       4D      8
     314       5       1       1       0       0       0       001000200D      9
     314       0       8       1       0                   COLOR       5D     10
     314       6       1       1       0       0       0       001000200D     11
     314       0       8       1       0                   COLOR       6D     12
     314       7       1       1       0       0       0       001000200D     13
     314       0       2       1       0                   COLOR       7D     14
     314       8       1       1       0       0       0       001000200D     15
     314       0       8       1       0                   COLOR       8D     16
     314       9       1       1       0       0       0       001000200D     17
     314       0       8       1       0                   COLOR       9D     18
     314      10       1       1       0       0       0       001000200D     19
     314       0       5       1       0                   COLOR      10D     20
     314      11       1       1       0       0       0       001000200D     21
     314       0       8       1       0                   COLOR      11D     22
     314      12       1       1       0       0       0       001000200D     23
     314       0       8       1       0                   COLOR      12D     24
     110      13       1       1       0       0       0       001010000D     25
     110       0     -15       2       0                    LINE       1D     26
     110      15       1       1       0       0       0       001010000D     27
     110       0     -15       2       0                    LINE       2D     28
     124      17       1       1       0       0       0       001000000D     29
     124       0       0       2       0                   XFORM       1D     30
     100      19       1       1       0       0      29       001010000D     31
     100       0     -15       1       0                     ARC       1D     32
     124      20       1       1       0       0       0       001000000D     33
     124       0       0       2       0                   XFORM       2D     34
     100      22       1       1       0       0      33       001010000D     35
     100       0     -15       1       0                     ARC       2D     36
     124      23       1       1       0       0       0       001000000D     37
     124       0       0       2       0                   XFORM       3D     38
     100      25       1       1       0       0      37       001010000D     39
     100       0     -15       1       0                     ARC       3D     40
     124      26       1       1       0       0       0       001000000D     41
     124       0       0       2       0                   XFORM       4D     42
     100      28       1       1       0       0      41       001010000D     43
     100       0     -15       1       0                     ARC       4D     44
     124      29       1       1       0       0       0       001000000D     45
     124       0       0       2       0                   XFORM       5D     46
     100      31       1       1       0       0      45       001010000D     47
     100       0     -15       1       0                     ARC       5D     48
     124      32       1       1       0       0       0       001000000D     49
     124       0       0       2       0                   XFORM       6D     50
     100      34       1       1       0       0      49       001010000D     51
     100       0     -15       1       0                     ARC       6D     52
     124      35       1       1       0       0       0       001000000D     53
     124       0       0       2       0                   XFORM       7D     54
     100      37       1       1       0       0      53       001010000D     55
     100       0     -15       1       0                     ARC       7D     56
     124      38       1       1       0       0       0       001000000D     57
     124       0       0       2       0                   XFORM       8D     58
     100      40       1       1       0       0      57       001010000D     59
     100       0     -15       1       0                     ARC       8D     60
     124      41       1       1       0       0       0       001000000D     61
     124       0       0       2       0                   XFORM       9D     62
     100      43       1       1       0       0      61       001010000D     63
     100       0     -15       1       0                     ARC       9D     64
     126      44       1       1       0       0       0       001010000D     65
     126       0     -15      14       0                B_SPLINE       1D     66
     126      58       1       1       0       0       0       001010000D     67
     126       0     -15       9       0                B_SPLINE       2D     68
     126      67       1       1       0       0       0       001010000D     69
     126       0     -15      14       0                B_SPLINE       3D     70
     124      81       1       1       0       0       0       001000000D     71
     124       0       0       2       0                   XFORM      10D     72
     100      83       1       1       0       0      71       001010000D     73
     100       0     -15       2       0                     ARC      10D     74
     124      85       1       1       0       0       0       001000000D     75
     124       0       0       3       0                   XFORM      11D     76
     100      88       1       1       0       0      75       001010000D     77
     100       0     -15       2       0                     ARC      11D     78
     110      90       1       1       0       0       0       001010000D     79
     110       0     -15       2       0                    LINE       3D     80
     110      92       1       1       0       0       0       001010000D     81
     110       0     -15       2       0                    LINE       4D     82
     126      94       1       1       0       0       0       001010000D     83
     126       0     -15       9       0                B_SPLINE       4D     84
     124     103       1       1       0       0       0       001000000D     85
     124       0       0       3       0                   XFORM      12D     86
     100     106       1       1       0       0      85       001010000D     87
     100       0     -15       1       0                     ARC      12D     88
     124     107       1       1       0       0       0       001000000D     89
     124       0       0       3       0                   XFORM      13D     90
     100     110       1       1       0       0      89       001010000D     91
     100       0     -15       1       0                     ARC      13D     92
     124     111       1       1       0       0       0       001000000D     93
     124       0       0       4       0                   XFORM      14D     94
     100     115       1       1       0       0      93       001010000D     95
     100       0     -15       1       0                     ARC      14D     96
     124     116       1       1       0       0       0       001000000D     97
     124       0       0       2       0                   XFORM      15D     98
     100     118       1       1       0       0      97       001010000D     99
     100       0     -15       1       0                     ARC      15D    100
     124     119       1       1       0       0       0       001000000D    101
     124       0       0       2       0                   XFORM      16D    102
     100     121       1       1       0       0     101       001010000D    103
     100       0     -15       2       0                     ARC      16D    104
     124     123       1       1       0       0       0       001000000D    105
     124       0       0       3       0                   XFORM      17D    106
     100     126       1       1       0       0     105       001010000D    107
     100       0     -15       2       0                     ARC      17D    108
     124     128       1       1       0       0       0       001000000D    109
     124       0       0       3       0                   XFORM      18D    110
     100     131       1       1       0       0     109       001010000D    111
     100       0     -15       2       0                     ARC      18D    112
     124     133       1       1       0       0       0       001000000D    113
     124       0       0       2       0                   XFORM      19D    114
     100     135       1       1       0       0     113       001010000D    115
     100       0     -15       2       0                     ARC      19D    116
     124     137       1       1       0       0       0       001000000D    117
     124       0       0       3       0                   XFORM      20D    118
     100     140       1       1       0       0     117       001010000D    119
     100       0     -15       2       0                     ARC      20D    120
     124     142       1       1       0       0       0       001000000D    121
     124       0       0       3       0                   XFORM      21D    122
     100     145       1       1       0       0     121       001010000D    123
     100       0     -15       2       0                     ARC      21D    124
     126     147       1       1       0       0       0       001010000D    125
     126       0     -15       9       0                B_SPLINE       5D    126
     126     156       1       1       0       0       0       001010000D    127
     126       0     -15       9       0                B_SPLINE       6D    128
     124     165       1       1       0       0       0       001000000D    129
     124       0       0       3       0                   XFORM      22D    130
     100     168       1       1       0       0     129       001010000D    131
     100       0     -15       1       0                     ARC      22D    132
     124     169       1       1       0       0       0       001000000D    133
     124       0       0       3       0                   XFORM      23D    134
     100     172       1       1       0       0     133       001010000D    135
     100       0     -15       1       0                     ARC      23D    136
     110     173       1       1       0       0       0       001010000D    137
     110       0     -15       2       0                    LINE       5D    138
     110     175       1       1       0       0       0       001010000D    139
     110       0     -15       2       0                    LINE       6D    140
     124     177       1       1       0       0       0       001000000D    141
     124       0       0       2       0                   XFORM      24D    142
     100     179       1       1       0       0     141       001010000D    143
     100       0     -15       2       0                     ARC      24D    144
     124     181       1       1       0       0       0       001000000D    145
     124       0       0       3       0                   XFORM      25D    146
     100     184       1       1       0       0     145       001010000D    147
     100       0     -15       2       0                     ARC      25D    148
     110     186       1       1       0       0       0       001010000D    149
     110       0     -15       2       0                    LINE       7D    150
     126     188       1       1       0       0       0       001010000D    151
     126       0     -15      14       0                B_SPLINE       7D    152
     126     202       1       1       0       0       0       001010000D    153
     126       0     -15      14       0                B_SPLINE       8D    154
     110     216       1       1       0       0       0       001010000D    155
     110       0     -15       2       0                    LINE       8D    156
     124     218       1       1       0       0       0       001000000D    157
     124       0       0       2       0                   XFORM      26D    158
     100     220       1       1       0       0     157       001010000D    159
     100       0     -15       1       0                     ARC      26D    160
     110     221       1       1       0       0       0       001010000D    161
     110       0     -15       2       0                    LINE       9D    162
     110     223       1       1       0       0       0       001010000D    163
     110       0     -15       2       0                    LINE      10D    164
     110     225       1       1       0       0       0       001010000D    165
     110       0     -15       2       0                    LINE      11D    166
     110     227       1       1       0       0       0       001010000D    167
     110       0     -15       2       0                    LINE      12D    168
     124     229       1       1       0       0       0       001000000D    169
     124       0       0       2       0                   XFORM      27D    170
     100     231       1       1       0       0     169       001010000D    171
     100       0     -15       1       0                     ARC      27D    172
     124     232       1       1       0       0       0       001000000D    173
     124       0       0       2       0                   XFORM      28D    174
     100     234       1       1       0       0     173       001010000D    175
     100       0     -15       1       0                     ARC      28D    176
     126     235       1       1       0       0       0       001010000D    177
     126       0     -15      21       0                B_SPLINE       9D    178
     126     256       1       1       0       0       0       001010000D    179
     126       0     -15      21       0                B_SPLINE      10D    180
     110     277       1       1       0       0       0       001010000D    181
     110       0     -15       2       0                    LINE      13D    182
     110     279       1       1       0       0       0       001010000D    183
     110       0     -15       2       0                    LINE      14D    184
     124     281       1       1       0       0       0       001000000D    185
     124       0       0       2       0                   XFORM      29D    186
     100     283       1       1       0       0     185       001010000D    187
     100       0     -15       1       0                     ARC      29D    188
     124     284       1       1       0       0       0       001000000D    189
     124       0       0       2       0                   XFORM      30D    190
     100     286       1       1       0       0     189       001010000D    191
     100       0     -15       1       0                     ARC      30D    192
     126     287       1       1       0       0       0       001010000D    193
     126       0     -15      21       0                B_SPLINE      11D    194
     126     308       1       1       0       0       0       001010000D    195
     126       0     -15      21       0                B_SPLINE      12D    196
     110     329       1       1       0       0       0       001010000D    197
     110       0     -15       2       0                    LINE      15D    198
     110     331       1       1       0       0       0       001010000D    199
     110       0     -15       2       0                    LINE      16D    200
     124     333       1       1       0       0       0       001000000D    201
     124       0       0       2       0                   XFORM      31D    202
     100     335       1       1       0       0     201       001010000D    203
     100       0     -15       1       0                     ARC      31D    204
     124     336       1       1       0       0       0       001000000D    205
     124       0       0       2       0                   XFORM      32D    206
     100     338       1       1       0       0     205       001010000D    207
     100       0     -15       1       0                     ARC      32D    208
     110     339       1       1       0       0       0       001010000D    209
     110       0     -15       2       0                    LINE      17D    210
     110     341       1       1       0       0       0       001010000D    211
     110       0     -15       2       0                    LINE      18D    212
     120     343       1       1       0       0       0       001010000D    213
     120       0     -15       1       0                    SREV       1D    214
     124     344       1       1       0       0       0       001000000D    215
     124       0       0       2       0                   XFORM      33D    216
     100     346       1       1       0       0     215       001010000D    217
     100       0       0       1       0                     ARC      33D    218
     124     347       1       1       0       0       0       001000000D    219
     124       0       0       2       0                   XFORM      34D    220
     100     349       1       1       0       0     219       001010000D    221
     100       0       0       1       0                     ARC      34D    222
     102     350       1       1       0       0       0       001010000D    223
     102       0       0       1       0                  CCURVE       1D    224
     110     351       1       1       0       0       0       001010500D    225
     110       0     -15       2       0                    LINE      19D    226
     110     353       1       1       0       0       0       001010500D    227
     110       0     -15       2       0                    LINE      20D    228
     110     355       1       1       0       0       0       001010500D    229
     110       0     -15       2       0                    LINE      21D    230
     110     357       1       1       0       0       0       001010500D    231
     110       0     -15       2       0                    LINE      22D    232
     102     359       1       1       0       0       0       001010500D    233
     102       0       0       1       0                  CCURVE       2D    234
     142     360       1       1       0       0       0       001010500D    235
     142       0       0       1       0                  UV_BND       1D    236
     144     361       1       1       0       0       0       000000000D    237
     144       0     -15       1       0                 TRM_SRF       1D    238
     110     362       1       1       0       0       0       001010000D    239
     110       0     -15       2       0                    LINE      23D    240
     110     364       1       1       0       0       0       001010000D    241
     110       0     -15       2       0                    LINE      24D    242
     120     366       1       1       0       0       0       001010000D    243
     120       0     -15       1       0                    SREV       2D    244
     124     367       1       1       0       0       0       001000000D    245
     124       0       0       2       0                   XFORM      35D    246
     100     369       1       1       0       0     245       001010000D    247
     100       0       0       1       0                     ARC      35D    248
     110     370       1       1       0       0       0       001010000D    249
     110       0       0       2       0                    LINE      25D    250
     124     372       1       1       0       0       0       001000000D    251
     124       0       0       2       0                   XFORM      36D    252
     100     374       1       1       0       0     251       001010000D    253
     100       0       0       1       0                     ARC      36D    254
     110     375       1       1       0       0       0       001010000D    255
     110       0       0       2       0                    LINE      26D    256
     102     377       1       1       0       0       0       001010000D    257
     102       0       0       1       0                  CCURVE       3D    258
     110     378       1       1       0       0       0       001010500D    259
     110       0     -15       2       0                    LINE      27D    260
     110     380       1       1       0       0       0       001010500D    261
     110       0     -15       2       0                    LINE      28D    262
     110     382       1       1       0       0       0       001010500D    263
     110       0     -15       2       0                    LINE      29D    264
     110     384       1       1       0       0       0       001010500D    265
     110       0     -15       1       0                    LINE      30D    266
     102     385       1       1       0       0       0       001010500D    267
     102       0       0       1       0                  CCURVE       4D    268
     142     386       1       1       0       0       0       001010500D    269
     142       0       0       1       0                  UV_BND       2D    270
     144     387       1       1       0       0       0       000000000D    271
     144       0     -15       1       0                 TRM_SRF       2D    272
     128     388       1       1       0       0       0       001010000D    273
     128       0     -15       9       0                  SPLSRF       1D    274
     102     397       1       1       0       0       0       001010000D    275
     102       0       0       1       0                  CCURVE       5D    276
     126     398       1       1       0       0       0       001010500D    277
     126       0     -15      21       0                B_SPLINE      13D    278
     126     419       1       1       0       0       0       001010500D    279
     126       0     -15      21       0                B_SPLINE      14D    280
     102     440       1       1       0       0       0       001010500D    281
     102       0       0       1       0                  CCURVE       6D    282
     142     441       1       1       0       0       0       001010500D    283
     142       0       0       1       0                  UV_BND       3D    284
     102     442       1       1       0       0       0       001010000D    285
     102       0       0       1       0                  CCURVE       7D    286
     126     443       1       1       0       0       0       001010500D    287
     126       0     -15      17       0                B_SPLINE      15D    288
     126     460       1       1       0       0       0       001010500D    289
     126       0     -15      17       0                B_SPLINE      16D    290
     102     477       1       1       0       0       0       001010500D    291
     102       0       0       1       0                  CCURVE       8D    292
     142     478       1       1       0       0       0       001010500D    293
     142       0       0       1       0                  UV_BND       4D    294
     144     479       1       1       0       0       0       000000000D    295
     144       0     -15       1       0                 TRM_SRF       3D    296
     110     480       1       1       0       0       0       001010000D    297
     110       0       8       2       0                    LINE      31D    298
     110     482       1       1       0       0       0       001010000D    299
     110       0       8       2       0                    LINE      32D    300
     120     484       1       1       0       0       0       001010000D    301
     120       0       8       1       0                    SREV       3D    302
     102     485       1       1       0       0       0       001010000D    303
     102       0       0       1       0                  CCURVE       9D    304
     110     486       1       1       0       0       0       001010500D    305
     110       0     -15       2       0                    LINE      33D    306
     110     488       1       1       0       0       0       001010500D    307
     110       0     -15       1       0                    LINE      34D    308
     110     489       1       1       0       0       0       001010500D    309
     110       0     -15       2       0                    LINE      35D    310
     110     491       1       1       0       0       0       001010500D    311
     110       0     -15       2       0                    LINE      36D    312
     102     493       1       1       0       0       0       001010500D    313
     102       0       0       1       0                  CCURVE      10D    314
     142     494       1       1       0       0       0       001010500D    315
     142       0       0       1       0                  UV_BND       5D    316
     144     495       1       1       0       0       0       000000000D    317
     144       0       8       1       0                 TRM_SRF       4D    318
     128     496       1       1       0       0       0       001010000D    319
     128       0       2       9       0                  SPLSRF       2D    320
     102     505       1       1       0       0       0       001010000D    321
     102       0       0       1       0                  CCURVE      11D    322
     126     506       1       1       0       0       0       001010500D    323
     126       0     -15      21       0                B_SPLINE      17D    324
     126     527       1       1       0       0       0       001010500D    325
     126       0     -15      21       0                B_SPLINE      18D    326
     102     548       1       1       0       0       0       001010500D    327
     102       0       0       1       0                  CCURVE      12D    328
     142     549       1       1       0       0       0       001010500D    329
     142       0       0       1       0                  UV_BND       6D    330
     102     550       1       1       0       0       0       001010000D    331
     102       0       0       1       0                  CCURVE      13D    332
     126     551       1       1       0       0       0       001010500D    333
     126       0     -15      21       0                B_SPLINE      19D    334
     126     572       1       1       0       0       0       001010500D    335
     126       0     -15      21       0                B_SPLINE      20D    336
     102     593       1       1       0       0       0       001010500D    337
     102       0       0       1       0                  CCURVE      14D    338
     142     594       1       1       0       0       0       001010500D    339
     142       0       0       1       0                  UV_BND       7D    340
     144     595       1       1       0       0       0       000000000D    341
     144       0       2       1       0                 TRM_SRF       5D    342
     110     596       1       1       0       0       0       001010000D    343
     110       0       2       2       0                    LINE      37D    344
     110     598       1       1       0       0       0       001010000D    345
     110       0       2       2       0                    LINE      38D    346
     120     600       1       1       0       0       0       001010000D    347
     120       0       2       1       0                    SREV       4D    348
     102     601       1       1       0       0       0       001010000D    349
     102       0       0       1       0                  CCURVE      15D    350
     110     602       1       1       0       0       0       001010500D    351
     110       0     -15       2       0                    LINE      39D    352
     110     604       1       1       0       0       0       001010500D    353
     110       0     -15       1       0                    LINE      40D    354
     110     605       1       1       0       0       0       001010500D    355
     110       0     -15       2       0                    LINE      41D    356
     110     607       1       1       0       0       0       001010500D    357
     110       0     -15       2       0                    LINE      42D    358
     102     609       1       1       0       0       0       001010500D    359
     102       0       0       1       0                  CCURVE      16D    360
     142     610       1       1       0       0       0       001010500D    361
     142       0       0       1       0                  UV_BND       8D    362
     144     611       1       1       0       0       0       000000000D    363
     144       0       2       1       0                 TRM_SRF       6D    364
     110     612       1       1       0       0       0       001010000D    365
     110       0       2       2       0                    LINE      43D    366
     110     614       1       1       0       0       0       001010000D    367
     110       0       2       2       0                    LINE      44D    368
     120     616       1       1       0       0       0       001010000D    369
     120       0       2       1       0                    SREV       5D    370
     124     617       1       1       0       0       0       001000000D    371
     124       0       0       2       0                   XFORM      37D    372
     100     619       1       1       0       0     371       001010000D    373
     100       0       0       2       0                     ARC      37D    374
     126     621       1       1       0       0       0       001010000D    375
     126       0       0       9       0                B_SPLINE      21D    376
     124     630       1       1       0       0       0       001000000D    377
     124       0       0       3       0                   XFORM      38D    378
     100     633       1       1       0       0     377       001010000D    379
     100       0       0       2       0                     ARC      38D    380
     124     635       1       1       0       0       0       001000000D    381
     124       0       0       2       0                   XFORM      39D    382
     100     637       1       1       0       0     381       001010000D    383
     100       0       0       1       0                     ARC      39D    384
     102     638       1       1       0       0       0       001010000D    385
     102       0       0       1       0                  CCURVE      17D    386
     110     639       1       1       0       0       0       001010500D    387
     110       0     -15       2       0                    LINE      45D    388
     126     641       1       1       0       0       0       001010500D    389
     126       0     -15      11       0                B_SPLINE      22D    390
     126     652       1       1       0       0       0       001010500D    391
     126       0     -15       8       0                B_SPLINE      23D    392
     110     660       1       1       0       0       0       001010500D    393
     110       0     -15       2       0                    LINE      46D    394
     110     662       1       1       0       0       0       001010500D    395
     110       0     -15       2       0                    LINE      47D    396
     126     664       1       1       0       0       0       001010500D    397
     126       0     -15       8       0                B_SPLINE      24D    398
     126     672       1       1       0       0       0       001010500D    399
     126       0     -15      11       0                B_SPLINE      25D    400
     110     683       1       1       0       0       0       001010500D    401
     110       0     -15       2       0                    LINE      48D    402
     110     685       1       1       0       0       0       001010500D    403
     110       0     -15       1       0                    LINE      49D    404
     110     686       1       1       0       0       0       001010500D    405
     110       0     -15       2       0                    LINE      50D    406
     110     688       1       1       0       0       0       001010500D    407
     110       0     -15       2       0                    LINE      51D    408
     102     690       1       1       0       0       0       001010500D    409
     102       0       0       1       0                  CCURVE      18D    410
     142     691       1       1       0       0       0       001010500D    411
     142       0       0       1       0                  UV_BND       9D    412
     144     692       1       1       0       0       0       000000000D    413
     144       0       2       1       0                 TRM_SRF       7D    414
     128     693       1       1       0       0       0       001010000D    415
     128       0       2       9       0                  SPLSRF       3D    416
     102     702       1       1       0       0       0       001010000D    417
     102       0       0       1       0                  CCURVE      19D    418
     110     703       1       1       0       0       0       001010500D    419
     110       0     -15       2       0                    LINE      52D    420
     126     705       1       1       0       0       0       001010500D    421
     126       0     -15      10       0                B_SPLINE      26D    422
     126     715       1       1       0       0       0       001010500D    423
     126       0     -15      10       0                B_SPLINE      27D    424
     102     725       1       1       0       0       0       001010500D    425
     102       0       0       1       0                  CCURVE      20D    426
     142     726       1       1       0       0       0       001010500D    427
     142       0       0       1       0                  UV_BND      10D    428
     144     727       1       1       0       0       0       000000000D    429
     144       0       2       1       0                 TRM_SRF       8D    430
     110     728       1       1       0       0       0       001010000D    431
     110       0       2       2       0                    LINE      53D    432
     110     730       1       1       0       0       0       001010000D    433
     110       0       2       2       0                    LINE      54D    434
     120     732       1       1       0       0       0       001010000D    435
     120       0       2       1       0                    SREV       6D    436
     102     733       1       1       0       0       0       001010000D    437
     102       0       0       1       0                  CCURVE      21D    438
     110     734       1       1       0       0       0       001010500D    439
     110       0     -15       2       0                    LINE      55D    440
     126     736       1       1       0       0       0       001010500D    441
     126       0     -15      11       0                B_SPLINE      28D    442
     110     747       1       1       0       0       0       001010500D    443
     110       0     -15       2       0                    LINE      56D    444
     126     749       1       1       0       0       0       001010500D    445
     126       0     -15      11       0                B_SPLINE      29D    446
     102     760       1       1       0       0       0       001010500D    447
     102       0       0       1       0                  CCURVE      22D    448
     142     761       1       1       0       0       0       001010500D    449
     142       0       0       1       0                  UV_BND      11D    450
     144     762       1       1       0       0       0       000000000D    451
     144       0       2       1       0                 TRM_SRF       9D    452
     128     763       1       1       0       0       0       001010000D    453
     128       0       2       9       0                  SPLSRF       4D    454
     102     772       1       1       0       0       0       001010000D    455
     102       0       0       1       0                  CCURVE      23D    456
     110     773       1       1       0       0       0       001010500D    457
     110       0     -15       2       0                    LINE      57D    458
     126     775       1       1       0       0       0       001010500D    459
     126       0     -15       8       0                B_SPLINE      30D    460
     126     783       1       1       0       0       0       001010500D    461
     126       0     -15      35       0                B_SPLINE      31D    462
     126     818       1       1       0       0       0       001010500D    463
     126       0     -15       8       0                B_SPLINE      32D    464
     102     826       1       1       0       0       0       001010500D    465
     102       0       0       1       0                  CCURVE      24D    466
     142     827       1       1       0       0       0       001010500D    467
     142       0       0       1       0                  UV_BND      12D    468
     102     828       1       1       0       0       0       001010000D    469
     102       0       0       1       0                  CCURVE      25D    470
     126     829       1       1       0       0       0       001010500D    471
     126       0     -15      18       0                B_SPLINE      33D    472
     126     847       1       1       0       0       0       001010500D    473
     126       0     -15      18       0                B_SPLINE      34D    474
     102     865       1       1       0       0       0       001010500D    475
     102       0       0       1       0                  CCURVE      26D    476
     142     866       1       1       0       0       0       001010500D    477
     142       0       0       1       0                  UV_BND      13D    478
     144     867       1       1       0       0       0       000000000D    479
     144       0       2       1       0                 TRM_SRF      10D    480
     110     868       1       1       0       0       0       001010000D    481
     110       0       2       2       0                    LINE      58D    482
     124     870       1       1       0       0       0       001000000D    483
     124       0       0       2       0                   XFORM      40D    484
     100     872       1       1       0       0     483       001010000D    485
     100       0       2       1       0                     ARC      40D    486
     120     873       1       1       0       0       0       001010000D    487
     120       0       2       1       0                    SREV       7D    488
     124     874       1       1       0       0       0       001000000D    489
     124       0       0       2       0                   XFORM      41D    490
     100     876       1       1       0       0     489       001010000D    491
     100       0       0       1       0                     ARC      41D    492
     124     877       1       1       0       0       0       001000000D    493
     124       0       0       2       0                   XFORM      42D    494
     100     879       1       1       0       0     493       001010000D    495
     100       0       0       2       0                     ARC      42D    496
     124     881       1       1       0       0       0       001000000D    497
     124       0       0       3       0                   XFORM      43D    498
     100     884       1       1       0       0     497       001010000D    499
     100       0       0       2       0                     ARC      43D    500
     124     886       1       1       0       0       0       001000000D    501
     124       0       0       3       0                   XFORM      44D    502
     100     889       1       1       0       0     501       001010000D    503
     100       0       0       2       0                     ARC      44D    504
     124     891       1       1       0       0       0       001000000D    505
     124       0       0       3       0                   XFORM      45D    506
     100     894       1       1       0       0     505       001010000D    507
     100       0       0       1       0                     ARC      45D    508
     102     895       1       1       0       0       0       001010000D    509
     102       0       0       1       0                  CCURVE      27D    510
     110     896       1       1       0       0       0       001010500D    511
     110       0     -15       1       0                    LINE      59D    512
     110     897       1       1       0       0       0       001010500D    513
     110       0     -15       1       0                    LINE      60D    514
     126     898       1       1       0       0       0       001010500D    515
     126       0     -15      35       0                B_SPLINE      35D    516
     110     933       1       1       0       0       0       001010500D    517
     110       0     -15       2       0                    LINE      61D    518
     110     935       1       1       0       0       0       001010500D    519
     110       0     -15       1       0                    LINE      62D    520
     110     936       1       1       0       0       0       001010500D    521
     110       0       0       1       0                    LINE      63D    522
     102     937       1       1       0       0       0       001010500D    523
     102       0       0       1       0                  CCURVE      28D    524
     142     938       1       1       0       0       0       001010500D    525
     142       0       0       1       0                  UV_BND      14D    526
     144     939       1       1       0       0       0       000000000D    527
     144       0       2       1       0                 TRM_SRF      11D    528
     110     940       1       1       0       0       0       001010000D    529
     110       0       2       2       0                    LINE      64D    530
     124     942       1       1       0       0       0       001000000D    531
     124       0       0       2       0                   XFORM      46D    532
     100     944       1       1       0       0     531       001010000D    533
     100       0       2       1       0                     ARC      46D    534
     120     945       1       1       0       0       0       001010000D    535
     120       0       2       1       0                    SREV       8D    536
     124     946       1       1       0       0       0       001000000D    537
     124       0       0       2       0                   XFORM      47D    538
     100     948       1       1       0       0     537       001010000D    539
     100       0       0       2       0                     ARC      47D    540
     124     950       1       1       0       0       0       001000000D    541
     124       0       0       3       0                   XFORM      48D    542
     100     953       1       1       0       0     541       001010000D    543
     100       0       0       2       0                     ARC      48D    544
     102     955       1       1       0       0       0       001010000D    545
     102       0       0       1       0                  CCURVE      29D    546
     110     956       1       1       0       0       0       001010500D    547
     110       0     -15       1       0                    LINE      65D    548
     110     957       1       1       0       0       0       001010500D    549
     110       0     -15       1       0                    LINE      66D    550
     126     958       1       1       0       0       0       001010500D    551
     126       0     -15      35       0                B_SPLINE      36D    552
     110     993       1       1       0       0       0       001010500D    553
     110       0     -15       1       0                    LINE      67D    554
     110     994       1       1       0       0       0       001010500D    555
     110       0     -15       1       0                    LINE      68D    556
     110     995       1       1       0       0       0       001010500D    557
     110       0       0       1       0                    LINE      69D    558
     102     996       1       1       0       0       0       001010500D    559
     102       0       0       1       0                  CCURVE      30D    560
     142     997       1       1       0       0       0       001010500D    561
     142       0       0       1       0                  UV_BND      15D    562
     144     998       1       1       0       0       0       000000000D    563
     144       0       2       1       0                 TRM_SRF      12D    564
     128     999       1       1       0       0       0       001010000D    565
     128       0       2       9       0                  SPLSRF       5D    566
     102    1008       1       1       0       0       0       001010000D    567
     102       0       0       1       0                  CCURVE      31D    568
     110    1009       1       1       0       0       0       001010500D    569
     110       0     -15       2       0                    LINE      70D    570
     126    1011       1       1       0       0       0       001010500D    571
     126       0     -15       8       0                B_SPLINE      37D    572
     126    1019       1       1       0       0       0       001010500D    573
     126       0     -15      35       0                B_SPLINE      38D    574
     126    1054       1       1       0       0       0       001010500D    575
     126       0     -15       8       0                B_SPLINE      39D    576
     102    1062       1       1       0       0       0       001010500D    577
     102       0       0       1       0                  CCURVE      32D    578
     142    1063       1       1       0       0       0       001010500D    579
     142       0       0       1       0                  UV_BND      16D    580
     124    1064       1       1       0       0       0       001000000D    581
     124       0       0       3       0                   XFORM      49D    582
     100    1067       1       1       0       0     581       001010000D    583
     100       0       0       1       0                     ARC      49D    584
     124    1068       1       1       0       0       0       001000000D    585
     124       0       0       3       0                   XFORM      50D    586
     100    1071       1       1       0       0     585       001010000D    587
     100       0       0       1       0                     ARC      50D    588
     102    1072       1       1       0       0       0       001010000D    589
     102       0       0       1       0                  CCURVE      33D    590
     126    1073       1       1       0       0       0       001010500D    591
     126       0     -15      18       0                B_SPLINE      40D    592
     126    1091       1       1       0       0       0       001010500D    593
     126       0     -15      18       0                B_SPLINE      41D    594
     102    1109       1       1       0       0       0       001010500D    595
     102       0       0       1       0                  CCURVE      34D    596
     142    1110       1       1       0       0       0       001010500D    597
     142       0       0       1       0                  UV_BND      17D    598
     144    1111       1       1       0       0       0       000000000D    599
     144       0       2       1       0                 TRM_SRF      13D    600
     110    1112       1       1       0       0       0       001010000D    601
     110       0       2       2       0                    LINE      71D    602
     110    1114       1       1       0       0       0       001010000D    603
     110       0       2       2       0                    LINE      72D    604
     120    1116       1       1       0       0       0       001010000D    605
     120       0       2       1       0                    SREV       9D    606
     110    1117       1       1       0       0       0       001010000D    607
     110       0       0       2       0                    LINE      73D    608
     102    1119       1       1       0       0       0       001010000D    609
     102       0       0       1       0                  CCURVE      35D    610
     110    1120       1       1       0       0       0       001010500D    611
     110       0     -15       2       0                    LINE      74D    612
     126    1122       1       1       0       0       0       001010500D    613
     126       0     -15      11       0                B_SPLINE      42D    614
     110    1133       1       1       0       0       0       001010500D    615
     110       0     -15       1       0                    LINE      75D    616
     126    1134       1       1       0       0       0       001010500D    617
     126       0     -15      11       0                B_SPLINE      43D    618
     102    1145       1       1       0       0       0       001010500D    619
     102       0       0       1       0                  CCURVE      36D    620
     142    1146       1       1       0       0       0       001010500D    621
     142       0       0       1       0                  UV_BND      18D    622
     144    1147       1       1       0       0       0       000000000D    623
     144       0       2       1       0                 TRM_SRF      14D    624
     128    1148       1       1       0       0       0       001010000D    625
     128       0       2       9       0                  SPLSRF       6D    626
     102    1157       1       1       0       0       0       001010000D    627
     102       0       0       1       0                  CCURVE      37D    628
     110    1158       1       1       0       0       0       001010500D    629
     110       0     -15       2       0                    LINE      76D    630
     126    1160       1       1       0       0       0       001010500D    631
     126       0     -15      10       0                B_SPLINE      44D    632
     126    1170       1       1       0       0       0       001010500D    633
     126       0     -15      10       0                B_SPLINE      45D    634
     102    1180       1       1       0       0       0       001010500D    635
     102       0       0       1       0                  CCURVE      38D    636
     142    1181       1       1       0       0       0       001010500D    637
     142       0       0       1       0                  UV_BND      19D    638
     144    1182       1       1       0       0       0       000000000D    639
     144       0       2       1       0                 TRM_SRF      15D    640
     110    1183       1       1       0       0       0       001010000D    641
     110       0       2       2       0                    LINE      77D    642
     110    1185       1       1       0       0       0       001010000D    643
     110       0       2       2       0                    LINE      78D    644
     120    1187       1       1       0       0       0       001010000D    645
     120       0       2       1       0                    SREV      10D    646
     110    1188       1       1       0       0       0       001010000D    647
     110       0       0       2       0                    LINE      79D    648
     124    1190       1       1       0       0       0       001000000D    649
     124       0       0       2       0                   XFORM      51D    650
     100    1192       1       1       0       0     649       001010000D    651
     100       0       0       1       0                     ARC      51D    652
     110    1193       1       1       0       0       0       001010000D    653
     110       0       0       2       0                    LINE      80D    654
     124    1195       1       1       0       0       0       001000000D    655
     124       0       0       2       0                   XFORM      52D    656
     100    1197       1       1       0       0     655       001010000D    657
     100       0       0       2       0                     ARC      52D    658
     126    1199       1       1       0       0       0       001010000D    659
     126       0       0       9       0                B_SPLINE      46D    660
     124    1208       1       1       0       0       0       001000000D    661
     124       0       0       3       0                   XFORM      53D    662
     100    1211       1       1       0       0     661       001010000D    663
     100       0       0       2       0                     ARC      53D    664
     102    1213       1       1       0       0       0       001010000D    665
     102       0       0       1       0                  CCURVE      39D    666
     110    1214       1       1       0       0       0       001010500D    667
     110       0     -15       2       0                    LINE      81D    668
     110    1216       1       1       0       0       0       001010500D    669
     110       0     -15       2       0                    LINE      82D    670
     110    1218       1       1       0       0       0       001010500D    671
     110       0     -15       2       0                    LINE      83D    672
     110    1220       1       1       0       0       0       001010500D    673
     110       0     -15       2       0                    LINE      84D    674
     126    1222       1       1       0       0       0       001010500D    675
     126       0     -15      11       0                B_SPLINE      47D    676
     126    1233       1       1       0       0       0       001010500D    677
     126       0     -15       8       0                B_SPLINE      48D    678
     110    1241       1       1       0       0       0       001010500D    679
     110       0     -15       2       0                    LINE      85D    680
     110    1243       1       1       0       0       0       001010500D    681
     110       0     -15       2       0                    LINE      86D    682
     126    1245       1       1       0       0       0       001010500D    683
     126       0     -15       8       0                B_SPLINE      49D    684
     126    1253       1       1       0       0       0       001010500D    685
     126       0     -15      11       0                B_SPLINE      50D    686
     110    1264       1       1       0       0       0       001010500D    687
     110       0     -15       2       0                    LINE      87D    688
     102    1266       1       1       0       0       0       001010500D    689
     102       0       0       1       0                  CCURVE      40D    690
     142    1267       1       1       0       0       0       001010500D    691
     142       0       0       1       0                  UV_BND      20D    692
     144    1268       1       1       0       0       0       000000000D    693
     144       0       2       1       0                 TRM_SRF      16D    694
     110    1269       1       1       0       0       0       001010000D    695
     110       0       2       2       0                    LINE      88D    696
     110    1271       1       1       0       0       0       001010000D    697
     110       0       2       2       0                    LINE      89D    698
     120    1273       1       1       0       0       0       001010000D    699
     120       0       2       1       0                    SREV      11D    700
     110    1274       1       1       0       0       0       001010000D    701
     110       0       0       2       0                    LINE      90D    702
     110    1276       1       1       0       0       0       001010000D    703
     110       0       0       2       0                    LINE      91D    704
     102    1278       1       1       0       0       0       001010000D    705
     102       0       0       1       0                  CCURVE      41D    706
     110    1279       1       1       0       0       0       001010500D    707
     110       0     -15       2       0                    LINE      92D    708
     110    1281       1       1       0       0       0       001010500D    709
     110       0     -15       2       0                    LINE      93D    710
     110    1283       1       1       0       0       0       001010500D    711
     110       0     -15       2       0                    LINE      94D    712
     110    1285       1       1       0       0       0       001010500D    713
     110       0     -15       2       0                    LINE      95D    714
     102    1287       1       1       0       0       0       001010500D    715
     102       0       0       1       0                  CCURVE      42D    716
     142    1288       1       1       0       0       0       001010500D    717
     142       0       0       1       0                  UV_BND      21D    718
     144    1289       1       1       0       0       0       000000000D    719
     144       0       2       1       0                 TRM_SRF      17D    720
     110    1290       1       1       0       0       0       001010000D    721
     110       0     -15       2       0                    LINE      96D    722
     110    1292       1       1       0       0       0       001010000D    723
     110       0     -15       2       0                    LINE      97D    724
     120    1294       1       1       0       0       0       001010000D    725
     120       0     -15       1       0                    SREV      12D    726
     124    1295       1       1       0       0       0       001000000D    727
     124       0       0       2       0                   XFORM      54D    728
     100    1297       1       1       0       0     727       001010000D    729
     100       0       0       1       0                     ARC      54D    730
     110    1298       1       1       0       0       0       001010000D    731
     110       0       0       2       0                    LINE      98D    732
     110    1300       1       1       0       0       0       001010000D    733
     110       0       0       2       0                    LINE      99D    734
     102    1302       1       1       0       0       0       001010000D    735
     102       0       0       1       0                  CCURVE      43D    736
     110    1303       1       1       0       0       0       001010500D    737
     110       0     -15       2       0                    LINE     100D    738
     110    1305       1       1       0       0       0       001010500D    739
     110       0     -15       2       0                    LINE     101D    740
     110    1307       1       1       0       0       0       001010500D    741
     110       0     -15       2       0                    LINE     102D    742
     110    1309       1       1       0       0       0       001010500D    743
     110       0     -15       1       0                    LINE     103D    744
     102    1310       1       1       0       0       0       001010500D    745
     102       0       0       1       0                  CCURVE      44D    746
     142    1311       1       1       0       0       0       001010500D    747
     142       0       0       1       0                  UV_BND      22D    748
     144    1312       1       1       0       0       0       000000000D    749
     144       0     -15       1       0                 TRM_SRF      18D    750
     128    1313       1       1       0       0       0       001010000D    751
     128       0     -15       9       0                  SPLSRF       7D    752
     102    1322       1       1       0       0       0       001010000D    753
     102       0       0       1       0                  CCURVE      45D    754
     126    1323       1       1       0       0       0       001010500D    755
     126       0     -15      18       0                B_SPLINE      51D    756
     126    1341       1       1       0       0       0       001010500D    757
     126       0     -15      18       0                B_SPLINE      52D    758
     102    1359       1       1       0       0       0       001010500D    759
     102       0       0       1       0                  CCURVE      46D    760
     142    1360       1       1       0       0       0       001010500D    761
     142       0       0       1       0                  UV_BND      23D    762
     102    1361       1       1       0       0       0       001010000D    763
     102       0       0       1       0                  CCURVE      47D    764
     126    1362       1       1       0       0       0       001010500D    765
     126       0     -15      16       0                B_SPLINE      53D    766
     126    1378       1       1       0       0       0       001010500D    767
     126       0     -15      16       0                B_SPLINE      54D    768
     102    1394       1       1       0       0       0       001010500D    769
     102       0       0       1       0                  CCURVE      48D    770
     142    1395       1       1       0       0       0       001010500D    771
     142       0       0       1       0                  UV_BND      24D    772
     144    1396       1       1       0       0       0       000000000D    773
     144       0     -15       1       0                 TRM_SRF      19D    774
     110    1397       1       1       0       0       0       001010000D    775
     110       0     -15       2       0                    LINE     104D    776
     110    1399       1       1       0       0       0       001010000D    777
     110       0     -15       2       0                    LINE     105D    778
     120    1401       1       1       0       0       0       001010000D    779
     120       0     -15       1       0                    SREV      13D    780
     124    1402       1       1       0       0       0       001000000D    781
     124       0       0       2       0                   XFORM      55D    782
     100    1404       1       1       0       0     781       001010000D    783
     100       0       0       1       0                     ARC      55D    784
     102    1405       1       1       0       0       0       001010000D    785
     102       0       0       1       0                  CCURVE      49D    786
     110    1406       1       1       0       0       0       001010500D    787
     110       0     -15       2       0                    LINE     106D    788
     110    1408       1       1       0       0       0       001010500D    789
     110       0     -15       2       0                    LINE     107D    790
     110    1410       1       1       0       0       0       001010500D    791
     110       0     -15       2       0                    LINE     108D    792
     110    1412       1       1       0       0       0       001010500D    793
     110       0     -15       2       0                    LINE     109D    794
     102    1414       1       1       0       0       0       001010500D    795
     102       0       0       1       0                  CCURVE      50D    796
     142    1415       1       1       0       0       0       001010500D    797
     142       0       0       1       0                  UV_BND      25D    798
     144    1416       1       1       0       0       0       000000000D    799
     144       0     -15       1       0                 TRM_SRF      20D    800
     110    1417       1       1       0       0       0       001010000D    801
     110       0     -15       2       0                    LINE     110D    802
     110    1419       1       1       0       0       0       001010000D    803
     110       0     -15       2       0                    LINE     111D    804
     120    1421       1       1       0       0       0       001010000D    805
     120       0     -15       1       0                    SREV      14D    806
     102    1422       1       1       0       0       0       001010000D    807
     102       0       0       1       0                  CCURVE      51D    808
     110    1423       1       1       0       0       0       001010500D    809
     110       0     -15       2       0                    LINE     112D    810
     110    1425       1       1       0       0       0       001010500D    811
     110       0     -15       2       0                    LINE     113D    812
     110    1427       1       1       0       0       0       001010500D    813
     110       0     -15       2       0                    LINE     114D    814
     110    1429       1       1       0       0       0       001010500D    815
     110       0     -15       2       0                    LINE     115D    816
     102    1431       1       1       0       0       0       001010500D    817
     102       0       0       1       0                  CCURVE      52D    818
     142    1432       1       1       0       0       0       001010500D    819
     142       0       0       1       0                  UV_BND      26D    820
     144    1433       1       1       0       0       0       000000000D    821
     144       0     -15       1       0                 TRM_SRF      21D    822
     110    1434       1       1       0       0       0       001010000D    823
     110       0     -15       2       0                    LINE     116D    824
     110    1436       1       1       0       0       0       001010000D    825
     110       0     -15       2       0                    LINE     117D    826
     120    1438       1       1       0       0       0       001010000D    827
     120       0     -15       1       0                    SREV      15D    828
     110    1439       1       1       0       0       0       001010000D    829
     110       0       0       2       0                    LINE     118D    830
     110    1441       1       1       0       0       0       001010000D    831
     110       0       0       2       0                    LINE     119D    832
     102    1443       1       1       0       0       0       001010000D    833
     102       0       0       1       0                  CCURVE      53D    834
     110    1444       1       1       0       0       0       001010500D    835
     110       0     -15       2       0                    LINE     120D    836
     110    1446       1       1       0       0       0       001010500D    837
     110       0     -15       2       0                    LINE     121D    838
     110    1448       1       1       0       0       0       001010500D    839
     110       0     -15       2       0                    LINE     122D    840
     110    1450       1       1       0       0       0       001010500D    841
     110       0     -15       1       0                    LINE     123D    842
     102    1451       1       1       0       0       0       001010500D    843
     102       0       0       1       0                  CCURVE      54D    844
     142    1452       1       1       0       0       0       001010500D    845
     142       0       0       1       0                  UV_BND      27D    846
     144    1453       1       1       0       0       0       000000000D    847
     144       0     -15       1       0                 TRM_SRF      22D    848
     128    1454       1       1       0       0       0       001010000D    849
     128       0     -15       9       0                  SPLSRF       8D    850
     102    1463       1       1       0       0       0       001010000D    851
     102       0       0       1       0                  CCURVE      55D    852
     126    1464       1       1       0       0       0       001010500D    853
     126       0     -15      18       0                B_SPLINE      55D    854
     126    1482       1       1       0       0       0       001010500D    855
     126       0     -15      18       0                B_SPLINE      56D    856
     102    1500       1       1       0       0       0       001010500D    857
     102       0       0       1       0                  CCURVE      56D    858
     142    1501       1       1       0       0       0       001010500D    859
     142       0       0       1       0                  UV_BND      28D    860
     102    1502       1       1       0       0       0       001010000D    861
     102       0       0       1       0                  CCURVE      57D    862
     126    1503       1       1       0       0       0       001010500D    863
     126       0     -15      16       0                B_SPLINE      57D    864
     126    1519       1       1       0       0       0       001010500D    865
     126       0     -15      16       0                B_SPLINE      58D    866
     102    1535       1       1       0       0       0       001010500D    867
     102       0       0       1       0                  CCURVE      58D    868
     142    1536       1       1       0       0       0       001010500D    869
     142       0       0       1       0                  UV_BND      29D    870
     144    1537       1       1       0       0       0       000000000D    871
     144       0     -15       1       0                 TRM_SRF      23D    872
     110    1538       1       1       0       0       0       001010000D    873
     110       0       8       2       0                    LINE     124D    874
     110    1540       1       1       0       0       0       001010000D    875
     110       0       8       2       0                    LINE     125D    876
     120    1542       1       1       0       0       0       001010000D    877
     120       0       8       1       0                    SREV      16D    878
     110    1543       1       1       0       0       0       001010000D    879
     110       0       0       2       0                    LINE     126D    880
     110    1545       1       1       0       0       0       001010000D    881
     110       0       0       2       0                    LINE     127D    882
     102    1547       1       1       0       0       0       001010000D    883
     102       0       0       1       0                  CCURVE      59D    884
     110    1548       1       1       0       0       0       001010500D    885
     110       0     -15       2       0                    LINE     128D    886
     110    1550       1       1       0       0       0       001010500D    887
     110       0     -15       2       0                    LINE     129D    888
     110    1552       1       1       0       0       0       001010500D    889
     110       0     -15       2       0                    LINE     130D    890
     110    1554       1       1       0       0       0       001010500D    891
     110       0     -15       2       0                    LINE     131D    892
     102    1556       1       1       0       0       0       001010500D    893
     102       0       0       1       0                  CCURVE      60D    894
     142    1557       1       1       0       0       0       001010500D    895
     142       0       0       1       0                  UV_BND      30D    896
     144    1558       1       1       0       0       0       000000000D    897
     144       0       8       1       0                 TRM_SRF      24D    898
     128    1559       1       1       0       0       0       001010000D    899
     128       0     -15       9       0                  SPLSRF       9D    900
     102    1568       1       1       0       0       0       001010000D    901
     102       0       0       1       0                  CCURVE      61D    902
     126    1569       1       1       0       0       0       001010500D    903
     126       0     -15      17       0                B_SPLINE      59D    904
     126    1586       1       1       0       0       0       001010500D    905
     126       0     -15      17       0                B_SPLINE      60D    906
     102    1603       1       1       0       0       0       001010500D    907
     102       0       0       1       0                  CCURVE      62D    908
     142    1604       1       1       0       0       0       001010500D    909
     142       0       0       1       0                  UV_BND      31D    910
     144    1605       1       1       0       0       0       000000000D    911
     144       0     -15       1       0                 TRM_SRF      25D    912
     124    1606       1       1       0       0       0       001000000D    913
     124       0       0       2       0                   XFORM      56D    914
     100    1608       1       1       0       0     913       001010000D    915
     100       0     -15       1       0                     ARC      56D    916
     124    1609       1       1       0       0       0       001000000D    917
     124       0       0       2       0                   XFORM      57D    918
     100    1611       1       1       0       0     917       001010000D    919
     100       0     -15       1       0                     ARC      57D    920
     126    1612       1       1       0       0       0       001010000D    921
     126       0     -15       7       0                B_SPLINE      61D    922
     126    1619       1       1       0       0       0       001010000D    923
     126       0     -15       9       0                B_SPLINE      62D    924
     126    1628       1       1       0       0       0       001010000D    925
     126       0     -15       9       0                B_SPLINE      63D    926
     126    1637       1       1       0       0       0       001010000D    927
     126       0     -15       7       0                B_SPLINE      64D    928
     126    1644       1       1       0       0       0       001010000D    929
     126       0     -15      52       0                B_SPLINE      65D    930
     126    1696       1       1       0       0       0       001010000D    931
     126       0     -15      10       0                B_SPLINE      66D    932
     126    1706       1       1       0       0       0       001010000D    933
     126       0     -15      28       0                B_SPLINE      67D    934
     126    1734       1       1       0       0       0       001010000D    935
     126       0     -15       7       0                B_SPLINE      68D    936
     126    1741       1       1       0       0       0       001010000D    937
     126       0     -15       9       0                B_SPLINE      69D    938
     126    1750       1       1       0       0       0       001010000D    939
     126       0     -15       7       0                B_SPLINE      70D    940
     124    1757       1       1       0       0       0       001000000D    941
     124       0       0       3       0                   XFORM      58D    942
     100    1760       1       1       0       0     941       001010000D    943
     100       0     -15       1       0                     ARC      58D    944
     126    1761       1       1       0       0       0       001010000D    945
     126       0     -15       7       0                B_SPLINE      71D    946
     126    1768       1       1       0       0       0       001010000D    947
     126       0     -15       9       0                B_SPLINE      72D    948
     126    1777       1       1       0       0       0       001010000D    949
     126       0     -15       7       0                B_SPLINE      73D    950
     126    1784       1       1       0       0       0       001010000D    951
     126       0     -15      28       0                B_SPLINE      74D    952
     126    1812       1       1       0       0       0       001010000D    953
     126       0     -15       7       0                B_SPLINE      75D    954
     124    1819       1       1       0       0       0       001000000D    955
     124       0       0       2       0                   XFORM      59D    956
     100    1821       1       1       0       0     955       001010000D    957
     100       0     -15       1       0                     ARC      59D    958
     124    1822       1       1       0       0       0       001000000D    959
     124       0       0       3       0                   XFORM      60D    960
     100    1825       1       1       0       0     959       001010000D    961
     100       0     -15       1       0                     ARC      60D    962
     126    1826       1       1       0       0       0       001010000D    963
     126       0     -15       7       0                B_SPLINE      76D    964
     124    1833       1       1       0       0       0       001000000D    965
     124       0       0       2       0                   XFORM      61D    966
     100    1835       1       1       0       0     965       001010000D    967
     100       0     -15       1       0                     ARC      61D    968
     110    1836       1       1       0       0       0       001010000D    969
     110       0     -15       2       0                    LINE     132D    970
     124    1838       1       1       0       0       0       001000000D    971
     124       0       0       2       0                   XFORM      62D    972
     100    1840       1       1       0       0     971       001010000D    973
     100       0     -15       1       0                     ARC      62D    974
     120    1841       1       1       0       0       0       001010000D    975
     120       0     -15       1       0                    SREV      17D    976
     102    1842       1       1       0       0       0       001010000D    977
     102       0       0       1       0                  CCURVE      63D    978
     110    1843       1       1       0       0       0       001010500D    979
     110       0     -15       1       0                    LINE     133D    980
     110    1844       1       1       0       0       0       001010500D    981
     110       0       0       2       0                    LINE     134D    982
     110    1846       1       1       0       0       0       001010500D    983
     110       0     -15       2       0                    LINE     135D    984
     110    1848       1       1       0       0       0       001010500D    985
     110       0       0       1       0                    LINE     136D    986
     102    1849       1       1       0       0       0       001010500D    987
     102       0       0       1       0                  CCURVE      64D    988
     142    1850       1       1       0       0       0       001010500D    989
     142       0       0       1       0                  UV_BND      32D    990
     144    1851       1       1       0       0       0       000000000D    991
     144       0     -15       1       0                 TRM_SRF      26D    992
     110    1852       1       1       0       0       0       001010000D    993
     110       0     -15       2       0                    LINE     137D    994
     124    1854       1       1       0       0       0       001000000D    995
     124       0       0       2       0                   XFORM      63D    996
     100    1856       1       1       0       0     995       001010000D    997
     100       0     -15       1       0                     ARC      63D    998
     120    1857       1       1       0       0       0       001010000D    999
     120       0     -15       1       0                    SREV      18D   1000
     126    1858       1       1       0       0       0       001010000D   1001
     126       0       0       7       0                B_SPLINE      77D   1002
     126    1865       1       1       0       0       0       001010000D   1003
     126       0       0      52       0                B_SPLINE      78D   1004
     126    1917       1       1       0       0       0       001010000D   1005
     126       0       0       7       0                B_SPLINE      79D   1006
     126    1924       1       1       0       0       0       001010000D   1007
     126       0       0       9       0                B_SPLINE      80D   1008
     126    1933       1       1       0       0       0       001010000D   1009
     126       0       0       9       0                B_SPLINE      81D   1010
     102    1942       1       1       0       0       0       001010000D   1011
     102       0       0       1       0                  CCURVE      65D   1012
     126    1943       1       1       0       0       0       001010500D   1013
     126       0     -15       5       0                B_SPLINE      82D   1014
     126    1948       1       1       0       0       0       001010500D   1015
     126       0     -15      40       0                B_SPLINE      83D   1016
     126    1988       1       1       0       0       0       001010500D   1017
     126       0     -15       5       0                B_SPLINE      84D   1018
     126    1993       1       1       0       0       0       001010500D   1019
     126       0     -15       8       0                B_SPLINE      85D   1020
     110    2001       1       1       0       0       0       001010500D   1021
     110       0       0       1       0                    LINE     138D   1022
     126    2002       1       1       0       0       0       001010500D   1023
     126       0     -15       7       0                B_SPLINE      86D   1024
     102    2009       1       1       0       0       0       001010500D   1025
     102       0       0       1       0                  CCURVE      66D   1026
     142    2010       1       1       0       0       0       001010500D   1027
     142       0       0       1       0                  UV_BND      33D   1028
     144    2011       1       1       0       0       0       000000000D   1029
     144       0     -15       1       0                 TRM_SRF      27D   1030
     110    2012       1       1       0       0       0       001010000D   1031
     110       0     -15       2       0                    LINE     139D   1032
     124    2014       1       1       0       0       0       001000000D   1033
     124       0       0       2       0                   XFORM      64D   1034
     100    2016       1       1       0       0    1033       001010000D   1035
     100       0     -15       1       0                     ARC      64D   1036
     120    2017       1       1       0       0       0       001010000D   1037
     120       0     -15       1       0                    SREV      19D   1038
     126    2018       1       1       0       0       0       001010000D   1039
     126       0       0       9       0                B_SPLINE      87D   1040
     126    2027       1       1       0       0       0       001010000D   1041
     126       0       0       7       0                B_SPLINE      88D   1042
     102    2034       1       1       0       0       0       001010000D   1043
     102       0       0       1       0                  CCURVE      67D   1044
     126    2035       1       1       0       0       0       001010500D   1045
     126       0     -15       9       0                B_SPLINE      89D   1046
     110    2044       1       1       0       0       0       001010500D   1047
     110       0       0       1       0                    LINE     140D   1048
     126    2045       1       1       0       0       0       001010500D   1049
     126       0     -15       7       0                B_SPLINE      90D   1050
     126    2052       1       1       0       0       0       001010500D   1051
     126       0     -15       5       0                B_SPLINE      91D   1052
     126    2057       1       1       0       0       0       001010500D   1053
     126       0     -15      21       0                B_SPLINE      92D   1054
     102    2078       1       1       0       0       0       001010500D   1055
     102       0       0       1       0                  CCURVE      68D   1056
     142    2079       1       1       0       0       0       001010500D   1057
     142       0       0       1       0                  UV_BND      34D   1058
     144    2080       1       1       0       0       0       000000000D   1059
     144       0     -15       1       0                 TRM_SRF      28D   1060
     110    2081       1       1       0       0       0       001010000D   1061
     110       0     -15       2       0                    LINE     141D   1062
     124    2083       1       1       0       0       0       001000000D   1063
     124       0       0       3       0                   XFORM      65D   1064
     100    2086       1       1       0       0    1063       001010000D   1065
     100       0     -15       1       0                     ARC      65D   1066
     120    2087       1       1       0       0       0       001010000D   1067
     120       0     -15       1       0                    SREV      20D   1068
     102    2088       1       1       0       0       0       001010000D   1069
     102       0       0       1       0                  CCURVE      69D   1070
     126    2089       1       1       0       0       0       001010500D   1071
     126       0     -15       8       0                B_SPLINE      93D   1072
     110    2097       1       1       0       0       0       001010500D   1073
     110       0       0       2       0                    LINE     142D   1074
     126    2099       1       1       0       0       0       001010500D   1075
     126       0     -15       8       0                B_SPLINE      94D   1076
     102    2107       1       1       0       0       0       001010500D   1077
     102       0       0       1       0                  CCURVE      70D   1078
     142    2108       1       1       0       0       0       001010500D   1079
     142       0       0       1       0                  UV_BND      35D   1080
     144    2109       1       1       0       0       0       000000000D   1081
     144       0     -15       1       0                 TRM_SRF      29D   1082
     110    2110       1       1       0       0       0       001010000D   1083
     110       0     -15       2       0                    LINE     143D   1084
     124    2112       1       1       0       0       0       001000000D   1085
     124       0       0       3       0                   XFORM      66D   1086
     100    2115       1       1       0       0    1085       001010000D   1087
     100       0     -15       1       0                     ARC      66D   1088
     120    2116       1       1       0       0       0       001010000D   1089
     120       0     -15       1       0                    SREV      21D   1090
     102    2117       1       1       0       0       0       001010000D   1091
     102       0       0       1       0                  CCURVE      71D   1092
     126    2118       1       1       0       0       0       001010500D   1093
     126       0     -15       5       0                B_SPLINE      95D   1094
     110    2123       1       1       0       0       0       001010500D   1095
     110       0     -15       1       0                    LINE     144D   1096
     110    2124       1       1       0       0       0       001010500D   1097
     110       0       0       2       0                    LINE     145D   1098
     110    2126       1       1       0       0       0       001010500D   1099
     110       0     -15       2       0                    LINE     146D   1100
     126    2128       1       1       0       0       0       001010500D   1101
     126       0     -15       5       0                B_SPLINE      96D   1102
     110    2133       1       1       0       0       0       001010500D   1103
     110       0       0       2       0                    LINE     147D   1104
     126    2135       1       1       0       0       0       001010500D   1105
     126       0     -15      21       0                B_SPLINE      97D   1106
     110    2156       1       1       0       0       0       001010500D   1107
     110       0       0       2       0                    LINE     148D   1108
     126    2158       1       1       0       0       0       001010500D   1109
     126       0     -15       5       0                B_SPLINE      98D   1110
     102    2163       1       1       0       0       0       001010500D   1111
     102       0       0       1       0                  CCURVE      72D   1112
     142    2164       1       1       0       0       0       001010500D   1113
     142       0       0       1       0                  UV_BND      36D   1114
     102    2165       1       1       0       0       0       001010000D   1115
     102       0       0       1       0                  CCURVE      73D   1116
     126    2166       1       1       0       0       0       001010500D   1117
     126       0     -15       5       0                B_SPLINE      99D   1118
     126    2171       1       1       0       0       0       001010500D   1119
     126       0     -15      39       0                B_SPLINE     100D   1120
     126    2210       1       1       0       0       0       001010500D   1121
     126       0     -15       5       0                B_SPLINE     101D   1122
     126    2215       1       1       0       0       0       001010500D   1123
     126       0     -15       5       0                B_SPLINE     102D   1124
     102    2220       1       1       0       0       0       001010500D   1125
     102       0       0       1       0                  CCURVE      74D   1126
     142    2221       1       1       0       0       0       001010500D   1127
     142       0       0       1       0                  UV_BND      37D   1128
     144    2222       1       1       0       0       0       000000000D   1129
     144       0     -15       1       0                 TRM_SRF      30D   1130
     110    2223       1       1       0       0       0       001010000D   1131
     110       0     -15       2       0                    LINE     149D   1132
     124    2225       1       1       0       0       0       001000000D   1133
     124       0       0       3       0                   XFORM      67D   1134
     100    2228       1       1       0       0    1133       001010000D   1135
     100       0     -15       1       0                     ARC      67D   1136
     120    2229       1       1       0       0       0       001010000D   1137
     120       0     -15       1       0                    SREV      22D   1138
     102    2230       1       1       0       0       0       001010000D   1139
     102       0       0       1       0                  CCURVE      75D   1140
     110    2231       1       1       0       0       0       001010500D   1141
     110       0     -15       2       0                    LINE     150D   1142
     110    2233       1       1       0       0       0       001010500D   1143
     110       0       0       2       0                    LINE     151D   1144
     126    2235       1       1       0       0       0       001010500D   1145
     126       0     -15       8       0                B_SPLINE     103D   1146
     126    2243       1       1       0       0       0       001010500D   1147
     126       0     -15       5       0                B_SPLINE     104D   1148
     102    2248       1       1       0       0       0       001010500D   1149
     102       0       0       1       0                  CCURVE      76D   1150
     142    2249       1       1       0       0       0       001010500D   1151
     142       0       0       1       0                  UV_BND      38D   1152
     144    2250       1       1       0       0       0       000000000D   1153
     144       0     -15       1       0                 TRM_SRF      31D   1154
     110    2251       1       1       0       0       0       001010000D   1155
     110       0     -15       2       0                    LINE     152D   1156
     124    2253       1       1       0       0       0       001000000D   1157
     124       0       0       3       0                   XFORM      68D   1158
     100    2256       1       1       0       0    1157       001010000D   1159
     100       0     -15       1       0                     ARC      68D   1160
     120    2257       1       1       0       0       0       001010000D   1161
     120       0     -15       1       0                    SREV      23D   1162
     102    2258       1       1       0       0       0       001010000D   1163
     102       0       0       1       0                  CCURVE      77D   1164
     126    2259       1       1       0       0       0       001010500D   1165
     126       0     -15       8       0                B_SPLINE     105D   1166
     110    2267       1       1       0       0       0       001010500D   1167
     110       0       0       2       0                    LINE     153D   1168
     110    2269       1       1       0       0       0       001010500D   1169
     110       0     -15       1       0                    LINE     154D   1170
     126    2270       1       1       0       0       0       001010500D   1171
     126       0     -15       5       0                B_SPLINE     106D   1172
     102    2275       1       1       0       0       0       001010500D   1173
     102       0       0       1       0                  CCURVE      78D   1174
     142    2276       1       1       0       0       0       001010500D   1175
     142       0       0       1       0                  UV_BND      39D   1176
     144    2277       1       1       0       0       0       000000000D   1177
     144       0     -15       1       0                 TRM_SRF      32D   1178
     406    2278       1       1       0       0       0       001000000D   1179
     406       0       0       1      15                    PROP       1D   1180
     402    2279       1       1       0       0       0       000000300D   1181
     402       0       0      28       7                   LAYER       1D   1182
     406    2307       1       1       0       0       0       001000000D   1183
     406       0       0       1      15                    PROP       2D   1184
     402    2308       1       1       0       0       0       000000300D   1185
     402       0       0      28       7                   LAYER       2D   1186
     126    2336       1       1       0       0       0       001010000D   1187
     126       0       0      23       0                B_SPLINE     107D   1188
     110    2359       1       1       0       0       0       001010000D   1189
     110       0       0       2       0                    LINE     155D   1190
     126    2361       1       1       0       0       0       001010000D   1191
     126       0       0      23       0                B_SPLINE     108D   1192
     110    2384       1       1       0       0       0       001010000D   1193
     110       0       0       2       0                    LINE     156D   1194
     124    2386       1       1       0       0       0       001000000D   1195
     124       0       0       3       0                   XFORM      69D   1196
     100    2389       1       1       0       0    1195       001010000D   1197
     100       0       0       1       0                     ARC      69D   1198
     124    2390       1       1       0       0       0       001000000D   1199
     124       0       0       3       0                   XFORM      70D   1200
     100    2393       1       1       0       0    1199       001010000D   1201
     100       0       0       1       0                     ARC      70D   1202
     124    2394       1       1       0       0       0       001000000D   1203
     124       0       0       3       0                   XFORM      71D   1204
     100    2397       1       1       0       0    1203       001010000D   1205
     100       0       0       1       0                     ARC      71D   1206
     124    2398       1       1       0       0       0       001000000D   1207
     124       0       0       3       0                   XFORM      72D   1208
     100    2401       1       1       0       0    1207       001010000D   1209
     100       0       0       1       0                     ARC      72D   1210
     124    2402       1       1       0       0       0       001000000D   1211
     124       0       0       3       0                   XFORM      73D   1212
     100    2405       1       1       0       0    1211       001010000D   1213
     100       0       0       1       0                     ARC      73D   1214
     110    2406       1       1       0       0       0       001010000D   1215
     110       0       0       2       0                    LINE     157D   1216
     124    2408       1       1       0       0       0       001000000D   1217
     124       0       0       3       0                   XFORM      74D   1218
     100    2411       1       1       0       0    1217       001010000D   1219
     100       0       0       1       0                     ARC      74D   1220
     110    2412       1       1       0       0       0       001010000D   1221
     110       0       0       2       0                    LINE     158D   1222
     110    2414       1       1       0       0       0       001010000D   1223
     110       0       0       2       0                    LINE     159D   1224
     110    2416       1       1       0       0       0       001010000D   1225
     110       0       0       2       0                    LINE     160D   1226
     110    2418       1       1       0       0       0       001010000D   1227
     110       0       0       2       0                    LINE     161D   1228
     110    2420       1       1       0       0       0       001010000D   1229
     110       0       0       2       0                    LINE     162D   1230
     124    2422       1       1       0       0       0       001000000D   1231
     124       0       0       3       0                   XFORM      75D   1232
     100    2425       1       1       0       0    1231       001010000D   1233
     100       0       0       1       0                     ARC      75D   1234
     124    2426       1       1       0       0       0       001000000D   1235
     124       0       0       4       0                   XFORM      76D   1236
     100    2430       1       1       0       0    1235       001010000D   1237
     100       0       0       2       0                     ARC      76D   1238
     124    2432       1       1       0       0       0       001000000D   1239
     124       0       0       4       0                   XFORM      77D   1240
     100    2436       1       1       0       0    1239       001010000D   1241
     100       0       0       2       0                     ARC      77D   1242
     124    2438       1       1       0       0       0       001000000D   1243
     124       0       0       4       0                   XFORM      78D   1244
     100    2442       1       1       0       0    1243       001010000D   1245
     100       0       0       2       0                     ARC      78D   1246
     124    2444       1       1       0       0       0       001000000D   1247
     124       0       0       4       0                   XFORM      79D   1248
     100    2448       1       1       0       0    1247       001010000D   1249
     100       0       0       2       0                     ARC      79D   1250
     124    2450       1       1       0       0       0       001000000D   1251
     124       0       0       4       0                   XFORM      80D   1252
     100    2454       1       1       0       0    1251       001010000D   1253
     100       0       0       2       0                     ARC      80D   1254
     124    2456       1       1       0       0       0       001000000D   1255
     124       0       0       3       0                   XFORM      81D   1256
     100    2459       1       1       0       0    1255       001010000D   1257
     100       0       0       1       0                     ARC      81D   1258
     124    2460       1       1       0       0       0       001000000D   1259
     124       0       0       3       0                   XFORM      82D   1260
     100    2463       1       1       0       0    1259       001010000D   1261
     100       0       0       1       0                     ARC      82D   1262
     110    2464       1       1       0       0       0       001010000D   1263
     110       0       0       2       0                    LINE     163D   1264
     110    2466       1       1       0       0       0       001010000D   1265
     110       0       0       2       0                    LINE     164D   1266
     124    2468       1       1       0       0       0       001000000D   1267
     124       0       0       4       0                   XFORM      83D   1268
     100    2472       1       1       0       0    1267       001010000D   1269
     100       0       0       2       0                     ARC      83D   1270
     124    2474       1       1       0       0       0       001000000D   1271
     124       0       0       4       0                   XFORM      84D   1272
     100    2478       1       1       0       0    1271       001010000D   1273
     100       0       0       2       0                     ARC      84D   1274
     124    2480       1       1       0       0       0       001000000D   1275
     124       0       0       3       0                   XFORM      85D   1276
     100    2483       1       1       0       0    1275       001010000D   1277
     100       0       0       1       0                     ARC      85D   1278
     124    2484       1       1       0       0       0       001000000D   1279
     124       0       0       3       0                   XFORM      86D   1280
     100    2487       1       1       0       0    1279       001010000D   1281
     100       0       0       1       0                     ARC      86D   1282
     124    2488       1       1       0       0       0       001000000D   1283
     124       0       0       4       0                   XFORM      87D   1284
     100    2492       1       1       0       0    1283       001010000D   1285
     100       0       0       2       0                     ARC      87D   1286
     124    2494       1       1       0       0       0       001000000D   1287
     124       0       0       4       0                   XFORM      88D   1288
     100    2498       1       1       0       0    1287       001010000D   1289
     100       0       0       2       0                     ARC      88D   1290
     124    2500       1       1       0       0       0       001000000D   1291
     124       0       0       4       0                   XFORM      89D   1292
     100    2504       1       1       0       0    1291       001010000D   1293
     100       0       0       2       0                     ARC      89D   1294
     124    2506       1       1       0       0       0       001000000D   1295
     124       0       0       4       0                   XFORM      90D   1296
     100    2510       1       1       0       0    1295       001010000D   1297
     100       0       0       2       0                     ARC      90D   1298
     110    2512       1       1       0       0       0       001010000D   1299
     110       0       0       2       0                    LINE     165D   1300
     110    2514       1       1       0       0       0       001010000D   1301
     110       0       0       2       0                    LINE     166D   1302
     110    2516       1       1       0       0       0       001010000D   1303
     110       0       0       2       0                    LINE     167D   1304
     110    2518       1       1       0       0       0       001010000D   1305
     110       0       0       2       0                    LINE     168D   1306
     110    2520       1       1       0       0       0       001010000D   1307
     110       0       0       2       0                    LINE     169D   1308
     126    2522       1       1       0       0       0       001010000D   1309
     126       0       0      14       0                B_SPLINE     109D   1310
     126    2536       1       1       0       0       0       001010000D   1311
     126       0       0      14       0                B_SPLINE     110D   1312
     110    2550       1       1       0       0       0       001010000D   1313
     110       0       0       2       0                    LINE     170D   1314
     124    2552       1       1       0       0       0       001000000D   1315
     124       0       0       3       0                   XFORM      91D   1316
     100    2555       1       1       0       0    1315       001010000D   1317
     100       0       0       1       0                     ARC      91D   1318
     124    2556       1       1       0       0       0       001000000D   1319
     124       0       0       3       0                   XFORM      92D   1320
     100    2559       1       1       0       0    1319       001010000D   1321
     100       0       0       1       0                     ARC      92D   1322
     126    2560       1       1       0       0       0       001010000D   1323
     126       0       0      14       0                B_SPLINE     111D   1324
     126    2574       1       1       0       0       0       001010000D   1325
     126       0       0      14       0                B_SPLINE     112D   1326
     126    2588       1       1       0       0       0       001010000D   1327
     126       0       0      14       0                B_SPLINE     113D   1328
     126    2602       1       1       0       0       0       001010000D   1329
     126       0       0      14       0                B_SPLINE     114D   1330
     110    2616       1       1       0       0       0       001010000D   1331
     110       0       0       2       0                    LINE     171D   1332
     126    2618       1       1       0       0       0       001010000D   1333
     126       0       0      14       0                B_SPLINE     115D   1334
     126    2632       1       1       0       0       0       001010000D   1335
     126       0       0      14       0                B_SPLINE     116D   1336
     110    2646       1       1       0       0       0       001010000D   1337
     110       0       0       2       0                    LINE     172D   1338
     124    2648       1       1       0       0       0       001000000D   1339
     124       0       0       3       0                   XFORM      93D   1340
     100    2651       1       1       0       0    1339       001010000D   1341
     100       0       0       1       0                     ARC      93D   1342
     124    2652       1       1       0       0       0       001000000D   1343
     124       0       0       3       0                   XFORM      94D   1344
     100    2655       1       1       0       0    1343       001010000D   1345
     100       0       0       1       0                     ARC      94D   1346
     110    2656       1       1       0       0       0       001010000D   1347
     110       0       0       2       0                    LINE     173D   1348
     124    2658       1       1       0       0       0       001000000D   1349
     124       0       0       3       0                   XFORM      95D   1350
     100    2661       1       1       0       0    1349       001010000D   1351
     100       0       0       1       0                     ARC      95D   1352
     110    2662       1       1       0       0       0       001010000D   1353
     110       0       0       2       0                    LINE     174D   1354
     124    2664       1       1       0       0       0       001000000D   1355
     124       0       0       3       0                   XFORM      96D   1356
     100    2667       1       1       0       0    1355       001010000D   1357
     100       0       0       1       0                     ARC      96D   1358
     126    2668       1       1       0       0       0       001010000D   1359
     126       0       0      23       0                B_SPLINE     117D   1360
     110    2691       1       1       0       0       0       001010000D   1361
     110       0       0       2       0                    LINE     175D   1362
     126    2693       1       1       0       0       0       001010000D   1363
     126       0       0      23       0                B_SPLINE     118D   1364
     110    2716       1       1       0       0       0       001010000D   1365
     110       0       0       2       0                    LINE     176D   1366
     124    2718       1       1       0       0       0       001000000D   1367
     124       0       0       3       0                   XFORM      97D   1368
     100    2721       1       1       0       0    1367       001010000D   1369
     100       0       0       1       0                     ARC      97D   1370
     124    2722       1       1       0       0       0       001000000D   1371
     124       0       0       3       0                   XFORM      98D   1372
     100    2725       1       1       0       0    1371       001010000D   1373
     100       0       0       1       0                     ARC      98D   1374
     126    2726       1       1       0       0       0       001010000D   1375
     126       0       0      23       0                B_SPLINE     119D   1376
     110    2749       1       1       0       0       0       001010000D   1377
     110       0       0       2       0                    LINE     177D   1378
     126    2751       1       1       0       0       0       001010000D   1379
     126       0       0      23       0                B_SPLINE     120D   1380
     110    2774       1       1       0       0       0       001010000D   1381
     110       0       0       2       0                    LINE     178D   1382
     124    2776       1       1       0       0       0       001000000D   1383
     124       0       0       3       0                   XFORM      99D   1384
     100    2779       1       1       0       0    1383       001010000D   1385
     100       0       0       1       0                     ARC      99D   1386
     124    2780       1       1       0       0       0       001000000D   1387
     124       0       0       3       0                   XFORM     100D   1388
     100    2783       1       1       0       0    1387       001010000D   1389
     100       0       0       1       0                     ARC     100D   1390
     110    2784       1       1       0       0       0       001010000D   1391
     110       0       0       2       0                    LINE     179D   1392
     126    2786       1       1       0       0       0       001010000D   1393
     126       0       0      14       0                B_SPLINE     121D   1394
     126    2800       1       1       0       0       0       001010000D   1395
     126       0       0      14       0                B_SPLINE     122D   1396
     110    2814       1       1       0       0       0       001010000D   1397
     110       0       0       2       0                    LINE     180D   1398
     124    2816       1       1       0       0       0       001000000D   1399
     124       0       0       3       0                   XFORM     101D   1400
     100    2819       1       1       0       0    1399       001010000D   1401
     100       0       0       1       0                     ARC     101D   1402
     124    2820       1       1       0       0       0       001000000D   1403
     124       0       0       3       0                   XFORM     102D   1404
     100    2823       1       1       0       0    1403       001010000D   1405
     100       0       0       1       0                     ARC     102D   1406
     126    2824       1       1       0       0       0       001010000D   1407
     126       0       0      14       0                B_SPLINE     123D   1408
     126    2838       1       1       0       0       0       001010000D   1409
     126       0       0      14       0                B_SPLINE     124D   1410
     126    2852       1       1       0       0       0       001010000D   1411
     126       0       0      14       0                B_SPLINE     125D   1412
     126    2866       1       1       0       0       0       001010000D   1413
     126       0       0      14       0                B_SPLINE     126D   1414
     110    2880       1       1       0       0       0       001010000D   1415
     110       0       0       2       0                    LINE     181D   1416
     126    2882       1       1       0       0       0       001010000D   1417
     126       0       0      14       0                B_SPLINE     127D   1418
     126    2896       1       1       0       0       0       001010000D   1419
     126       0       0      14       0                B_SPLINE     128D   1420
     110    2910       1       1       0       0       0       001010000D   1421
     110       0       0       2       0                    LINE     182D   1422
     124    2912       1       1       0       0       0       001000000D   1423
     124       0       0       3       0                   XFORM     103D   1424
     100    2915       1       1       0       0    1423       001010000D   1425
     100       0       0       1       0                     ARC     103D   1426
     124    2916       1       1       0       0       0       001000000D   1427
     124       0       0       3       0                   XFORM     104D   1428
     100    2919       1       1       0       0    1427       001010000D   1429
     100       0       0       1       0                     ARC     104D   1430
     126    2920       1       1       0       0       0       001010000D   1431
     126       0       0      23       0                B_SPLINE     129D   1432
     110    2943       1       1       0       0       0       001010000D   1433
     110       0       0       2       0                    LINE     183D   1434
     126    2945       1       1       0       0       0       001010000D   1435
     126       0       0      23       0                B_SPLINE     130D   1436
     110    2968       1       1       0       0       0       001010000D   1437
     110       0       0       2       0                    LINE     184D   1438
     124    2970       1       1       0       0       0       001000000D   1439
     124       0       0       3       0                   XFORM     105D   1440
     100    2973       1       1       0       0    1439       001010000D   1441
     100       0       0       1       0                     ARC     105D   1442
     124    2974       1       1       0       0       0       001000000D   1443
     124       0       0       3       0                   XFORM     106D   1444
     100    2977       1       1       0       0    1443       001010000D   1445
     100       0       0       1       0                     ARC     106D   1446
     126    2978       1       1       0       0       0       001010000D   1447
     126       0       0      23       0                B_SPLINE     131D   1448
     110    3001       1       1       0       0       0       001010000D   1449
     110       0       0       2       0                    LINE     185D   1450
     126    3003       1       1       0       0       0       001010000D   1451
     126       0       0      23       0                B_SPLINE     132D   1452
     110    3026       1       1       0       0       0       001010000D   1453
     110       0       0       2       0                    LINE     186D   1454
     124    3028       1       1       0       0       0       001000000D   1455
     124       0       0       3       0                   XFORM     107D   1456
     100    3031       1       1       0       0    1455       001010000D   1457
     100       0       0       1       0                     ARC     107D   1458
     124    3032       1       1       0       0       0       001000000D   1459
     124       0       0       3       0                   XFORM     108D   1460
     100    3035       1       1       0       0    1459       001010000D   1461
     100       0       0       1       0                     ARC     108D   1462
     126    3036       1       1       0       0       0       001010000D   1463
     126       0       0      23       0                B_SPLINE     133D   1464
     110    3059       1       1       0       0       0       001010000D   1465
     110       0       0       2       0                    LINE     187D   1466
     126    3061       1       1       0       0       0       001010000D   1467
     126       0       0      23       0                B_SPLINE     134D   1468
     110    3084       1       1       0       0       0       001010000D   1469
     110       0       0       2       0                    LINE     188D   1470
     124    3086       1       1       0       0       0       001000000D   1471
     124       0       0       3       0                   XFORM     109D   1472
     100    3089       1       1       0       0    1471       001010000D   1473
     100       0       0       1       0                     ARC     109D   1474
     124    3090       1       1       0       0       0       001000000D   1475
     124       0       0       3       0                   XFORM     110D   1476
     100    3093       1       1       0       0    1475       001010000D   1477
     100       0       0       1       0                     ARC     110D   1478
     126    3094       1       1       0       0       0       001010000D   1479
     126       0       0      23       0                B_SPLINE     135D   1480
     110    3117       1       1       0       0       0       001010000D   1481
     110       0       0       2       0                    LINE     189D   1482
     126    3119       1       1       0       0       0       001010000D   1483
     126       0       0      23       0                B_SPLINE     136D   1484
     110    3142       1       1       0       0       0       001010000D   1485
     110       0       0       2       0                    LINE     190D   1486
     124    3144       1       1       0       0       0       001000000D   1487
     124       0       0       3       0                   XFORM     111D   1488
     100    3147       1       1       0       0    1487       001010000D   1489
     100       0       0       1       0                     ARC     111D   1490
     124    3148       1       1       0       0       0       001000000D   1491
     124       0       0       3       0                   XFORM     112D   1492
     100    3151       1       1       0       0    1491       001010000D   1493
     100       0       0       1       0                     ARC     112D   1494
     126    3152       1       1       0       0       0       001010000D   1495
     126       0       0      23       0                B_SPLINE     137D   1496
     110    3175       1       1       0       0       0       001010000D   1497
     110       0       0       2       0                    LINE     191D   1498
     126    3177       1       1       0       0       0       001010000D   1499
     126       0       0      23       0                B_SPLINE     138D   1500
     110    3200       1       1       0       0       0       001010000D   1501
     110       0       0       2       0                    LINE     192D   1502
     124    3202       1       1       0       0       0       001000000D   1503
     124       0       0       3       0                   XFORM     113D   1504
     100    3205       1       1       0       0    1503       001010000D   1505
     100       0       0       1       0                     ARC     113D   1506
     124    3206       1       1       0       0       0       001000000D   1507
     124       0       0       3       0                   XFORM     114D   1508
     100    3209       1       1       0       0    1507       001010000D   1509
     100       0       0       1       0                     ARC     114D   1510
     110    3210       1       1       0       0       0       001010000D   1511
     110       0       2       2       0                    LINE     193D   1512
     110    3212       1       1       0       0       0       001010000D   1513
     110       0       2       2       0                    LINE     194D   1514
     120    3214       1       1       0       0       0       001010000D   1515
     120       0       2       1       0                    SREV      24D   1516
     124    3215       1       1       0       0       0       001000000D   1517
     124       0       0       3       0                   XFORM     115D   1518
     100    3218       1       1       0       0    1517       001010000D   1519
     100       0       0       1       0                     ARC     115D   1520
     102    3219       1       1       0       0       0       001010000D   1521
     102       0       0       1       0                  CCURVE      79D   1522
     110    3220       1       1       0       0       0       001010500D   1523
     110       0       0       2       0                    LINE     195D   1524
     126    3222       1       1       0       0       0       001010500D   1525
     126       0       0      17       0                B_SPLINE     139D   1526
     110    3239       1       1       0       0       0       001010500D   1527
     110       0       0       2       0                    LINE     196D   1528
     110    3241       1       1       0       0       0       001010500D   1529
     110       0       0       2       0                    LINE     197D   1530
     102    3243       1       1       0       0       0       001010500D   1531
     102       0       0       1       0                  CCURVE      80D   1532
     142    3244       1       1       0       0       0       001010500D   1533
     142       0       0       1       0                  UV_BND      40D   1534
     144    3245       1       1       0       0       0       000000000D   1535
     144       0       2       1       0                 TRM_SRF      33D   1536
     110    3246       1       1       0       0       0       001010000D   1537
     110       0       2       2       0                    LINE     198D   1538
     110    3248       1       1       0       0       0       001010000D   1539
     110       0       2       2       0                    LINE     199D   1540
     120    3250       1       1       0       0       0       001010000D   1541
     120       0       2       1       0                    SREV      25D   1542
     124    3251       1       1       0       0       0       001000000D   1543
     124       0       0       3       0                   XFORM     116D   1544
     100    3254       1       1       0       0    1543       001010000D   1545
     100       0       0       1       0                     ARC     116D   1546
     110    3255       1       1       0       0       0       001010000D   1547
     110       0       0       2       0                    LINE     200D   1548
     110    3257       1       1       0       0       0       001010000D   1549
     110       0       0       2       0                    LINE     201D   1550
     102    3259       1       1       0       0       0       001010000D   1551
     102       0       0       1       0                  CCURVE      81D   1552
     110    3260       1       1       0       0       0       001010500D   1553
     110       0       0       2       0                    LINE     202D   1554
     110    3262       1       1       0       0       0       001010500D   1555
     110       0       0       2       0                    LINE     203D   1556
     126    3264       1       1       0       0       0       001010500D   1557
     126       0       0      17       0                B_SPLINE     140D   1558
     110    3281       1       1       0       0       0       001010500D   1559
     110       0       0       1       0                    LINE     204D   1560
     102    3282       1       1       0       0       0       001010500D   1561
     102       0       0       1       0                  CCURVE      82D   1562
     142    3283       1       1       0       0       0       001010500D   1563
     142       0       0       1       0                  UV_BND      41D   1564
     144    3284       1       1       0       0       0       000000000D   1565
     144       0       2       1       0                 TRM_SRF      34D   1566
     128    3285       1       1       0       0       0       001010000D   1567
     128       0       2       9       0                  SPLSRF      10D   1568
     102    3294       1       1       0       0       0       001010000D   1569
     102       0       0       1       0                  CCURVE      83D   1570
     126    3295       1       1       0       0       0       001010500D   1571
     126       0       0      16       0                B_SPLINE     141D   1572
     126    3311       1       1       0       0       0       001010500D   1573
     126       0       0      16       0                B_SPLINE     142D   1574
     102    3327       1       1       0       0       0       001010500D   1575
     102       0       0       1       0                  CCURVE      84D   1576
     142    3328       1       1       0       0       0       001010500D   1577
     142       0       0       1       0                  UV_BND      42D   1578
     144    3329       1       1       0       0       0       000000000D   1579
     144       0       2       1       0                 TRM_SRF      35D   1580
     110    3330       1       1       0       0       0       001010000D   1581
     110       0       2       2       0                    LINE     205D   1582
     110    3332       1       1       0       0       0       001010000D   1583
     110       0       2       2       0                    LINE     206D   1584
     120    3334       1       1       0       0       0       001010000D   1585
     120       0       2       1       0                    SREV      26D   1586
     102    3335       1       1       0       0       0       001010000D   1587
     102       0       0       1       0                  CCURVE      85D   1588
     110    3336       1       1       0       0       0       001010500D   1589
     110       0       0       2       0                    LINE     207D   1590
     110    3338       1       1       0       0       0       001010500D   1591
     110       0       0       1       0                    LINE     208D   1592
     126    3339       1       1       0       0       0       001010500D   1593
     126       0       0      10       0                B_SPLINE     143D   1594
     126    3349       1       1       0       0       0       001010500D   1595
     126       0       0      11       0                B_SPLINE     144D   1596
     110    3360       1       1       0       0       0       001010500D   1597
     110       0       0       1       0                    LINE     209D   1598
     110    3361       1       1       0       0       0       001010500D   1599
     110       0       0       2       0                    LINE     210D   1600
     110    3363       1       1       0       0       0       001010500D   1601
     110       0       0       2       0                    LINE     211D   1602
     126    3365       1       1       0       0       0       001010500D   1603
     126       0       0      10       0                B_SPLINE     145D   1604
     126    3375       1       1       0       0       0       001010500D   1605
     126       0       0      11       0                B_SPLINE     146D   1606
     110    3386       1       1       0       0       0       001010500D   1607
     110       0       0       2       0                    LINE     212D   1608
     102    3388       1       1       0       0       0       001010500D   1609
     102       0       0       1       0                  CCURVE      86D   1610
     142    3389       1       1       0       0       0       001010500D   1611
     142       0       0       1       0                  UV_BND      43D   1612
     102    3390       1       1       0       0       0       001010000D   1613
     102       0       0       1       0                  CCURVE      87D   1614
     126    3391       1       1       0       0       0       001010500D   1615
     126       0       0      17       0                B_SPLINE     147D   1616
     126    3408       1       1       0       0       0       001010500D   1617
     126       0       0      17       0                B_SPLINE     148D   1618
     102    3425       1       1       0       0       0       001010500D   1619
     102       0       0       1       0                  CCURVE      88D   1620
     142    3426       1       1       0       0       0       001010500D   1621
     142       0       0       1       0                  UV_BND      44D   1622
     102    3427       1       1       0       0       0       001010000D   1623
     102       0       0       1       0                  CCURVE      89D   1624
     126    3428       1       1       0       0       0       001010500D   1625
     126       0       0      17       0                B_SPLINE     149D   1626
     126    3445       1       1       0       0       0       001010500D   1627
     126       0       0      17       0                B_SPLINE     150D   1628
     102    3462       1       1       0       0       0       001010500D   1629
     102       0       0       1       0                  CCURVE      90D   1630
     142    3463       1       1       0       0       0       001010500D   1631
     142       0       0       1       0                  UV_BND      45D   1632
     144    3464       1       1       0       0       0       000000000D   1633
     144       0       2       1       0                 TRM_SRF      36D   1634
     110    3465       1       1       0       0       0       001010000D   1635
     110       0       2       2       0                    LINE     213D   1636
     110    3467       1       1       0       0       0       001010000D   1637
     110       0       2       2       0                    LINE     214D   1638
     120    3469       1       1       0       0       0       001010000D   1639
     120       0       2       1       0                    SREV      27D   1640
     124    3470       1       1       0       0       0       001000000D   1641
     124       0       0       3       0                   XFORM     117D   1642
     100    3473       1       1       0       0    1641       001010000D   1643
     100       0       0       1       0                     ARC     117D   1644
     102    3474       1       1       0       0       0       001010000D   1645
     102       0       0       1       0                  CCURVE      91D   1646
     110    3475       1       1       0       0       0       001010500D   1647
     110       0       0       2       0                    LINE     215D   1648
     110    3477       1       1       0       0       0       001010500D   1649
     110       0       0       1       0                    LINE     216D   1650
     110    3478       1       1       0       0       0       001010500D   1651
     110       0       0       2       0                    LINE     217D   1652
     110    3480       1       1       0       0       0       001010500D   1653
     110       0       0       2       0                    LINE     218D   1654
     102    3482       1       1       0       0       0       001010500D   1655
     102       0       0       1       0                  CCURVE      92D   1656
     142    3483       1       1       0       0       0       001010500D   1657
     142       0       0       1       0                  UV_BND      46D   1658
     144    3484       1       1       0       0       0       000000000D   1659
     144       0       2       1       0                 TRM_SRF      37D   1660
     110    3485       1       1       0       0       0       001010000D   1661
     110       0       2       2       0                    LINE     219D   1662
     110    3487       1       1       0       0       0       001010000D   1663
     110       0       2       2       0                    LINE     220D   1664
     120    3489       1       1       0       0       0       001010000D   1665
     120       0       2       1       0                    SREV      28D   1666
     124    3490       1       1       0       0       0       001000000D   1667
     124       0       0       3       0                   XFORM     118D   1668
     100    3493       1       1       0       0    1667       001010000D   1669
     100       0       0       1       0                     ARC     118D   1670
     124    3494       1       1       0       0       0       001000000D   1671
     124       0       0       3       0                   XFORM     119D   1672
     100    3497       1       1       0       0    1671       001010000D   1673
     100       0       0       1       0                     ARC     119D   1674
     102    3498       1       1       0       0       0       001010000D   1675
     102       0       0       1       0                  CCURVE      93D   1676
     110    3499       1       1       0       0       0       001010500D   1677
     110       0       0       2       0                    LINE     221D   1678
     110    3501       1       1       0       0       0       001010500D   1679
     110       0       0       1       0                    LINE     222D   1680
     110    3502       1       1       0       0       0       001010500D   1681
     110       0       0       2       0                    LINE     223D   1682
     110    3504       1       1       0       0       0       001010500D   1683
     110       0       0       2       0                    LINE     224D   1684
     102    3506       1       1       0       0       0       001010500D   1685
     102       0       0       1       0                  CCURVE      94D   1686
     142    3507       1       1       0       0       0       001010500D   1687
     142       0       0       1       0                  UV_BND      47D   1688
     144    3508       1       1       0       0       0       000000000D   1689
     144       0       2       1       0                 TRM_SRF      38D   1690
     110    3509       1       1       0       0       0       001010000D   1691
     110       0       2       2       0                    LINE     225D   1692
     110    3511       1       1       0       0       0       001010000D   1693
     110       0       2       2       0                    LINE     226D   1694
     120    3513       1       1       0       0       0       001010000D   1695
     120       0       2       1       0                    SREV      29D   1696
     110    3514       1       1       0       0       0       001010000D   1697
     110       0       0       2       0                    LINE     227D   1698
     124    3516       1       1       0       0       0       001000000D   1699
     124       0       0       3       0                   XFORM     120D   1700
     100    3519       1       1       0       0    1699       001010000D   1701
     100       0       0       1       0                     ARC     120D   1702
     110    3520       1       1       0       0       0       001010000D   1703
     110       0       0       2       0                    LINE     228D   1704
     102    3522       1       1       0       0       0       001010000D   1705
     102       0       0       1       0                  CCURVE      95D   1706
     110    3523       1       1       0       0       0       001010500D   1707
     110       0       0       2       0                    LINE     229D   1708
     110    3525       1       1       0       0       0       001010500D   1709
     110       0       0       2       0                    LINE     230D   1710
     110    3527       1       1       0       0       0       001010500D   1711
     110       0       0       2       0                    LINE     231D   1712
     110    3529       1       1       0       0       0       001010500D   1713
     110       0       0       2       0                    LINE     232D   1714
     102    3531       1       1       0       0       0       001010500D   1715
     102       0       0       1       0                  CCURVE      96D   1716
     142    3532       1       1       0       0       0       001010500D   1717
     142       0       0       1       0                  UV_BND      48D   1718
     144    3533       1       1       0       0       0       000000000D   1719
     144       0       2       1       0                 TRM_SRF      39D   1720
     110    3534       1       1       0       0       0       001010000D   1721
     110       0       2       2       0                    LINE     233D   1722
     110    3536       1       1       0       0       0       001010000D   1723
     110       0       2       2       0                    LINE     234D   1724
     120    3538       1       1       0       0       0       001010000D   1725
     120       0       2       1       0                    SREV      30D   1726
     110    3539       1       1       0       0       0       001010000D   1727
     110       0       0       2       0                    LINE     235D   1728
     110    3541       1       1       0       0       0       001010000D   1729
     110       0       0       2       0                    LINE     236D   1730
     110    3543       1       1       0       0       0       001010000D   1731
     110       0       0       2       0                    LINE     237D   1732
     110    3545       1       1       0       0       0       001010000D   1733
     110       0       0       2       0                    LINE     238D   1734
     102    3547       1       1       0       0       0       001010000D   1735
     102       0       0       1       0                  CCURVE      97D   1736
     110    3548       1       1       0       0       0       001010500D   1737
     110       0       0       2       0                    LINE     239D   1738
     126    3550       1       1       0       0       0       001010500D   1739
     126       0       0      10       0                B_SPLINE     151D   1740
     126    3560       1       1       0       0       0       001010500D   1741
     126       0       0      11       0                B_SPLINE     152D   1742
     110    3571       1       1       0       0       0       001010500D   1743
     110       0       0       2       0                    LINE     240D   1744
     110    3573       1       1       0       0       0       001010500D   1745
     110       0       0       2       0                    LINE     241D   1746
     110    3575       1       1       0       0       0       001010500D   1747
     110       0       0       2       0                    LINE     242D   1748
     126    3577       1       1       0       0       0       001010500D   1749
     126       0       0      10       0                B_SPLINE     153D   1750
     126    3587       1       1       0       0       0       001010500D   1751
     126       0       0      11       0                B_SPLINE     154D   1752
     110    3598       1       1       0       0       0       001010500D   1753
     110       0       0       2       0                    LINE     243D   1754
     110    3600       1       1       0       0       0       001010500D   1755
     110       0       0       2       0                    LINE     244D   1756
     102    3602       1       1       0       0       0       001010500D   1757
     102       0       0       1       0                  CCURVE      98D   1758
     142    3603       1       1       0       0       0       001010500D   1759
     142       0       0       1       0                  UV_BND      49D   1760
     102    3604       1       1       0       0       0       001010000D   1761
     102       0       0       1       0                  CCURVE      99D   1762
     126    3605       1       1       0       0       0       001010500D   1763
     126       0       0      17       0                B_SPLINE     155D   1764
     126    3622       1       1       0       0       0       001010500D   1765
     126       0       0      17       0                B_SPLINE     156D   1766
     102    3639       1       1       0       0       0       001010500D   1767
     102       0       0       1       0                  CCURVE     100D   1768
     142    3640       1       1       0       0       0       001010500D   1769
     142       0       0       1       0                  UV_BND      50D   1770
     102    3641       1       1       0       0       0       001010000D   1771
     102       0       0       1       0                  CCURVE     101D   1772
     126    3642       1       1       0       0       0       001010500D   1773
     126       0       0      17       0                B_SPLINE     157D   1774
     126    3659       1       1       0       0       0       001010500D   1775
     126       0       0      17       0                B_SPLINE     158D   1776
     102    3676       1       1       0       0       0       001010500D   1777
     102       0       0       1       0                  CCURVE     102D   1778
     142    3677       1       1       0       0       0       001010500D   1779
     142       0       0       1       0                  UV_BND      51D   1780
     144    3678       1       1       0       0       0       000000000D   1781
     144       0       2       1       0                 TRM_SRF      40D   1782
     110    3679       1       1       0       0       0       001010000D   1783
     110       0       2       2       0                    LINE     245D   1784
     110    3681       1       1       0       0       0       001010000D   1785
     110       0       2       2       0                    LINE     246D   1786
     120    3683       1       1       0       0       0       001010000D   1787
     120       0       2       1       0                    SREV      31D   1788
     124    3684       1       1       0       0       0       001000000D   1789
     124       0       0       3       0                   XFORM     121D   1790
     100    3687       1       1       0       0    1789       001010000D   1791
     100       0       0       1       0                     ARC     121D   1792
     102    3688       1       1       0       0       0       001010000D   1793
     102       0       0       1       0                  CCURVE     103D   1794
     110    3689       1       1       0       0       0       001010500D   1795
     110       0       0       2       0                    LINE     247D   1796
     110    3691       1       1       0       0       0       001010500D   1797
     110       0       0       1       0                    LINE     248D   1798
     126    3692       1       1       0       0       0       001010500D   1799
     126       0       0      10       0                B_SPLINE     159D   1800
     126    3702       1       1       0       0       0       001010500D   1801
     126       0       0      11       0                B_SPLINE     160D   1802
     110    3713       1       1       0       0       0       001010500D   1803
     110       0       0       1       0                    LINE     249D   1804
     110    3714       1       1       0       0       0       001010500D   1805
     110       0       0       2       0                    LINE     250D   1806
     110    3716       1       1       0       0       0       001010500D   1807
     110       0       0       2       0                    LINE     251D   1808
     126    3718       1       1       0       0       0       001010500D   1809
     126       0       0      10       0                B_SPLINE     161D   1810
     126    3728       1       1       0       0       0       001010500D   1811
     126       0       0      11       0                B_SPLINE     162D   1812
     110    3739       1       1       0       0       0       001010500D   1813
     110       0       0       2       0                    LINE     252D   1814
     102    3741       1       1       0       0       0       001010500D   1815
     102       0       0       1       0                  CCURVE     104D   1816
     142    3742       1       1       0       0       0       001010500D   1817
     142       0       0       1       0                  UV_BND      52D   1818
     102    3743       1       1       0       0       0       001010000D   1819
     102       0       0       1       0                  CCURVE     105D   1820
     126    3744       1       1       0       0       0       001010500D   1821
     126       0       0      17       0                B_SPLINE     163D   1822
     126    3761       1       1       0       0       0       001010500D   1823
     126       0       0      17       0                B_SPLINE     164D   1824
     102    3778       1       1       0       0       0       001010500D   1825
     102       0       0       1       0                  CCURVE     106D   1826
     142    3779       1       1       0       0       0       001010500D   1827
     142       0       0       1       0                  UV_BND      53D   1828
     102    3780       1       1       0       0       0       001010000D   1829
     102       0       0       1       0                  CCURVE     107D   1830
     126    3781       1       1       0       0       0       001010500D   1831
     126       0       0      17       0                B_SPLINE     165D   1832
     126    3798       1       1       0       0       0       001010500D   1833
     126       0       0      17       0                B_SPLINE     166D   1834
     102    3815       1       1       0       0       0       001010500D   1835
     102       0       0       1       0                  CCURVE     108D   1836
     142    3816       1       1       0       0       0       001010500D   1837
     142       0       0       1       0                  UV_BND      54D   1838
     144    3817       1       1       0       0       0       000000000D   1839
     144       0       2       1       0                 TRM_SRF      41D   1840
     110    3818       1       1       0       0       0       001010000D   1841
     110       0       2       2       0                    LINE     253D   1842
     124    3820       1       1       0       0       0       001000000D   1843
     124       0       0       4       0                   XFORM     122D   1844
     100    3824       1       1       0       0    1843       001010000D   1845
     100       0       2       2       0                     ARC     122D   1846
     120    3826       1       1       0       0       0       001010000D   1847
     120       0       2       1       0                    SREV      32D   1848
     102    3827       1       1       0       0       0       001010000D   1849
     102       0       0       1       0                  CCURVE     109D   1850
     110    3828       1       1       0       0       0       001010500D   1851
     110       0       0       2       0                    LINE     254D   1852
     110    3830       1       1       0       0       0       001010500D   1853
     110       0       0       2       0                    LINE     255D   1854
     110    3832       1       1       0       0       0       001010500D   1855
     110       0       0       2       0                    LINE     256D   1856
     110    3834       1       1       0       0       0       001010500D   1857
     110       0       0       2       0                    LINE     257D   1858
     102    3836       1       1       0       0       0       001010500D   1859
     102       0       0       1       0                  CCURVE     110D   1860
     142    3837       1       1       0       0       0       001010500D   1861
     142       0       0       1       0                  UV_BND      55D   1862
     144    3838       1       1       0       0       0       000000000D   1863
     144       0       2       1       0                 TRM_SRF      42D   1864
     110    3839       1       1       0       0       0       001010000D   1865
     110       0       2       2       0                    LINE     258D   1866
     124    3841       1       1       0       0       0       001000000D   1867
     124       0       0       4       0                   XFORM     123D   1868
     100    3845       1       1       0       0    1867       001010000D   1869
     100       0       2       2       0                     ARC     123D   1870
     120    3847       1       1       0       0       0       001010000D   1871
     120       0       2       1       0                    SREV      33D   1872
     124    3848       1       1       0       0       0       001000000D   1873
     124       0       0       4       0                   XFORM     124D   1874
     100    3852       1       1       0       0    1873       001010000D   1875
     100       0       0       2       0                     ARC     124D   1876
     124    3854       1       1       0       0       0       001000000D   1877
     124       0       0       4       0                   XFORM     125D   1878
     100    3858       1       1       0       0    1877       001010000D   1879
     100       0       0       2       0                     ARC     125D   1880
     124    3860       1       1       0       0       0       001000000D   1881
     124       0       0       4       0                   XFORM     126D   1882
     100    3864       1       1       0       0    1881       001010000D   1883
     100       0       0       2       0                     ARC     126D   1884
     102    3866       1       1       0       0       0       001010000D   1885
     102       0       0       1       0                  CCURVE     111D   1886
     110    3867       1       1       0       0       0       001010500D   1887
     110       0       0       2       0                    LINE     259D   1888
     110    3869       1       1       0       0       0       001010500D   1889
     110       0       0       2       0                    LINE     260D   1890
     110    3871       1       1       0       0       0       001010500D   1891
     110       0       0       2       0                    LINE     261D   1892
     110    3873       1       1       0       0       0       001010500D   1893
     110       0       0       2       0                    LINE     262D   1894
     102    3875       1       1       0       0       0       001010500D   1895
     102       0       0       1       0                  CCURVE     112D   1896
     142    3876       1       1       0       0       0       001010500D   1897
     142       0       0       1       0                  UV_BND      56D   1898
     144    3877       1       1       0       0       0       000000000D   1899
     144       0       2       1       0                 TRM_SRF      43D   1900
     128    3878       1       1       0       0       0       001010000D   1901
     128       0       2       9       0                  SPLSRF      11D   1902
     102    3887       1       1       0       0       0       001010000D   1903
     102       0       0       1       0                  CCURVE     113D   1904
     126    3888       1       1       0       0       0       001010500D   1905
     126       0       0      28       0                B_SPLINE     167D   1906
     126    3916       1       1       0       0       0       001010500D   1907
     126       0       0      28       0                B_SPLINE     168D   1908
     102    3944       1       1       0       0       0       001010500D   1909
     102       0       0       1       0                  CCURVE     114D   1910
     142    3945       1       1       0       0       0       001010500D   1911
     142       0       0       1       0                  UV_BND      57D   1912
     102    3946       1       1       0       0       0       001010000D   1913
     102       0       0       1       0                  CCURVE     115D   1914
     126    3947       1       1       0       0       0       001010500D   1915
     126       0       0      26       0                B_SPLINE     169D   1916
     126    3973       1       1       0       0       0       001010500D   1917
     126       0       0      26       0                B_SPLINE     170D   1918
     102    3999       1       1       0       0       0       001010500D   1919
     102       0       0       1       0                  CCURVE     116D   1920
     142    4000       1       1       0       0       0       001010500D   1921
     142       0       0       1       0                  UV_BND      58D   1922
     144    4001       1       1       0       0       0       000000000D   1923
     144       0       2       1       0                 TRM_SRF      44D   1924
     110    4002       1       1       0       0       0       001010000D   1925
     110       0       2       2       0                    LINE     263D   1926
     110    4004       1       1       0       0       0       001010000D   1927
     110       0       2       2       0                    LINE     264D   1928
     120    4006       1       1       0       0       0       001010000D   1929
     120       0       2       1       0                    SREV      34D   1930
     124    4007       1       1       0       0       0       001000000D   1931
     124       0       0       3       0                   XFORM     127D   1932
     100    4010       1       1       0       0    1931       001010000D   1933
     100       0       0       1       0                     ARC     127D   1934
     102    4011       1       1       0       0       0       001010000D   1935
     102       0       0       1       0                  CCURVE     117D   1936
     110    4012       1       1       0       0       0       001010500D   1937
     110       0       0       2       0                    LINE     265D   1938
     110    4014       1       1       0       0       0       001010500D   1939
     110       0       0       2       0                    LINE     266D   1940
     110    4016       1       1       0       0       0       001010500D   1941
     110       0       0       2       0                    LINE     267D   1942
     110    4018       1       1       0       0       0       001010500D   1943
     110       0       0       2       0                    LINE     268D   1944
     102    4020       1       1       0       0       0       001010500D   1945
     102       0       0       1       0                  CCURVE     118D   1946
     142    4021       1       1       0       0       0       001010500D   1947
     142       0       0       1       0                  UV_BND      59D   1948
     144    4022       1       1       0       0       0       000000000D   1949
     144       0       2       1       0                 TRM_SRF      45D   1950
     110    4023       1       1       0       0       0       001010000D   1951
     110       0       2       2       0                    LINE     269D   1952
     110    4025       1       1       0       0       0       001010000D   1953
     110       0       2       2       0                    LINE     270D   1954
     120    4027       1       1       0       0       0       001010000D   1955
     120       0       2       1       0                    SREV      35D   1956
     110    4028       1       1       0       0       0       001010000D   1957
     110       0       0       2       0                    LINE     271D   1958
     124    4030       1       1       0       0       0       001000000D   1959
     124       0       0       3       0                   XFORM     128D   1960
     100    4033       1       1       0       0    1959       001010000D   1961
     100       0       0       1       0                     ARC     128D   1962
     110    4034       1       1       0       0       0       001010000D   1963
     110       0       0       2       0                    LINE     272D   1964
     102    4036       1       1       0       0       0       001010000D   1965
     102       0       0       1       0                  CCURVE     119D   1966
     110    4037       1       1       0       0       0       001010500D   1967
     110       0       0       2       0                    LINE     273D   1968
     110    4039       1       1       0       0       0       001010500D   1969
     110       0       0       2       0                    LINE     274D   1970
     110    4041       1       1       0       0       0       001010500D   1971
     110       0       0       2       0                    LINE     275D   1972
     110    4043       1       1       0       0       0       001010500D   1973
     110       0       0       1       0                    LINE     276D   1974
     102    4044       1       1       0       0       0       001010500D   1975
     102       0       0       1       0                  CCURVE     120D   1976
     142    4045       1       1       0       0       0       001010500D   1977
     142       0       0       1       0                  UV_BND      60D   1978
     144    4046       1       1       0       0       0       000000000D   1979
     144       0       2       1       0                 TRM_SRF      46D   1980
     128    4047       1       1       0       0       0       001010000D   1981
     128       0       2       9       0                  SPLSRF      12D   1982
     102    4056       1       1       0       0       0       001010000D   1983
     102       0       0       1       0                  CCURVE     121D   1984
     126    4057       1       1       0       0       0       001010500D   1985
     126       0       0      28       0                B_SPLINE     171D   1986
     126    4085       1       1       0       0       0       001010500D   1987
     126       0       0      28       0                B_SPLINE     172D   1988
     102    4113       1       1       0       0       0       001010500D   1989
     102       0       0       1       0                  CCURVE     122D   1990
     142    4114       1       1       0       0       0       001010500D   1991
     142       0       0       1       0                  UV_BND      61D   1992
     102    4115       1       1       0       0       0       001010000D   1993
     102       0       0       1       0                  CCURVE     123D   1994
     126    4116       1       1       0       0       0       001010500D   1995
     126       0       0      26       0                B_SPLINE     173D   1996
     126    4142       1       1       0       0       0       001010500D   1997
     126       0       0      26       0                B_SPLINE     174D   1998
     102    4168       1       1       0       0       0       001010500D   1999
     102       0       0       1       0                  CCURVE     124D   2000
     142    4169       1       1       0       0       0       001010500D   2001
     142       0       0       1       0                  UV_BND      62D   2002
     144    4170       1       1       0       0       0       000000000D   2003
     144       0       2       1       0                 TRM_SRF      47D   2004
     110    4171       1       1       0       0       0       001010000D   2005
     110       0       2       2       0                    LINE     277D   2006
     124    4173       1       1       0       0       0       001000000D   2007
     124       0       0       4       0                   XFORM     129D   2008
     100    4177       1       1       0       0    2007       001010000D   2009
     100       0       2       2       0                     ARC     129D   2010
     120    4179       1       1       0       0       0       001010000D   2011
     120       0       2       1       0                    SREV      36D   2012
     124    4180       1       1       0       0       0       001000000D   2013
     124       0       0       4       0                   XFORM     130D   2014
     100    4184       1       1       0       0    2013       001010000D   2015
     100       0       0       2       0                     ARC     130D   2016
     124    4186       1       1       0       0       0       001000000D   2017
     124       0       0       4       0                   XFORM     131D   2018
     100    4190       1       1       0       0    2017       001010000D   2019
     100       0       0       2       0                     ARC     131D   2020
     102    4192       1       1       0       0       0       001010000D   2021
     102       0       0       1       0                  CCURVE     125D   2022
     110    4193       1       1       0       0       0       001010500D   2023
     110       0       0       2       0                    LINE     278D   2024
     110    4195       1       1       0       0       0       001010500D   2025
     110       0       0       2       0                    LINE     279D   2026
     110    4197       1       1       0       0       0       001010500D   2027
     110       0       0       2       0                    LINE     280D   2028
     110    4199       1       1       0       0       0       001010500D   2029
     110       0       0       2       0                    LINE     281D   2030
     102    4201       1       1       0       0       0       001010500D   2031
     102       0       0       1       0                  CCURVE     126D   2032
     142    4202       1       1       0       0       0       001010500D   2033
     142       0       0       1       0                  UV_BND      63D   2034
     144    4203       1       1       0       0       0       000000000D   2035
     144       0       2       1       0                 TRM_SRF      48D   2036
     110    4204       1       1       0       0       0       001010000D   2037
     110       0       2       2       0                    LINE     282D   2038
     124    4206       1       1       0       0       0       001000000D   2039
     124       0       0       4       0                   XFORM     132D   2040
     100    4210       1       1       0       0    2039       001010000D   2041
     100       0       2       2       0                     ARC     132D   2042
     120    4212       1       1       0       0       0       001010000D   2043
     120       0       2       1       0                    SREV      37D   2044
     124    4213       1       1       0       0       0       001000000D   2045
     124       0       0       4       0                   XFORM     133D   2046
     100    4217       1       1       0       0    2045       001010000D   2047
     100       0       0       2       0                     ARC     133D   2048
     124    4219       1       1       0       0       0       001000000D   2049
     124       0       0       4       0                   XFORM     134D   2050
     100    4223       1       1       0       0    2049       001010000D   2051
     100       0       0       2       0                     ARC     134D   2052
     124    4225       1       1       0       0       0       001000000D   2053
     124       0       0       4       0                   XFORM     135D   2054
     100    4229       1       1       0       0    2053       001010000D   2055
     100       0       0       2       0                     ARC     135D   2056
     124    4231       1       1       0       0       0       001000000D   2057
     124       0       0       4       0                   XFORM     136D   2058
     100    4235       1       1       0       0    2057       001010000D   2059
     100       0       0       2       0                     ARC     136D   2060
     102    4237       1       1       0       0       0       001010000D   2061
     102       0       0       1       0                  CCURVE     127D   2062
     110    4238       1       1       0       0       0       001010500D   2063
     110       0       0       2       0                    LINE     283D   2064
     110    4240       1       1       0       0       0       001010500D   2065
     110       0       0       2       0                    LINE     284D   2066
     110    4242       1       1       0       0       0       001010500D   2067
     110       0       0       2       0                    LINE     285D   2068
     110    4244       1       1       0       0       0       001010500D   2069
     110       0       0       2       0                    LINE     286D   2070
     102    4246       1       1       0       0       0       001010500D   2071
     102       0       0       1       0                  CCURVE     128D   2072
     142    4247       1       1       0       0       0       001010500D   2073
     142       0       0       1       0                  UV_BND      64D   2074
     144    4248       1       1       0       0       0       000000000D   2075
     144       0       2       1       0                 TRM_SRF      49D   2076
     110    4249       1       1       0       0       0       001010000D   2077
     110       0       2       2       0                    LINE     287D   2078
     110    4251       1       1       0       0       0       001010000D   2079
     110       0       2       2       0                    LINE     288D   2080
     120    4253       1       1       0       0       0       001010000D   2081
     120       0       2       1       0                    SREV      38D   2082
     110    4254       1       1       0       0       0       001010000D   2083
     110       0       0       2       0                    LINE     289D   2084
     110    4256       1       1       0       0       0       001010000D   2085
     110       0       0       2       0                    LINE     290D   2086
     110    4258       1       1       0       0       0       001010000D   2087
     110       0       0       2       0                    LINE     291D   2088
     110    4260       1       1       0       0       0       001010000D   2089
     110       0       0       2       0                    LINE     292D   2090
     102    4262       1       1       0       0       0       001010000D   2091
     102       0       0       1       0                  CCURVE     129D   2092
     110    4263       1       1       0       0       0       001010500D   2093
     110       0       0       2       0                    LINE     293D   2094
     126    4265       1       1       0       0       0       001010500D   2095
     126       0       0      10       0                B_SPLINE     175D   2096
     126    4275       1       1       0       0       0       001010500D   2097
     126       0       0      11       0                B_SPLINE     176D   2098
     110    4286       1       1       0       0       0       001010500D   2099
     110       0       0       2       0                    LINE     294D   2100
     110    4288       1       1       0       0       0       001010500D   2101
     110       0       0       2       0                    LINE     295D   2102
     110    4290       1       1       0       0       0       001010500D   2103
     110       0       0       2       0                    LINE     296D   2104
     126    4292       1       1       0       0       0       001010500D   2105
     126       0       0      10       0                B_SPLINE     177D   2106
     126    4302       1       1       0       0       0       001010500D   2107
     126       0       0      11       0                B_SPLINE     178D   2108
     110    4313       1       1       0       0       0       001010500D   2109
     110       0       0       2       0                    LINE     297D   2110
     110    4315       1       1       0       0       0       001010500D   2111
     110       0       0       2       0                    LINE     298D   2112
     102    4317       1       1       0       0       0       001010500D   2113
     102       0       0       1       0                  CCURVE     130D   2114
     142    4318       1       1       0       0       0       001010500D   2115
     142       0       0       1       0                  UV_BND      65D   2116
     102    4319       1       1       0       0       0       001010000D   2117
     102       0       0       1       0                  CCURVE     131D   2118
     126    4320       1       1       0       0       0       001010500D   2119
     126       0       0      17       0                B_SPLINE     179D   2120
     126    4337       1       1       0       0       0       001010500D   2121
     126       0       0      17       0                B_SPLINE     180D   2122
     102    4354       1       1       0       0       0       001010500D   2123
     102       0       0       1       0                  CCURVE     132D   2124
     142    4355       1       1       0       0       0       001010500D   2125
     142       0       0       1       0                  UV_BND      66D   2126
     102    4356       1       1       0       0       0       001010000D   2127
     102       0       0       1       0                  CCURVE     133D   2128
     126    4357       1       1       0       0       0       001010500D   2129
     126       0       0      17       0                B_SPLINE     181D   2130
     126    4374       1       1       0       0       0       001010500D   2131
     126       0       0      17       0                B_SPLINE     182D   2132
     102    4391       1       1       0       0       0       001010500D   2133
     102       0       0       1       0                  CCURVE     134D   2134
     142    4392       1       1       0       0       0       001010500D   2135
     142       0       0       1       0                  UV_BND      67D   2136
     144    4393       1       1       0       0       0       000000000D   2137
     144       0       2       1       0                 TRM_SRF      50D   2138
     110    4394       1       1       0       0       0       001010000D   2139
     110       0       2       2       0                    LINE     299D   2140
     110    4396       1       1       0       0       0       001010000D   2141
     110       0       2       2       0                    LINE     300D   2142
     120    4398       1       1       0       0       0       001010000D   2143
     120       0       2       1       0                    SREV      39D   2144
     124    4399       1       1       0       0       0       001000000D   2145
     124       0       0       3       0                   XFORM     137D   2146
     100    4402       1       1       0       0    2145       001010000D   2147
     100       0       0       1       0                     ARC     137D   2148
     110    4403       1       1       0       0       0       001010000D   2149
     110       0       0       2       0                    LINE     301D   2150
     110    4405       1       1       0       0       0       001010000D   2151
     110       0       0       2       0                    LINE     302D   2152
     102    4407       1       1       0       0       0       001010000D   2153
     102       0       0       1       0                  CCURVE     135D   2154
     110    4408       1       1       0       0       0       001010500D   2155
     110       0       0       2       0                    LINE     303D   2156
     110    4410       1       1       0       0       0       001010500D   2157
     110       0       0       2       0                    LINE     304D   2158
     126    4412       1       1       0       0       0       001010500D   2159
     126       0       0      11       0                B_SPLINE     183D   2160
     126    4423       1       1       0       0       0       001010500D   2161
     126       0       0      11       0                B_SPLINE     184D   2162
     110    4434       1       1       0       0       0       001010500D   2163
     110       0       0       1       0                    LINE     305D   2164
     102    4435       1       1       0       0       0       001010500D   2165
     102       0       0       1       0                  CCURVE     136D   2166
     142    4436       1       1       0       0       0       001010500D   2167
     142       0       0       1       0                  UV_BND      68D   2168
     144    4437       1       1       0       0       0       000000000D   2169
     144       0       2       1       0                 TRM_SRF      51D   2170
     128    4438       1       1       0       0       0       001010000D   2171
     128       0       2       9       0                  SPLSRF      13D   2172
     102    4447       1       1       0       0       0       001010000D   2173
     102       0       0       1       0                  CCURVE     137D   2174
     126    4448       1       1       0       0       0       001010500D   2175
     126       0       0      16       0                B_SPLINE     185D   2176
     126    4464       1       1       0       0       0       001010500D   2177
     126       0       0      16       0                B_SPLINE     186D   2178
     102    4480       1       1       0       0       0       001010500D   2179
     102       0       0       1       0                  CCURVE     138D   2180
     142    4481       1       1       0       0       0       001010500D   2181
     142       0       0       1       0                  UV_BND      69D   2182
     144    4482       1       1       0       0       0       000000000D   2183
     144       0       2       1       0                 TRM_SRF      52D   2184
     110    4483       1       1       0       0       0       001010000D   2185
     110       0       2       2       0                    LINE     306D   2186
     110    4485       1       1       0       0       0       001010000D   2187
     110       0       2       2       0                    LINE     307D   2188
     120    4487       1       1       0       0       0       001010000D   2189
     120       0       2       1       0                    SREV      40D   2190
     124    4488       1       1       0       0       0       001000000D   2191
     124       0       0       3       0                   XFORM     138D   2192
     100    4491       1       1       0       0    2191       001010000D   2193
     100       0       0       1       0                     ARC     138D   2194
     102    4492       1       1       0       0       0       001010000D   2195
     102       0       0       1       0                  CCURVE     139D   2196
     126    4493       1       1       0       0       0       001010500D   2197
     126       0       0      11       0                B_SPLINE     187D   2198
     126    4504       1       1       0       0       0       001010500D   2199
     126       0       0      11       0                B_SPLINE     188D   2200
     110    4515       1       1       0       0       0       001010500D   2201
     110       0       0       2       0                    LINE     308D   2202
     110    4517       1       1       0       0       0       001010500D   2203
     110       0       0       2       0                    LINE     309D   2204
     110    4519       1       1       0       0       0       001010500D   2205
     110       0       0       2       0                    LINE     310D   2206
     102    4521       1       1       0       0       0       001010500D   2207
     102       0       0       1       0                  CCURVE     140D   2208
     142    4522       1       1       0       0       0       001010500D   2209
     142       0       0       1       0                  UV_BND      70D   2210
     144    4523       1       1       0       0       0       000000000D   2211
     144       0       2       1       0                 TRM_SRF      53D   2212
     110    4524       1       1       0       0       0       001010000D   2213
     110       0       2       2       0                    LINE     311D   2214
     110    4526       1       1       0       0       0       001010000D   2215
     110       0       2       2       0                    LINE     312D   2216
     120    4528       1       1       0       0       0       001010000D   2217
     120       0       2       1       0                    SREV      41D   2218
     102    4529       1       1       0       0       0       001010000D   2219
     102       0       0       1       0                  CCURVE     141D   2220
     126    4530       1       1       0       0       0       001010500D   2221
     126       0       0      11       0                B_SPLINE     189D   2222
     126    4541       1       1       0       0       0       001010500D   2223
     126       0       0      11       0                B_SPLINE     190D   2224
     110    4552       1       1       0       0       0       001010500D   2225
     110       0       0       2       0                    LINE     313D   2226
     110    4554       1       1       0       0       0       001010500D   2227
     110       0       0       2       0                    LINE     314D   2228
     110    4556       1       1       0       0       0       001010500D   2229
     110       0       0       2       0                    LINE     315D   2230
     102    4558       1       1       0       0       0       001010500D   2231
     102       0       0       1       0                  CCURVE     142D   2232
     142    4559       1       1       0       0       0       001010500D   2233
     142       0       0       1       0                  UV_BND      71D   2234
     144    4560       1       1       0       0       0       000000000D   2235
     144       0       2       1       0                 TRM_SRF      54D   2236
     110    4561       1       1       0       0       0       001010000D   2237
     110       0       2       2       0                    LINE     316D   2238
     110    4563       1       1       0       0       0       001010000D   2239
     110       0       2       2       0                    LINE     317D   2240
     120    4565       1       1       0       0       0       001010000D   2241
     120       0       2       1       0                    SREV      42D   2242
     110    4566       1       1       0       0       0       001010000D   2243
     110       0       0       2       0                    LINE     318D   2244
     110    4568       1       1       0       0       0       001010000D   2245
     110       0       0       2       0                    LINE     319D   2246
     102    4570       1       1       0       0       0       001010000D   2247
     102       0       0       1       0                  CCURVE     143D   2248
     110    4571       1       1       0       0       0       001010500D   2249
     110       0       0       2       0                    LINE     320D   2250
     110    4573       1       1       0       0       0       001010500D   2251
     110       0       0       2       0                    LINE     321D   2252
     126    4575       1       1       0       0       0       001010500D   2253
     126       0       0      11       0                B_SPLINE     191D   2254
     126    4586       1       1       0       0       0       001010500D   2255
     126       0       0      11       0                B_SPLINE     192D   2256
     110    4597       1       1       0       0       0       001010500D   2257
     110       0       0       1       0                    LINE     322D   2258
     102    4598       1       1       0       0       0       001010500D   2259
     102       0       0       1       0                  CCURVE     144D   2260
     142    4599       1       1       0       0       0       001010500D   2261
     142       0       0       1       0                  UV_BND      72D   2262
     144    4600       1       1       0       0       0       000000000D   2263
     144       0       2       1       0                 TRM_SRF      55D   2264
     128    4601       1       1       0       0       0       001010000D   2265
     128       0       2       9       0                  SPLSRF      14D   2266
     102    4610       1       1       0       0       0       001010000D   2267
     102       0       0       1       0                  CCURVE     145D   2268
     126    4611       1       1       0       0       0       001010500D   2269
     126       0       0      16       0                B_SPLINE     193D   2270
     126    4627       1       1       0       0       0       001010500D   2271
     126       0       0      16       0                B_SPLINE     194D   2272
     102    4643       1       1       0       0       0       001010500D   2273
     102       0       0       1       0                  CCURVE     146D   2274
     142    4644       1       1       0       0       0       001010500D   2275
     142       0       0       1       0                  UV_BND      73D   2276
     144    4645       1       1       0       0       0       000000000D   2277
     144       0       2       1       0                 TRM_SRF      56D   2278
     110    4646       1       1       0       0       0       001010000D   2279
     110       0       2       2       0                    LINE     323D   2280
     110    4648       1       1       0       0       0       001010000D   2281
     110       0       2       2       0                    LINE     324D   2282
     120    4650       1       1       0       0       0       001010000D   2283
     120       0       2       1       0                    SREV      43D   2284
     110    4651       1       1       0       0       0       001010000D   2285
     110       0       0       2       0                    LINE     325D   2286
     124    4653       1       1       0       0       0       001000000D   2287
     124       0       0       3       0                   XFORM     139D   2288
     100    4656       1       1       0       0    2287       001010000D   2289
     100       0       0       1       0                     ARC     139D   2290
     110    4657       1       1       0       0       0       001010000D   2291
     110       0       0       2       0                    LINE     326D   2292
     124    4659       1       1       0       0       0       001000000D   2293
     124       0       0       3       0                   XFORM     140D   2294
     100    4662       1       1       0       0    2293       001010000D   2295
     100       0       0       1       0                     ARC     140D   2296
     102    4663       1       1       0       0       0       001010000D   2297
     102       0       0       1       0                  CCURVE     147D   2298
     110    4664       1       1       0       0       0       001010500D   2299
     110       0       0       2       0                    LINE     327D   2300
     110    4666       1       1       0       0       0       001010500D   2301
     110       0       0       2       0                    LINE     328D   2302
     110    4668       1       1       0       0       0       001010500D   2303
     110       0       0       2       0                    LINE     329D   2304
     110    4670       1       1       0       0       0       001010500D   2305
     110       0       0       2       0                    LINE     330D   2306
     102    4672       1       1       0       0       0       001010500D   2307
     102       0       0       1       0                  CCURVE     148D   2308
     142    4673       1       1       0       0       0       001010500D   2309
     142       0       0       1       0                  UV_BND      74D   2310
     144    4674       1       1       0       0       0       000000000D   2311
     144       0       2       1       0                 TRM_SRF      57D   2312
     110    4675       1       1       0       0       0       001010000D   2313
     110       0       2       2       0                    LINE     331D   2314
     110    4677       1       1       0       0       0       001010000D   2315
     110       0       2       2       0                    LINE     332D   2316
     120    4679       1       1       0       0       0       001010000D   2317
     120       0       2       1       0                    SREV      44D   2318
     102    4680       1       1       0       0       0       001010000D   2319
     102       0       0       1       0                  CCURVE     149D   2320
     110    4681       1       1       0       0       0       001010500D   2321
     110       0       0       2       0                    LINE     333D   2322
     126    4683       1       1       0       0       0       001010500D   2323
     126       0       0      17       0                B_SPLINE     195D   2324
     110    4700       1       1       0       0       0       001010500D   2325
     110       0       0       2       0                    LINE     334D   2326
     110    4702       1       1       0       0       0       001010500D   2327
     110       0       0       2       0                    LINE     335D   2328
     102    4704       1       1       0       0       0       001010500D   2329
     102       0       0       1       0                  CCURVE     150D   2330
     142    4705       1       1       0       0       0       001010500D   2331
     142       0       0       1       0                  UV_BND      75D   2332
     144    4706       1       1       0       0       0       000000000D   2333
     144       0       2       1       0                 TRM_SRF      58D   2334
     110    4707       1       1       0       0       0       001010000D   2335
     110       0       2       2       0                    LINE     336D   2336
     110    4709       1       1       0       0       0       001010000D   2337
     110       0       2       2       0                    LINE     337D   2338
     120    4711       1       1       0       0       0       001010000D   2339
     120       0       2       1       0                    SREV      45D   2340
     110    4712       1       1       0       0       0       001010000D   2341
     110       0       0       2       0                    LINE     338D   2342
     110    4714       1       1       0       0       0       001010000D   2343
     110       0       0       2       0                    LINE     339D   2344
     102    4716       1       1       0       0       0       001010000D   2345
     102       0       0       1       0                  CCURVE     151D   2346
     110    4717       1       1       0       0       0       001010500D   2347
     110       0       0       2       0                    LINE     340D   2348
     110    4719       1       1       0       0       0       001010500D   2349
     110       0       0       2       0                    LINE     341D   2350
     126    4721       1       1       0       0       0       001010500D   2351
     126       0       0      17       0                B_SPLINE     196D   2352
     110    4738       1       1       0       0       0       001010500D   2353
     110       0       0       1       0                    LINE     342D   2354
     102    4739       1       1       0       0       0       001010500D   2355
     102       0       0       1       0                  CCURVE     152D   2356
     142    4740       1       1       0       0       0       001010500D   2357
     142       0       0       1       0                  UV_BND      76D   2358
     144    4741       1       1       0       0       0       000000000D   2359
     144       0       2       1       0                 TRM_SRF      59D   2360
     128    4742       1       1       0       0       0       001010000D   2361
     128       0       2       9       0                  SPLSRF      15D   2362
     102    4751       1       1       0       0       0       001010000D   2363
     102       0       0       1       0                  CCURVE     153D   2364
     126    4752       1       1       0       0       0       001010500D   2365
     126       0       0      16       0                B_SPLINE     197D   2366
     126    4768       1       1       0       0       0       001010500D   2367
     126       0       0      16       0                B_SPLINE     198D   2368
     102    4784       1       1       0       0       0       001010500D   2369
     102       0       0       1       0                  CCURVE     154D   2370
     142    4785       1       1       0       0       0       001010500D   2371
     142       0       0       1       0                  UV_BND      77D   2372
     144    4786       1       1       0       0       0       000000000D   2373
     144       0       2       1       0                 TRM_SRF      60D   2374
     110    4787       1       1       0       0       0       001010000D   2375
     110       0       2       2       0                    LINE     343D   2376
     110    4789       1       1       0       0       0       001010000D   2377
     110       0       2       2       0                    LINE     344D   2378
     120    4791       1       1       0       0       0       001010000D   2379
     120       0       2       1       0                    SREV      46D   2380
     102    4792       1       1       0       0       0       001010000D   2381
     102       0       0       1       0                  CCURVE     155D   2382
     110    4793       1       1       0       0       0       001010500D   2383
     110       0       0       2       0                    LINE     345D   2384
     126    4795       1       1       0       0       0       001010500D   2385
     126       0       0      17       0                B_SPLINE     199D   2386
     110    4812       1       1       0       0       0       001010500D   2387
     110       0       0       2       0                    LINE     346D   2388
     110    4814       1       1       0       0       0       001010500D   2389
     110       0       0       2       0                    LINE     347D   2390
     102    4816       1       1       0       0       0       001010500D   2391
     102       0       0       1       0                  CCURVE     156D   2392
     142    4817       1       1       0       0       0       001010500D   2393
     142       0       0       1       0                  UV_BND      78D   2394
     144    4818       1       1       0       0       0       000000000D   2395
     144       0       2       1       0                 TRM_SRF      61D   2396
     110    4819       1       1       0       0       0       001010000D   2397
     110       0       2       2       0                    LINE     348D   2398
     110    4821       1       1       0       0       0       001010000D   2399
     110       0       2       2       0                    LINE     349D   2400
     120    4823       1       1       0       0       0       001010000D   2401
     120       0       2       1       0                    SREV      47D   2402
     110    4824       1       1       0       0       0       001010000D   2403
     110       0       0       2       0                    LINE     350D   2404
     110    4826       1       1       0       0       0       001010000D   2405
     110       0       0       2       0                    LINE     351D   2406
     102    4828       1       1       0       0       0       001010000D   2407
     102       0       0       1       0                  CCURVE     157D   2408
     110    4829       1       1       0       0       0       001010500D   2409
     110       0       0       2       0                    LINE     352D   2410
     110    4831       1       1       0       0       0       001010500D   2411
     110       0       0       2       0                    LINE     353D   2412
     126    4833       1       1       0       0       0       001010500D   2413
     126       0       0      17       0                B_SPLINE     200D   2414
     110    4850       1       1       0       0       0       001010500D   2415
     110       0       0       1       0                    LINE     354D   2416
     102    4851       1       1       0       0       0       001010500D   2417
     102       0       0       1       0                  CCURVE     158D   2418
     142    4852       1       1       0       0       0       001010500D   2419
     142       0       0       1       0                  UV_BND      79D   2420
     144    4853       1       1       0       0       0       000000000D   2421
     144       0       2       1       0                 TRM_SRF      62D   2422
     128    4854       1       1       0       0       0       001010000D   2423
     128       0       2       9       0                  SPLSRF      16D   2424
     102    4863       1       1       0       0       0       001010000D   2425
     102       0       0       1       0                  CCURVE     159D   2426
     126    4864       1       1       0       0       0       001010500D   2427
     126       0       0      16       0                B_SPLINE     201D   2428
     126    4880       1       1       0       0       0       001010500D   2429
     126       0       0      16       0                B_SPLINE     202D   2430
     102    4896       1       1       0       0       0       001010500D   2431
     102       0       0       1       0                  CCURVE     160D   2432
     142    4897       1       1       0       0       0       001010500D   2433
     142       0       0       1       0                  UV_BND      80D   2434
     144    4898       1       1       0       0       0       000000000D   2435
     144       0       2       1       0                 TRM_SRF      63D   2436
     110    4899       1       1       0       0       0       001010000D   2437
     110       0       2       2       0                    LINE     355D   2438
     110    4901       1       1       0       0       0       001010000D   2439
     110       0       2       2       0                    LINE     356D   2440
     120    4903       1       1       0       0       0       001010000D   2441
     120       0       2       1       0                    SREV      48D   2442
     110    4904       1       1       0       0       0       001010000D   2443
     110       0       0       2       0                    LINE     357D   2444
     110    4906       1       1       0       0       0       001010000D   2445
     110       0       0       2       0                    LINE     358D   2446
     102    4908       1       1       0       0       0       001010000D   2447
     102       0       0       1       0                  CCURVE     161D   2448
     110    4909       1       1       0       0       0       001010500D   2449
     110       0       0       2       0                    LINE     359D   2450
     110    4911       1       1       0       0       0       001010500D   2451
     110       0       0       2       0                    LINE     360D   2452
     126    4913       1       1       0       0       0       001010500D   2453
     126       0       0      11       0                B_SPLINE     203D   2454
     126    4924       1       1       0       0       0       001010500D   2455
     126       0       0      11       0                B_SPLINE     204D   2456
     110    4935       1       1       0       0       0       001010500D   2457
     110       0       0       1       0                    LINE     361D   2458
     102    4936       1       1       0       0       0       001010500D   2459
     102       0       0       1       0                  CCURVE     162D   2460
     142    4937       1       1       0       0       0       001010500D   2461
     142       0       0       1       0                  UV_BND      81D   2462
     144    4938       1       1       0       0       0       000000000D   2463
     144       0       2       1       0                 TRM_SRF      64D   2464
     128    4939       1       1       0       0       0       001010000D   2465
     128       0       2       9       0                  SPLSRF      17D   2466
     102    4948       1       1       0       0       0       001010000D   2467
     102       0       0       1       0                  CCURVE     163D   2468
     126    4949       1       1       0       0       0       001010500D   2469
     126       0       0      16       0                B_SPLINE     205D   2470
     126    4965       1       1       0       0       0       001010500D   2471
     126       0       0      16       0                B_SPLINE     206D   2472
     102    4981       1       1       0       0       0       001010500D   2473
     102       0       0       1       0                  CCURVE     164D   2474
     142    4982       1       1       0       0       0       001010500D   2475
     142       0       0       1       0                  UV_BND      82D   2476
     144    4983       1       1       0       0       0       000000000D   2477
     144       0       2       1       0                 TRM_SRF      65D   2478
     110    4984       1       1       0       0       0       001010000D   2479
     110       0       2       2       0                    LINE     362D   2480
     110    4986       1       1       0       0       0       001010000D   2481
     110       0       2       2       0                    LINE     363D   2482
     120    4988       1       1       0       0       0       001010000D   2483
     120       0       2       1       0                    SREV      49D   2484
     102    4989       1       1       0       0       0       001010000D   2485
     102       0       0       1       0                  CCURVE     165D   2486
     126    4990       1       1       0       0       0       001010500D   2487
     126       0       0      11       0                B_SPLINE     207D   2488
     126    5001       1       1       0       0       0       001010500D   2489
     126       0       0      11       0                B_SPLINE     208D   2490
     110    5012       1       1       0       0       0       001010500D   2491
     110       0       0       2       0                    LINE     364D   2492
     110    5014       1       1       0       0       0       001010500D   2493
     110       0       0       2       0                    LINE     365D   2494
     110    5016       1       1       0       0       0       001010500D   2495
     110       0       0       2       0                    LINE     366D   2496
     102    5018       1       1       0       0       0       001010500D   2497
     102       0       0       1       0                  CCURVE     166D   2498
     142    5019       1       1       0       0       0       001010500D   2499
     142       0       0       1       0                  UV_BND      83D   2500
     144    5020       1       1       0       0       0       000000000D   2501
     144       0       2       1       0                 TRM_SRF      66D   2502
     110    5021       1       1       0       0       0       001010000D   2503
     110       0       2       2       0                    LINE     367D   2504
     110    5023       1       1       0       0       0       001010000D   2505
     110       0       2       2       0                    LINE     368D   2506
     120    5025       1       1       0       0       0       001010000D   2507
     120       0       2       1       0                    SREV      50D   2508
     124    5026       1       1       0       0       0       001000000D   2509
     124       0       0       3       0                   XFORM     141D   2510
     100    5029       1       1       0       0    2509       001010000D   2511
     100       0       0       1       0                     ARC     141D   2512
     102    5030       1       1       0       0       0       001010000D   2513
     102       0       0       1       0                  CCURVE     167D   2514
     126    5031       1       1       0       0       0       001010500D   2515
     126       0       0      11       0                B_SPLINE     209D   2516
     126    5042       1       1       0       0       0       001010500D   2517
     126       0       0      11       0                B_SPLINE     210D   2518
     110    5053       1       1       0       0       0       001010500D   2519
     110       0       0       2       0                    LINE     369D   2520
     110    5055       1       1       0       0       0       001010500D   2521
     110       0       0       2       0                    LINE     370D   2522
     110    5057       1       1       0       0       0       001010500D   2523
     110       0       0       2       0                    LINE     371D   2524
     102    5059       1       1       0       0       0       001010500D   2525
     102       0       0       1       0                  CCURVE     168D   2526
     142    5060       1       1       0       0       0       001010500D   2527
     142       0       0       1       0                  UV_BND      84D   2528
     144    5061       1       1       0       0       0       000000000D   2529
     144       0       2       1       0                 TRM_SRF      67D   2530
     110    5062       1       1       0       0       0       001010000D   2531
     110       0       2       2       0                    LINE     372D   2532
     110    5064       1       1       0       0       0       001010000D   2533
     110       0       2       2       0                    LINE     373D   2534
     120    5066       1       1       0       0       0       001010000D   2535
     120       0       2       1       0                    SREV      51D   2536
     124    5067       1       1       0       0       0       001000000D   2537
     124       0       0       3       0                   XFORM     142D   2538
     100    5070       1       1       0       0    2537       001010000D   2539
     100       0       0       1       0                     ARC     142D   2540
     110    5071       1       1       0       0       0       001010000D   2541
     110       0       0       2       0                    LINE     374D   2542
     110    5073       1       1       0       0       0       001010000D   2543
     110       0       0       2       0                    LINE     375D   2544
     102    5075       1       1       0       0       0       001010000D   2545
     102       0       0       1       0                  CCURVE     169D   2546
     110    5076       1       1       0       0       0       001010500D   2547
     110       0       0       2       0                    LINE     376D   2548
     110    5078       1       1       0       0       0       001010500D   2549
     110       0       0       2       0                    LINE     377D   2550
     126    5080       1       1       0       0       0       001010500D   2551
     126       0       0      11       0                B_SPLINE     211D   2552
     126    5091       1       1       0       0       0       001010500D   2553
     126       0       0      11       0                B_SPLINE     212D   2554
     110    5102       1       1       0       0       0       001010500D   2555
     110       0       0       1       0                    LINE     378D   2556
     102    5103       1       1       0       0       0       001010500D   2557
     102       0       0       1       0                  CCURVE     170D   2558
     142    5104       1       1       0       0       0       001010500D   2559
     142       0       0       1       0                  UV_BND      85D   2560
     144    5105       1       1       0       0       0       000000000D   2561
     144       0       2       1       0                 TRM_SRF      68D   2562
     128    5106       1       1       0       0       0       001010000D   2563
     128       0       2       9       0                  SPLSRF      18D   2564
     102    5115       1       1       0       0       0       001010000D   2565
     102       0       0       1       0                  CCURVE     171D   2566
     126    5116       1       1       0       0       0       001010500D   2567
     126       0       0      16       0                B_SPLINE     213D   2568
     126    5132       1       1       0       0       0       001010500D   2569
     126       0       0      16       0                B_SPLINE     214D   2570
     102    5148       1       1       0       0       0       001010500D   2571
     102       0       0       1       0                  CCURVE     172D   2572
     142    5149       1       1       0       0       0       001010500D   2573
     142       0       0       1       0                  UV_BND      86D   2574
     144    5150       1       1       0       0       0       000000000D   2575
     144       0       2       1       0                 TRM_SRF      69D   2576
     110    5151       1       1       0       0       0       001010000D   2577
     110       0       2       2       0                    LINE     379D   2578
     110    5153       1       1       0       0       0       001010000D   2579
     110       0       2       2       0                    LINE     380D   2580
     120    5155       1       1       0       0       0       001010000D   2581
     120       0       2       1       0                    SREV      52D   2582
     124    5156       1       1       0       0       0       001000000D   2583
     124       0       0       3       0                   XFORM     143D   2584
     100    5159       1       1       0       0    2583       001010000D   2585
     100       0       0       1       0                     ARC     143D   2586
     102    5160       1       1       0       0       0       001010000D   2587
     102       0       0       1       0                  CCURVE     173D   2588
     110    5161       1       1       0       0       0       001010500D   2589
     110       0       0       2       0                    LINE     381D   2590
     126    5163       1       1       0       0       0       001010500D   2591
     126       0       0      17       0                B_SPLINE     215D   2592
     110    5180       1       1       0       0       0       001010500D   2593
     110       0       0       2       0                    LINE     382D   2594
     110    5182       1       1       0       0       0       001010500D   2595
     110       0       0       2       0                    LINE     383D   2596
     102    5184       1       1       0       0       0       001010500D   2597
     102       0       0       1       0                  CCURVE     174D   2598
     142    5185       1       1       0       0       0       001010500D   2599
     142       0       0       1       0                  UV_BND      87D   2600
     144    5186       1       1       0       0       0       000000000D   2601
     144       0       2       1       0                 TRM_SRF      70D   2602
     110    5187       1       1       0       0       0       001010000D   2603
     110       0       2       2       0                    LINE     384D   2604
     110    5189       1       1       0       0       0       001010000D   2605
     110       0       2       2       0                    LINE     385D   2606
     120    5191       1       1       0       0       0       001010000D   2607
     120       0       2       1       0                    SREV      53D   2608
     124    5192       1       1       0       0       0       001000000D   2609
     124       0       0       3       0                   XFORM     144D   2610
     100    5195       1       1       0       0    2609       001010000D   2611
     100       0       0       1       0                     ARC     144D   2612
     110    5196       1       1       0       0       0       001010000D   2613
     110       0       0       2       0                    LINE     386D   2614
     110    5198       1       1       0       0       0       001010000D   2615
     110       0       0       2       0                    LINE     387D   2616
     102    5200       1       1       0       0       0       001010000D   2617
     102       0       0       1       0                  CCURVE     175D   2618
     110    5201       1       1       0       0       0       001010500D   2619
     110       0       0       2       0                    LINE     388D   2620
     110    5203       1       1       0       0       0       001010500D   2621
     110       0       0       2       0                    LINE     389D   2622
     126    5205       1       1       0       0       0       001010500D   2623
     126       0       0      17       0                B_SPLINE     216D   2624
     110    5222       1       1       0       0       0       001010500D   2625
     110       0       0       1       0                    LINE     390D   2626
     102    5223       1       1       0       0       0       001010500D   2627
     102       0       0       1       0                  CCURVE     176D   2628
     142    5224       1       1       0       0       0       001010500D   2629
     142       0       0       1       0                  UV_BND      88D   2630
     144    5225       1       1       0       0       0       000000000D   2631
     144       0       2       1       0                 TRM_SRF      71D   2632
     128    5226       1       1       0       0       0       001010000D   2633
     128       0       2       9       0                  SPLSRF      19D   2634
     102    5235       1       1       0       0       0       001010000D   2635
     102       0       0       1       0                  CCURVE     177D   2636
     126    5236       1       1       0       0       0       001010500D   2637
     126       0       0      16       0                B_SPLINE     217D   2638
     126    5252       1       1       0       0       0       001010500D   2639
     126       0       0      16       0                B_SPLINE     218D   2640
     102    5268       1       1       0       0       0       001010500D   2641
     102       0       0       1       0                  CCURVE     178D   2642
     142    5269       1       1       0       0       0       001010500D   2643
     142       0       0       1       0                  UV_BND      89D   2644
     144    5270       1       1       0       0       0       000000000D   2645
     144       0       2       1       0                 TRM_SRF      72D   2646
     110    5271       1       1       0       0       0       001010000D   2647
     110       0       2       2       0                    LINE     391D   2648
     110    5273       1       1       0       0       0       001010000D   2649
     110       0       2       2       0                    LINE     392D   2650
     120    5275       1       1       0       0       0       001010000D   2651
     120       0       2       1       0                    SREV      54D   2652
     124    5276       1       1       0       0       0       001000000D   2653
     124       0       0       3       0                   XFORM     145D   2654
     100    5279       1       1       0       0    2653       001010000D   2655
     100       0       0       1       0                     ARC     145D   2656
     102    5280       1       1       0       0       0       001010000D   2657
     102       0       0       1       0                  CCURVE     179D   2658
     110    5281       1       1       0       0       0       001010500D   2659
     110       0       0       2       0                    LINE     393D   2660
     126    5283       1       1       0       0       0       001010500D   2661
     126       0       0      17       0                B_SPLINE     219D   2662
     110    5300       1       1       0       0       0       001010500D   2663
     110       0       0       2       0                    LINE     394D   2664
     110    5302       1       1       0       0       0       001010500D   2665
     110       0       0       2       0                    LINE     395D   2666
     102    5304       1       1       0       0       0       001010500D   2667
     102       0       0       1       0                  CCURVE     180D   2668
     142    5305       1       1       0       0       0       001010500D   2669
     142       0       0       1       0                  UV_BND      90D   2670
     144    5306       1       1       0       0       0       000000000D   2671
     144       0       2       1       0                 TRM_SRF      73D   2672
     110    5307       1       1       0       0       0       001010000D   2673
     110       0       2       2       0                    LINE     396D   2674
     110    5309       1       1       0       0       0       001010000D   2675
     110       0       2       2       0                    LINE     397D   2676
     120    5311       1       1       0       0       0       001010000D   2677
     120       0       2       1       0                    SREV      55D   2678
     124    5312       1       1       0       0       0       001000000D   2679
     124       0       0       3       0                   XFORM     146D   2680
     100    5315       1       1       0       0    2679       001010000D   2681
     100       0       0       1       0                     ARC     146D   2682
     110    5316       1       1       0       0       0       001010000D   2683
     110       0       0       2       0                    LINE     398D   2684
     110    5318       1       1       0       0       0       001010000D   2685
     110       0       0       2       0                    LINE     399D   2686
     102    5320       1       1       0       0       0       001010000D   2687
     102       0       0       1       0                  CCURVE     181D   2688
     110    5321       1       1       0       0       0       001010500D   2689
     110       0       0       2       0                    LINE     400D   2690
     110    5323       1       1       0       0       0       001010500D   2691
     110       0       0       2       0                    LINE     401D   2692
     126    5325       1       1       0       0       0       001010500D   2693
     126       0       0      17       0                B_SPLINE     220D   2694
     110    5342       1       1       0       0       0       001010500D   2695
     110       0       0       1       0                    LINE     402D   2696
     102    5343       1       1       0       0       0       001010500D   2697
     102       0       0       1       0                  CCURVE     182D   2698
     142    5344       1       1       0       0       0       001010500D   2699
     142       0       0       1       0                  UV_BND      91D   2700
     144    5345       1       1       0       0       0       000000000D   2701
     144       0       2       1       0                 TRM_SRF      74D   2702
     128    5346       1       1       0       0       0       001010000D   2703
     128       0       2       9       0                  SPLSRF      20D   2704
     102    5355       1       1       0       0       0       001010000D   2705
     102       0       0       1       0                  CCURVE     183D   2706
     126    5356       1       1       0       0       0       001010500D   2707
     126       0       0      16       0                B_SPLINE     221D   2708
     126    5372       1       1       0       0       0       001010500D   2709
     126       0       0      16       0                B_SPLINE     222D   2710
     102    5388       1       1       0       0       0       001010500D   2711
     102       0       0       1       0                  CCURVE     184D   2712
     142    5389       1       1       0       0       0       001010500D   2713
     142       0       0       1       0                  UV_BND      92D   2714
     144    5390       1       1       0       0       0       000000000D   2715
     144       0       2       1       0                 TRM_SRF      75D   2716
     110    5391       1       1       0       0       0       001010000D   2717
     110       0       2       2       0                    LINE     403D   2718
     110    5393       1       1       0       0       0       001010000D   2719
     110       0       2       2       0                    LINE     404D   2720
     120    5395       1       1       0       0       0       001010000D   2721
     120       0       2       1       0                    SREV      56D   2722
     102    5396       1       1       0       0       0       001010000D   2723
     102       0       0       1       0                  CCURVE     185D   2724
     110    5397       1       1       0       0       0       001010500D   2725
     110       0       0       2       0                    LINE     405D   2726
     126    5399       1       1       0       0       0       001010500D   2727
     126       0       0      17       0                B_SPLINE     223D   2728
     110    5416       1       1       0       0       0       001010500D   2729
     110       0       0       2       0                    LINE     406D   2730
     110    5418       1       1       0       0       0       001010500D   2731
     110       0       0       2       0                    LINE     407D   2732
     102    5420       1       1       0       0       0       001010500D   2733
     102       0       0       1       0                  CCURVE     186D   2734
     142    5421       1       1       0       0       0       001010500D   2735
     142       0       0       1       0                  UV_BND      93D   2736
     144    5422       1       1       0       0       0       000000000D   2737
     144       0       2       1       0                 TRM_SRF      76D   2738
     110    5423       1       1       0       0       0       001010000D   2739
     110       0       2       2       0                    LINE     408D   2740
     110    5425       1       1       0       0       0       001010000D   2741
     110       0       2       2       0                    LINE     409D   2742
     120    5427       1       1       0       0       0       001010000D   2743
     120       0       2       1       0                    SREV      57D   2744
     110    5428       1       1       0       0       0       001010000D   2745
     110       0       0       2       0                    LINE     410D   2746
     110    5430       1       1       0       0       0       001010000D   2747
     110       0       0       2       0                    LINE     411D   2748
     102    5432       1       1       0       0       0       001010000D   2749
     102       0       0       1       0                  CCURVE     187D   2750
     110    5433       1       1       0       0       0       001010500D   2751
     110       0       0       2       0                    LINE     412D   2752
     110    5435       1       1       0       0       0       001010500D   2753
     110       0       0       2       0                    LINE     413D   2754
     126    5437       1       1       0       0       0       001010500D   2755
     126       0       0      17       0                B_SPLINE     224D   2756
     110    5454       1       1       0       0       0       001010500D   2757
     110       0       0       1       0                    LINE     414D   2758
     102    5455       1       1       0       0       0       001010500D   2759
     102       0       0       1       0                  CCURVE     188D   2760
     142    5456       1       1       0       0       0       001010500D   2761
     142       0       0       1       0                  UV_BND      94D   2762
     144    5457       1       1       0       0       0       000000000D   2763
     144       0       2       1       0                 TRM_SRF      77D   2764
     128    5458       1       1       0       0       0       001010000D   2765
     128       0       2       9       0                  SPLSRF      21D   2766
     102    5467       1       1       0       0       0       001010000D   2767
     102       0       0       1       0                  CCURVE     189D   2768
     126    5468       1       1       0       0       0       001010500D   2769
     126       0       0      16       0                B_SPLINE     225D   2770
     126    5484       1       1       0       0       0       001010500D   2771
     126       0       0      16       0                B_SPLINE     226D   2772
     102    5500       1       1       0       0       0       001010500D   2773
     102       0       0       1       0                  CCURVE     190D   2774
     142    5501       1       1       0       0       0       001010500D   2775
     142       0       0       1       0                  UV_BND      95D   2776
     144    5502       1       1       0       0       0       000000000D   2777
     144       0       2       1       0                 TRM_SRF      78D   2778
     110    5503       1       1       0       0       0       001010000D   2779
     110       0       2       2       0                    LINE     415D   2780
     110    5505       1       1       0       0       0       001010000D   2781
     110       0       2       2       0                    LINE     416D   2782
     120    5507       1       1       0       0       0       001010000D   2783
     120       0       2       1       0                    SREV      58D   2784
     102    5508       1       1       0       0       0       001010000D   2785
     102       0       0       1       0                  CCURVE     191D   2786
     110    5509       1       1       0       0       0       001010500D   2787
     110       0       0       2       0                    LINE     417D   2788
     126    5511       1       1       0       0       0       001010500D   2789
     126       0       0      17       0                B_SPLINE     227D   2790
     110    5528       1       1       0       0       0       001010500D   2791
     110       0       0       2       0                    LINE     418D   2792
     110    5530       1       1       0       0       0       001010500D   2793
     110       0       0       2       0                    LINE     419D   2794
     102    5532       1       1       0       0       0       001010500D   2795
     102       0       0       1       0                  CCURVE     192D   2796
     142    5533       1       1       0       0       0       001010500D   2797
     142       0       0       1       0                  UV_BND      96D   2798
     144    5534       1       1       0       0       0       000000000D   2799
     144       0       2       1       0                 TRM_SRF      79D   2800
     110    5535       1       1       0       0       0       001010000D   2801
     110       0       2       2       0                    LINE     420D   2802
     110    5537       1       1       0       0       0       001010000D   2803
     110       0       2       2       0                    LINE     421D   2804
     120    5539       1       1       0       0       0       001010000D   2805
     120       0       2       1       0                    SREV      59D   2806
     110    5540       1       1       0       0       0       001010000D   2807
     110       0       0       2       0                    LINE     422D   2808
     110    5542       1       1       0       0       0       001010000D   2809
     110       0       0       2       0                    LINE     423D   2810
     102    5544       1       1       0       0       0       001010000D   2811
     102       0       0       1       0                  CCURVE     193D   2812
     110    5545       1       1       0       0       0       001010500D   2813
     110       0       0       2       0                    LINE     424D   2814
     110    5547       1       1       0       0       0       001010500D   2815
     110       0       0       2       0                    LINE     425D   2816
     126    5549       1       1       0       0       0       001010500D   2817
     126       0       0      17       0                B_SPLINE     228D   2818
     110    5566       1       1       0       0       0       001010500D   2819
     110       0       0       1       0                    LINE     426D   2820
     102    5567       1       1       0       0       0       001010500D   2821
     102       0       0       1       0                  CCURVE     194D   2822
     142    5568       1       1       0       0       0       001010500D   2823
     142       0       0       1       0                  UV_BND      97D   2824
     144    5569       1       1       0       0       0       000000000D   2825
     144       0       2       1       0                 TRM_SRF      80D   2826
     128    5570       1       1       0       0       0       001010000D   2827
     128       0       2       9       0                  SPLSRF      22D   2828
     102    5579       1       1       0       0       0       001010000D   2829
     102       0       0       1       0                  CCURVE     195D   2830
     126    5580       1       1       0       0       0       001010500D   2831
     126       0       0      16       0                B_SPLINE     229D   2832
     126    5596       1       1       0       0       0       001010500D   2833
     126       0       0      16       0                B_SPLINE     230D   2834
     102    5612       1       1       0       0       0       001010500D   2835
     102       0       0       1       0                  CCURVE     196D   2836
     142    5613       1       1       0       0       0       001010500D   2837
     142       0       0       1       0                  UV_BND      98D   2838
     144    5614       1       1       0       0       0       000000000D   2839
     144       0       2       1       0                 TRM_SRF      81D   2840
     110    5615       1       1       0       0       0       001010000D   2841
     110       0       2       2       0                    LINE     427D   2842
     110    5617       1       1       0       0       0       001010000D   2843
     110       0       2       2       0                    LINE     428D   2844
     120    5619       1       1       0       0       0       001010000D   2845
     120       0       2       1       0                    SREV      60D   2846
     124    5620       1       1       0       0       0       001000000D   2847
     124       0       0       3       0                   XFORM     147D   2848
     100    5623       1       1       0       0    2847       001010000D   2849
     100       0       0       1       0                     ARC     147D   2850
     102    5624       1       1       0       0       0       001010000D   2851
     102       0       0       1       0                  CCURVE     197D   2852
     110    5625       1       1       0       0       0       001010500D   2853
     110       0       0       2       0                    LINE     429D   2854
     126    5627       1       1       0       0       0       001010500D   2855
     126       0       0      17       0                B_SPLINE     231D   2856
     110    5644       1       1       0       0       0       001010500D   2857
     110       0       0       2       0                    LINE     430D   2858
     110    5646       1       1       0       0       0       001010500D   2859
     110       0       0       2       0                    LINE     431D   2860
     102    5648       1       1       0       0       0       001010500D   2861
     102       0       0       1       0                  CCURVE     198D   2862
     142    5649       1       1       0       0       0       001010500D   2863
     142       0       0       1       0                  UV_BND      99D   2864
     144    5650       1       1       0       0       0       000000000D   2865
     144       0       2       1       0                 TRM_SRF      82D   2866
     110    5651       1       1       0       0       0       001010000D   2867
     110       0       2       2       0                    LINE     432D   2868
     110    5653       1       1       0       0       0       001010000D   2869
     110       0       2       2       0                    LINE     433D   2870
     120    5655       1       1       0       0       0       001010000D   2871
     120       0       2       1       0                    SREV      61D   2872
     124    5656       1       1       0       0       0       001000000D   2873
     124       0       0       3       0                   XFORM     148D   2874
     100    5659       1       1       0       0    2873       001010000D   2875
     100       0       0       1       0                     ARC     148D   2876
     110    5660       1       1       0       0       0       001010000D   2877
     110       0       0       2       0                    LINE     434D   2878
     110    5662       1       1       0       0       0       001010000D   2879
     110       0       0       2       0                    LINE     435D   2880
     102    5664       1       1       0       0       0       001010000D   2881
     102       0       0       1       0                  CCURVE     199D   2882
     110    5665       1       1       0       0       0       001010500D   2883
     110       0       0       2       0                    LINE     436D   2884
     110    5667       1       1       0       0       0       001010500D   2885
     110       0       0       2       0                    LINE     437D   2886
     126    5669       1       1       0       0       0       001010500D   2887
     126       0       0      17       0                B_SPLINE     232D   2888
     110    5686       1       1       0       0       0       001010500D   2889
     110       0       0       1       0                    LINE     438D   2890
     102    5687       1       1       0       0       0       001010500D   2891
     102       0       0       1       0                  CCURVE     200D   2892
     142    5688       1       1       0       0       0       001010500D   2893
     142       0       0       1       0                  UV_BND     100D   2894
     144    5689       1       1       0       0       0       000000000D   2895
     144       0       2       1       0                 TRM_SRF      83D   2896
     128    5690       1       1       0       0       0       001010000D   2897
     128       0       2       9       0                  SPLSRF      23D   2898
     102    5699       1       1       0       0       0       001010000D   2899
     102       0       0       1       0                  CCURVE     201D   2900
     126    5700       1       1       0       0       0       001010500D   2901
     126       0       0      16       0                B_SPLINE     233D   2902
     126    5716       1       1       0       0       0       001010500D   2903
     126       0       0      16       0                B_SPLINE     234D   2904
     102    5732       1       1       0       0       0       001010500D   2905
     102       0       0       1       0                  CCURVE     202D   2906
     142    5733       1       1       0       0       0       001010500D   2907
     142       0       0       1       0                  UV_BND     101D   2908
     144    5734       1       1       0       0       0       000000000D   2909
     144       0       2       1       0                 TRM_SRF      84D   2910
     406    5735       1       1       0       0       0       001000000D   2911
     406       0       0       1      15                    PROP       3D   2912
     402    5736       1       1       0       0       0       000000300D   2913
     402       0       0      55       7                   LAYER       3D   2914
     406    5791       1       1       0       0       0       001000000D   2915
     406       0       0       1      15                    PROP       4D   2916
     402    5792       1       1       0       0       0       000000300D   2917
     402       0       0      55       7                   LAYER       4D   2918
     126    5847       1       1       0       0       0       001010000D   2919
     126       0       2      16       0                B_SPLINE     235D   2920
     126    5863       1       1       0       0       0       001010000D   2921
     126       0       2      16       0                B_SPLINE     236D   2922
     126    5879       1       1       0       0       0       001010000D   2923
     126       0       2      16       0                B_SPLINE     237D   2924
     126    5895       1       1       0       0       0       001010000D   2925
     126       0       2      16       0                B_SPLINE     238D   2926
     124    5911       1       1       0       0       0       001000000D   2927
     124       0       0       2       0                   XFORM     149D   2928
     100    5913       1       1       0       0    2927       001010000D   2929
     100       0       2       1       0                     ARC     149D   2930
     124    5914       1       1       0       0       0       001000000D   2931
     124       0       0       2       0                   XFORM     150D   2932
     100    5916       1       1       0       0    2931       001010000D   2933
     100       0       2       1       0                     ARC     150D   2934
     124    5917       1       1       0       0       0       001000000D   2935
     124       0       0       3       0                   XFORM     151D   2936
     100    5920       1       1       0       0    2935       001010000D   2937
     100       0       2       1       0                     ARC     151D   2938
     110    5921       1       1       0       0       0       001010000D   2939
     110       0       2       2       0                    LINE     439D   2940
     124    5923       1       1       0       0       0       001000000D   2941
     124       0       0       2       0                   XFORM     152D   2942
     100    5925       1       1       0       0    2941       001010000D   2943
     100       0       2       1       0                     ARC     152D   2944
     120    5926       1       1       0       0       0       001010000D   2945
     120       0       2       1       0                    SREV      62D   2946
     102    5927       1       1       0       0       0       001010000D   2947
     102       0       0       1       0                  CCURVE     203D   2948
     126    5928       1       1       0       0       0       001010500D   2949
     126       0       2      14       0                B_SPLINE     239D   2950
     126    5942       1       1       0       0       0       001010500D   2951
     126       0       2      14       0                B_SPLINE     240D   2952
     102    5956       1       1       0       0       0       001010500D   2953
     102       0       0       1       0                  CCURVE     204D   2954
     142    5957       1       1       0       0       0       001010500D   2955
     142       0       0       1       0                  UV_BND     102D   2956
     144    5958       1       1       0       0       0       000000000D   2957
     144       0       2       1       0                 TRM_SRF      85D   2958
     110    5959       1       1       0       0       0       001010000D   2959
     110       0       2       2       0                    LINE     440D   2960
     124    5961       1       1       0       0       0       001000000D   2961
     124       0       0       2       0                   XFORM     153D   2962
     100    5963       1       1       0       0    2961       001010000D   2963
     100       0       2       1       0                     ARC     153D   2964
     120    5964       1       1       0       0       0       001010000D   2965
     120       0       2       1       0                    SREV      63D   2966
     102    5965       1       1       0       0       0       001010000D   2967
     102       0       0       1       0                  CCURVE     205D   2968
     126    5966       1       1       0       0       0       001010500D   2969
     126       0       2      14       0                B_SPLINE     241D   2970
     110    5980       1       1       0       0       0       001010500D   2971
     110       0       2       2       0                    LINE     441D   2972
     110    5982       1       1       0       0       0       001010500D   2973
     110       0       0       1       0                    LINE     442D   2974
     110    5983       1       1       0       0       0       001010500D   2975
     110       0       2       1       0                    LINE     443D   2976
     110    5984       1       1       0       0       0       001010500D   2977
     110       0       0       2       0                    LINE     444D   2978
     110    5986       1       1       0       0       0       001010500D   2979
     110       0       2       2       0                    LINE     445D   2980
     126    5988       1       1       0       0       0       001010500D   2981
     126       0       2      14       0                B_SPLINE     242D   2982
     102    6002       1       1       0       0       0       001010500D   2983
     102       0       0       1       0                  CCURVE     206D   2984
     142    6003       1       1       0       0       0       001010500D   2985
     142       0       0       1       0                  UV_BND     103D   2986
     144    6004       1       1       0       0       0       000000000D   2987
     144       0       2       1       0                 TRM_SRF      86D   2988
     124    6005       1       1       0       0       0       001000000D   2989
     124       0       0       2       0                   XFORM     154D   2990
     100    6007       1       1       0       0    2989       001010000D   2991
     100       0     -17       1       0                     ARC     154D   2992
     124    6008       1       1       0       0       0       001000000D   2993
     124       0       0       2       0                   XFORM     155D   2994
     100    6010       1       1       0       0    2993       001010000D   2995
     100       0     -17       1       0                     ARC     155D   2996
     124    6011       1       1       0       0       0       001000000D   2997
     124       0       0       2       0                   XFORM     156D   2998
     100    6013       1       1       0       0    2997       001010000D   2999
     100       0     -17       1       0                     ARC     156D   3000
     124    6014       1       1       0       0       0       001000000D   3001
     124       0       0       2       0                   XFORM     157D   3002
     100    6016       1       1       0       0    3001       001010000D   3003
     100       0     -17       1       0                     ARC     157D   3004
     110    6017       1       1       0       0       0       001010000D   3005
     110       0     -17       2       0                    LINE     446D   3006
     110    6019       1       1       0       0       0       001010000D   3007
     110       0     -17       2       0                    LINE     447D   3008
     124    6021       1       1       0       0       0       001000000D   3009
     124       0       0       2       0                   XFORM     158D   3010
     100    6023       1       1       0       0    3009       001010000D   3011
     100       0     -17       1       0                     ARC     158D   3012
     124    6024       1       1       0       0       0       001000000D   3013
     124       0       0       2       0                   XFORM     159D   3014
     100    6026       1       1       0       0    3013       001010000D   3015
     100       0     -17       1       0                     ARC     159D   3016
     124    6027       1       1       0       0       0       001000000D   3017
     124       0       0       2       0                   XFORM     160D   3018
     100    6029       1       1       0       0    3017       001010000D   3019
     100       0     -17       1       0                     ARC     160D   3020
     124    6030       1       1       0       0       0       001000000D   3021
     124       0       0       2       0                   XFORM     161D   3022
     100    6032       1       1       0       0    3021       001010000D   3023
     100       0     -17       1       0                     ARC     161D   3024
     110    6033       1       1       0       0       0       001010000D   3025
     110       0     -17       2       0                    LINE     448D   3026
     110    6035       1       1       0       0       0       001010000D   3027
     110       0     -17       2       0                    LINE     449D   3028
     124    6037       1       1       0       0       0       001000000D   3029
     124       0       0       2       0                   XFORM     162D   3030
     100    6039       1       1       0       0    3029       001010000D   3031
     100       0     -17       1       0                     ARC     162D   3032
     124    6040       1       1       0       0       0       001000000D   3033
     124       0       0       2       0                   XFORM     163D   3034
     100    6042       1       1       0       0    3033       001010000D   3035
     100       0     -17       1       0                     ARC     163D   3036
     126    6043       1       1       0       0       0       001010000D   3037
     126       0     -17      14       0                B_SPLINE     243D   3038
     124    6057       1       1       0       0       0       001000000D   3039
     124       0       0       2       0                   XFORM     164D   3040
     100    6059       1       1       0       0    3039       001010000D   3041
     100       0     -17       1       0                     ARC     164D   3042
     124    6060       1       1       0       0       0       001000000D   3043
     124       0       0       3       0                   XFORM     165D   3044
     100    6063       1       1       0       0    3043       001010000D   3045
     100       0     -17       1       0                     ARC     165D   3046
     126    6064       1       1       0       0       0       001010000D   3047
     126       0     -17      14       0                B_SPLINE     244D   3048
     126    6078       1       1       0       0       0       001010000D   3049
     126       0     -17       9       0                B_SPLINE     245D   3050
     126    6087       1       1       0       0       0       001010000D   3051
     126       0     -17      21       0                B_SPLINE     246D   3052
     126    6108       1       1       0       0       0       001010000D   3053
     126       0     -17      21       0                B_SPLINE     247D   3054
     110    6129       1       1       0       0       0       001010000D   3055
     110       0     -17       2       0                    LINE     450D   3056
     110    6131       1       1       0       0       0       001010000D   3057
     110       0     -17       2       0                    LINE     451D   3058
     126    6133       1       1       0       0       0       001010000D   3059
     126       0     -17       9       0                B_SPLINE     248D   3060
     126    6142       1       1       0       0       0       001010000D   3061
     126       0     -17      14       0                B_SPLINE     249D   3062
     124    6156       1       1       0       0       0       001000000D   3063
     124       0       0       2       0                   XFORM     166D   3064
     100    6158       1       1       0       0    3063       001010000D   3065
     100       0     -17       1       0                     ARC     166D   3066
     124    6159       1       1       0       0       0       001000000D   3067
     124       0       0       4       0                   XFORM     167D   3068
     100    6163       1       1       0       0    3067       001010000D   3069
     100       0     -17       1       0                     ARC     167D   3070
     124    6164       1       1       0       0       0       001000000D   3071
     124       0       0       3       0                   XFORM     168D   3072
     100    6167       1       1       0       0    3071       001010000D   3073
     100       0     -17       2       0                     ARC     168D   3074
     124    6169       1       1       0       0       0       001000000D   3075
     124       0       0       3       0                   XFORM     169D   3076
     100    6172       1       1       0       0    3075       001010000D   3077
     100       0     -17       2       0                     ARC     169D   3078
     124    6174       1       1       0       0       0       001000000D   3079
     124       0       0       2       0                   XFORM     170D   3080
     100    6176       1       1       0       0    3079       001010000D   3081
     100       0     -17       2       0                     ARC     170D   3082
     124    6178       1       1       0       0       0       001000000D   3083
     124       0       0       2       0                   XFORM     171D   3084
     100    6180       1       1       0       0    3083       001010000D   3085
     100       0     -17       1       0                     ARC     171D   3086
     124    6181       1       1       0       0       0       001000000D   3087
     124       0       0       3       0                   XFORM     172D   3088
     100    6184       1       1       0       0    3087       001010000D   3089
     100       0     -17       2       0                     ARC     172D   3090
     124    6186       1       1       0       0       0       001000000D   3091
     124       0       0       3       0                   XFORM     173D   3092
     100    6189       1       1       0       0    3091       001010000D   3093
     100       0     -17       2       0                     ARC     173D   3094
     124    6191       1       1       0       0       0       001000000D   3095
     124       0       0       2       0                   XFORM     174D   3096
     100    6193       1       1       0       0    3095       001010000D   3097
     100       0     -17       2       0                     ARC     174D   3098
     110    6195       1       1       0       0       0       001010000D   3099
     110       0     -17       2       0                    LINE     452D   3100
     124    6197       1       1       0       0       0       001000000D   3101
     124       0       0       3       0                   XFORM     175D   3102
     100    6200       1       1       0       0    3101       001010000D   3103
     100       0     -17       1       0                     ARC     175D   3104
     126    6201       1       1       0       0       0       001010000D   3105
     126       0     -17      14       0                B_SPLINE     250D   3106
     110    6215       1       1       0       0       0       001010000D   3107
     110       0     -17       2       0                    LINE     453D   3108
     110    6217       1       1       0       0       0       001010000D   3109
     110       0     -17       2       0                    LINE     454D   3110
     126    6219       1       1       0       0       0       001010000D   3111
     126       0     -17       9       0                B_SPLINE     251D   3112
     126    6228       1       1       0       0       0       001010000D   3113
     126       0     -17       9       0                B_SPLINE     252D   3114
     126    6237       1       1       0       0       0       001010000D   3115
     126       0     -17      21       0                B_SPLINE     253D   3116
     126    6258       1       1       0       0       0       001010000D   3117
     126       0     -17      21       0                B_SPLINE     254D   3118
     124    6279       1       1       0       0       0       001000000D   3119
     124       0       0       3       0                   XFORM     176D   3120
     100    6282       1       1       0       0    3119       001010000D   3121
     100       0     -17       1       0                     ARC     176D   3122
     110    6283       1       1       0       0       0       001010000D   3123
     110       0     -17       2       0                    LINE     455D   3124
     110    6285       1       1       0       0       0       001010000D   3125
     110       0     -17       2       0                    LINE     456D   3126
     110    6287       1       1       0       0       0       001010000D   3127
     110       0     -17       2       0                    LINE     457D   3128
     124    6289       1       1       0       0       0       001000000D   3129
     124       0       0       2       0                   XFORM     177D   3130
     100    6291       1       1       0       0    3129       001010000D   3131
     100       0     -17       1       0                     ARC     177D   3132
     110    6292       1       1       0       0       0       001010000D   3133
     110       0     -17       2       0                    LINE     458D   3134
     124    6294       1       1       0       0       0       001000000D   3135
     124       0       0       2       0                   XFORM     178D   3136
     100    6296       1       1       0       0    3135       001010000D   3137
     100       0     -17       1       0                     ARC     178D   3138
     124    6297       1       1       0       0       0       001000000D   3139
     124       0       0       3       0                   XFORM     179D   3140
     100    6300       1       1       0       0    3139       001010000D   3141
     100       0     -17       1       0                     ARC     179D   3142
     110    6301       1       1       0       0       0       001010000D   3143
     110       0     -17       2       0                    LINE     459D   3144
     110    6303       1       1       0       0       0       001010000D   3145
     110       0     -17       2       0                    LINE     460D   3146
     124    6305       1       1       0       0       0       001000000D   3147
     124       0       0       2       0                   XFORM     180D   3148
     100    6307       1       1       0       0    3147       001010000D   3149
     100       0     -17       1       0                     ARC     180D   3150
     124    6308       1       1       0       0       0       001000000D   3151
     124       0       0       2       0                   XFORM     181D   3152
     100    6310       1       1       0       0    3151       001010000D   3153
     100       0     -17       1       0                     ARC     181D   3154
     110    6311       1       1       0       0       0       001010000D   3155
     110       0     -17       2       0                    LINE     461D   3156
     110    6313       1       1       0       0       0       001010000D   3157
     110       0     -17       2       0                    LINE     462D   3158
     120    6315       1       1       0       0       0       001010000D   3159
     120       0     -17       1       0                    SREV      64D   3160
     124    6316       1       1       0       0       0       001000000D   3161
     124       0       0       2       0                   XFORM     182D   3162
     100    6318       1       1       0       0    3161       001010000D   3163
     100       0       0       1       0                     ARC     182D   3164
     124    6319       1       1       0       0       0       001000000D   3165
     124       0       0       2       0                   XFORM     183D   3166
     100    6321       1       1       0       0    3165       001010000D   3167
     100       0       0       1       0                     ARC     183D   3168
     102    6322       1       1       0       0       0       001010000D   3169
     102       0       0       1       0                  CCURVE     207D   3170
     110    6323       1       1       0       0       0       001010500D   3171
     110       0     -17       2       0                    LINE     463D   3172
     110    6325       1       1       0       0       0       001010500D   3173
     110       0     -17       1       0                    LINE     464D   3174
     110    6326       1       1       0       0       0       001010500D   3175
     110       0     -17       2       0                    LINE     465D   3176
     110    6328       1       1       0       0       0       001010500D   3177
     110       0     -17       2       0                    LINE     466D   3178
     102    6330       1       1       0       0       0       001010500D   3179
     102       0       0       1       0                  CCURVE     208D   3180
     142    6331       1       1       0       0       0       001010500D   3181
     142       0       0       1       0                  UV_BND     104D   3182
     144    6332       1       1       0       0       0       000000000D   3183
     144       0     -17       1       0                 TRM_SRF      87D   3184
     128    6333       1       1       0       0       0       001010000D   3185
     128       0       2       9       0                  SPLSRF      24D   3186
     102    6342       1       1       0       0       0       001010000D   3187
     102       0       0       1       0                  CCURVE     209D   3188
     126    6343       1       1       0       0       0       001010500D   3189
     126       0     -17      21       0                B_SPLINE     255D   3190
     126    6364       1       1       0       0       0       001010500D   3191
     126       0     -17      21       0                B_SPLINE     256D   3192
     102    6385       1       1       0       0       0       001010500D   3193
     102       0       0       1       0                  CCURVE     210D   3194
     142    6386       1       1       0       0       0       001010500D   3195
     142       0       0       1       0                  UV_BND     105D   3196
     102    6387       1       1       0       0       0       001010000D   3197
     102       0       0       1       0                  CCURVE     211D   3198
     126    6388       1       1       0       0       0       001010500D   3199
     126       0     -17      17       0                B_SPLINE     257D   3200
     126    6405       1       1       0       0       0       001010500D   3201
     126       0     -17      17       0                B_SPLINE     258D   3202
     102    6422       1       1       0       0       0       001010500D   3203
     102       0       0       1       0                  CCURVE     212D   3204
     142    6423       1       1       0       0       0       001010500D   3205
     142       0       0       1       0                  UV_BND     106D   3206
     144    6424       1       1       0       0       0       000000000D   3207
     144       0       2       1       0                 TRM_SRF      88D   3208
     110    6425       1       1       0       0       0       001010000D   3209
     110       0       2       2       0                    LINE     467D   3210
     110    6427       1       1       0       0       0       001010000D   3211
     110       0       2       2       0                    LINE     468D   3212
     120    6429       1       1       0       0       0       001010000D   3213
     120       0       2       1       0                    SREV      65D   3214
     110    6430       1       1       0       0       0       001010000D   3215
     110       0       0       2       0                    LINE     469D   3216
     124    6432       1       1       0       0       0       001000000D   3217
     124       0       0       2       0                   XFORM     184D   3218
     100    6434       1       1       0       0    3217       001010000D   3219
     100       0       0       1       0                     ARC     184D   3220
     110    6435       1       1       0       0       0       001010000D   3221
     110       0       0       2       0                    LINE     470D   3222
     124    6437       1       1       0       0       0       001000000D   3223
     124       0       0       2       0                   XFORM     185D   3224
     100    6439       1       1       0       0    3223       001010000D   3225
     100       0       0       1       0                     ARC     185D   3226
     102    6440       1       1       0       0       0       001010000D   3227
     102       0       0       1       0                  CCURVE     213D   3228
     110    6441       1       1       0       0       0       001010500D   3229
     110       0     -17       2       0                    LINE     471D   3230
     110    6443       1       1       0       0       0       001010500D   3231
     110       0     -17       2       0                    LINE     472D   3232
     110    6445       1       1       0       0       0       001010500D   3233
     110       0     -17       2       0                    LINE     473D   3234
     110    6447       1       1       0       0       0       001010500D   3235
     110       0     -17       2       0                    LINE     474D   3236
     102    6449       1       1       0       0       0       001010500D   3237
     102       0       0       1       0                  CCURVE     214D   3238
     142    6450       1       1       0       0       0       001010500D   3239
     142       0       0       1       0                  UV_BND     107D   3240
     144    6451       1       1       0       0       0       000000000D   3241
     144       0       2       1       0                 TRM_SRF      89D   3242
     110    6452       1       1       0       0       0       001010000D   3243
     110       0       2       2       0                    LINE     475D   3244
     110    6454       1       1       0       0       0       001010000D   3245
     110       0       2       2       0                    LINE     476D   3246
     120    6456       1       1       0       0       0       001010000D   3247
     120       0       2       1       0                    SREV      66D   3248
     124    6457       1       1       0       0       0       001000000D   3249
     124       0       0       2       0                   XFORM     186D   3250
     100    6459       1       1       0       0    3249       001010000D   3251
     100       0       0       1       0                     ARC     186D   3252
     124    6460       1       1       0       0       0       001000000D   3253
     124       0       0       2       0                   XFORM     187D   3254
     100    6462       1       1       0       0    3253       001010000D   3255
     100       0       0       1       0                     ARC     187D   3256
     102    6463       1       1       0       0       0       001010000D   3257
     102       0       0       1       0                  CCURVE     215D   3258
     110    6464       1       1       0       0       0       001010500D   3259
     110       0     -17       2       0                    LINE     477D   3260
     110    6466       1       1       0       0       0       001010500D   3261
     110       0     -17       1       0                    LINE     478D   3262
     110    6467       1       1       0       0       0       001010500D   3263
     110       0     -17       2       0                    LINE     479D   3264
     110    6469       1       1       0       0       0       001010500D   3265
     110       0     -17       2       0                    LINE     480D   3266
     102    6471       1       1       0       0       0       001010500D   3267
     102       0       0       1       0                  CCURVE     216D   3268
     142    6472       1       1       0       0       0       001010500D   3269
     142       0       0       1       0                  UV_BND     108D   3270
     144    6473       1       1       0       0       0       000000000D   3271
     144       0       2       1       0                 TRM_SRF      90D   3272
     128    6474       1       1       0       0       0       001010000D   3273
     128       0       2       9       0                  SPLSRF      25D   3274
     102    6483       1       1       0       0       0       001010000D   3275
     102       0       0       1       0                  CCURVE     217D   3276
     126    6484       1       1       0       0       0       001010500D   3277
     126       0     -17      23       0                B_SPLINE     259D   3278
     126    6507       1       1       0       0       0       001010500D   3279
     126       0     -17      23       0                B_SPLINE     260D   3280
     102    6530       1       1       0       0       0       001010500D   3281
     102       0       0       1       0                  CCURVE     218D   3282
     142    6531       1       1       0       0       0       001010500D   3283
     142       0       0       1       0                  UV_BND     109D   3284
     102    6532       1       1       0       0       0       001010000D   3285
     102       0       0       1       0                  CCURVE     219D   3286
     126    6533       1       1       0       0       0       001010500D   3287
     126       0     -17      21       0                B_SPLINE     261D   3288
     126    6554       1       1       0       0       0       001010500D   3289
     126       0     -17      21       0                B_SPLINE     262D   3290
     102    6575       1       1       0       0       0       001010500D   3291
     102       0       0       1       0                  CCURVE     220D   3292
     142    6576       1       1       0       0       0       001010500D   3293
     142       0       0       1       0                  UV_BND     110D   3294
     144    6577       1       1       0       0       0       000000000D   3295
     144       0       2       1       0                 TRM_SRF      91D   3296
     110    6578       1       1       0       0       0       001010000D   3297
     110       0       2       2       0                    LINE     481D   3298
     110    6580       1       1       0       0       0       001010000D   3299
     110       0       2       2       0                    LINE     482D   3300
     120    6582       1       1       0       0       0       001010000D   3301
     120       0       2       1       0                    SREV      67D   3302
     110    6583       1       1       0       0       0       001010000D   3303
     110       0       0       2       0                    LINE     483D   3304
     124    6585       1       1       0       0       0       001000000D   3305
     124       0       0       2       0                   XFORM     188D   3306
     100    6587       1       1       0       0    3305       001010000D   3307
     100       0       0       1       0                     ARC     188D   3308
     110    6588       1       1       0       0       0       001010000D   3309
     110       0       0       2       0                    LINE     484D   3310
     102    6590       1       1       0       0       0       001010000D   3311
     102       0       0       1       0                  CCURVE     221D   3312
     110    6591       1       1       0       0       0       001010500D   3313
     110       0     -17       2       0                    LINE     485D   3314
     110    6593       1       1       0       0       0       001010500D   3315
     110       0     -17       2       0                    LINE     486D   3316
     110    6595       1       1       0       0       0       001010500D   3317
     110       0     -17       2       0                    LINE     487D   3318
     110    6597       1       1       0       0       0       001010500D   3319
     110       0     -17       2       0                    LINE     488D   3320
     102    6599       1       1       0       0       0       001010500D   3321
     102       0       0       1       0                  CCURVE     222D   3322
     142    6600       1       1       0       0       0       001010500D   3323
     142       0       0       1       0                  UV_BND     111D   3324
     144    6601       1       1       0       0       0       000000000D   3325
     144       0       2       1       0                 TRM_SRF      92D   3326
     110    6602       1       1       0       0       0       001010000D   3327
     110       0       2       2       0                    LINE     489D   3328
     110    6604       1       1       0       0       0       001010000D   3329
     110       0       2       2       0                    LINE     490D   3330
     120    6606       1       1       0       0       0       001010000D   3331
     120       0       2       1       0                    SREV      68D   3332
     124    6607       1       1       0       0       0       001000000D   3333
     124       0       0       2       0                   XFORM     189D   3334
     100    6609       1       1       0       0    3333       001010000D   3335
     100       0       0       1       0                     ARC     189D   3336
     102    6610       1       1       0       0       0       001010000D   3337
     102       0       0       1       0                  CCURVE     223D   3338
     110    6611       1       1       0       0       0       001010500D   3339
     110       0     -17       2       0                    LINE     491D   3340
     110    6613       1       1       0       0       0       001010500D   3341
     110       0     -17       1       0                    LINE     492D   3342
     110    6614       1       1       0       0       0       001010500D   3343
     110       0     -17       2       0                    LINE     493D   3344
     110    6616       1       1       0       0       0       001010500D   3345
     110       0     -17       2       0                    LINE     494D   3346
     102    6618       1       1       0       0       0       001010500D   3347
     102       0       0       1       0                  CCURVE     224D   3348
     142    6619       1       1       0       0       0       001010500D   3349
     142       0       0       1       0                  UV_BND     112D   3350
     144    6620       1       1       0       0       0       000000000D   3351
     144       0       2       1       0                 TRM_SRF      93D   3352
     110    6621       1       1       0       0       0       001010000D   3353
     110       0       2       2       0                    LINE     495D   3354
     110    6623       1       1       0       0       0       001010000D   3355
     110       0       2       2       0                    LINE     496D   3356
     120    6625       1       1       0       0       0       001010000D   3357
     120       0       2       1       0                    SREV      69D   3358
     124    6626       1       1       0       0       0       001000000D   3359
     124       0       0       2       0                   XFORM     190D   3360
     100    6628       1       1       0       0    3359       001010000D   3361
     100       0       0       1       0                     ARC     190D   3362
     124    6629       1       1       0       0       0       001000000D   3363
     124       0       0       2       0                   XFORM     191D   3364
     100    6631       1       1       0       0    3363       001010000D   3365
     100       0       0       1       0                     ARC     191D   3366
     102    6632       1       1       0       0       0       001010000D   3367
     102       0       0       1       0                  CCURVE     225D   3368
     110    6633       1       1       0       0       0       001010500D   3369
     110       0     -17       2       0                    LINE     497D   3370
     110    6635       1       1       0       0       0       001010500D   3371
     110       0     -17       1       0                    LINE     498D   3372
     110    6636       1       1       0       0       0       001010500D   3373
     110       0     -17       2       0                    LINE     499D   3374
     110    6638       1       1       0       0       0       001010500D   3375
     110       0     -17       2       0                    LINE     500D   3376
     102    6640       1       1       0       0       0       001010500D   3377
     102       0       0       1       0                  CCURVE     226D   3378
     142    6641       1       1       0       0       0       001010500D   3379
     142       0       0       1       0                  UV_BND     113D   3380
     144    6642       1       1       0       0       0       000000000D   3381
     144       0       2       1       0                 TRM_SRF      94D   3382
     110    6643       1       1       0       0       0       001010000D   3383
     110       0       2       2       0                    LINE     501D   3384
     110    6645       1       1       0       0       0       001010000D   3385
     110       0       2       2       0                    LINE     502D   3386
     120    6647       1       1       0       0       0       001010000D   3387
     120       0       2       1       0                    SREV      70D   3388
     102    6648       1       1       0       0       0       001010000D   3389
     102       0       0       1       0                  CCURVE     227D   3390
     110    6649       1       1       0       0       0       001010500D   3391
     110       0     -17       2       0                    LINE     503D   3392
     110    6651       1       1       0       0       0       001010500D   3393
     110       0     -17       2       0                    LINE     504D   3394
     110    6653       1       1       0       0       0       001010500D   3395
     110       0     -17       1       0                    LINE     505D   3396
     110    6654       1       1       0       0       0       001010500D   3397
     110       0     -17       1       0                    LINE     506D   3398
     110    6655       1       1       0       0       0       001010500D   3399
     110       0     -17       2       0                    LINE     507D   3400
     110    6657       1       1       0       0       0       001010500D   3401
     110       0     -17       2       0                    LINE     508D   3402
     102    6659       1       1       0       0       0       001010500D   3403
     102       0       0       1       0                  CCURVE     228D   3404
     142    6660       1       1       0       0       0       001010500D   3405
     142       0       0       1       0                  UV_BND     114D   3406
     144    6661       1       1       0       0       0       000000000D   3407
     144       0       2       1       0                 TRM_SRF      95D   3408
     110    6662       1       1       0       0       0       001010000D   3409
     110       0       2       2       0                    LINE     509D   3410
     110    6664       1       1       0       0       0       001010000D   3411
     110       0       2       2       0                    LINE     510D   3412
     120    6666       1       1       0       0       0       001010000D   3413
     120       0       2       1       0                    SREV      71D   3414
     126    6667       1       1       0       0       0       001010000D   3415
     126       0       0       9       0                B_SPLINE     263D   3416
     124    6676       1       1       0       0       0       001000000D   3417
     124       0       0       3       0                   XFORM     192D   3418
     100    6679       1       1       0       0    3417       001010000D   3419
     100       0       0       1       0                     ARC     192D   3420
     124    6680       1       1       0       0       0       001000000D   3421
     124       0       0       2       0                   XFORM     193D   3422
     100    6682       1       1       0       0    3421       001010000D   3423
     100       0       0       1       0                     ARC     193D   3424
     102    6683       1       1       0       0       0       001010000D   3425
     102       0       0       1       0                  CCURVE     229D   3426
     126    6684       1       1       0       0       0       001010500D   3427
     126       0     -17       7       0                B_SPLINE     264D   3428
     110    6691       1       1       0       0       0       001010500D   3429
     110       0     -17       2       0                    LINE     511D   3430
     110    6693       1       1       0       0       0       001010500D   3431
     110       0     -17       2       0                    LINE     512D   3432
     126    6695       1       1       0       0       0       001010500D   3433
     126       0     -17       7       0                B_SPLINE     265D   3434
     126    6702       1       1       0       0       0       001010500D   3435
     126       0     -17      11       0                B_SPLINE     266D   3436
     110    6713       1       1       0       0       0       001010500D   3437
     110       0     -17       2       0                    LINE     513D   3438
     110    6715       1       1       0       0       0       001010500D   3439
     110       0     -17       2       0                    LINE     514D   3440
     126    6717       1       1       0       0       0       001010500D   3441
     126       0     -17      11       0                B_SPLINE     267D   3442
     102    6728       1       1       0       0       0       001010500D   3443
     102       0       0       1       0                  CCURVE     230D   3444
     142    6729       1       1       0       0       0       001010500D   3445
     142       0       0       1       0                  UV_BND     115D   3446
     144    6730       1       1       0       0       0       000000000D   3447
     144       0       2       1       0                 TRM_SRF      96D   3448
     128    6731       1       1       0       0       0       001010000D   3449
     128       0       2       9       0                  SPLSRF      26D   3450
     102    6740       1       1       0       0       0       001010000D   3451
     102       0       0       1       0                  CCURVE     231D   3452
     126    6741       1       1       0       0       0       001010500D   3453
     126       0     -17       7       0                B_SPLINE     268D   3454
     110    6748       1       1       0       0       0       001010500D   3455
     110       0     -17       2       0                    LINE     515D   3456
     126    6750       1       1       0       0       0       001010500D   3457
     126       0     -17       7       0                B_SPLINE     269D   3458
     126    6757       1       1       0       0       0       001010500D   3459
     126       0     -17      40       0                B_SPLINE     270D   3460
     102    6797       1       1       0       0       0       001010500D   3461
     102       0       0       1       0                  CCURVE     232D   3462
     142    6798       1       1       0       0       0       001010500D   3463
     142       0       0       1       0                  UV_BND     116D   3464
     102    6799       1       1       0       0       0       001010000D   3465
     102       0       0       1       0                  CCURVE     233D   3466
     126    6800       1       1       0       0       0       001010500D   3467
     126       0     -17      16       0                B_SPLINE     271D   3468
     126    6816       1       1       0       0       0       001010500D   3469
     126       0     -17      16       0                B_SPLINE     272D   3470
     102    6832       1       1       0       0       0       001010500D   3471
     102       0       0       1       0                  CCURVE     234D   3472
     142    6833       1       1       0       0       0       001010500D   3473
     142       0       0       1       0                  UV_BND     117D   3474
     144    6834       1       1       0       0       0       000000000D   3475
     144       0       2       1       0                 TRM_SRF      97D   3476
     110    6835       1       1       0       0       0       001010000D   3477
     110       0       2       2       0                    LINE     516D   3478
     110    6837       1       1       0       0       0       001010000D   3479
     110       0       2       2       0                    LINE     517D   3480
     120    6839       1       1       0       0       0       001010000D   3481
     120       0       2       1       0                    SREV      72D   3482
     110    6840       1       1       0       0       0       001010000D   3483
     110       0       0       2       0                    LINE     518D   3484
     102    6842       1       1       0       0       0       001010000D   3485
     102       0       0       1       0                  CCURVE     235D   3486
     126    6843       1       1       0       0       0       001010500D   3487
     126       0     -17      11       0                B_SPLINE     273D   3488
     110    6854       1       1       0       0       0       001010500D   3489
     110       0     -17       2       0                    LINE     519D   3490
     126    6856       1       1       0       0       0       001010500D   3491
     126       0     -17      11       0                B_SPLINE     274D   3492
     110    6867       1       1       0       0       0       001010500D   3493
     110       0     -17       2       0                    LINE     520D   3494
     102    6869       1       1       0       0       0       001010500D   3495
     102       0       0       1       0                  CCURVE     236D   3496
     142    6870       1       1       0       0       0       001010500D   3497
     142       0       0       1       0                  UV_BND     118D   3498
     144    6871       1       1       0       0       0       000000000D   3499
     144       0       2       1       0                 TRM_SRF      98D   3500
     110    6872       1       1       0       0       0       001010000D   3501
     110       0       2       2       0                    LINE     521D   3502
     110    6874       1       1       0       0       0       001010000D   3503
     110       0       2       2       0                    LINE     522D   3504
     120    6876       1       1       0       0       0       001010000D   3505
     120       0       2       1       0                    SREV      73D   3506
     126    6877       1       1       0       0       0       001010000D   3507
     126       0       0       9       0                B_SPLINE     275D   3508
     124    6886       1       1       0       0       0       001000000D   3509
     124       0       0       3       0                   XFORM     194D   3510
     100    6889       1       1       0       0    3509       001010000D   3511
     100       0       0       1       0                     ARC     194D   3512
     102    6890       1       1       0       0       0       001010000D   3513
     102       0       0       1       0                  CCURVE     237D   3514
     110    6891       1       1       0       0       0       001010500D   3515
     110       0     -17       2       0                    LINE     523D   3516
     126    6893       1       1       0       0       0       001010500D   3517
     126       0     -17       7       0                B_SPLINE     276D   3518
     126    6900       1       1       0       0       0       001010500D   3519
     126       0     -17      11       0                B_SPLINE     277D   3520
     110    6911       1       1       0       0       0       001010500D   3521
     110       0     -17       2       0                    LINE     524D   3522
     110    6913       1       1       0       0       0       001010500D   3523
     110       0     -17       2       0                    LINE     525D   3524
     102    6915       1       1       0       0       0       001010500D   3525
     102       0       0       1       0                  CCURVE     238D   3526
     142    6916       1       1       0       0       0       001010500D   3527
     142       0       0       1       0                  UV_BND     119D   3528
     144    6917       1       1       0       0       0       000000000D   3529
     144       0       2       1       0                 TRM_SRF      99D   3530
     110    6918       1       1       0       0       0       001010000D   3531
     110       0       2       2       0                    LINE     526D   3532
     124    6920       1       1       0       0       0       001000000D   3533
     124       0       0       2       0                   XFORM     195D   3534
     100    6922       1       1       0       0    3533       001010000D   3535
     100       0       2       1       0                     ARC     195D   3536
     120    6923       1       1       0       0       0       001010000D   3537
     120       0       2       1       0                    SREV      74D   3538
     124    6924       1       1       0       0       0       001000000D   3539
     124       0       0       2       0                   XFORM     196D   3540
     100    6926       1       1       0       0    3539       001010000D   3541
     100       0       0       1       0                     ARC     196D   3542
     124    6927       1       1       0       0       0       001000000D   3543
     124       0       0       2       0                   XFORM     197D   3544
     100    6929       1       1       0       0    3543       001010000D   3545
     100       0       0       2       0                     ARC     197D   3546
     124    6931       1       1       0       0       0       001000000D   3547
     124       0       0       3       0                   XFORM     198D   3548
     100    6934       1       1       0       0    3547       001010000D   3549
     100       0       0       2       0                     ARC     198D   3550
     124    6936       1       1       0       0       0       001000000D   3551
     124       0       0       3       0                   XFORM     199D   3552
     100    6939       1       1       0       0    3551       001010000D   3553
     100       0       0       2       0                     ARC     199D   3554
     124    6941       1       1       0       0       0       001000000D   3555
     124       0       0       3       0                   XFORM     200D   3556
     100    6944       1       1       0       0    3555       001010000D   3557
     100       0       0       1       0                     ARC     200D   3558
     102    6945       1       1       0       0       0       001010000D   3559
     102       0       0       1       0                  CCURVE     239D   3560
     110    6946       1       1       0       0       0       001010500D   3561
     110       0     -17       1       0                    LINE     527D   3562
     110    6947       1       1       0       0       0       001010500D   3563
     110       0     -17       2       0                    LINE     528D   3564
     126    6949       1       1       0       0       0       001010500D   3565
     126       0     -17      39       0                B_SPLINE     278D   3566
     110    6988       1       1       0       0       0       001010500D   3567
     110       0     -17       2       0                    LINE     529D   3568
     110    6990       1       1       0       0       0       001010500D   3569
     110       0     -17       1       0                    LINE     530D   3570
     110    6991       1       1       0       0       0       001010500D   3571
     110       0       0       1       0                    LINE     531D   3572
     102    6992       1       1       0       0       0       001010500D   3573
     102       0       0       1       0                  CCURVE     240D   3574
     142    6993       1       1       0       0       0       001010500D   3575
     142       0       0       1       0                  UV_BND     120D   3576
     144    6994       1       1       0       0       0       000000000D   3577
     144       0       2       1       0                 TRM_SRF     100D   3578
     110    6995       1       1       0       0       0       001010000D   3579
     110       0       2       2       0                    LINE     532D   3580
     124    6997       1       1       0       0       0       001000000D   3581
     124       0       0       2       0                   XFORM     201D   3582
     100    6999       1       1       0       0    3581       001010000D   3583
     100       0       2       1       0                     ARC     201D   3584
     120    7000       1       1       0       0       0       001010000D   3585
     120       0       2       1       0                    SREV      75D   3586
     124    7001       1       1       0       0       0       001000000D   3587
     124       0       0       2       0                   XFORM     202D   3588
     100    7003       1       1       0       0    3587       001010000D   3589
     100       0       0       2       0                     ARC     202D   3590
     124    7005       1       1       0       0       0       001000000D   3591
     124       0       0       3       0                   XFORM     203D   3592
     100    7008       1       1       0       0    3591       001010000D   3593
     100       0       0       2       0                     ARC     203D   3594
     102    7010       1       1       0       0       0       001010000D   3595
     102       0       0       1       0                  CCURVE     241D   3596
     110    7011       1       1       0       0       0       001010500D   3597
     110       0     -17       1       0                    LINE     533D   3598
     110    7012       1       1       0       0       0       001010500D   3599
     110       0     -17       1       0                    LINE     534D   3600
     126    7013       1       1       0       0       0       001010500D   3601
     126       0     -17      39       0                B_SPLINE     279D   3602
     110    7052       1       1       0       0       0       001010500D   3603
     110       0     -17       1       0                    LINE     535D   3604
     110    7053       1       1       0       0       0       001010500D   3605
     110       0     -17       1       0                    LINE     536D   3606
     110    7054       1       1       0       0       0       001010500D   3607
     110       0       0       1       0                    LINE     537D   3608
     102    7055       1       1       0       0       0       001010500D   3609
     102       0       0       1       0                  CCURVE     242D   3610
     142    7056       1       1       0       0       0       001010500D   3611
     142       0       0       1       0                  UV_BND     121D   3612
     144    7057       1       1       0       0       0       000000000D   3613
     144       0       2       1       0                 TRM_SRF     101D   3614
     110    7058       1       1       0       0       0       001010000D   3615
     110       0       2       2       0                    LINE     538D   3616
     110    7060       1       1       0       0       0       001010000D   3617
     110       0       2       2       0                    LINE     539D   3618
     120    7062       1       1       0       0       0       001010000D   3619
     120       0       2       1       0                    SREV      76D   3620
     110    7063       1       1       0       0       0       001010000D   3621
     110       0       0       2       0                    LINE     540D   3622
     124    7065       1       1       0       0       0       001000000D   3623
     124       0       0       2       0                   XFORM     204D   3624
     100    7067       1       1       0       0    3623       001010000D   3625
     100       0       0       1       0                     ARC     204D   3626
     102    7068       1       1       0       0       0       001010000D   3627
     102       0       0       1       0                  CCURVE     243D   3628
     110    7069       1       1       0       0       0       001010500D   3629
     110       0     -17       1       0                    LINE     541D   3630
     110    7070       1       1       0       0       0       001010500D   3631
     110       0     -17       2       0                    LINE     542D   3632
     126    7072       1       1       0       0       0       001010500D   3633
     126       0     -17      11       0                B_SPLINE     280D   3634
     126    7083       1       1       0       0       0       001010500D   3635
     126       0     -17       7       0                B_SPLINE     281D   3636
     110    7090       1       1       0       0       0       001010500D   3637
     110       0     -17       2       0                    LINE     543D   3638
     102    7092       1       1       0       0       0       001010500D   3639
     102       0       0       1       0                  CCURVE     244D   3640
     142    7093       1       1       0       0       0       001010500D   3641
     142       0       0       1       0                  UV_BND     122D   3642
     144    7094       1       1       0       0       0       000000000D   3643
     144       0       2       1       0                 TRM_SRF     102D   3644
     110    7095       1       1       0       0       0       001010000D   3645
     110       0       2       2       0                    LINE     544D   3646
     110    7097       1       1       0       0       0       001010000D   3647
     110       0       2       2       0                    LINE     545D   3648
     120    7099       1       1       0       0       0       001010000D   3649
     120       0       2       1       0                    SREV      77D   3650
     110    7100       1       1       0       0       0       001010000D   3651
     110       0       0       2       0                    LINE     546D   3652
     110    7102       1       1       0       0       0       001010000D   3653
     110       0       0       2       0                    LINE     547D   3654
     102    7104       1       1       0       0       0       001010000D   3655
     102       0       0       1       0                  CCURVE     245D   3656
     126    7105       1       1       0       0       0       001010500D   3657
     126       0     -17      11       0                B_SPLINE     282D   3658
     110    7116       1       1       0       0       0       001010500D   3659
     110       0     -17       2       0                    LINE     548D   3660
     126    7118       1       1       0       0       0       001010500D   3661
     126       0     -17      11       0                B_SPLINE     283D   3662
     110    7129       1       1       0       0       0       001010500D   3663
     110       0     -17       2       0                    LINE     549D   3664
     102    7131       1       1       0       0       0       001010500D   3665
     102       0       0       1       0                  CCURVE     246D   3666
     142    7132       1       1       0       0       0       001010500D   3667
     142       0       0       1       0                  UV_BND     123D   3668
     144    7133       1       1       0       0       0       000000000D   3669
     144       0       2       1       0                 TRM_SRF     103D   3670
     128    7134       1       1       0       0       0       001010000D   3671
     128       0       2       9       0                  SPLSRF      27D   3672
     102    7143       1       1       0       0       0       001010000D   3673
     102       0       0       1       0                  CCURVE     247D   3674
     126    7144       1       1       0       0       0       001010500D   3675
     126       0     -17       7       0                B_SPLINE     284D   3676
     110    7151       1       1       0       0       0       001010500D   3677
     110       0     -17       2       0                    LINE     550D   3678
     126    7153       1       1       0       0       0       001010500D   3679
     126       0     -17       7       0                B_SPLINE     285D   3680
     126    7160       1       1       0       0       0       001010500D   3681
     126       0     -17      39       0                B_SPLINE     286D   3682
     102    7199       1       1       0       0       0       001010500D   3683
     102       0       0       1       0                  CCURVE     248D   3684
     142    7200       1       1       0       0       0       001010500D   3685
     142       0       0       1       0                  UV_BND     124D   3686
     102    7201       1       1       0       0       0       001010000D   3687
     102       0       0       1       0                  CCURVE     249D   3688
     126    7202       1       1       0       0       0       001010500D   3689
     126       0     -17      16       0                B_SPLINE     287D   3690
     126    7218       1       1       0       0       0       001010500D   3691
     126       0     -17      16       0                B_SPLINE     288D   3692
     102    7234       1       1       0       0       0       001010500D   3693
     102       0       0       1       0                  CCURVE     250D   3694
     142    7235       1       1       0       0       0       001010500D   3695
     142       0       0       1       0                  UV_BND     125D   3696
     144    7236       1       1       0       0       0       000000000D   3697
     144       0       2       1       0                 TRM_SRF     104D   3698
     128    7237       1       1       0       0       0       001010000D   3699
     128       0       2       9       0                  SPLSRF      28D   3700
     102    7246       1       1       0       0       0       001010000D   3701
     102       0       0       1       0                  CCURVE     251D   3702
     126    7247       1       1       0       0       0       001010500D   3703
     126       0     -17      15       0                B_SPLINE     289D   3704
     110    7262       1       1       0       0       0       001010500D   3705
     110       0     -17       2       0                    LINE     551D   3706
     102    7264       1       1       0       0       0       001010500D   3707
     102       0       0       1       0                  CCURVE     252D   3708
     142    7265       1       1       0       0       0       001010500D   3709
     142       0       0       1       0                  UV_BND     126D   3710
     144    7266       1       1       0       0       0       000000000D   3711
     144       0       2       1       0                 TRM_SRF     105D   3712
     110    7267       1       1       0       0       0       001010000D   3713
     110       0       2       2       0                    LINE     552D   3714
     110    7269       1       1       0       0       0       001010000D   3715
     110       0       2       2       0                    LINE     553D   3716
     120    7271       1       1       0       0       0       001010000D   3717
     120       0       2       1       0                    SREV      78D   3718
     110    7272       1       1       0       0       0       001010000D   3719
     110       0       0       2       0                    LINE     554D   3720
     110    7274       1       1       0       0       0       001010000D   3721
     110       0       0       2       0                    LINE     555D   3722
     102    7276       1       1       0       0       0       001010000D   3723
     102       0       0       1       0                  CCURVE     253D   3724
     110    7277       1       1       0       0       0       001010500D   3725
     110       0     -17       2       0                    LINE     556D   3726
     110    7279       1       1       0       0       0       001010500D   3727
     110       0     -17       2       0                    LINE     557D   3728
     110    7281       1       1       0       0       0       001010500D   3729
     110       0     -17       2       0                    LINE     558D   3730
     110    7283       1       1       0       0       0       001010500D   3731
     110       0     -17       2       0                    LINE     559D   3732
     110    7285       1       1       0       0       0       001010500D   3733
     110       0     -17       2       0                    LINE     560D   3734
     110    7287       1       1       0       0       0       001010500D   3735
     110       0     -17       2       0                    LINE     561D   3736
     102    7289       1       1       0       0       0       001010500D   3737
     102       0       0       1       0                  CCURVE     254D   3738
     142    7290       1       1       0       0       0       001010500D   3739
     142       0       0       1       0                  UV_BND     127D   3740
     144    7291       1       1       0       0       0       000000000D   3741
     144       0       2       1       0                 TRM_SRF     106D   3742
     110    7292       1       1       0       0       0       001010000D   3743
     110       0       2       2       0                    LINE     562D   3744
     110    7294       1       1       0       0       0       001010000D   3745
     110       0       2       2       0                    LINE     563D   3746
     120    7296       1       1       0       0       0       001010000D   3747
     120       0       2       1       0                    SREV      79D   3748
     110    7297       1       1       0       0       0       001010000D   3749
     110       0       0       2       0                    LINE     564D   3750
     124    7299       1       1       0       0       0       001000000D   3751
     124       0       0       2       0                   XFORM     205D   3752
     100    7301       1       1       0       0    3751       001010000D   3753
     100       0       0       1       0                     ARC     205D   3754
     110    7302       1       1       0       0       0       001010000D   3755
     110       0       0       2       0                    LINE     565D   3756
     124    7304       1       1       0       0       0       001000000D   3757
     124       0       0       2       0                   XFORM     206D   3758
     100    7306       1       1       0       0    3757       001010000D   3759
     100       0       0       1       0                     ARC     206D   3760
     102    7307       1       1       0       0       0       001010000D   3761
     102       0       0       1       0                  CCURVE     255D   3762
     110    7308       1       1       0       0       0       001010500D   3763
     110       0     -17       2       0                    LINE     566D   3764
     110    7310       1       1       0       0       0       001010500D   3765
     110       0     -17       2       0                    LINE     567D   3766
     110    7312       1       1       0       0       0       001010500D   3767
     110       0     -17       2       0                    LINE     568D   3768
     110    7314       1       1       0       0       0       001010500D   3769
     110       0     -17       2       0                    LINE     569D   3770
     102    7316       1       1       0       0       0       001010500D   3771
     102       0       0       1       0                  CCURVE     256D   3772
     142    7317       1       1       0       0       0       001010500D   3773
     142       0       0       1       0                  UV_BND     128D   3774
     144    7318       1       1       0       0       0       000000000D   3775
     144       0       2       1       0                 TRM_SRF     107D   3776
     128    7319       1       1       0       0       0       001010000D   3777
     128       0       2       9       0                  SPLSRF      29D   3778
     102    7328       1       1       0       0       0       001010000D   3779
     102       0       0       1       0                  CCURVE     257D   3780
     126    7329       1       1       0       0       0       001010500D   3781
     126       0     -17      15       0                B_SPLINE     290D   3782
     110    7344       1       1       0       0       0       001010500D   3783
     110       0     -17       2       0                    LINE     570D   3784
     102    7346       1       1       0       0       0       001010500D   3785
     102       0       0       1       0                  CCURVE     258D   3786
     142    7347       1       1       0       0       0       001010500D   3787
     142       0       0       1       0                  UV_BND     129D   3788
     144    7348       1       1       0       0       0       000000000D   3789
     144       0       2       1       0                 TRM_SRF     108D   3790
     110    7349       1       1       0       0       0       001010000D   3791
     110       0     -17       2       0                    LINE     571D   3792
     110    7351       1       1       0       0       0       001010000D   3793
     110       0     -17       2       0                    LINE     572D   3794
     120    7353       1       1       0       0       0       001010000D   3795
     120       0     -17       1       0                    SREV      80D   3796
     110    7354       1       1       0       0       0       001010000D   3797
     110       0       0       2       0                    LINE     573D   3798
     124    7356       1       1       0       0       0       001000000D   3799
     124       0       0       2       0                   XFORM     207D   3800
     100    7358       1       1       0       0    3799       001010000D   3801
     100       0       0       1       0                     ARC     207D   3802
     110    7359       1       1       0       0       0       001010000D   3803
     110       0       0       2       0                    LINE     574D   3804
     124    7361       1       1       0       0       0       001000000D   3805
     124       0       0       2       0                   XFORM     208D   3806
     100    7363       1       1       0       0    3805       001010000D   3807
     100       0       0       1       0                     ARC     208D   3808
     102    7364       1       1       0       0       0       001010000D   3809
     102       0       0       1       0                  CCURVE     259D   3810
     110    7365       1       1       0       0       0       001010500D   3811
     110       0     -17       2       0                    LINE     575D   3812
     110    7367       1       1       0       0       0       001010500D   3813
     110       0     -17       2       0                    LINE     576D   3814
     110    7369       1       1       0       0       0       001010500D   3815
     110       0     -17       2       0                    LINE     577D   3816
     110    7371       1       1       0       0       0       001010500D   3817
     110       0     -17       2       0                    LINE     578D   3818
     102    7373       1       1       0       0       0       001010500D   3819
     102       0       0       1       0                  CCURVE     260D   3820
     142    7374       1       1       0       0       0       001010500D   3821
     142       0       0       1       0                  UV_BND     130D   3822
     144    7375       1       1       0       0       0       000000000D   3823
     144       0     -17       1       0                 TRM_SRF     109D   3824
     128    7376       1       1       0       0       0       001010000D   3825
     128       0       2       9       0                  SPLSRF      30D   3826
     102    7385       1       1       0       0       0       001010000D   3827
     102       0       0       1       0                  CCURVE     261D   3828
     126    7386       1       1       0       0       0       001010500D   3829
     126       0     -17      17       0                B_SPLINE     291D   3830
     126    7403       1       1       0       0       0       001010500D   3831
     126       0     -17      17       0                B_SPLINE     292D   3832
     102    7420       1       1       0       0       0       001010500D   3833
     102       0       0       1       0                  CCURVE     262D   3834
     142    7421       1       1       0       0       0       001010500D   3835
     142       0       0       1       0                  UV_BND     131D   3836
     144    7422       1       1       0       0       0       000000000D   3837
     144       0       2       1       0                 TRM_SRF     110D   3838
     126    7423       1       1       0       0       0       001010000D   3839
     126       0       2      16       0                B_SPLINE     293D   3840
     126    7439       1       1       0       0       0       001010000D   3841
     126       0       2      16       0                B_SPLINE     294D   3842
     126    7455       1       1       0       0       0       001010000D   3843
     126       0       2      16       0                B_SPLINE     295D   3844
     126    7471       1       1       0       0       0       001010000D   3845
     126       0       2      16       0                B_SPLINE     296D   3846
     124    7487       1       1       0       0       0       001000000D   3847
     124       0       0       3       0                   XFORM     209D   3848
     100    7490       1       1       0       0    3847       001010000D   3849
     100       0       2       1       0                     ARC     209D   3850
     124    7491       1       1       0       0       0       001000000D   3851
     124       0       0       2       0                   XFORM     210D   3852
     100    7493       1       1       0       0    3851       001010000D   3853
     100       0       2       1       0                     ARC     210D   3854
     124    7494       1       1       0       0       0       001000000D   3855
     124       0       0       2       0                   XFORM     211D   3856
     100    7496       1       1       0       0    3855       001010000D   3857
     100       0       2       1       0                     ARC     211D   3858
     110    7497       1       1       0       0       0       001010000D   3859
     110       0       2       2       0                    LINE     579D   3860
     124    7499       1       1       0       0       0       001000000D   3861
     124       0       0       2       0                   XFORM     212D   3862
     100    7501       1       1       0       0    3861       001010000D   3863
     100       0       2       1       0                     ARC     212D   3864
     120    7502       1       1       0       0       0       001010000D   3865
     120       0       2       1       0                    SREV      81D   3866
     102    7503       1       1       0       0       0       001010000D   3867
     102       0       0       1       0                  CCURVE     263D   3868
     110    7504       1       1       0       0       0       001010500D   3869
     110       0       2       1       0                    LINE     580D   3870
     110    7505       1       1       0       0       0       001010500D   3871
     110       0       0       2       0                    LINE     581D   3872
     110    7507       1       1       0       0       0       001010500D   3873
     110       0       2       2       0                    LINE     582D   3874
     110    7509       1       1       0       0       0       001010500D   3875
     110       0       0       1       0                    LINE     583D   3876
     110    7510       1       1       0       0       0       001010500D   3877
     110       0       2       1       0                    LINE     584D   3878
     102    7511       1       1       0       0       0       001010500D   3879
     102       0       0       1       0                  CCURVE     264D   3880
     142    7512       1       1       0       0       0       001010500D   3881
     142       0       0       1       0                  UV_BND     132D   3882
     144    7513       1       1       0       0       0       000000000D   3883
     144       0       2       1       0                 TRM_SRF     111D   3884
     110    7514       1       1       0       0       0       001010000D   3885
     110       0       2       2       0                    LINE     585D   3886
     124    7516       1       1       0       0       0       001000000D   3887
     124       0       0       2       0                   XFORM     213D   3888
     100    7518       1       1       0       0    3887       001010000D   3889
     100       0       2       1       0                     ARC     213D   3890
     120    7519       1       1       0       0       0       001010000D   3891
     120       0       2       1       0                    SREV      82D   3892
     102    7520       1       1       0       0       0       001010000D   3893
     102       0       0       1       0                  CCURVE     265D   3894
     126    7521       1       1       0       0       0       001010500D   3895
     126       0       2      14       0                B_SPLINE     297D   3896
     126    7535       1       1       0       0       0       001010500D   3897
     126       0       2      14       0                B_SPLINE     298D   3898
     102    7549       1       1       0       0       0       001010500D   3899
     102       0       0       1       0                  CCURVE     266D   3900
     142    7550       1       1       0       0       0       001010500D   3901
     142       0       0       1       0                  UV_BND     133D   3902
     144    7551       1       1       0       0       0       000000000D   3903
     144       0       2       1       0                 TRM_SRF     112D   3904
     110    7552       1       1       0       0       0       001010000D   3905
     110       0       2       2       0                    LINE     586D   3906
     124    7554       1       1       0       0       0       001000000D   3907
     124       0       0       2       0                   XFORM     214D   3908
     100    7556       1       1       0       0    3907       001010000D   3909
     100       0       2       1       0                     ARC     214D   3910
     120    7557       1       1       0       0       0       001010000D   3911
     120       0       2       1       0                    SREV      83D   3912
     102    7558       1       1       0       0       0       001010000D   3913
     102       0       0       1       0                  CCURVE     267D   3914
     126    7559       1       1       0       0       0       001010500D   3915
     126       0       2      14       0                B_SPLINE     299D   3916
     126    7573       1       1       0       0       0       001010500D   3917
     126       0       2      14       0                B_SPLINE     300D   3918
     102    7587       1       1       0       0       0       001010500D   3919
     102       0       0       1       0                  CCURVE     268D   3920
     142    7588       1       1       0       0       0       001010500D   3921
     142       0       0       1       0                  UV_BND     134D   3922
     144    7589       1       1       0       0       0       000000000D   3923
     144       0       2       1       0                 TRM_SRF     113D   3924
     406    7590       1       1       0       0       0       001000000D   3925
     406       0       0       1      15                    PROP       5D   3926
     402    7591       1       1       0       0       0       000000300D   3927
     402       0       0      30       7                   LAYER       5D   3928
     406    7621       1       1       0       0       0       001000000D   3929
     406       0       0       1      15                    PROP       6D   3930
     402    7622       1       1       0       0       0       000000300D   3931
     402       0       0       5       7                   LAYER       6D   3932
     406    7627       1       1       0       0       0       001000000D   3933
     406       0       0       1      15                    PROP       7D   3934
     402    7628       1       1       0       0       0       000000300D   3935
     402       0       0      26       7                   LAYER       7D   3936
     406    7654       1       1       0       0       0       001000000D   3937
     406       0       0       1      15                    PROP       8D   3938
     402    7655       1       1       0       0       0       000000300D   3939
     402       0       0      28       7                   LAYER       8D   3940
     406    7683       1       1       0       0       0       001000000D   3941
     406       0       0       1      15                    PROP       9D   3942
     402    7684       1       1       0       0       0       000000300D   3943
     402       0       0      55       7                   LAYER       9D   3944
     406    7739       1       1       0       0       0       001000000D   3945
     406       0       0       1      15                    PROP      10D   3946
     402    7740       1       1       0       0       0       000000300D   3947
     402       0       0      31       7                   LAYER      10D   3948
314,1.1D0,1.2D0,1D2;                                                   1P      1
314,4.1D1,2.61589D1,1.12848D1;                                         3P      2
314,5.04854D1,1.5455D0,1.5455D0;                                       5P      3
314,6.35294D1,6.86275D1,7.4902D1;                                      7P      4
314,6.40777D1,6.40777D1,6.40777D1;                                     9P      5
314,6.69062D1,6.69903D1,6.55217D1;                                    11P      6
314,7.529411764706D1,0D0,0D0;                                         13P      7
314,7.921568627451D1,8.196078431373D1,9.333333333333D1;               15P      8
314,8.980392156863D1,8.980392156863D1,8.980392156863D1;               17P      9
314,9.21569D1,7.05882D1,4.70588D1;                                    19P     10
314,1D2,1D2,5.3D1;                                                    21P     11
314,1D2,1D2,9.49D1;                                                   23P     12
110,-4.792474241500D1,-4.305057620041D1,2.797621701852D1,             25P     13
-4.792474241500D1,7.694942379959D1,2.797621702122D1;                  25P     14
110,-4.792474241350D1,7.694942379959D1,3.897621701400D1,              27P     15
-4.792474241350D1,-4.305057620041D1,3.897621701670D1;                 27P     16
124,0D0,1D0,0D0,-4.792474241350D1,0D0,0D0,1D0,7.694942379959D1,       29P     17
1D0,0D0,0D0,3.347621701761D1;                                         29P     18
100,0D0,0D0,0D0,1.7D1,0D0,-1.7D1,0D0;                                 31P     19
124,0D0,-1D0,0D0,-4.792474241350D1,0D0,0D0,1D0,7.694942379959D1,      33P     20
-1D0,0D0,0D0,3.347621701761D1;                                        33P     21
100,0D0,0D0,0D0,1.7D1,0D0,-1.7D1,0D0;                                 35P     22
124,0D0,1D0,0D0,-4.792474241350D1,0D0,0D0,-1D0,7.694942379959D1,      37P     23
-1D0,0D0,0D0,3.347621701761D1;                                        37P     24
100,0D0,0D0,0D0,5.5D0,0D0,-5.5D0,0D0;                                 39P     25
124,0D0,-1D0,0D0,-4.792474241350D1,0D0,0D0,-1D0,                      41P     26
7.694942379959D1,1D0,0D0,0D0,3.347621701761D1;                        41P     27
100,0D0,0D0,0D0,5.5D0,0D0,-5.5D0,0D0;                                 43P     28
124,0D0,1D0,0D0,-4.792474241350D1,0D0,0D0,1D0,-4.905057620041D1,      45P     29
1D0,0D0,0D0,3.347621701761D1;                                         45P     30
100,0D0,0D0,0D0,1.96D1,0D0,-1.96D1,0D0;                               47P     31
124,0D0,-1D0,0D0,-4.792474241350D1,0D0,0D0,1D0,                       49P     32
-4.905057620041D1,-1D0,0D0,0D0,3.347621701761D1;                      49P     33
100,0D0,0D0,0D0,1.96D1,0D0,-1.96D1,0D0;                               51P     34
124,0D0,1D0,0D0,-4.792474241350D1,0D0,0D0,-1D0,                       53P     35
-4.905057620041D1,-1D0,0D0,0D0,3.347621701761D1;                      53P     36
100,0D0,0D0,0D0,1.7D1,0D0,-1.7D1,0D0;                                 55P     37
124,0D0,-1D0,0D0,-4.792474241350D1,0D0,0D0,-1D0,                      57P     38
-4.905057620041D1,1D0,0D0,0D0,3.347621701761D1;                       57P     39
100,0D0,0D0,0D0,1.7D1,0D0,-1.7D1,0D0;                                 59P     40
124,-4.102064719648D-10,1D0,0D0,-4.792474241350D1,0D0,0D0,-1D0,       61P     41
-7.105057620041D1,-1D0,-4.102064719648D-10,0D0,3.347621701761D1;      61P     42
100,0D0,0D0,0D0,1.96D1,0D0,-1.96D1,-8.040045693652D-9;                63P     43
126,9,3,0,0,1,0,0D0,0D0,0D0,0D0,1.428571428571D-1,                    65P     44
2.857142857143D-1,4.285714285714D-1,5.714285714286D-1,                65P     45
7.142857142857D-1,8.571428571429D-1,1D0,1D0,1D0,1D0,1D0,1D0,1D0,      65P     46
1D0,1D0,1D0,1D0,1D0,1D0,1D0,-3.163902243484D1,-7.805057620398D1,      65P     47
3.822621701545D1,-3.147623497233D1,-7.763553347522D1,                 65P     48
3.822621701545D1,-3.118780693532D1,-7.682392072092D1,                 65P     49
3.832922542428D1,-3.087805021835D1,-7.571526861187D1,                 65P     50
3.875519818645D1,-3.071415308705D1,-7.478652155658D1,                 65P     51
3.938628803705D1,-3.070178699416D1,-7.404477022416D1,                 65P     52
4.017150867179D1,-3.085259472435D1,-7.349366453818D1,                 65P     53
4.107908491895D1,-3.118952797977D1,-7.313791839778D1,                 65P     54
4.209883558029D1,-3.156689793553D1,-7.305057620029D1,                 65P     55
4.284765053325D1,-3.179574182415D1,-7.305057620037D1,                 65P     56
4.322621701697D1,0D0,1D0,0D0,0D0,1D0;                                 65P     57
126,6,3,0,0,1,0,0D0,0D0,0D0,0D0,2.5D-1,5D-1,7.5D-1,1D0,1D0,1D0,       67P     58
1D0,1D0,1D0,1D0,1D0,1D0,1D0,1D0,-3.774844884463D1,                    67P     59
-9.327911605993D1,2.872621702200D1,-3.727136196633D1,                 67P     60
-9.213097122895D1,2.872621702200D1,-3.630750401750D1,                 67P     61
-8.978219633499D1,2.872621701557D1,-3.487467649993D1,                 67P     62
-8.622996376871D1,2.872621701815D1,-3.330056722170D1,                 67P     63
-8.227521414999D1,2.872621701748D1,-3.220363442555D1,                 67P     64
-7.949011029443D1,2.872621701754D1,-3.163902243395D1,                 67P     65
-7.805057620467D1,2.872621701754D1,0D0,1D0,0D0,0D0,1D0;               67P     66
126,9,3,0,0,1,0,0D0,0D0,0D0,0D0,1.428571428571D-1,                    69P     67
2.857142857143D-1,4.285714285714D-1,5.714285714286D-1,                69P     68
7.142857142857D-1,8.571428571429D-1,1D0,1D0,1D0,1D0,1D0,1D0,1D0,      69P     69
1D0,1D0,1D0,1D0,1D0,1D0,1D0,-3.179574182395D1,-7.305057620037D1,      69P     70
2.372621701672D1,-3.157405065119D1,-7.305057620045D1,                 69P     71
2.409295107371D1,-3.120558557226D1,-7.313313905972D1,                 69P     72
2.482010495138D1,-3.086989075538D1,-7.346582142497D1,                 69P     73
2.580947341118D1,-3.070628076962D1,-7.400009968440D1,                 69P     74
2.672232340506D1,-3.070839711436D1,-7.474021649305D1,                 69P     75
2.752844276186D1,-3.087016718494D1,-7.568474079355D1,                 69P     76
2.818335308026D1,-3.118316412057D1,-7.681063285799D1,                 69P     77
2.862124131548D1,-3.147470854334D1,-7.763164169674D1,                 69P     78
2.872621701771D1,-3.163902243395D1,-7.805057620467D1,                 69P     79
2.872621701754D1,0D0,1D0,0D0,0D0,1D0;                                 69P     80
124,0D0,-1D0,0D0,-4.792474241350D1,0D0,0D0,1D0,                       71P     81
-7.305057620030D1,-1D0,0D0,0D0,3.347621701761D1;                      71P     82
100,0D0,0D0,0D0,1.884694033907D1,0D0,9.750000003367D0,                73P     83
1.612900059144D1;                                                     73P     84
124,8.557888071629D-1,-5.173253497893D-1,0D0,-4.792474241350D1,       75P     85
0D0,0D0,1D0,-7.305057620030D1,-5.173253497893D-1,                     75P     86
-8.557888071629D-1,0D0,3.347621701761D1;                              75P     87
100,0D0,0D0,0D0,1.884694033907D1,0D0,9.750000003367D0,                77P     88
1.612900059144D1;                                                     77P     89
110,-6.405374300093D1,-7.305057620037D1,2.372621701576D1,             79P     90
-3.179574182395D1,-7.305057620037D1,2.372621701672D1;                 79P     91
110,-3.163902243395D1,-7.805057620467D1,2.872621701754D1,             81P     92
-6.421046239123D1,-7.805057620467D1,2.872621701656D1;                 81P     93
126,6,3,0,0,1,0,0D0,0D0,0D0,0D0,2.5D-1,5D-1,7.5D-1,1D0,1D0,1D0,       83P     94
1D0,1D0,1D0,1D0,1D0,1D0,1D0,1D0,-6.421046239123D1,                    83P     95
-7.805057620467D1,2.872621701656D1,-6.363167076016D1,                 83P     96
-7.952626268697D1,2.872621701656D1,-6.250602742013D1,                 83P     97
-8.238380784615D1,2.872621701793D1,-6.090747205859D1,                 83P     98
-8.639883275731D1,2.872621701805D1,-5.940895665763D1,                 83P     99
-9.010901290410D1,2.872621701553D1,-5.852094574678D1,                 83P    100
-9.226857217937D1,2.872621702217D1,-5.810103598245D1,                 83P    101
-9.327911605993D1,2.872621702217D1,0D0,1D0,0D0,0D0,1D0;               83P    102
124,1D0,-5.255813562144D-10,0D0,-4.792474241350D1,                    85P    103
-5.255813562144D-10,-1D0,0D0,-8.905057620041D1,0D0,0D0,-1D0,          85P    104
2.872621701761D1;                                                     85P    105
100,0D0,0D0,0D0,8D0,0D0,-8D0,8.409302679148D-9;                       87P    106
124,-1D0,-5.255813562144D-10,0D0,-4.792474241350D1,                   89P    107
-5.255813562144D-10,1D0,0D0,-8.905057620041D1,0D0,0D0,-1D0,           89P    108
2.872621701761D1;                                                     89P    109
100,0D0,0D0,0D0,8D0,0D0,-8D0,-8.409300719713D-9;                      91P    110
124,9.358576355549D-1,-3.523783278999D-1,-4.101994299788D-10,         93P    111
-4.792474241350D1,-3.523783278999D-1,-9.358576355549D-1,0D0,          93P    112
-8.905057620041D1,-3.838884765628D-10,1.445453892414D-10,-1D0,        93P    113
3.347621701761D1;                                                     93P    114
100,0D0,0D0,0D0,1.2D1,0D0,4.228539934798D0,1.123029162666D1;          95P    115
124,0D0,-1D0,0D0,-4.792474241350D1,-1D0,0D0,0D0,                      97P    116
-8.905057620041D1,0D0,0D0,-1D0,3.347621701761D1;                      97P    117
100,0D0,0D0,0D0,1.2D1,0D0,4.228539934798D0,1.123029162666D1;          99P    118
124,-1D0,3.846897424166D-10,0D0,-4.792474241350D1,0D0,0D0,-1D0,      101P    119
-9.327911613521D1,-3.846897424166D-10,-1D0,0D0,3.347621701761D1;     101P    120
100,0D0,0D0,0D0,1.123029162666D1,0D0,1.017629353936D1,               103P    121
4.749999981116D0;                                                    103P    122
124,-9.234496448069D-1,3.837196287734D-1,0D0,-4.792474241350D1,      105P    123
-3.837196287734D-1,-9.234496448069D-1,0D0,-8.905057620041D1,0D0,     105P    124
0D0,1D0,2.872621701761D1;                                            105P    125
100,0D0,0D0,0D0,1.101986842027D1,0D0,-7.774720960793D0,              107P    126
7.809687188473D0;                                                    107P    127
124,9.061468639183D-1,4.229631910829D-1,0D0,-4.792474241350D1,       109P    128
0D0,0D0,-1D0,-9.327911613521D1,-4.229631910829D-1,                   109P    129
9.061468639183D-1,0D0,3.347621701761D1;                              109P    130
100,0D0,0D0,0D0,1.123029162666D1,0D0,1.017629353936D1,               111P    131
4.749999981116D0;                                                    111P    132
124,1D0,2.051036222847D-10,0D0,-4.792474241350D1,0D0,0D0,-1D0,       113P    133
-9.327911613521D1,-2.051036222847D-10,1D0,0D0,3.347621701761D1;      113P    134
100,0D0,0D0,0D0,1.123029162666D1,0D0,1.017629353936D1,               115P    135
4.749999981116D0;                                                    115P    136
124,-9.234496448069D-1,3.837196287734D-1,0D0,-4.792474241350D1,      117P    137
-3.837196287734D-1,-9.234496448069D-1,0D0,-8.905057620041D1,0D0,     117P    138
0D0,1D0,3.822621701761D1;                                            117P    139
100,0D0,0D0,0D0,1.101986842027D1,0D0,-7.774720960793D0,              119P    140
7.809687188473D0;                                                    119P    141
124,-9.061468641678D-1,-4.229631905484D-1,0D0,-4.792474241350D1,     121P    142
0D0,0D0,-1D0,-9.327911613521D1,4.229631905484D-1,                    121P    143
-9.061468641678D-1,0D0,3.347621701761D1;                             121P    144
100,0D0,0D0,0D0,1.123029162666D1,0D0,1.017629353936D1,               123P    145
4.749999981116D0;                                                    123P    146
126,6,3,0,0,1,0,0D0,0D0,0D0,0D0,2.5D-1,5D-1,7.5D-1,1D0,1D0,1D0,      125P    147
1D0,1D0,1D0,1D0,1D0,1D0,1D0,1D0,-6.421046239240D1,                   125P    148
-7.805057620398D1,3.822621701990D1,-6.362278745163D1,                125P    149
-7.954891156248D1,3.822621701990D1,-6.248973225305D1,                125P    150
-8.242465532273D1,3.822621701682D1,-6.095372725644D1,                125P    151
-8.628276449260D1,3.822621701692D1,-5.946865767058D1,                125P    152
-8.996253959767D1,3.822621702114D1,-5.854780835924D1,                125P    153
-9.220392532048D1,3.822621700982D1,-5.810103598396D1,                125P    154
-9.327911605993D1,3.822621700982D1,0D0,1D0,0D0,0D0,1D0;              125P    155
126,6,3,0,0,1,0,0D0,0D0,0D0,0D0,2.5D-1,5D-1,7.5D-1,1D0,1D0,1D0,      127P    156
1D0,1D0,1D0,1D0,1D0,1D0,1D0,1D0,-3.774844884268D1,                   127P    157
-9.327911605993D1,3.822621700904D1,-3.732853907845D1,                127P    158
-9.226857217933D1,3.822621700904D1,-3.644052817022D1,                127P    159
-9.010901290414D1,3.822621702166D1,-3.494201276806D1,                127P    160
-8.639883275722D1,3.822621701627D1,-3.334345740740D1,                127P    161
-8.238380784646D1,3.822621701892D1,-3.221781406582D1,                127P    162
-7.952626268632D1,3.822621701545D1,-3.163902243484D1,                127P    163
-7.805057620398D1,3.822621701545D1,0D0,1D0,0D0,0D0,1D0;              127P    164
124,1D0,5.255813562144D-10,0D0,-4.792474241350D1,                    129P    165
-5.255813562144D-10,1D0,0D0,-8.905057620041D1,0D0,0D0,1D0,           129P    166
3.822621701761D1;                                                    129P    167
100,0D0,0D0,0D0,8D0,0D0,-8D0,-8.409300719713D-9;                     131P    168
124,-1D0,5.255813562144D-10,0D0,-4.792474241350D1,                   133P    169
-5.255813562144D-10,-1D0,0D0,-8.905057620041D1,0D0,0D0,1D0,          133P    170
3.822621701761D1;                                                    133P    171
100,0D0,0D0,0D0,8D0,0D0,-8D0,8.409302679148D-9;                      135P    172
110,-3.179574182415D1,-7.305057620037D1,4.322621701697D1,            137P    173
-6.405374300497D1,-7.305057620037D1,4.322621701601D1;                137P    174
110,-3.163902243484D1,-7.805057620398D1,3.822621701545D1,            139P    175
-6.421046239240D1,-7.805057620398D1,3.822621701990D1;                139P    176
124,0D0,1D0,0D0,-4.792474241350D1,0D0,0D0,1D0,-7.305057620030D1,     141P    177
1D0,0D0,0D0,3.347621701761D1;                                        141P    178
100,0D0,0D0,0D0,1.884694033907D1,0D0,9.750000003367D0,               143P    179
1.612900059144D1;                                                    143P    180
124,-8.557888071629D-1,5.173253497893D-1,0D0,-4.792474241350D1,      145P    181
0D0,0D0,1D0,-7.305057620030D1,5.173253497893D-1,                     145P    182
8.557888071629D-1,0D0,3.347621701761D1;                              145P    183
100,0D0,0D0,0D0,1.884694033907D1,0D0,9.750000003367D0,               147P    184
1.612900059144D1;                                                    147P    185
110,-4.792474242154D1,-7.105057620041D1,1.387621701761D1,            149P    186
-4.792474241865D1,-7.305057620034D1,1.462927667945D1;                149P    187
126,9,3,0,0,1,0,0D0,0D0,0D0,0D0,1.428571428571D-1,                   151P    188
2.857142857143D-1,4.285714285714D-1,5.714285714286D-1,               151P    189
7.142857142857D-1,8.571428571429D-1,1D0,1D0,1D0,1D0,1D0,1D0,1D0,     151P    190
1D0,1D0,1D0,1D0,1D0,1D0,1D0,-6.421046239123D1,-7.805057620467D1,     151P    191
2.872621701656D1,-6.437324987391D1,-7.763553342467D1,                151P    192
2.872621701673D1,-6.466167793243D1,-7.682392060450D1,                151P    193
2.862320857995D1,-6.497143461088D1,-7.571526861183D1,                151P    194
2.819723584134D1,-6.513533174123D1,-7.478652153816D1,                151P    195
2.756614598867D1,-6.514769782847D1,-7.404477018610D1,                151P    196
2.678092531405D1,-6.499689009621D1,-7.349366452872D1,                151P    197
2.587334908735D1,-6.465995685145D1,-7.313791840125D1,                151P    198
2.485359846601D1,-6.428258689250D1,-7.305057620045D1,                151P    199
2.410478350397D1,-6.405374300093D1,-7.305057620037D1,                151P    200
2.372621701576D1,0D0,1D0,0D0,0D0,1D0;                                151P    201
126,9,3,0,0,1,0,0D0,0D0,0D0,0D0,1.428571428571D-1,                   153P    202
2.857142857143D-1,4.285714285714D-1,5.714285714286D-1,               153P    203
7.142857142857D-1,8.571428571429D-1,1D0,1D0,1D0,1D0,1D0,1D0,1D0,     153P    204
1D0,1D0,1D0,1D0,1D0,1D0,1D0,-6.405374300497D1,-7.305057620037D1,     153P    205
4.322621701601D1,-6.427543418542D1,-7.305057620030D1,                153P    206
4.285948294591D1,-6.464389926502D1,-7.313313906521D1,                153P    207
4.213232905551D1,-6.497959408036D1,-7.346582143800D1,                153P    208
4.114296060141D1,-6.514320405638D1,-7.400009967199D1,                153P    209
4.023011064964D1,-6.514108770966D1,-7.474021648459D1,                153P    210
3.942399127880D1,-6.497931764094D1,-7.568474078820D1,                153P    211
3.876908095844D1,-6.466632070584D1,-7.681063284983D1,                153P    212
3.833119272042D1,-6.437477628367D1,-7.763164169428D1,                153P    213
3.822621701990D1,-6.421046239240D1,-7.805057620398D1,                153P    214
3.822621701990D1,0D0,1D0,0D0,0D0,1D0;                                153P    215
110,-4.792474241350D1,-7.305057620034D1,5.232315735576D1,            155P    216
-4.792474241350D1,-7.105057620041D1,5.307621701761D1;                155P    217
124,0D0,-1D0,0D0,-4.792474241350D1,0D0,0D0,-1D0,                     157P    218
-7.105057620041D1,1D0,0D0,0D0,3.347621701761D1;                      157P    219
100,0D0,0D0,0D0,1.96D1,0D0,-1.96D1,8.040050494268D-9;                159P    220
110,-4.792474241886D1,-4.905057620041D1,1.387621702085D1,            161P    221
-4.792474242154D1,-7.105057620041D1,1.387621701761D1;                161P    222
110,-4.792474241350D1,-7.105057620041D1,5.307621701761D1,            163P    223
-4.792474241350D1,-4.905057620041D1,5.307621701437D1;                163P    224
110,-3.992474241072D1,-8.905057620400D1,3.822621701761D1,            165P    225
-3.992474241482D1,-8.905057620260D1,3.747621701761D1;                165P    226
110,-5.592474241218D1,-8.905057620041D1,3.747621701761D1,            167P    227
-5.592474241628D1,-8.905057620181D1,3.822621701761D1;                167P    228
124,-1D0,0D0,0D0,-4.792474241350D1,0D0,-1D0,0D0,                     169P    229
-8.905057620041D1,0D0,0D0,1D0,3.747621701761D1;                      169P    230
100,0D0,0D0,0D0,8D0,0D0,-8D0,0D0;                                    171P    231
124,1D0,0D0,0D0,-4.792474241350D1,0D0,1D0,0D0,-8.905057620041D1,     173P    232
0D0,0D0,1D0,3.747621701761D1;                                        173P    233
100,0D0,0D0,0D0,8D0,0D0,-8D0,0D0;                                    175P    234
126,14,3,0,0,1,0,0D0,0D0,0D0,0D0,8.333333333333D-2,                  177P    235
1.666666666667D-1,2.5D-1,3.333333333333D-1,4.166666666667D-1,        177P    236
5D-1,5.833333333333D-1,6.666666666667D-1,7.5D-1,                     177P    237
8.333333333333D-1,9.166666666667D-1,1D0,1D0,1D0,1D0,1D0,1D0,1D0,     177P    238
1D0,1D0,1D0,1D0,1D0,1D0,1D0,1D0,1D0,1D0,1D0,1D0,                     177P    239
-5.304821778995D1,-8.905057620041D1,3.747621701761D1,                177P    240
-5.304623653602D1,-8.859357260565D1,3.747621701761D1,                177P    241
-5.293139829412D1,-8.771407625274D1,3.747621701761D1,                177P    242
-5.241229696111D1,-8.645766952163D1,3.747621701761D1,                177P    243
-5.158900196201D1,-8.538618472341D1,3.747621701761D1,                177P    244
-5.051539364893D1,-8.456216273094D1,3.747621701761D1,                177P    245
-4.926538718561D1,-8.404469293924D1,3.747621701761D1,                177P    246
-4.792397095301D1,-8.386820297985D1,3.747621701761D1,                177P    247
-4.658260212068D1,-8.404510042763D1,3.747621701761D1,                177P    248
-4.533277247744D1,-8.456290307233D1,3.747621701761D1,                177P    249
-4.425933247937D1,-8.538738882261D1,3.747621701761D1,                177P    250
-4.343651907687D1,-8.645870286746D1,3.747621701761D1,                177P    251
-4.291759956768D1,-8.771620953550D1,3.747621701761D1,                177P    252
-4.280307561892D1,-8.859445689154D1,3.747621701761D1,                177P    253
-4.280126703705D1,-8.905057620041D1,3.747621701761D1,0D0,1D0,        177P    254
0D0,0D0,1D0;                                                         177P    255
126,14,3,0,0,1,0,0D0,0D0,0D0,0D0,8.333333333333D-2,                  179P    256
1.666666666667D-1,2.5D-1,3.333333333333D-1,4.166666666667D-1,        179P    257
5D-1,5.833333333333D-1,6.666666666667D-1,7.5D-1,                     179P    258
8.333333333333D-1,9.166666666667D-1,1D0,1D0,1D0,1D0,1D0,1D0,1D0,     179P    259
1D0,1D0,1D0,1D0,1D0,1D0,1D0,1D0,1D0,1D0,1D0,1D0,                     179P    260
-4.280126703705D1,-8.905057620041D1,3.747621701761D1,                179P    261
-4.280324829098D1,-8.950757979517D1,3.747621701761D1,                179P    262
-4.291808653288D1,-9.038707614808D1,3.747621701761D1,                179P    263
-4.343718786589D1,-9.164348287918D1,3.747621701761D1,                179P    264
-4.426048286499D1,-9.271496767741D1,3.747621701761D1,                179P    265
-4.533409117807D1,-9.353898966988D1,3.747621701761D1,                179P    266
-4.658409764139D1,-9.405645946158D1,3.747621701761D1,                179P    267
-4.792551387399D1,-9.423294942097D1,3.747621701761D1,                179P    268
-4.926688270632D1,-9.405605197319D1,3.747621701761D1,                179P    269
-5.051671234955D1,-9.353824932848D1,3.747621701761D1,                179P    270
-5.159015234763D1,-9.271376357821D1,3.747621701761D1,                179P    271
-5.241296575013D1,-9.164244953335D1,3.747621701761D1,                179P    272
-5.293188525931D1,-9.038494286532D1,3.747621701761D1,                179P    273
-5.304640920808D1,-8.950669550927D1,3.747621701761D1,                179P    274
-5.304821778995D1,-8.905057620041D1,3.747621701761D1,0D0,1D0,        179P    275
0D0,0D0,1D0;                                                         179P    276
110,-5.592474241628D1,-8.905057620400D1,2.872621701761D1,            181P    277
-5.592474241218D1,-8.905057620260D1,2.947621701761D1;                181P    278
110,-3.992474241482D1,-8.905057620041D1,2.947621701761D1,            183P    279
-3.992474241072D1,-8.905057620181D1,2.872621701761D1;                183P    280
124,-1D0,0D0,0D0,-4.792474241350D1,0D0,-1D0,0D0,                     185P    281
-8.905057620041D1,0D0,0D0,1D0,2.947621701761D1;                      185P    282
100,0D0,0D0,0D0,8D0,0D0,-8D0,0D0;                                    187P    283
124,1D0,0D0,0D0,-4.792474241350D1,0D0,1D0,0D0,-8.905057620041D1,     189P    284
0D0,0D0,1D0,2.947621701761D1;                                        189P    285
100,0D0,0D0,0D0,8D0,0D0,-8D0,0D0;                                    191P    286
126,14,3,0,0,1,0,0D0,0D0,0D0,0D0,8.333333333333D-2,                  193P    287
1.666666666667D-1,2.5D-1,3.333333333333D-1,4.166666666667D-1,        193P    288
5D-1,5.833333333333D-1,6.666666666667D-1,7.5D-1,                     193P    289
8.333333333333D-1,9.166666666667D-1,1D0,1D0,1D0,1D0,1D0,1D0,1D0,     193P    290
1D0,1D0,1D0,1D0,1D0,1D0,1D0,1D0,1D0,1D0,1D0,1D0,                     193P    291
-4.280126703705D1,-8.905057620041D1,2.947621701761D1,                193P    292
-4.280324829098D1,-8.950757979517D1,2.947621701761D1,                193P    293
-4.291808653288D1,-9.038707614808D1,2.947621701761D1,                193P    294
-4.343718786589D1,-9.164348287918D1,2.947621701761D1,                193P    295
-4.426048286499D1,-9.271496767741D1,2.947621701761D1,                193P    296
-4.533409117807D1,-9.353898966988D1,2.947621701761D1,                193P    297
-4.658409764139D1,-9.405645946158D1,2.947621701761D1,                193P    298
-4.792551387399D1,-9.423294942097D1,2.947621701761D1,                193P    299
-4.926688270632D1,-9.405605197319D1,2.947621701761D1,                193P    300
-5.051671234955D1,-9.353824932848D1,2.947621701761D1,                193P    301
-5.159015234763D1,-9.271376357821D1,2.947621701761D1,                193P    302
-5.241296575013D1,-9.164244953335D1,2.947621701761D1,                193P    303
-5.293188525931D1,-9.038494286532D1,2.947621701761D1,                193P    304
-5.304640920808D1,-8.950669550927D1,2.947621701761D1,                193P    305
-5.304821778995D1,-8.905057620041D1,2.947621701761D1,0D0,1D0,        193P    306
0D0,0D0,1D0;                                                         193P    307
126,14,3,0,0,1,0,0D0,0D0,0D0,0D0,8.333333333333D-2,                  195P    308
1.666666666667D-1,2.5D-1,3.333333333333D-1,4.166666666667D-1,        195P    309
5D-1,5.833333333333D-1,6.666666666667D-1,7.5D-1,                     195P    310
8.333333333333D-1,9.166666666667D-1,1D0,1D0,1D0,1D0,1D0,1D0,1D0,     195P    311
1D0,1D0,1D0,1D0,1D0,1D0,1D0,1D0,1D0,1D0,1D0,1D0,                     195P    312
-5.304821778995D1,-8.905057620041D1,2.947621701761D1,                195P    313
-5.304623653602D1,-8.859357260565D1,2.947621701761D1,                195P    314
-5.293139829412D1,-8.771407625274D1,2.947621701761D1,                195P    315
-5.241229696111D1,-8.645766952163D1,2.947621701761D1,                195P    316
-5.158900196201D1,-8.538618472341D1,2.947621701761D1,                195P    317
-5.051539364893D1,-8.456216273094D1,2.947621701761D1,                195P    318
-4.926538718561D1,-8.404469293924D1,2.947621701761D1,                195P    319
-4.792397095301D1,-8.386820297985D1,2.947621701761D1,                195P    320
-4.658260212068D1,-8.404510042763D1,2.947621701761D1,                195P    321
-4.533277247744D1,-8.456290307233D1,2.947621701761D1,                195P    322
-4.425933247937D1,-8.538738882261D1,2.947621701761D1,                195P    323
-4.343651907687D1,-8.645870286746D1,2.947621701761D1,                195P    324
-4.291759956768D1,-8.771620953550D1,2.947621701761D1,                195P    325
-4.280307561892D1,-8.859445689154D1,2.947621701761D1,                195P    326
-4.280126703705D1,-8.905057620041D1,2.947621701761D1,0D0,1D0,        195P    327
0D0,0D0,1D0;                                                         195P    328
110,-4.792474241815D1,7.694942379959D1,1.647621702042D1,             197P    329
-4.792474241815D1,-4.905057620041D1,1.647621702069D1;                197P    330
110,-4.792474241350D1,-4.905057620041D1,5.047621701453D1,            199P    331
-4.792474241350D1,7.694942379959D1,5.047621701480D1;                 199P    332
124,0D0,1D0,0D0,-4.792474241350D1,0D0,0D0,1D0,-4.305057620041D1,     201P    333
1D0,0D0,0D0,3.347621701761D1;                                        201P    334
100,0D0,0D0,0D0,5.5D0,0D0,-5.5D0,0D0;                                203P    335
124,0D0,-1D0,0D0,-4.792474241350D1,0D0,0D0,1D0,                      205P    336
-4.305057620041D1,-1D0,0D0,0D0,3.347621701761D1;                     205P    337
100,0D0,0D0,0D0,5.5D0,0D0,-5.5D0,0D0;                                207P    338
110,-4.792474241350D1,-4.305057620041D1,3.347621701761D1,            209P    339
-4.792474241350D1,-4.205057620041D1,3.347621701761D1;                209P    340
110,-4.792474241350D1,-4.545057620041D1,3.897621701761D1,            211P    341
-4.792474241350D1,7.934942379959D1,3.897621701761D1;                 211P    342
120,209,211,3.078760800936D0,6.346017160243D0;                       213P    343
124,0D0,-1D0,0D0,-4.792474241350D1,0D0,0D0,-1D0,                     215P    344
-4.305057620041D1,1D0,0D0,0D0,3.347621701761D1;                      215P    345
100,0D0,0D0,0D0,5.5D0,0D0,-5.5D0,0D0;                                217P    346
124,0D0,-1D0,0D0,-4.792474241350D1,0D0,0D0,1D0,7.694942379959D1,     219P    347
-1D0,0D0,0D0,3.347621701761D1;                                       219P    348
100,0D0,0D0,0D0,5.5D0,0D0,-5.5D0,0D0;                                221P    349
102,4,27,217,25,221;                                                 223P    350
110,9.807692307692D-1,6.283185307180D0,0D0,1.923076923077D-2,        225P    351
6.283185307180D0,0D0;                                                225P    352
110,1.923076923077D-2,6.283185307180D0,0D0,1.923076923077D-2,        227P    353
3.141592654D0,0D0;                                                   227P    354
110,1.923076923077D-2,3.141592654D0,0D0,9.807692307692D-1,           229P    355
3.141592654D0,0D0;                                                   229P    356
110,9.807692307692D-1,3.141592654D0,0D0,9.807692307692D-1,           231P    357
6.283185307180D0,0D0;                                                231P    358
102,4,225,227,229,231;                                               233P    359
142,0,213,233,223,1;                                                 235P    360
144,213,1,0,235;                                                     237P    361
110,-4.792474241350D1,-4.305057620041D1,3.347621701761D1,            239P    362
-4.792474241350D1,-4.205057620041D1,3.347621701761D1;                239P    363
110,-4.792474241350D1,-4.545057620041D1,3.897621701761D1,            241P    364
-4.792474241350D1,7.934942379959D1,3.897621701761D1;                 241P    365
120,239,241,-6.283185308D-2,3.204424507080D0;                        243P    366
124,0D0,1D0,0D0,-4.792474241350D1,0D0,0D0,1D0,7.694942379959D1,      245P    367
1D0,0D0,0D0,3.347621701761D1;                                        245P    368
100,0D0,0D0,0D0,5.5D0,0D0,-5.5D0,0D0;                                247P    369
110,-4.792474241500D1,7.694942379959D1,2.797621702122D1,             249P    370
-4.792474241500D1,-4.305057620041D1,2.797621701852D1;                249P    371
124,0D0,1D0,0D0,-4.792474241350D1,0D0,0D0,-1D0,                      251P    372
-4.305057620041D1,-1D0,0D0,0D0,3.347621701761D1;                     251P    373
100,0D0,0D0,0D0,5.5D0,0D0,-5.5D0,0D0;                                253P    374
110,-4.792474241350D1,-4.305057620041D1,3.897621701670D1,            255P    375
-4.792474241350D1,7.694942379959D1,3.897621701400D1;                 255P    376
102,4,247,249,253,255;                                               257P    377
110,9.807692307692D-1,0D0,0D0,9.807692307692D-1,3.141592654D0,       259P    378
0D0;                                                                 259P    379
110,9.807692307692D-1,3.141592654D0,0D0,1.923076923077D-2,           261P    380
3.141592654D0,0D0;                                                   261P    381
110,1.923076923077D-2,3.141592654D0,0D0,1.923076923077D-2,0D0,       263P    382
0D0;                                                                 263P    383
110,1.923076923077D-2,0D0,0D0,9.807692307692D-1,0D0,0D0;             265P    384
102,4,259,261,263,265;                                               267P    385
142,0,243,267,257,1;                                                 269P    386
144,243,1,0,269;                                                     271P    387
128,1,1,1,1,0,0,1,0,0,-1.767999999123D1,-1.767999999123D1,           273P    388
1.767999999123D1,1.767999999123D1,-1.770199079231D1,                 273P    389
-1.770199079231D1,1.770199079231D1,1.770199079231D1,1D0,1D0,1D0,     273P    390
1D0,-6.562673320581D1,7.694942379959D1,1.579621702638D1,             273P    391
-6.562673320581D1,7.694942379959D1,5.115621700884D1,                 273P    392
-3.022275162119D1,7.694942379959D1,1.579621702638D1,                 273P    393
-3.022275162119D1,7.694942379959D1,5.115621700884D1,                 273P    394
-1.767999999123D1,1.767999999123D1,-1.770199079231D1,                273P    395
1.770199079231D1;                                                    273P    396
102,2,31,35;                                                         275P    397
126,19,3,0,0,1,0,0D0,0D0,0D0,0D0,5.882588241911D-2,                  277P    398
1.176489892408D-1,1.764732964860D-1,2.352974383225D-1,               277P    399
2.941215306819D-1,3.529456256962D-1,4.117697215348D-1,               277P    400
4.705938231795D-1,5.294179315210D-1,5.882420336695D-1,               277P    401
6.470661295634D-1,7.058902241059D-1,7.647143175333D-1,               277P    402
8.235384801539D-1,8.823630174946D-1,9.411874121076D-1,1D0,1D0,       277P    403
1D0,1D0,1D0,1D0,1D0,1D0,1D0,1D0,1D0,1D0,1D0,1D0,1D0,1D0,1D0,1D0,     277P    404
1D0,1D0,1D0,1D0,1D0,1D0,1.699999999157D1,0D0,0D0,                    277P    405
1.700116433937D1,1.047450557802D0,0D0,1.680537088683D1,              277P    406
3.141546856256D0,0D0,1.594260985624D1,6.176305079242D0,0D0,          277P    407
1.453607808571D1,9.000543527048D0,0D0,1.263475109492D1,              277P    408
1.151833112710D1,0D0,1.030309492883D1,1.364385381281D1,0D0,          277P    409
7.620590140031D0,1.530474576921D1,0D0,4.678565631818D0,              277P    410
1.644444269410D1,0D0,1.577215738102D0,1.702413329077D1,0D0,          277P    411
-1.577846214115D0,1.702407487207D1,0D0,-4.679174647964D0,            277P    412
1.644426941841D1,0D0,-7.621156946224D0,1.530446353486D1,0D0,         277P    413
-1.030360023172D1,1.364347222317D1,0D0,-1.263517795457D1,            277P    414
1.151786293484D1,0D0,-1.453641433795D1,9.000001211590D0,0D0,         277P    415
-1.594285258503D1,6.175685483274D0,0D0,-1.680543545492D1,            277P    416
3.141094157162D0,0D0,-1.700116371871D1,1.047212330071D0,0D0,         277P    417
-1.699999999157D1,0D0,0D0,0D0,1D0,0D0,0D0,1D0;                       277P    418
126,19,3,0,0,1,0,0D0,0D0,0D0,0D0,5.882588241911D-2,                  279P    419
1.176489892408D-1,1.764732964860D-1,2.352974383225D-1,               279P    420
2.941215306819D-1,3.529456256962D-1,4.117697215348D-1,               279P    421
4.705938231795D-1,5.294179315210D-1,5.882420336695D-1,               279P    422
6.470661295634D-1,7.058902241059D-1,7.647143175333D-1,               279P    423
8.235384801539D-1,8.823630174946D-1,9.411874121076D-1,1D0,1D0,       279P    424
1D0,1D0,1D0,1D0,1D0,1D0,1D0,1D0,1D0,1D0,1D0,1D0,1D0,1D0,1D0,1D0,     279P    425
1D0,1D0,1D0,1D0,1D0,1D0,-1.699999999157D1,0D0,0D0,                   279P    426
-1.700116433937D1,-1.047450557802D0,0D0,-1.680537088683D1,           279P    427
-3.141546856256D0,0D0,-1.594260985624D1,-6.176305079242D0,0D0,       279P    428
-1.453607808571D1,-9.000543527048D0,0D0,-1.263475109492D1,           279P    429
-1.151833112710D1,0D0,-1.030309492883D1,-1.364385381281D1,0D0,       279P    430
-7.620590140031D0,-1.530474576921D1,0D0,-4.678565631818D0,           279P    431
-1.644444269410D1,0D0,-1.577215738102D0,-1.702413329077D1,0D0,       279P    432
1.577846214115D0,-1.702407487207D1,0D0,4.679174647964D0,             279P    433
-1.644426941841D1,0D0,7.621156946224D0,-1.530446353486D1,0D0,        279P    434
1.030360023172D1,-1.364347222317D1,0D0,1.263517795457D1,             279P    435
-1.151786293484D1,0D0,1.453641433795D1,-9.000001211590D0,0D0,        279P    436
1.594285258503D1,-6.175685483274D0,0D0,1.680543545492D1,             279P    437
-3.141094157162D0,0D0,1.700116371871D1,-1.047212330071D0,0D0,        279P    438
1.699999999157D1,0D0,0D0,0D0,1D0,0D0,0D0,1D0;                        279P    439
102,2,277,279;                                                       281P    440
142,0,273,281,275,1;                                                 283P    441
102,2,39,43;                                                         285P    442
126,15,3,0,0,1,0,0D0,0D0,0D0,0D0,7.691538721092D-2,                  287P    443
1.538716763870D-1,2.307929677225D-1,3.077252720310D-1,               287P    444
3.846533337061D-1,4.615826303123D-1,5.385117426450D-1,               287P    445
6.154411779106D-1,6.923685170490D-1,7.693032538533D-1,               287P    446
8.462195814783D-1,9.231849759493D-1,1D0,1D0,1D0,1D0,1D0,1D0,1D0,     287P    447
1D0,1D0,1D0,1D0,1D0,1D0,1D0,1D0,1D0,1D0,1D0,1D0,1D0,                 287P    448
-5.499999989176D0,0D0,0D0,-5.501040290295D0,4.432445996198D-1,       287P    449
0D0,-5.391841732198D0,1.329074815383D0,0D0,-4.917697739324D0,        287P    450
2.581251493415D0,0D0,-4.156693388508D0,3.683178741825D0,0D0,         287P    451
-3.154479052993D0,4.571015201831D0,0D0,-1.968770715341D0,            287P    452
5.193128832898D0,0D0,-6.686677617793D-1,5.513380589930D0,0D0,        287P    453
6.703111864521D-1,5.513181209313D0,0D0,1.970315441508D0,             287P    454
5.192542625893D0,0D0,3.155847856444D0,4.570071715727D0,0D0,          287P    455
4.157782567768D0,3.681946152300D0,0D0,4.918481084729D0,              287P    456
2.579764856422D0,0D0,5.392051184291D0,1.327962082995D0,0D0,          287P    457
5.501037429869D0,4.426595916551D-1,0D0,5.499999989176D0,0D0,0D0,     287P    458
0D0,1D0,0D0,0D0,1D0;                                                 287P    459
126,15,3,0,0,1,0,0D0,0D0,0D0,0D0,7.691538721092D-2,                  289P    460
1.538716763870D-1,2.307929677225D-1,3.077252720310D-1,               289P    461
3.846533337061D-1,4.615826303123D-1,5.385117426450D-1,               289P    462
6.154411779106D-1,6.923685170490D-1,7.693032538533D-1,               289P    463
8.462195814783D-1,9.231849759493D-1,1D0,1D0,1D0,1D0,1D0,1D0,1D0,     289P    464
1D0,1D0,1D0,1D0,1D0,1D0,1D0,1D0,1D0,1D0,1D0,1D0,1D0,                 289P    465
5.499999989176D0,0D0,0D0,5.501040290295D0,-4.432445996198D-1,        289P    466
0D0,5.391841732198D0,-1.329074815383D0,0D0,4.917697739324D0,         289P    467
-2.581251493415D0,0D0,4.156693388508D0,-3.683178741825D0,0D0,        289P    468
3.154479052993D0,-4.571015201831D0,0D0,1.968770715341D0,             289P    469
-5.193128832898D0,0D0,6.686677617793D-1,-5.513380589930D0,0D0,       289P    470
-6.703111864521D-1,-5.513181209313D0,0D0,-1.970315441508D0,          289P    471
-5.192542625893D0,0D0,-3.155847856444D0,-4.570071715727D0,0D0,       289P    472
-4.157782567768D0,-3.681946152300D0,0D0,-4.918481084729D0,           289P    473
-2.579764856422D0,0D0,-5.392051184291D0,-1.327962082995D0,0D0,       289P    474
-5.501037429869D0,-4.426595916551D-1,0D0,-5.499999989176D0,0D0,      289P    475
0D0,0D0,1D0,0D0,0D0,1D0;                                             289P    476
102,2,287,289;                                                       291P    477
142,0,273,291,285,1;                                                 293P    478
144,273,1,1,283,293;                                                 295P    479
110,-4.792474241350D1,-4.905057620041D1,3.347621701761D1,            297P    480
-4.792474241350D1,-4.805057620041D1,3.347621701761D1;                297P    481
110,-4.792474241350D1,-5.157057620041D1,5.047621701761D1,            299P    482
-4.792474241350D1,7.946942379959D1,5.047621701761D1;                 299P    483
120,297,299,-6.283185308D-2,3.204424507080D0;                        301P    484
102,4,55,199,31,197;                                                 303P    485
110,1.923076923077D-2,3.141592654D0,0D0,1.923076923077D-2,0D0,       305P    486
0D0;                                                                 305P    487
110,1.923076923077D-2,0D0,0D0,9.807692307692D-1,0D0,0D0;             307P    488
110,9.807692307692D-1,0D0,0D0,9.807692307692D-1,3.141592654D0,       309P    489
0D0;                                                                 309P    490
110,9.807692307692D-1,3.141592654D0,0D0,1.923076923077D-2,           311P    491
3.141592654D0,0D0;                                                   311P    492
102,4,305,307,309,311;                                               313P    493
142,0,301,313,303,1;                                                 315P    494
144,301,1,0,315;                                                     317P    495
128,1,1,1,1,0,0,1,0,0,-2.038399998989D1,-2.038399998989D1,           319P    496
2.038399998989D1,2.038399998989D1,-2.040935408995D1,                 319P    497
-2.040935408995D1,2.040935408995D1,2.040935408995D1,1D0,1D0,1D0,     319P    498
1D0,-6.833409650345D1,-4.905057620041D1,1.309221702772D1,            319P    499
-6.833409650345D1,-4.905057620041D1,5.386021700750D1,                319P    500
-2.751538832355D1,-4.905057620041D1,1.309221702772D1,                319P    501
-2.751538832355D1,-4.905057620041D1,5.386021700750D1,                319P    502
-2.038399998989D1,2.038399998989D1,-2.040935408995D1,                319P    503
2.040935408995D1;                                                    319P    504
102,2,47,51;                                                         321P    505
126,19,3,0,0,1,0,0D0,0D0,0D0,0D0,5.882588241911D-2,                  323P    506
1.176489892408D-1,1.764732964860D-1,2.352974383225D-1,               323P    507
2.941215306819D-1,3.529456256962D-1,4.117697215348D-1,               323P    508
4.705938231795D-1,5.294179315210D-1,5.882420336695D-1,               323P    509
6.470661295634D-1,7.058902241059D-1,7.647143175333D-1,               323P    510
8.235384801539D-1,8.823630174946D-1,9.411874121076D-1,1D0,1D0,       323P    511
1D0,1D0,1D0,1D0,1D0,1D0,1D0,1D0,1D0,1D0,1D0,1D0,1D0,1D0,1D0,1D0,     323P    512
1D0,1D0,1D0,1D0,1D0,1D0,1.959999999028D1,0D0,0D0,                    323P    513
1.960134241480D1,1.207648878407D0,0D0,1.937560408129D1,              323P    514
3.622018728389D0,0D0,1.838089136366D1,7.120916444302D0,0D0,          323P    515
1.675924296940D1,1.037709724295D1,0D0,1.456712479179D1,              323P    516
1.327995824066D1,0D0,1.187886238853D1,1.573056086653D1,0D0,          323P    517
8.786092161447D0,1.764547159274D1,0D0,5.394110963743D0,              323P    518
1.895947510614D1,0D0,1.818436968635D0,1.962782426466D1,0D0,          323P    519
-1.819163870392D0,1.962775691132D1,0D0,-5.394813123535D0,            323P    520
1.895927532946D1,0D0,-8.786745655646D0,1.764514619313D1,0D0,         323P    521
-1.187944497304D1,1.573012091613D1,0D0,-1.456761693586D1,            323P    522
1.327941844252D1,0D0,-1.675963064846D1,1.037647198513D1,0D0,         323P    523
-1.838117121568D1,7.120202086598D0,0D0,-1.937567852449D1,            323P    524
3.621496792963D0,0D0,-1.960134169922D1,1.207374215846D0,0D0,         323P    525
-1.959999999028D1,0D0,0D0,0D0,1D0,0D0,0D0,1D0;                       323P    526
126,19,3,0,0,1,0,0D0,0D0,0D0,0D0,5.882588241911D-2,                  325P    527
1.176489892408D-1,1.764732964860D-1,2.352974383225D-1,               325P    528
2.941215306819D-1,3.529456256962D-1,4.117697215348D-1,               325P    529
4.705938231795D-1,5.294179315210D-1,5.882420336695D-1,               325P    530
6.470661295634D-1,7.058902241059D-1,7.647143175333D-1,               325P    531
8.235384801539D-1,8.823630174946D-1,9.411874121076D-1,1D0,1D0,       325P    532
1D0,1D0,1D0,1D0,1D0,1D0,1D0,1D0,1D0,1D0,1D0,1D0,1D0,1D0,1D0,1D0,     325P    533
1D0,1D0,1D0,1D0,1D0,1D0,-1.959999999028D1,0D0,0D0,                   325P    534
-1.960134241480D1,-1.207648878407D0,0D0,-1.937560408129D1,           325P    535
-3.622018728389D0,0D0,-1.838089136366D1,-7.120916444302D0,0D0,       325P    536
-1.675924296940D1,-1.037709724295D1,0D0,-1.456712479179D1,           325P    537
-1.327995824066D1,0D0,-1.187886238853D1,-1.573056086653D1,0D0,       325P    538
-8.786092161447D0,-1.764547159274D1,0D0,-5.394110963743D0,           325P    539
-1.895947510614D1,0D0,-1.818436968635D0,-1.962782426466D1,0D0,       325P    540
1.819163870392D0,-1.962775691132D1,0D0,5.394813123535D0,             325P    541
-1.895927532946D1,0D0,8.786745655646D0,-1.764514619313D1,0D0,        325P    542
1.187944497304D1,-1.573012091613D1,0D0,1.456761693586D1,             325P    543
-1.327941844252D1,0D0,1.675963064846D1,-1.037647198513D1,0D0,        325P    544
1.838117121568D1,-7.120202086598D0,0D0,1.937567852449D1,             325P    545
-3.621496792963D0,0D0,1.960134169922D1,-1.207374215846D0,0D0,        325P    546
1.959999999028D1,0D0,0D0,0D0,1D0,0D0,0D0,1D0;                        325P    547
102,2,323,325;                                                       327P    548
142,0,319,327,321,1;                                                 329P    549
102,2,55,59;                                                         331P    550
126,19,3,0,0,1,0,0D0,0D0,0D0,0D0,5.882588064930D-2,                  333P    551
1.176489880868D-1,1.764732950633D-1,2.352974343649D-1,               333P    552
2.941215270778D-1,3.529456239853D-1,4.117697188198D-1,               333P    553
4.705938245951D-1,5.294179294655D-1,5.882420331599D-1,               333P    554
6.470661263705D-1,7.058902214948D-1,7.647143146158D-1,               333P    555
8.235384758777D-1,8.823630146881D-1,9.411874117989D-1,1D0,1D0,       333P    556
1D0,1D0,1D0,1D0,1D0,1D0,1D0,1D0,1D0,1D0,1D0,1D0,1D0,1D0,1D0,1D0,     333P    557
1D0,1D0,1D0,1D0,1D0,1D0,-1.699999999076D1,0D0,0D0,                   333P    558
-1.700116431665D1,1.047450521289D0,0D0,-1.680537086914D1,            333P    559
3.141546799655D0,0D0,-1.594260989005D1,6.176305009704D0,0D0,         333P    560
-1.453607812684D1,9.000543417500D0,0D0,-1.263475119852D1,            333P    561
1.151833100219D1,0D0,-1.030309507323D1,1.364385372660D1,0D0,         333P    562
-7.620590263885D0,1.530474569467D1,0D0,-4.678565680940D0,            333P    563
1.644444266099D1,0D0,-1.577215796931D0,1.702413328423D1,0D0,         333P    564
1.577846192500D0,1.702407486864D1,0D0,4.679174543539D0,              333P    565
1.644426942164D1,0D0,7.621156837277D0,1.530446357069D1,0D0,          333P    566
1.030360011624D1,1.364347232912D1,0D0,1.263517783130D1,              333P    567
1.151786306009D1,0D0,1.453641422686D1,9.000001357077D0,0D0,          333P    568
1.594285254832D1,6.175685612456D0,0D0,1.680543542368D1,              333P    569
3.141094208371D0,0D0,1.700116369615D1,1.047212330710D0,0D0,          333P    570
1.699999999076D1,0D0,0D0,0D0,1D0,0D0,0D0,1D0;                        333P    571
126,19,3,0,0,1,0,0D0,0D0,0D0,0D0,5.882588064930D-2,                  335P    572
1.176489880868D-1,1.764732950633D-1,2.352974343649D-1,               335P    573
2.941215270778D-1,3.529456239853D-1,4.117697188198D-1,               335P    574
4.705938245951D-1,5.294179294655D-1,5.882420331599D-1,               335P    575
6.470661263705D-1,7.058902214948D-1,7.647143146158D-1,               335P    576
8.235384758777D-1,8.823630146881D-1,9.411874117989D-1,1D0,1D0,       335P    577
1D0,1D0,1D0,1D0,1D0,1D0,1D0,1D0,1D0,1D0,1D0,1D0,1D0,1D0,1D0,1D0,     335P    578
1D0,1D0,1D0,1D0,1D0,1D0,1.699999999076D1,0D0,0D0,                    335P    579
1.700116431665D1,-1.047450521289D0,0D0,1.680537086914D1,             335P    580
-3.141546799656D0,0D0,1.594260989005D1,-6.176305009704D0,0D0,        335P    581
1.453607812684D1,-9.000543417500D0,0D0,1.263475119852D1,             335P    582
-1.151833100219D1,0D0,1.030309507323D1,-1.364385372660D1,0D0,        335P    583
7.620590263885D0,-1.530474569467D1,0D0,4.678565680940D0,             335P    584
-1.644444266099D1,0D0,1.577215796931D0,-1.702413328423D1,0D0,        335P    585
-1.577846192500D0,-1.702407486864D1,0D0,-4.679174543539D0,           335P    586
-1.644426942164D1,0D0,-7.621156837277D0,-1.530446357069D1,0D0,       335P    587
-1.030360011624D1,-1.364347232912D1,0D0,-1.263517783130D1,           335P    588
-1.151786306009D1,0D0,-1.453641422686D1,-9.000001357077D0,0D0,       335P    589
-1.594285254832D1,-6.175685612456D0,0D0,-1.680543542368D1,           335P    590
-3.141094208371D0,0D0,-1.700116369615D1,-1.047212330710D0,0D0,       335P    591
-1.699999999076D1,0D0,0D0,0D0,1D0,0D0,0D0,1D0;                       335P    592
102,2,333,335;                                                       337P    593
142,0,319,337,331,1;                                                 339P    594
144,319,1,1,329,339;                                                 341P    595
110,-4.792474241350D1,-7.105057620041D1,3.347621701761D1,            343P    596
-4.792474241350D1,-7.005057620041D1,3.347621701761D1;                343P    597
110,-4.792474241350D1,-7.149057620041D1,5.307621701761D1,            345P    598
-4.792474241350D1,-4.861057620041D1,5.307621701761D1;                345P    599
120,343,345,-6.283185308D-2,3.204424507080D0;                        347P    600
102,4,63,163,47,161;                                                 349P    601
110,1.923076923077D-2,3.141592654D0,0D0,1.923076923077D-2,0D0,       351P    602
0D0;                                                                 351P    603
110,1.923076923077D-2,0D0,0D0,9.807692307692D-1,0D0,0D0;             353P    604
110,9.807692307692D-1,0D0,0D0,9.807692307692D-1,3.141592654D0,       355P    605
0D0;                                                                 355P    606
110,9.807692307692D-1,3.141592654D0,0D0,1.923076923077D-2,           357P    607
3.141592654D0,0D0;                                                   357P    608
102,4,351,353,355,357;                                               359P    609
142,0,347,359,349,1;                                                 361P    610
144,347,1,0,361;                                                     363P    611
110,-4.792474241350D1,-1.231048848184D2,3.347621701761D1,            365P    612
-4.792474241350D1,-1.221048848184D2,3.347621701761D1;                365P    613
110,-4.792474241350D1,-9.372368681579D1,4.453911452101D1,            367P    614
-4.792474241350D1,-7.060600540403D1,5.324361118421D1;                367P    615
120,365,367,-6.283185308D-2,3.204424507080D0;                        369P    616
124,0D0,1D0,0D0,-4.792474241350D1,0D0,0D0,-1D0,                      371P    617
-7.305057620030D1,-1D0,0D0,0D0,3.347621701761D1;                     371P    618
100,0D0,0D0,0D0,1.884694033907D1,0D0,9.750000003367D0,               373P    619
1.612900059144D1;                                                    373P    620
126,6,3,0,0,1,0,0D0,0D0,0D0,0D0,2.5D-1,5D-1,7.5D-1,1D0,1D0,1D0,      375P    621
1D0,1D0,1D0,1D0,1D0,1D0,1D0,1D0,-3.163902243395D1,                   375P    622
-7.805057620467D1,2.872621701754D1,-3.220363442555D1,                375P    623
-7.949011029443D1,2.872621701754D1,-3.330056722170D1,                375P    624
-8.227521414999D1,2.872621701748D1,-3.487467649993D1,                375P    625
-8.622996376871D1,2.872621701815D1,-3.630750401750D1,                375P    626
-8.978219633499D1,2.872621701557D1,-3.727136196633D1,                375P    627
-9.213097122895D1,2.872621702200D1,-3.774844884463D1,                375P    628
-9.327911605993D1,2.872621702200D1,0D0,1D0,0D0,0D0,1D0;              375P    629
124,8.557888071629D-1,-5.173253497893D-1,0D0,-4.792474241350D1,      377P    630
0D0,0D0,-1D0,-7.305057620030D1,5.173253497893D-1,                    377P    631
8.557888071629D-1,0D0,3.347621701761D1;                              377P    632
100,0D0,0D0,0D0,1.884694033907D1,0D0,9.750000003367D0,               379P    633
1.612900059144D1;                                                    379P    634
124,0D0,1D0,0D0,-4.792474241350D1,0D0,0D0,1D0,-7.105057620041D1,     381P    635
1D0,0D0,0D0,3.347621701761D1;                                        381P    636
100,0D0,0D0,0D0,1.96D1,0D0,-1.96D1,-8.040045693652D-9;               383P    637
102,11,373,69,375,111,115,127,65,379,155,383,149;                    385P    638
110,8.942553644231D-1,3.141592654D0,0D0,8.942553644231D-1,           387P    639
2.114518952D0,0D0;                                                   387P    640
126,9,3,0,0,1,0,0D0,0D0,0D0,0D0,1.490549459011D-1,                   389P    641
2.840643280762D-1,4.147096778006D-1,5.480772015429D-1,               389P    642
6.890963011005D-1,8.399791399612D-1,1D0,1D0,1D0,1D0,1D0,1D0,1D0,     389P    643
1D0,1D0,1D0,1D0,1D0,1D0,1D0,8.942553644231D-1,2.114518952D0,0D0,     389P    644
8.943333474540D-1,2.093038482925D0,0D0,8.912182734473D-1,            389P    645
2.051742398082D0,0D0,8.766690658053D-1,1.994177918758D0,0D0,         389P    646
8.529200781199D-1,1.944277350474D0,0D0,8.201374760904D-1,            389P    647
1.902561540781D0,0D0,7.787326005899D-1,1.871029830351D0,0D0,         389P    648
7.301473052303D-1,1.852871820642D0,0D0,6.955130834211D-1,            389P    649
1.851930151179D0,0D0,6.779706980769D-1,1.854590342D0,0D0,0D0,        389P    650
1D0,0D0,0D0,1D0;                                                     389P    651
126,6,3,0,0,1,0,0D0,0D0,0D0,0D0,2.742903634674D-1,                   391P    652
5.317399404443D-1,7.692778003805D-1,1D0,1D0,1D0,1D0,1D0,1D0,1D0,     391P    653
1D0,1D0,1D0,1D0,6.779706980769D-1,1.854590342D0,0D0,                 391P    654
6.175583676413D-1,1.863687935478D0,0D0,5.004958601372D-1,            391P    655
1.882815350261D0,0D0,3.313813274935D-1,1.916998573883D0,0D0,         391P    656
1.721339947302D-1,1.956884355895D0,0D0,6.964473526146D-2,            391P    657
1.989371065234D0,0D0,1.923076923077D-2,2.007509261D0,0D0,0D0,        391P    658
1D0,0D0,0D0,1D0;                                                     391P    659
110,1.923076923077D-2,2.007509261D0,0D0,1.923076923077D-2,           393P    660
1.570796327D0,0D0;                                                   393P    661
110,1.923076923077D-2,1.570796327D0,0D0,1.923076923077D-2,           395P    662
1.134083393D0,0D0;                                                   395P    663
126,6,3,0,0,1,0,0D0,0D0,0D0,0D0,2.140614706809D-1,                   397P    664
4.561038874557D-1,7.191206463966D-1,1D0,1D0,1D0,1D0,1D0,1D0,1D0,     397P    665
1D0,1D0,1D0,1D0,1.923076923077D-2,1.134083393D0,0D0,                 397P    666
6.600372284333D-2,1.150922467991D0,0D0,1.658204056351D-1,            397P    667
1.182866507837D0,0D0,3.236026142914D-1,1.222897702596D0,0D0,         397P    668
4.963692069206D-1,1.258092096797D0,0D0,6.161067438805D-1,            397P    669
1.277689696167D0,0D0,6.779706980769D-1,1.287002312D0,0D0,0D0,        397P    670
1D0,0D0,0D0,1D0;                                                     397P    671
126,9,3,0,0,1,0,0D0,0D0,0D0,0D0,1.582089890831D-1,                   399P    672
3.066636110284D-1,4.449582662533D-1,5.767600690527D-1,               399P    673
7.079743249477D-1,8.464798839037D-1,1D0,1D0,1D0,1D0,1D0,1D0,1D0,     399P    674
1D0,1D0,1D0,1D0,1D0,1D0,1D0,6.779706980769D-1,1.287002312D0,0D0,     399P    675
6.953152666714D-1,1.289631137184D0,0D0,7.294679549966D-1,            399P    676
1.288771752265D0,0D0,7.773493056634D-1,1.271217429396D0,0D0,         399P    677
8.182996234767D-1,1.240725236420D0,0D0,8.512146181175D-1,            399P    678
1.200011254208D0,0D0,8.757066169617D-1,1.150258721087D0,0D0,         399P    679
8.910343832648D-1,1.091670001093D0,0D0,8.943464494942D-1,            399P    680
1.049193349270D0,0D0,8.942553644231D-1,1.027073702D0,0D0,0D0,        399P    681
1D0,0D0,0D0,1D0;                                                     399P    682
110,8.942553644231D-1,1.027073702D0,0D0,8.942553644231D-1,0D0,       401P    683
0D0;                                                                 401P    684
110,8.942553644231D-1,0D0,0D0,9.807692307692D-1,0D0,0D0;             403P    685
110,9.807692307692D-1,0D0,0D0,9.807692307692D-1,3.141592654D0,       405P    686
0D0;                                                                 405P    687
110,9.807692307692D-1,3.141592654D0,0D0,8.942553644231D-1,           407P    688
3.141592654D0,0D0;                                                   407P    689
102,11,387,389,391,393,395,397,399,401,403,405,407;                  409P    690
142,0,369,409,385,1;                                                 411P    691
144,369,1,0,411;                                                     413P    692
128,1,1,1,1,0,0,1,0,0,-4.772202130993D0,-4.772202130993D0,           415P    693
4.772202130993D0,4.772202130993D0,-1.677416060931D1,                 415P    694
-1.677416060931D1,1.677416060931D1,1.677416060931D1,1D0,1D0,1D0,     415P    695
1D0,-6.469890302281D1,-7.305057620041D1,1.440554471845D1,            415P    696
-6.469890302281D1,-7.305057620041D1,2.394994898044D1,                415P    697
-3.115058180419D1,-7.305057620041D1,1.440554471845D1,                415P    698
-3.115058180419D1,-7.305057620041D1,2.394994898044D1,                415P    699
-4.772202130993D0,4.772202130993D0,-1.677416060931D1,                415P    700
1.677416060931D1;                                                    415P    701
102,3,79,77,73;                                                      417P    702
110,4.548470168164D0,-1.612900058587D1,0D0,4.548470168164D0,         419P    703
1.612900058587D1,0D0;                                                419P    704
126,8,3,0,0,1,0,0D0,0D0,0D0,0D0,1.666714884071D-1,                   421P    705
3.333655513302D-1,5.000416949307D-1,6.667101283773D-1,               421P    706
8.334179279273D-1,1D0,1D0,1D0,1D0,1D0,1D0,1D0,1D0,1D0,1D0,1D0,       421P    707
1D0,1D0,4.548470168164D0,1.612900058587D1,0D0,3.627529267266D0,      421P    708
1.557335700529D1,0D0,1.883135715079D0,1.430157051077D1,0D0,          421P    709
-3.722537023936D-1,1.197787080909D1,0D0,-2.198139201904D0,           421P    710
9.303399299040D0,0D0,-3.542139769652D0,6.357066270138D0,0D0,         421P    711
-4.363563752817D0,3.225269205982D0,0D0,-4.549381702502D0,            421P    712
1.074999081660D0,0D0,-4.548470168164D0,0D0,0D0,0D0,1D0,0D0,0D0,      421P    713
1D0;                                                                 421P    714
126,8,3,0,0,1,0,0D0,0D0,0D0,0D0,1.666714835467D-1,                   423P    715
3.333655477797D-1,5.000416851899D-1,6.667101261546D-1,               423P    716
8.334179229157D-1,1D0,1D0,1D0,1D0,1D0,1D0,1D0,1D0,1D0,1D0,1D0,       423P    717
1D0,1D0,-4.548470168164D0,0D0,0D0,-4.549382667086D0,                 423P    718
-1.075579389531D0,0D0,-4.363421034405D0,-3.226339238705D0,0D0,       423P    719
-3.541595020320D0,-6.358584970359D0,0D0,-2.197389083694D0,           423P    720
-9.304729270445D0,0D0,-3.712358233999D-1,-1.197912266762D1,0D0,      423P    721
1.883977611443D0,-1.430224620704D1,0D0,3.628026386412D0,             423P    722
-1.557365638722D1,0D0,4.548470168164D0,-1.612900058587D1,0D0,        423P    723
0D0,1D0,0D0,0D0,1D0;                                                 423P    724
102,3,419,421,423;                                                   425P    725
142,0,415,425,417,1;                                                 427P    726
144,415,1,0,427;                                                     429P    727
110,-6.535746339550D1,-7.805057620041D1,2.372621701761D1,            431P    728
-6.435746339550D1,-7.805057620041D1,2.372621701761D1;                431P    729
110,-6.582875290164D1,-7.805057620041D1,1.872621701761D1,            433P    730
-3.001955737596D1,-7.805057620041D1,1.872621701761D1;                433P    731
120,431,433,1.526049934434D0,3.186339046566D0;                       435P    732
102,4,79,69,81,151;                                                  437P    733
110,4.956855006561D-2,1.570796327D0,0D0,9.503986498457D-1,           439P    734
1.570796327D0,0D0;                                                   439P    735
126,9,3,0,0,1,0,0D0,0D0,0D0,0D0,1.490545226188D-1,                   441P    736
2.840636390866D-1,4.147088755087D-1,5.480765867294D-1,               441P    737
6.890957725196D-1,8.399789635107D-1,1D0,1D0,1D0,1D0,1D0,1D0,1D0,     441P    738
1D0,1D0,1D0,1D0,1D0,1D0,1D0,9.503986498457D-1,1.570796327D0,0D0,     441P    739
9.562942194386D-1,1.640112009367D0,0D0,9.662385931015D-1,            441P    740
1.778526276479D0,0D0,9.761909139127D-1,1.993995555920D0,0D0,         441P    741
9.808654472218D-1,2.209967893034D0,0D0,9.807099257896D-1,            441P    742
2.431658692174D0,0D0,9.760046939924D-1,2.661785010438D0,0D0,         441P    743
9.672126012951D-1,2.900449648113D0,0D0,9.591954669726D-1,            441P    744
3.060385635594D0,0D0,9.547751622182D-1,3.141592654D0,0D0,0D0,        441P    745
1D0,0D0,0D0,1D0;                                                     441P    746
110,9.547751622182D-1,3.141592654D0,0D0,4.519203769312D-2,           443P    747
3.141592654D0,0D0;                                                   443P    748
126,9,3,0,0,1,0,0D0,0D0,0D0,0D0,1.582091239243D-1,                   445P    749
3.066640542751D-1,4.449588012097D-1,5.767608170480D-1,               445P    750
7.079750000850D-1,8.464803081387D-1,1D0,1D0,1D0,1D0,1D0,1D0,1D0,     445P    751
1D0,1D0,1D0,1D0,1D0,1D0,1D0,4.519203769312D-2,3.141592654D0,0D0,     445P    752
4.082078224244D-2,3.061305086937D0,0D0,3.290780229072D-2,            445P    753
2.903586079295D0,0D0,2.419203773996D-2,2.668745073312D0,0D0,         445P    754
1.940882069892D-2,2.442478668400D0,0D0,1.898811344146D-2,            445P    755
2.222892677555D0,0D0,2.337560971234D-2,2.005217155733D0,0D0,         445P    756
3.330980368286D-2,1.784703814824D0,0D0,4.349179396830D-2,            445P    757
1.642169793446D0,0D0,4.956855006561D-2,1.570796327D0,0D0,0D0,        445P    758
1D0,0D0,0D0,1D0;                                                     445P    759
102,4,439,441,443,445;                                               447P    760
142,0,435,447,437,1;                                                 449P    761
144,435,1,0,449;                                                     451P    762
128,1,1,1,1,0,0,1,0,0,-1.145941930207D1,-1.145941930207D1,           453P    763
1.144124467969D1,1.144124467969D1,-1.693714877721D1,                 453P    764
-1.693714877721D1,1.693714877721D1,1.693714877721D1,1D0,1D0,1D0,     453P    765
1D0,-6.486189119071D1,-7.761017881614D1,2.872621701761D1,            453P    766
-6.486189119071D1,-1.005108427979D2,2.872621701761D1,                453P    767
-3.098759363629D1,-7.761017881614D1,2.872621701761D1,                453P    768
-3.098759363629D1,-1.005108427979D2,2.872621701761D1,                453P    769
-1.145941930207D1,1.144124467969D1,-1.693714877721D1,                453P    770
1.693714877721D1;                                                    453P    771
102,4,81,83,107,67;                                                  455P    772
110,-1.101902191781D1,1.628571997809D1,0D0,-1.101902191781D1,        457P    773
-1.628571997809D1,0D0;                                               457P    774
126,6,3,0,0,1,0,0D0,0D0,0D0,0D0,2.808793585188D-1,                   459P    775
5.438961207569D-1,7.859385338871D-1,1D0,1D0,1D0,1D0,1D0,1D0,1D0,     459P    776
1D0,1D0,1D0,1D0,-1.101902191781D1,-1.628571997809D1,0D0,             459P    777
-9.588880739484D0,-1.572461829256D1,0D0,-6.820822930882D0,           459P    778
-1.463481497602D1,0D0,-2.826847701590D0,-1.304511096083D1,0D0,       459P    779
8.206827237790D-1,-1.157331900954D1,0D0,3.128218715166D0,            459P    780
-1.062531688028D1,0D0,4.209517906964D0,-1.017629359155D1,0D0,        459P    781
0D0,1D0,0D0,0D0,1D0;                                                 459P    782
126,32,3,0,0,1,0,0D0,0D0,0D0,0D0,4.512289512696D-2,                  461P    783
9.073702611612D-2,1.363176308235D-1,1.813562766047D-1,               461P    784
2.250097298002D-1,2.654481690340D-1,3.015566159149D-1,               461P    785
3.331832570705D-1,3.610395809802D-1,3.862954821568D-1,               461P    786
4.099430225224D-1,4.327704528838D-1,4.553046244996D-1,               461P    787
4.778028247911D-1,5.003700094154D-1,5.229074016600D-1,               461P    788
5.454178559270D-1,5.679397675008D-1,5.907848957393D-1,               461P    789
6.144699432451D-1,6.397319627886D-1,6.674557442037D-1,               461P    790
6.987372412417D-1,7.345915988861D-1,7.749344018682D-1,               461P    791
8.187357685592D-1,8.638587186031D-1,9.092755625220D-1,               461P    792
9.547181186514D-1,1D0,1D0,1D0,1D0,1D0,1D0,1D0,1D0,1D0,1D0,1D0,       461P    793
1D0,1D0,1D0,1D0,1D0,1D0,1D0,1D0,1D0,1D0,1D0,1D0,1D0,1D0,1D0,1D0,     461P    794
1D0,1D0,1D0,1D0,1D0,1D0,1D0,1D0,1D0,1D0,4.209517906964D0,            461P    795
-1.017629359155D1,0D0,4.569907509324D0,-1.002663321030D1,0D0,        461P    796
5.278467537145D0,-9.686894501017D0,0D0,6.282656567314D0,             461P    797
-9.066089481505D0,0D0,7.213933834136D0,-8.341659926967D0,0D0,        461P    798
8.050541302590D0,-7.534038229377D0,0D0,8.769705635445D0,             461P    799
-6.677815067737D0,0D0,9.356946062249D0,-5.818770916171D0,0D0,        461P    800
9.813587129158D0,-5.001518325919D0,0D0,1.015822540778D1,             461P    801
-4.249696154846D0,0D0,1.041632000477D1,-3.563635271599D0,0D0,        461P    802
1.061081450417D1,-2.928865686579D0,0D0,1.075813817616D1,             461P    803
-2.326254799392D0,0D0,1.086796638260D1,-1.739648867343D0,0D0,        461P    804
1.094503467343D1,-1.157879111094D0,0D0,1.099100358354D1,             461P    805
-5.750884154751D-1,0D0,1.100601772381D1,9.349487981539D-3,0D0,       461P    806
1.099000268821D1,5.938658335835D-1,0D0,1.094307131476D1,             461P    807
1.176321784889D0,0D0,1.086500137023D1,1.758111896015D0,0D0,          461P    808
1.075411090093D1,2.344896413996D0,0D0,1.060560070542D1,              461P    809
2.947763302818D0,0D0,1.041018426454D1,3.581445250277D0,0D0,          461P    810
1.015239462308D1,4.263256645453D0,0D0,9.809582473500D0,              461P    811
5.008931349930D0,0D0,9.355563313575D0,5.820742375031D0,0D0,          461P    812
8.769330082200D0,6.678348683164D0,0D0,8.049359017988D0,              461P    813
7.535458609387D0,0D0,7.212062515802D0,8.343233279902D0,0D0,          461P    814
6.282353943794D0,9.066109772156D0,0D0,5.279586908429D0,              461P    815
9.686275437385D0,0D0,4.571180688766D0,1.002610458117D1,0D0,          461P    816
4.209517906964D0,1.017629359155D1,0D0,0D0,1D0,0D0,0D0,1D0;           461P    817
126,6,3,0,0,1,0,0D0,0D0,0D0,0D0,2.307221995378D-1,                   463P    818
4.682600593785D-1,7.257096361651D-1,1D0,1D0,1D0,1D0,1D0,1D0,1D0,     463P    819
1D0,1D0,1D0,1D0,4.209517906964D0,1.017629359155D1,0D0,               463P    820
3.044063897820D0,1.066027990483D1,0D0,6.747498463462D-1,             463P    821
1.163287574250D1,0D0,-3.006679256288D0,1.311696325076D1,0D0,         463P    822
-6.916215147576D0,1.467239550845D1,0D0,-9.622428905709D0,            463P    823
1.573778198037D1,0D0,-1.101902191781D1,1.628571997809D1,0D0,0D0,     463P    824
1D0,0D0,0D0,1D0;                                                     463P    825
102,4,457,459,461,463;                                               465P    826
142,0,453,465,455,1;                                                 467P    827
102,2,87,91;                                                         469P    828
126,16,3,0,0,1,0,0D0,0D0,0D0,0D0,7.141605456686D-2,                  471P    829
1.428841036799D-1,2.143082991824D-1,2.857457034475D-1,               471P    830
3.571783921098D-1,4.286131542454D-1,5.000472423430D-1,               471P    831
5.714812422189D-1,6.429162310857D-1,7.143483632145D-1,               471P    832
7.857864685133D-1,8.572114542817D-1,9.286796507892D-1,1D0,1D0,       471P    833
1D0,1D0,1D0,1D0,1D0,1D0,1D0,1D0,1D0,1D0,1D0,1D0,1D0,1D0,1D0,1D0,     471P    834
1D0,1D0,1D0,-1.902191360276D-2,8.000000008337D0,0D0,                 471P    835
5.795132662291D-1,8.001129235745D0,0D0,1.776129910684D0,             471P    836
7.864551021011D0,0D0,3.481654070269D0,7.268567633359D0,0D0,          471P    837
5.011424211982D0,6.306849293376D0,0D0,6.288815296518D0,              471P    838
5.029367304204D0,0D0,7.249861138162D0,3.499478346108D0,0D0,          471P    839
7.846374529831D0,1.794140185206D0,0D0,8.048413160570D0,              471P    840
-1.201675160047D-3,0D0,7.845839260204D0,-1.796485060380D0,0D0,       471P    841
7.248818517758D0,-3.501642094366D0,0D0,6.287315970235D0,             471P    842
-5.031247333387D0,0D0,5.009538556551D0,-6.308354783671D0,0D0,        471P    843
3.479468207237D0,-7.269620901440D0,0D0,1.774516775961D0,             471P    844
-7.864827932631D0,0D0,5.787038671440D-1,-8.001125800630D0,0D0,       471P    845
-1.902191360276D-2,-8.000000008337D0,0D0,0D0,1D0,0D0,0D0,1D0;        471P    846
126,16,3,0,0,1,0,0D0,0D0,0D0,0D0,7.141605421034D-2,                  473P    847
1.428841012206D-1,2.143082975442D-1,2.857456994499D-1,               473P    848
3.571783855370D-1,4.286131490681D-1,5.000472371980D-1,               473P    849
5.714812371005D-1,6.429162277497D-1,7.143483587914D-1,               473P    850
7.857864636157D-1,8.572114522607D-1,9.286796494147D-1,1D0,1D0,       473P    851
1D0,1D0,1D0,1D0,1D0,1D0,1D0,1D0,1D0,1D0,1D0,1D0,1D0,1D0,1D0,1D0,     473P    852
1D0,1D0,1D0,-1.902191360276D-2,-8.000000008337D0,0D0,                473P    853
-6.175570903961D-1,-8.001129238087D0,0D0,-1.814173716304D0,          473P    854
-7.864551030108D0,0D0,-3.519697867078D0,-7.268567654768D0,0D0,       473P    855
-5.049467983515D0,-6.306849333328D0,0D0,-6.326859079857D0,           473P    856
-5.029367402762D0,0D0,-7.287904904826D0,-3.499478466819D0,0D0,       473P    857
-7.884418325602D0,-1.794140326811D0,0D0,-8.086456988305D0,           473P    858
1.201544169044D-3,0D0,-7.883883113899D0,1.796484949796D0,0D0,        473P    859
-7.286862391526D0,3.501641996948D0,0D0,-6.325359887649D0,            473P    860
5.031247268999D0,0D0,-5.047582459332D0,6.308354723690D0,0D0,         473P    861
-3.517512103586D0,7.269620880084D0,0D0,-1.812560633754D0,            473P    862
7.864827934098D0,0D0,-6.167477058551D-1,8.001125803081D0,0D0,        473P    863
-1.902191360276D-2,8.000000008337D0,0D0,0D0,1D0,0D0,0D0,1D0;         473P    864
102,2,471,473;                                                       475P    865
142,0,453,475,469,1;                                                 477P    866
144,453,1,1,467,477;                                                 479P    867
110,-4.792474241350D1,-8.905057620041D1,3.347621701761D1,            481P    868
-4.792474241350D1,-8.805057620041D1,3.347621701761D1;                481P    869
124,0D0,-1D0,0D0,-4.792474241350D1,-1D0,0D0,0D0,                     483P    870
-8.905057620041D1,0D0,0D0,-1D0,3.347621701761D1;                     483P    871
100,0D0,0D0,0D0,1.2D1,0D0,3.955400028113D0,1.132937820966D1;         485P    872
120,481,485,3.078760800936D0,6.346017160243D0;                       487P    873
124,0D0,1D0,4.101994299788D-10,-4.792474241350D1,-1D0,0D0,0D0,       489P    874
-8.905057620041D1,0D0,-4.101994299788D-10,1D0,3.347621701761D1;      489P    875
100,0D0,0D0,0D0,1.2D1,0D0,4.228539934798D0,1.123029162666D1;         491P    876
124,1D0,-2.051036222847D-10,0D0,-4.792474241350D1,0D0,0D0,1D0,       493P    877
-9.327911613521D1,-2.051036222847D-10,-1D0,0D0,3.347621701761D1;     493P    878
100,0D0,0D0,0D0,1.123029162666D1,0D0,1.017629353936D1,               495P    879
4.749999981116D0;                                                    495P    880
124,9.234496448069D-1,-3.837196287734D-1,0D0,-4.792474241350D1,      497P    881
-3.837196287734D-1,-9.234496448069D-1,0D0,-8.905057620041D1,0D0,     497P    882
0D0,-1D0,2.872621701761D1;                                           497P    883
100,0D0,0D0,0D0,1.101986842027D1,0D0,-7.774720960793D0,              499P    884
7.809687188473D0;                                                    499P    885
124,-9.061468638424D-1,-4.229631912456D-1,0D0,-4.792474241350D1,     501P    886
0D0,0D0,1D0,-9.327911613521D1,-4.229631912456D-1,                    501P    887
9.061468638424D-1,0D0,3.347621701761D1;                              501P    888
100,0D0,0D0,0D0,1.123029162666D1,0D0,1.017629353936D1,               503P    889
4.749999981116D0;                                                    503P    890
124,-9.358576355549D-1,3.523783278999D-1,0D0,-4.792474241350D1,      505P    891
-3.523783278999D-1,-9.358576355549D-1,0D0,-8.905057620041D1,0D0,     505P    892
0D0,1D0,3.347621701761D1;                                            505P    893
100,0D0,0D0,0D0,1.2D1,0D0,4.228539934798D0,1.123029162666D1;         507P    894
102,5,491,495,499,503,507;                                           509P    895
110,0D0,3.141592654D0,0D0,1.2106851D0,3.141592654D0,0D0;             511P    896
110,1.2106851D0,3.141592654D0,0D0,1.2106851D0,3.578305588D0,0D0;     513P    897
126,32,3,0,0,1,0,0D0,0D0,0D0,0D0,4.528187704759D-2,                  515P    898
9.072443360586D-2,1.361412779535D-1,1.812642284233D-1,               515P    899
2.250655955277D-1,2.654083988905D-1,3.012627568734D-1,               515P    900
3.325442542066D-1,3.602680358834D-1,3.855300556654D-1,               515P    901
4.092151033946D-1,4.320602318488D-1,4.545821436352D-1,               515P    902
4.770925981146D-1,4.996299905719D-1,5.221971754093D-1,               515P    903
5.446953759132D-1,5.672295477416D-1,5.900569783184D-1,               515P    904
6.137045189073D-1,6.389604203223D-1,6.668167444949D-1,               515P    905
6.984433859490D-1,7.345518331707D-1,7.749902727862D-1,               515P    906
8.186437263937D-1,8.636823726001D-1,9.092629777376D-1,               515P    907
9.548771091573D-1,1D0,1D0,1D0,1D0,1D0,1D0,1D0,1D0,1D0,1D0,1D0,       515P    908
1D0,1D0,1D0,1D0,1D0,1D0,1D0,1D0,1D0,1D0,1D0,1D0,1D0,1D0,1D0,1D0,     515P    909
1D0,1D0,1D0,1D0,1D0,1D0,1D0,1D0,1D0,1D0,1.2106851D0,                 515P    910
3.578305588D0,0D0,1.178490711378D0,3.583992959613D0,0D0,             515P    911
1.114219566242D0,3.597147516307D0,0D0,1.018871464945D0,              515P    912
3.623618217175D0,0D0,9.251340700103D-1,3.658237238384D0,0D0,         515P    913
8.345871169329D-1,3.702690673886D0,0D0,7.501816666849D-1,            515P    914
3.758051047568D0,0D0,6.751939200497D-1,3.823979126052D0,0D0,         515P    915
6.118234292965D-1,3.898333340387D0,0D0,5.598872996993D-1,            515P    916
3.978892253261D0,0D0,5.178265086907D-1,4.064410296752D0,0D0,         515P    917
4.837660221971D-1,4.155170925803D0,0D0,4.563352210923D-1,            515P    918
4.252171218071D0,0D0,4.348094425265D-1,4.356453701993D0,0D0,         515P    919
4.190310494963D-1,4.468515922186D0,0D0,4.092663146437D-1,            515P    920
4.587390465268D0,0D0,4.058822889975D-1,4.710410285379D0,0D0,         515P    921
4.090556545122D-1,4.833475841547D0,0D0,4.186269103435D-1,            515P    922
4.952587298109D0,0D0,4.342202478730D-1,5.064894028607D0,0D0,         515P    923
4.555700937494D-1,5.169440757278D0,0D0,4.828278845290D-1,            515P    924
5.266729574040D0,0D0,5.167919521497D-1,5.357989416735D0,0D0,         515P    925
5.589790620960D-1,5.444344620607D0,0D0,6.112555273088D-1,            515P    926
5.525747801887D0,0D0,6.750188286865D-1,5.600652090325D0,0D0,         515P    927
7.501343231905D-1,5.666685728747D0,0D0,8.344479569759D-1,            515P    928
5.721996556309D0,0D0,9.249410182706D-1,5.766462967617D0,0D0,         515P    929
1.018848759402D0,5.801163135887D0,0D0,1.114323271517D0,              515P    930
5.827654980322D0,0D0,1.178604012138D0,5.840805142182D0,0D0,          515P    931
1.2106851D0,5.846472373D0,0D0,0D0,1D0,0D0,0D0,1D0;                   515P    932
110,1.2106851D0,5.846472373D0,0D0,1.2106851D0,6.283185307180D0,      517P    933
0D0;                                                                 517P    934
110,1.2106851D0,6.283185307180D0,0D0,0D0,6.283185307180D0,0D0;       519P    935
110,0D0,6.283185307180D0,0D0,0D0,3.141592654D0,0D0;                  521P    936
102,6,511,513,515,517,519,521;                                       523P    937
142,0,487,523,509,1;                                                 525P    938
144,487,1,0,525;                                                     527P    939
110,-4.792474241350D1,-8.905057620041D1,3.347621701761D1,            529P    940
-4.792474241350D1,-8.805057620041D1,3.347621701761D1;                529P    941
124,0D0,-1D0,0D0,-4.792474241350D1,-1D0,0D0,0D0,                     531P    942
-8.905057620041D1,0D0,0D0,-1D0,3.347621701761D1;                     531P    943
100,0D0,0D0,0D0,1.2D1,0D0,3.955400028113D0,1.132937820966D1;         533P    944
120,529,533,-6.283185308D-2,3.204424507080D0;                        535P    945
124,-1D0,-3.846897424166D-10,0D0,-4.792474241350D1,0D0,0D0,1D0,      537P    946
-9.327911613521D1,-3.846897424166D-10,1D0,0D0,3.347621701761D1;      537P    947
100,0D0,0D0,0D0,1.123029162666D1,0D0,1.017629353936D1,               539P    948
4.749999981116D0;                                                    539P    949
124,9.061468640918D-1,4.229631907112D-1,0D0,-4.792474241350D1,       541P    950
0D0,0D0,1D0,-9.327911613521D1,4.229631907112D-1,                     541P    951
-9.061468640918D-1,0D0,3.347621701761D1;                             541P    952
100,0D0,0D0,0D0,1.123029162666D1,0D0,1.017629353936D1,               543P    953
4.749999981116D0;                                                    543P    954
102,5,99,539,119,543,95;                                             545P    955
110,0D0,0D0,0D0,1.2106851D0,0D0,0D0;                                 547P    956
110,1.2106851D0,0D0,0D0,1.2106851D0,4.36712934D-1,0D0;               549P    957
126,32,3,0,0,1,0,0D0,0D0,0D0,0D0,4.528187706113D-2,                  551P    958
9.072443363530D-2,1.361412779843D-1,1.812642284392D-1,               551P    959
2.250655955432D-1,2.654083989082D-1,3.012627568817D-1,               551P    960
3.325442542114D-1,3.602680358832D-1,3.855300556587D-1,               551P    961
4.092151033858D-1,4.320602318405D-1,4.545821436278D-1,               551P    962
4.770925981050D-1,4.996299905565D-1,5.221971753890D-1,               551P    963
5.446953758911D-1,5.672295477145D-1,5.900569782861D-1,               551P    964
6.137045188629D-1,6.389604202653D-1,6.668167444265D-1,               551P    965
6.984433858816D-1,7.345518331149D-1,7.749902727390D-1,               551P    966
8.186437263574D-1,8.636823725717D-1,9.092629776983D-1,               551P    967
9.548771091251D-1,1D0,1D0,1D0,1D0,1D0,1D0,1D0,1D0,1D0,1D0,1D0,       551P    968
1D0,1D0,1D0,1D0,1D0,1D0,1D0,1D0,1D0,1D0,1D0,1D0,1D0,1D0,1D0,1D0,     551P    969
1D0,1D0,1D0,1D0,1D0,1D0,1D0,1D0,1D0,1D0,1.2106851D0,                 551P    970
4.36712934D-1,0D0,1.178490711410D0,4.424003058684D-1,0D0,            551P    971
1.114219566284D0,4.555548627760D-1,0D0,1.018871464943D0,             551P    972
4.820255635663D-1,0D0,9.251340700036D-1,5.166445848022D-1,0D0,       551P    973
8.345871169277D-1,5.610980202979D-1,0D0,7.501816666818D-1,           551P    974
6.164583939807D-1,0D0,6.751939200456D-1,6.823864724663D-1,0D0,       551P    975
6.118234292941D-1,7.567406868011D-1,0D0,5.598872997025D-1,           551P    976
8.372995996664D-1,0D0,5.178265086976D-1,9.228176431469D-1,0D0,       551P    977
4.837660222063D-1,1.013578272186D0,0D0,4.563352211007D-1,            551P    978
1.110578564446D0,0D0,4.348094425316D-1,1.214861048372D0,0D0,         551P    979
4.190310494991D-1,1.326923268570D0,0D0,4.092663146456D-1,            551P    980
1.445797811648D0,0D0,4.058822889979D-1,1.568817631745D0,0D0,         551P    981
4.090556545094D-1,1.691883187901D0,0D0,4.186269103366D-1,            551P    982
1.810994644455D0,0D0,4.342202478612D-1,1.923301374947D0,0D0,         551P    983
4.555700937286D-1,2.027848103599D0,0D0,4.828278844943D-1,            551P    984
2.125136920340D0,0D0,5.167919520957D-1,2.216396763017D0,0D0,         551P    985
5.589790620269D-1,2.302751966894D0,0D0,6.112555272382D-1,            551P    986
2.384155148205D0,0D0,6.750188286293D-1,2.459059436680D0,0D0,         551P    987
7.501343231566D-1,2.525093075133D0,0D0,8.344479569656D-1,            551P    988
2.580403902717D0,0D0,9.249410182745D-1,2.624870314021D0,0D0,         551P    989
1.018848759410D0,2.659570482328D0,0D0,1.114323271574D0,              551P    990
2.686062326646D0,0D0,1.178604012176D0,2.699212488813D0,0D0,          551P    991
1.2106851D0,2.70487972D0,0D0,0D0,1D0,0D0,0D0,1D0;                    551P    992
110,1.2106851D0,2.70487972D0,0D0,1.2106851D0,3.141592654D0,0D0;      553P    993
110,1.2106851D0,3.141592654D0,0D0,0D0,3.141592654D0,0D0;             555P    994
110,0D0,3.141592654D0,0D0,0D0,0D0,0D0;                               557P    995
102,6,547,549,551,553,555,557;                                       559P    996
142,0,535,559,545,1;                                                 561P    997
144,535,1,0,561;                                                     563P    998
128,1,1,1,1,0,0,1,0,0,-1.144124467969D1,-1.144124467969D1,           565P    999
1.145941930207D1,1.145941930207D1,-1.693714877721D1,                 565P   1000
-1.693714877721D1,1.693714877721D1,1.693714877721D1,1D0,1D0,1D0,     565P   1001
1D0,-3.098759363629D1,-1.005108427979D2,3.822621701761D1,            565P   1002
-3.098759363629D1,-7.761017881614D1,3.822621701761D1,                565P   1003
-6.486189119071D1,-1.005108427979D2,3.822621701761D1,                565P   1004
-6.486189119071D1,-7.761017881614D1,3.822621701761D1,                565P   1005
-1.144124467969D1,1.145941930207D1,-1.693714877721D1,                565P   1006
1.693714877721D1;                                                    565P   1007
102,4,139,125,119,127;                                               567P   1008
110,1.101902191781D1,-1.628571997809D1,0D0,1.101902191781D1,         569P   1009
1.628571997809D1,0D0;                                                569P   1010
126,6,3,0,0,1,0,0D0,0D0,0D0,0D0,2.815443543726D-1,                   571P   1011
5.376598389454D-1,7.779798010953D-1,1D0,1D0,1D0,1D0,1D0,1D0,1D0,     571P   1012
1D0,1D0,1D0,1D0,1.101902191781D1,1.628571997809D1,0D0,               571P   1013
9.585493064774D0,1.572329378430D1,0D0,6.849178598525D0,              571P   1014
1.464597403643D1,0D0,2.895592580174D0,1.307250908211D1,0D0,          571P   1015
-7.487898426938D-1,1.160263815528D1,0D0,-3.088010893910D0,           571P   1016
1.064199987690D1,0D0,-4.209517906964D0,1.017629359155D1,0D0,0D0,     571P   1017
1D0,0D0,0D0,1D0;                                                     571P   1018
126,32,3,0,0,1,0,0D0,0D0,0D0,0D0,4.528188133326D-2,                  573P   1019
9.072443748212D-2,1.361412814061D-1,1.812642314386D-1,               573P   1020
2.250655981326D-1,2.654084011201D-1,3.012627587580D-1,               573P   1021
3.325442557949D-1,3.602680372073D-1,3.855300567463D-1,               573P   1022
4.092151042518D-1,4.320602324926D-1,4.545821440691D-1,               573P   1023
4.770925983356D-1,4.996299905762D-1,5.221971751975D-1,               573P   1024
5.446953754890D-1,5.672295471016D-1,5.900569774594D-1,               573P   1025
6.137045178149D-1,6.389604189809D-1,6.668167428814D-1,               573P   1026
6.984433840405D-1,7.345518309358D-1,7.749902701815D-1,               573P   1027
8.186437233913D-1,8.636823691841D-1,9.092629738841D-1,               573P   1028
9.548771048840D-1,1D0,1D0,1D0,1D0,1D0,1D0,1D0,1D0,1D0,1D0,1D0,       573P   1029
1D0,1D0,1D0,1D0,1D0,1D0,1D0,1D0,1D0,1D0,1D0,1D0,1D0,1D0,1D0,1D0,     573P   1030
1D0,1D0,1D0,1D0,1D0,1D0,1D0,1D0,1D0,1D0,-4.209517906964D0,           573P   1031
1.017629359155D1,0D0,-4.571180688643D0,1.002610458122D1,0D0,         573P   1032
-5.279586908343D0,9.686275437434D0,0D0,-6.282353943786D0,            573P   1033
9.066109772176D0,0D0,-7.212062515873D0,8.343233279837D0,0D0,         573P   1034
-8.049359018031D0,7.535458609336D0,0D0,-8.769330082228D0,            573P   1035
6.678348683133D0,0D0,-9.355563313606D0,5.820742374981D0,0D0,         573P   1036
-9.809582473515D0,5.008931349894D0,0D0,-1.015239462306D1,            573P   1037
4.263256645499D0,0D0,-1.041018426449D1,3.581445250392D0,0D0,         573P   1038
-1.060560070537D1,2.947763302998D0,0D0,-1.075411090088D1,            573P   1039
2.344896414200D0,0D0,-1.086500137021D1,1.758111896181D0,0D0,         573P   1040
-1.094307131475D1,1.176321785018D0,0D0,-1.099000268820D1,            573P   1041
5.938658337281D-1,0D0,-1.100601772380D1,9.349488190812D-3,0D0,       573P   1042
-1.099100358355D1,-5.750884152056D-1,0D0,-1.094503467347D1,          573P   1043
-1.157879110771D0,0D0,-1.086796638265D1,-1.739648866966D0,0D0,       573P   1044
-1.075813817627D1,-2.326254798874D0,0D0,-1.061081450436D1,           573P   1045
-2.928865685865D0,0D0,-1.041632000509D1,-3.563635270652D0,0D0,       573P   1046
-1.015822540821D1,-4.249696153793D0,0D0,-9.813587129647D0,           573P   1047
-5.001518324973D0,0D0,-9.356946062683D0,-5.818770915491D0,0D0,       573P   1048
-8.769705635729D0,-6.677815067382D0,0D0,-8.050541302685D0,           573P   1049
-7.534038229292D0,0D0,-7.213933834111D0,-8.341659926990D0,0D0,       573P   1050
-6.282656567183D0,-9.066089481599D0,0D0,-5.278467537060D0,           573P   1051
-9.686894501064D0,0D0,-4.569907509237D0,-1.002663321034D1,0D0,       573P   1052
-4.209517906964D0,-1.017629359155D1,0D0,0D0,1D0,0D0,0D0,1D0;         573P   1053
126,6,3,0,0,1,0,0D0,0D0,0D0,0D0,2.140614661129D-1,                   575P   1054
4.561038792431D-1,7.191206414812D-1,1D0,1D0,1D0,1D0,1D0,1D0,1D0,     575P   1055
1D0,1D0,1D0,1D0,-4.209517906964D0,-1.017629359155D1,0D0,             575P   1056
-3.128218715166D0,-1.062531688028D1,0D0,-8.206827237789D-1,          575P   1057
-1.157331900954D1,0D0,2.826847701590D0,-1.304511096083D1,0D0,        575P   1058
6.820822930882D0,-1.463481497602D1,0D0,9.588880739484D0,             575P   1059
-1.572461829256D1,0D0,1.101902191781D1,-1.628571997809D1,0D0,        575P   1060
0D0,1D0,0D0,0D0,1D0;                                                 575P   1061
102,4,569,571,573,575;                                               577P   1062
142,0,565,577,567,1;                                                 579P   1063
124,-1D0,-5.255813562144D-10,0D0,-4.792474241350D1,                  581P   1064
-5.255813562144D-10,1D0,0D0,-8.905057620041D1,0D0,0D0,-1D0,          581P   1065
3.822621701761D1;                                                    581P   1066
100,0D0,0D0,0D0,8D0,0D0,-8D0,-8.409300719713D-9;                     583P   1067
124,1D0,-5.255813562144D-10,0D0,-4.792474241350D1,                   585P   1068
-5.255813562144D-10,-1D0,0D0,-8.905057620041D1,0D0,0D0,-1D0,         585P   1069
3.822621701761D1;                                                    585P   1070
100,0D0,0D0,0D0,8D0,0D0,-8D0,8.409302679148D-9;                      587P   1071
102,2,583,587;                                                       589P   1072
126,16,3,0,0,1,0,0D0,0D0,0D0,0D0,7.132035058526D-2,                  591P   1073
1.427885477393D-1,2.142135363843D-1,2.856516412086D-1,               591P   1074
3.570837722503D-1,4.285187628995D-1,4.999527628020D-1,               591P   1075
5.713868509319D-1,6.428216144630D-1,7.142543005501D-1,               591P   1076
7.856917024558D-1,8.571158987794D-1,9.285839457897D-1,1D0,1D0,       591P   1077
1D0,1D0,1D0,1D0,1D0,1D0,1D0,1D0,1D0,1D0,1D0,1D0,1D0,1D0,1D0,1D0,     591P   1078
1D0,1D0,1D0,1.902191360275D-2,8.000000008337D0,0D0,                  591P   1079
6.167477058551D-1,8.001125803081D0,0D0,1.812560633754D0,             591P   1080
7.864827934098D0,0D0,3.517512103586D0,7.269620880084D0,0D0,          591P   1081
5.047582459332D0,6.308354723690D0,0D0,6.325359887649D0,              591P   1082
5.031247268999D0,0D0,7.286862391526D0,3.501641996948D0,0D0,          591P   1083
7.883883113899D0,1.796484949796D0,0D0,8.086456988305D0,              591P   1084
1.201544169021D-3,0D0,7.884418325602D0,-1.794140326811D0,0D0,        591P   1085
7.287904904826D0,-3.499478466819D0,0D0,6.326859079857D0,             591P   1086
-5.029367402762D0,0D0,5.049467983515D0,-6.306849333328D0,0D0,        591P   1087
3.519697867077D0,-7.268567654768D0,0D0,1.814173716304D0,             591P   1088
-7.864551030108D0,0D0,6.175570903961D-1,-8.001129238087D0,0D0,       591P   1089
1.902191360276D-2,-8.000000008337D0,0D0,0D0,1D0,0D0,0D0,1D0;         591P   1090
126,16,3,0,0,1,0,0D0,0D0,0D0,0D0,7.132034921075D-2,                  593P   1091
1.427885457183D-1,2.142135314867D-1,2.856516367855D-1,               593P   1092
3.570837689143D-1,4.285187577811D-1,4.999527576570D-1,               593P   1093
5.713868457546D-1,6.428216078902D-1,7.142542965525D-1,               593P   1094
7.856917008176D-1,8.571158963201D-1,9.285839454331D-1,1D0,1D0,       593P   1095
1D0,1D0,1D0,1D0,1D0,1D0,1D0,1D0,1D0,1D0,1D0,1D0,1D0,1D0,1D0,1D0,     593P   1096
1D0,1D0,1D0,1.902191360276D-2,-8.000000008337D0,0D0,                 593P   1097
-5.787038671440D-1,-8.001125800630D0,0D0,-1.774516775961D0,          593P   1098
-7.864827932631D0,0D0,-3.479468207237D0,-7.269620901440D0,0D0,       593P   1099
-5.009538556551D0,-6.308354783671D0,0D0,-6.287315970235D0,           593P   1100
-5.031247333387D0,0D0,-7.248818517758D0,-3.501642094366D0,0D0,       593P   1101
-7.845839260204D0,-1.796485060380D0,0D0,-8.048413160570D0,           593P   1102
-1.201675160040D-3,0D0,-7.846374529831D0,1.794140185206D0,0D0,       593P   1103
-7.249861138162D0,3.499478346108D0,0D0,-6.288815296518D0,            593P   1104
5.029367304204D0,0D0,-5.011424211982D0,6.306849293376D0,0D0,         593P   1105
-3.481654070269D0,7.268567633359D0,0D0,-1.776129910684D0,            593P   1106
7.864551021011D0,0D0,-5.795132662291D-1,8.001129235745D0,0D0,        593P   1107
1.902191360275D-2,8.000000008337D0,0D0,0D0,1D0,0D0,0D0,1D0;          593P   1108
102,2,591,593;                                                       595P   1109
142,0,565,595,589,1;                                                 597P   1110
144,565,1,1,579,597;                                                 599P   1111
110,-6.535487127750D1,-7.805057620041D1,4.322621701761D1,            601P   1112
-6.435487127750D1,-7.805057620041D1,4.322621701761D1;                601P   1113
110,-6.582992744901D1,-7.805057620041D1,3.822621701761D1,            603P   1114
-3.002073192335D1,-7.805057620041D1,3.822621701761D1;                603P   1115
120,601,603,-4.474639256580D-2,1.615542719566D0;                     605P   1116
110,-6.421046239240D1,-7.805057620398D1,3.822621701990D1,            607P   1117
-3.163902243484D1,-7.805057620398D1,3.822621701545D1;                607P   1118
102,4,137,153,607,65;                                                609P   1119
110,9.504314498784D-1,1.570796327D0,0D0,4.960135009757D-2,           611P   1120
1.570796327D0,0D0;                                                   611P   1121
126,9,3,0,0,1,0,0D0,0D0,0D0,0D0,1.490545260851D-1,                   613P   1122
2.840636417040D-1,4.147088742926D-1,5.480765856704D-1,               613P   1123
6.890957719599D-1,8.399789630175D-1,1D0,1D0,1D0,1D0,1D0,1D0,1D0,     613P   1124
1D0,1D0,1D0,1D0,1D0,1D0,1D0,4.960135009757D-2,1.570796327D0,0D0,     613P   1125
4.370578044268D-2,1.501480642808D0,0D0,3.376140669414D-2,            613P   1126
1.363066374302D0,0D0,2.380908587279D-2,1.147597095624D0,0D0,         613P   1127
1.913455269296D-2,9.316247608799D-1,0D0,1.929007425840D-2,           613P   1128
7.099339635228D-1,0D0,2.399530596325D-2,4.798076448058D-1,0D0,       613P   1129
3.278739867461D-2,2.411430065573D-1,0D0,4.080453299394D-2,           613P   1130
8.120701872537D-2,0D0,4.522483772508D-2,0D0,0D0,0D0,1D0,0D0,0D0,     613P   1131
1D0;                                                                 613P   1132
110,4.522483772508D-2,0D0,0D0,9.548079622509D-1,0D0,0D0;             615P   1133
126,9,3,0,0,1,0,0D0,0D0,0D0,0D0,1.582091130077D-1,                   617P   1134
3.066640507950D-1,4.449587979989D-1,5.767608108071D-1,               617P   1135
7.079749963931D-1,8.464803082291D-1,1D0,1D0,1D0,1D0,1D0,1D0,1D0,     617P   1136
1D0,1D0,1D0,1D0,1D0,1D0,1D0,9.548079622509D-1,0D0,0D0,               617P   1137
9.591792173961D-1,8.028756149923D-2,0D0,9.670921972231D-1,           617P   1138
2.380065672892D-1,0D0,9.758079618349D-1,4.728475713901D-1,0D0,       617P   1139
9.805911792350D-1,6.991139784633D-1,0D0,9.810118865819D-1,           617P   1140
9.186999691647D-1,0D0,9.766243903451D-1,1.136375492838D0,0D0,        617P   1141
9.666901963494D-1,1.356888837313D0,0D0,9.565082059853D-1,            617P   1142
1.499422860605D0,0D0,9.504314498784D-1,1.570796327D0,0D0,0D0,        617P   1143
1D0,0D0,0D0,1D0;                                                     617P   1144
102,4,611,613,615,617;                                               619P   1145
142,0,605,619,609,1;                                                 621P   1146
144,605,1,0,621;                                                     623P   1147
128,1,1,1,1,0,0,1,0,0,-4.772202130993D0,-4.772202130993D0,           625P   1148
4.772202130993D0,4.772202130993D0,-1.677416060931D1,                 625P   1149
-1.677416060931D1,1.677416060931D1,1.677416060931D1,1D0,1D0,1D0,     625P   1150
1D0,-6.469890302281D1,-7.305057620041D1,4.300248505478D1,            625P   1151
-6.469890302281D1,-7.305057620041D1,5.254688931676D1,                625P   1152
-3.115058180419D1,-7.305057620041D1,4.300248505478D1,                625P   1153
-3.115058180419D1,-7.305057620041D1,5.254688931676D1,                625P   1154
-4.772202130993D0,4.772202130993D0,-1.677416060931D1,                625P   1155
1.677416060931D1;                                                    625P   1156
102,3,137,147,143;                                                   627P   1157
110,-4.548470168164D0,1.612900058587D1,0D0,-4.548470168164D0,        629P   1158
-1.612900058587D1,0D0;                                               629P   1159
126,8,3,0,0,1,0,0D0,0D0,0D0,0D0,1.666714884071D-1,                   631P   1160
3.333655513302D-1,5.000416949307D-1,6.667101283773D-1,               631P   1161
8.334179279273D-1,1D0,1D0,1D0,1D0,1D0,1D0,1D0,1D0,1D0,1D0,1D0,       631P   1162
1D0,1D0,-4.548470168164D0,-1.612900058587D1,0D0,                     631P   1163
-3.627529267266D0,-1.557335700529D1,0D0,-1.883135715079D0,           631P   1164
-1.430157051077D1,0D0,3.722537023936D-1,-1.197787080909D1,0D0,       631P   1165
2.198139201904D0,-9.303399299040D0,0D0,3.542139769652D0,             631P   1166
-6.357066270138D0,0D0,4.363563752817D0,-3.225269205982D0,0D0,        631P   1167
4.549381702502D0,-1.074999081660D0,0D0,4.548470168164D0,0D0,0D0,     631P   1168
0D0,1D0,0D0,0D0,1D0;                                                 631P   1169
126,8,3,0,0,1,0,0D0,0D0,0D0,0D0,1.666714835467D-1,                   633P   1170
3.333655477797D-1,5.000416851899D-1,6.667101261546D-1,               633P   1171
8.334179229157D-1,1D0,1D0,1D0,1D0,1D0,1D0,1D0,1D0,1D0,1D0,1D0,       633P   1172
1D0,1D0,4.548470168164D0,0D0,0D0,4.549382667086D0,                   633P   1173
1.075579389531D0,0D0,4.363421034405D0,3.226339238705D0,0D0,          633P   1174
3.541595020320D0,6.358584970359D0,0D0,2.197389083694D0,              633P   1175
9.304729270445D0,0D0,3.712358233998D-1,1.197912266762D1,0D0,         633P   1176
-1.883977611443D0,1.430224620704D1,0D0,-3.628026386412D0,            633P   1177
1.557365638722D1,0D0,-4.548470168164D0,1.612900058587D1,0D0,0D0,     633P   1178
1D0,0D0,0D0,1D0;                                                     633P   1179
102,3,629,631,633;                                                   635P   1180
142,0,625,635,627,1;                                                 637P   1181
144,625,1,0,637;                                                     639P   1182
110,-4.792474241350D1,-1.231048848184D2,3.347621701761D1,            641P   1183
-4.792474241350D1,-1.221048848184D2,3.347621701761D1;                641P   1184
110,-4.792474241350D1,-9.372368681579D1,4.453911452101D1,            643P   1185
-4.792474241350D1,-7.060600540403D1,5.324361118421D1;                643P   1186
120,641,643,3.078760800936D0,6.346017160243D0;                       645P   1187
110,-4.792474241865D1,-7.305057620034D1,1.462927667945D1,            647P   1188
-4.792474242154D1,-7.105057620041D1,1.387621701761D1;                647P   1189
124,-4.102064719648D-10,-1D0,0D0,-4.792474241350D1,0D0,0D0,1D0,      649P   1190
-7.105057620041D1,-1D0,4.102064719648D-10,0D0,3.347621701761D1;      649P   1191
100,0D0,0D0,0D0,1.96D1,0D0,-1.96D1,8.040050494268D-9;                651P   1192
110,-4.792474241350D1,-7.105057620041D1,5.307621701761D1,            653P   1193
-4.792474241350D1,-7.305057620034D1,5.232315735576D1;                653P   1194
124,0D0,-1D0,0D0,-4.792474241350D1,0D0,0D0,-1D0,                     655P   1195
-7.305057620030D1,1D0,0D0,0D0,3.347621701761D1;                      655P   1196
100,0D0,0D0,0D0,1.884694033907D1,0D0,9.750000003367D0,               657P   1197
1.612900059144D1;                                                    657P   1198
126,6,3,0,0,1,0,0D0,0D0,0D0,0D0,2.5D-1,5D-1,7.5D-1,1D0,1D0,1D0,      659P   1199
1D0,1D0,1D0,1D0,1D0,1D0,1D0,1D0,-5.810103598245D1,                   659P   1200
-9.327911605993D1,2.872621702217D1,-5.852094574678D1,                659P   1201
-9.226857217937D1,2.872621702217D1,-5.940895665763D1,                659P   1202
-9.010901290410D1,2.872621701553D1,-6.090747205859D1,                659P   1203
-8.639883275731D1,2.872621701805D1,-6.250602742013D1,                659P   1204
-8.238380784615D1,2.872621701793D1,-6.363167076016D1,                659P   1205
-7.952626268697D1,2.872621701656D1,-6.421046239123D1,                659P   1206
-7.805057620467D1,2.872621701656D1,0D0,1D0,0D0,0D0,1D0;              659P   1207
124,-8.557888071629D-1,5.173253497893D-1,0D0,-4.792474241350D1,      661P   1208
0D0,0D0,-1D0,-7.305057620030D1,-5.173253497893D-1,                   661P   1209
-8.557888071629D-1,0D0,3.347621701761D1;                             661P   1210
100,0D0,0D0,0D0,1.884694033907D1,0D0,9.750000003367D0,               663P   1211
1.612900059144D1;                                                    663P   1212
102,11,647,651,653,657,153,125,123,103,659,151,663;                  665P   1213
110,8.942553644231D-1,3.141592654D0,0D0,9.807692307692D-1,           667P   1214
3.141592654D0,0D0;                                                   667P   1215
110,9.807692307692D-1,3.141592654D0,0D0,9.807692307692D-1,           669P   1216
6.283185307180D0,0D0;                                                669P   1217
110,9.807692307692D-1,6.283185307180D0,0D0,8.942553644231D-1,        671P   1218
6.283185307180D0,0D0;                                                671P   1219
110,8.942553644231D-1,6.283185307180D0,0D0,8.942553644231D-1,        673P   1220
5.256111605D0,0D0;                                                   673P   1221
126,9,3,0,0,1,0,0D0,0D0,0D0,0D0,1.490549480372D-1,                   675P   1222
2.840643296486D-1,4.147096758591D-1,5.480771999349D-1,               675P   1223
6.890963000648D-1,8.399791390698D-1,1D0,1D0,1D0,1D0,1D0,1D0,1D0,     675P   1224
1D0,1D0,1D0,1D0,1D0,1D0,1D0,8.942553644231D-1,5.256111605D0,0D0,     675P   1225
8.943333472341D-1,5.234631135727D0,0D0,8.912182732087D-1,            675P   1226
5.193335050681D0,0D0,8.766690658706D-1,5.135770571638D0,0D0,         675P   1227
8.529200782434D-1,5.085870004029D0,0D0,8.201374761992D-1,            675P   1228
5.044154195141D0,0D0,7.787326008170D-1,5.012622484400D0,0D0,         675P   1229
7.301473053544D-1,4.994464474657D0,0D0,6.955130834672D-1,            675P   1230
4.993522805209D0,0D0,6.779706980769D-1,4.996182996D0,0D0,0D0,        675P   1231
1D0,0D0,0D0,1D0;                                                     675P   1232
126,6,3,0,0,1,0,0D0,0D0,0D0,0D0,2.815443494628D-1,                   677P   1233
5.376598308136D-1,7.779797964198D-1,1D0,1D0,1D0,1D0,1D0,1D0,1D0,     677P   1234
1D0,1D0,1D0,1D0,6.779706980769D-1,4.996182996D0,0D0,                 677P   1235
6.159601889585D-1,5.005515615703D0,0D0,4.975957852265D-1,            677P   1236
5.024894394422D0,0D0,3.265763123637D-1,5.059667629303D0,0D0,         677P   1237
1.689302782222D-1,5.099407364468D0,0D0,6.774295933019D-2,            677P   1238
5.131641531582D0,0D0,1.923076923077D-2,5.149101914D0,0D0,0D0,        677P   1239
1D0,0D0,0D0,1D0;                                                     677P   1240
110,1.923076923077D-2,5.149101914D0,0D0,1.923076923077D-2,           679P   1241
4.71238898D0,0D0;                                                    679P   1242
110,1.923076923077D-2,4.71238898D0,0D0,1.923076923077D-2,            681P   1243
4.275676046D0,0D0;                                                   681P   1244
126,6,3,0,0,1,0,0D0,0D0,0D0,0D0,2.140614707453D-1,                   683P   1245
4.561038875195D-1,7.191206464598D-1,1D0,1D0,1D0,1D0,1D0,1D0,1D0,     683P   1246
1D0,1D0,1D0,1D0,1.923076923077D-2,4.275676046D0,0D0,                 683P   1247
6.600372283050D-2,4.292515121362D0,0D0,1.658204056123D-1,            683P   1248
4.324459161538D0,0D0,3.236026142953D-1,4.364490356133D0,0D0,         683P   1249
4.963692069006D-1,4.399684750472D0,0D0,6.161067438654D-1,            683P   1250
4.419282349574D0,0D0,6.779706980769D-1,4.428594965D0,0D0,0D0,        683P   1251
1D0,0D0,0D0,1D0;                                                     683P   1252
126,9,3,0,0,1,0,0D0,0D0,0D0,0D0,1.582089995813D-1,                   685P   1253
3.066636140426D-1,4.449582688097D-1,5.767600743539D-1,               685P   1254
7.079743275028D-1,8.464798824959D-1,1D0,1D0,1D0,1D0,1D0,1D0,1D0,     685P   1255
1D0,1D0,1D0,1D0,1D0,1D0,1D0,6.779706980769D-1,4.428594965D0,0D0,     685P   1256
6.953152678252D-1,4.431223790971D0,0D0,7.294679566539D-1,            685P   1257
4.430364406316D0,0D0,7.773493075452D-1,4.412810082461D0,0D0,         685P   1258
8.182996244533D-1,4.382317888671D0,0D0,8.512146189763D-1,            685P   1259
4.341603906320D0,0D0,8.757066175794D-1,4.291851373554D0,0D0,         685P   1260
8.910343833936D-1,4.233262654062D0,0D0,8.943464494523D-1,            685P   1261
4.190786002464D0,0D0,8.942553644231D-1,4.168666355D0,0D0,0D0,        685P   1262
1D0,0D0,0D0,1D0;                                                     685P   1263
110,8.942553644231D-1,4.168666355D0,0D0,8.942553644231D-1,           687P   1264
3.141592654D0,0D0;                                                   687P   1265
102,11,667,669,671,673,675,677,679,681,683,685,687;                  689P   1266
142,0,645,689,665,1;                                                 691P   1267
144,645,1,0,691;                                                     693P   1268
110,-4.792474241350D1,-7.105057620041D1,3.347621701761D1,            695P   1269
-4.792474241350D1,-7.005057620041D1,3.347621701761D1;                695P   1270
110,-4.792474241350D1,-7.149057620041D1,5.307621701761D1,            697P   1271
-4.792474241350D1,-4.861057620041D1,5.307621701761D1;                697P   1272
120,695,697,3.078760800936D0,6.346017160243D0;                       699P   1273
110,-4.792474242154D1,-7.105057620041D1,1.387621701761D1,            701P   1274
-4.792474241886D1,-4.905057620041D1,1.387621702085D1;                701P   1275
110,-4.792474241350D1,-4.905057620041D1,5.307621701437D1,            703P   1276
-4.792474241350D1,-7.105057620041D1,5.307621701761D1;                703P   1277
102,4,701,51,703,159;                                                705P   1278
110,1.923076923077D-2,3.141592654D0,0D0,9.807692307692D-1,           707P   1279
3.141592654D0,0D0;                                                   707P   1280
110,9.807692307692D-1,3.141592654D0,0D0,9.807692307692D-1,           709P   1281
6.283185307180D0,0D0;                                                709P   1282
110,9.807692307692D-1,6.283185307180D0,0D0,1.923076923077D-2,        711P   1283
6.283185307180D0,0D0;                                                711P   1284
110,1.923076923077D-2,6.283185307180D0,0D0,1.923076923077D-2,        713P   1285
3.141592654D0,0D0;                                                   713P   1286
102,4,707,709,711,713;                                               715P   1287
142,0,699,715,705,1;                                                 717P   1288
144,699,1,0,717;                                                     719P   1289
110,-4.792474241350D1,-8.905057620041D1,3.822621701761D1,            721P   1290
-4.792474241350D1,-8.905057620041D1,3.722621701761D1;                721P   1291
110,-5.592474241350D1,-8.905057620041D1,3.844994898044D1,            723P   1292
-5.592474241350D1,-8.905057620041D1,3.725248505478D1;                723P   1293
120,721,723,-6.283185308D-2,3.204424507080D0;                        725P   1294
124,-1D0,0D0,0D0,-4.792474241350D1,0D0,1D0,0D0,                      727P   1295
-8.905057620041D1,0D0,0D0,-1D0,3.747621701761D1;                     727P   1296
100,0D0,0D0,0D0,8D0,0D0,-8D0,0D0;                                    729P   1297
110,-3.992474241482D1,-8.905057620260D1,3.747621701761D1,            731P   1298
-3.992474241072D1,-8.905057620400D1,3.822621701761D1;                731P   1299
110,-5.592474241628D1,-8.905057620181D1,3.822621701761D1,            733P   1300
-5.592474241218D1,-8.905057620041D1,3.747621701761D1;                733P   1301
102,4,729,731,131,733;                                               735P   1302
110,8.131618347450D-1,0D0,0D0,8.131618347450D-1,3.141592654D0,       737P   1303
0D0;                                                                 737P   1304
110,8.131618347450D-1,3.141592654D0,0D0,1.868381652550D-1,           739P   1305
3.141592654D0,0D0;                                                   739P   1306
110,1.868381652550D-1,3.141592654D0,0D0,1.868381652550D-1,0D0,       741P   1307
0D0;                                                                 741P   1308
110,1.868381652550D-1,0D0,0D0,8.131618347450D-1,0D0,0D0;             743P   1309
102,4,737,739,741,743;                                               745P   1310
142,0,725,745,735,1;                                                 747P   1311
144,725,1,0,747;                                                     749P   1312
128,1,1,1,1,0,0,1,0,0,-8.319999995873D0,-8.319999995873D0,           751P   1313
8.319999995873D0,8.319999995873D0,-8.320000018732D0,                 751P   1314
-8.320000018732D0,8.320000018732D0,8.320000018732D0,1D0,1D0,1D0,     751P   1315
1D0,-5.624474240937D1,-9.737057621914D1,3.747621701761D1,            751P   1316
-3.960474241763D1,-9.737057621914D1,3.747621701761D1,                751P   1317
-5.624474240937D1,-8.073057618168D1,3.747621701761D1,                751P   1318
-3.960474241763D1,-8.073057618168D1,3.747621701761D1,                751P   1319
-8.319999995873D0,8.319999995873D0,-8.320000018732D0,                751P   1320
8.320000018732D0;                                                    751P   1321
102,2,171,175;                                                       753P   1322
126,16,3,0,0,1,0,0D0,0D0,0D0,0D0,7.141605650118D-2,                  755P   1323
1.428841031718D-1,2.143083006557D-1,2.857457030019D-1,               755P   1324
3.571783903369D-1,4.286131505153D-1,5.000472384403D-1,               755P   1325
5.714812397240D-1,6.429162293196D-1,7.143483613949D-1,               755P   1326
7.857864647277D-1,8.572114529234D-1,9.286796483215D-1,1D0,1D0,       755P   1327
1D0,1D0,1D0,1D0,1D0,1D0,1D0,1D0,1D0,1D0,1D0,1D0,1D0,1D0,1D0,1D0,     755P   1328
1D0,1D0,1D0,-7.999999996032D0,0D0,0D0,-8.001129238176D0,             755P   1329
-5.985351986983D-1,0D0,-7.864551026720D0,-1.795151839464D0,0D0,      755P   1330
-7.268567615905D0,-3.500676004306D0,0D0,-6.306849286524D0,           755P   1331
-5.030446127355D0,0D0,-5.029367316427D0,-6.307837217402D0,0D0,       755P   1332
-3.499478389156D0,-7.268883024916D0,0D0,-1.794140265183D0,           755P   1333
-7.865396433575D0,0D0,1.201589029544D-3,-8.067435059861D0,0D0,       755P   1334
1.796484995827D0,-7.864861201155D0,0D0,3.501642047255D0,             755P   1335
-7.267840452086D0,0D0,5.031247292696D0,-6.306337934923D0,0D0,        755P   1336
6.308354742900D0,-5.028560514886D0,0D0,7.269620868217D0,             755P   1337
-3.498490178187D0,0D0,7.864827935515D0,-1.793538724871D0,0D0,        755P   1338
8.001125803056D0,-5.977258040471D-1,0D0,7.999999996032D0,0D0,        755P   1339
0D0,0D0,1D0,0D0,0D0,1D0;                                             755P   1340
126,16,3,0,0,1,0,0D0,0D0,0D0,0D0,7.141605650118D-2,                  757P   1341
1.428841031718D-1,2.143083006557D-1,2.857457030019D-1,               757P   1342
3.571783903369D-1,4.286131505153D-1,5.000472384403D-1,               757P   1343
5.714812397240D-1,6.429162293196D-1,7.143483613949D-1,               757P   1344
7.857864647277D-1,8.572114529234D-1,9.286796483215D-1,1D0,1D0,       757P   1345
1D0,1D0,1D0,1D0,1D0,1D0,1D0,1D0,1D0,1D0,1D0,1D0,1D0,1D0,1D0,1D0,     757P   1346
1D0,1D0,1D0,7.999999996032D0,0D0,0D0,8.001129238176D0,               757P   1347
5.985351986983D-1,0D0,7.864551026720D0,1.795151839464D0,0D0,         757P   1348
7.268567615905D0,3.500676004306D0,0D0,6.306849286524D0,              757P   1349
5.030446127355D0,0D0,5.029367316427D0,6.307837217402D0,0D0,          757P   1350
3.499478389156D0,7.268883024916D0,0D0,1.794140265183D0,              757P   1351
7.865396433575D0,0D0,-1.201589029560D-3,8.067435059861D0,0D0,        757P   1352
-1.796484995827D0,7.864861201155D0,0D0,-3.501642047255D0,            757P   1353
7.267840452086D0,0D0,-5.031247292696D0,6.306337934923D0,0D0,         757P   1354
-6.308354742900D0,5.028560514886D0,0D0,-7.269620868217D0,            757P   1355
3.498490178187D0,0D0,-7.864827935515D0,1.793538724871D0,0D0,         757P   1356
-8.001125803056D0,5.977258040471D-1,0D0,-7.999999996032D0,0D0,       757P   1357
0D0,0D0,1D0,0D0,0D0,1D0;                                             757P   1358
102,2,755,757;                                                       759P   1359
142,0,751,759,753,1;                                                 761P   1360
102,2,177,179;                                                       763P   1361
126,14,3,0,0,1,0,0D0,0D0,0D0,0D0,8.333236083826D-2,                  765P   1362
1.666912118642D-1,2.500263179509D-1,3.333673296211D-1,               765P   1363
4.167074276983D-1,5.000471665412D-1,5.833868342040D-1,               765P   1364
6.667268311180D-1,7.500696243482D-1,8.333975962923D-1,               765P   1365
9.167723719934D-1,1D0,1D0,1D0,1D0,1D0,1D0,1D0,1D0,1D0,1D0,1D0,       765P   1366
1D0,1D0,1D0,1D0,1D0,1D0,1D0,1D0,-5.123475376448D0,0D0,0D0,           765P   1367
-5.124812244652D0,4.474484133597D-1,0D0,-5.005021687383D0,           765P   1368
1.341225164271D0,0D0,-4.488097343178D0,2.591472191379D0,0D0,         765P   1369
-3.664094042667D0,3.664789700531D0,0D0,-2.590695780171D0,            765P   1370
4.488306934639D0,0D0,-1.340638256040D0,5.005912733270D0,0D0,         765P   1371
7.719590945486D-4,5.182356435120D0,0D0,1.342128948167D0,             765P   1372
5.005512956444D0,0D0,2.592040357016D0,4.487532233459D0,0D0,          765P   1373
3.665168560303D0,3.663709402638D0,0D0,4.488891048788D0,              765P   1374
2.590109621979D0,0D0,5.005238647878D0,1.340176437855D0,0D0,          765P   1375
5.124808866746D0,4.468780580847D-1,0D0,5.123475376448D0,0D0,0D0,     765P   1376
0D0,1D0,0D0,0D0,1D0;                                                 765P   1377
126,14,3,0,0,1,0,0D0,0D0,0D0,0D0,8.333236083827D-2,                  767P   1378
1.666912118642D-1,2.500263179509D-1,3.333673296211D-1,               767P   1379
4.167074276983D-1,5.000471665412D-1,5.833868342040D-1,               767P   1380
6.667268311180D-1,7.500696243482D-1,8.333975962923D-1,               767P   1381
9.167723719934D-1,1D0,1D0,1D0,1D0,1D0,1D0,1D0,1D0,1D0,1D0,1D0,       767P   1382
1D0,1D0,1D0,1D0,1D0,1D0,1D0,1D0,5.123475376448D0,0D0,0D0,            767P   1383
5.124812244652D0,-4.474484133597D-1,0D0,5.005021687383D0,            767P   1384
-1.341225164271D0,0D0,4.488097343178D0,-2.591472191379D0,0D0,        767P   1385
3.664094042667D0,-3.664789700531D0,0D0,2.590695780171D0,             767P   1386
-4.488306934639D0,0D0,1.340638256040D0,-5.005912733270D0,0D0,        767P   1387
-7.719590945660D-4,-5.182356435120D0,0D0,-1.342128948167D0,          767P   1388
-5.005512956444D0,0D0,-2.592040357016D0,-4.487532233459D0,0D0,       767P   1389
-3.665168560303D0,-3.663709402638D0,0D0,-4.488891048788D0,           767P   1390
-2.590109621979D0,0D0,-5.005238647878D0,-1.340176437855D0,0D0,       767P   1391
-5.124808866746D0,-4.468780580847D-1,0D0,-5.123475376448D0,0D0,      767P   1392
0D0,0D0,1D0,0D0,0D0,1D0;                                             767P   1393
102,2,765,767;                                                       769P   1394
142,0,751,769,763,1;                                                 771P   1395
144,751,1,1,761,771;                                                 773P   1396
110,-4.792474241350D1,-8.905057620041D1,3.822621701761D1,            775P   1397
-4.792474241350D1,-8.905057620041D1,3.722621701761D1;                775P   1398
110,-5.592474241350D1,-8.905057620041D1,3.844994898044D1,            777P   1399
-5.592474241350D1,-8.905057620041D1,3.725248505478D1;                777P   1400
120,775,777,3.078760800936D0,6.346017160243D0;                       779P   1401
124,1D0,0D0,0D0,-4.792474241350D1,0D0,-1D0,0D0,                      781P   1402
-8.905057620041D1,0D0,0D0,-1D0,3.747621701761D1;                     781P   1403
100,0D0,0D0,0D0,8D0,0D0,-8D0,0D0;                                    783P   1404
102,4,167,135,165,783;                                               785P   1405
110,8.131618347450D-1,6.283185307180D0,0D0,1.868381652550D-1,        787P   1406
6.283185307180D0,0D0;                                                787P   1407
110,1.868381652550D-1,6.283185307180D0,0D0,1.868381652550D-1,        789P   1408
3.141592654D0,0D0;                                                   789P   1409
110,1.868381652550D-1,3.141592654D0,0D0,8.131618347450D-1,           791P   1410
3.141592654D0,0D0;                                                   791P   1411
110,8.131618347450D-1,3.141592654D0,0D0,8.131618347450D-1,           793P   1412
6.283185307180D0,0D0;                                                793P   1413
102,4,787,789,791,793;                                               795P   1414
142,0,779,795,785,1;                                                 797P   1415
144,779,1,0,797;                                                     799P   1416
110,-4.792474241350D1,-8.905057620041D1,2.872621701761D1,            801P   1417
-4.792474241350D1,-8.905057620041D1,2.972621701761D1;                801P   1418
110,-3.992474241350D1,-8.905057620041D1,2.850248505478D1,            803P   1419
-3.992474241350D1,-8.905057620041D1,2.969994898044D1;                803P   1420
120,801,803,3.078760800936D0,6.346017160243D0;                       805P   1421
102,4,183,87,181,187;                                                807P   1422
110,8.131618347450D-1,6.283185307180D0,0D0,1.868381652550D-1,        809P   1423
6.283185307180D0,0D0;                                                809P   1424
110,1.868381652550D-1,6.283185307180D0,0D0,1.868381652550D-1,        811P   1425
3.141592654D0,0D0;                                                   811P   1426
110,1.868381652550D-1,3.141592654D0,0D0,8.131618347450D-1,           813P   1427
3.141592654D0,0D0;                                                   813P   1428
110,8.131618347450D-1,3.141592654D0,0D0,8.131618347450D-1,           815P   1429
6.283185307180D0,0D0;                                                815P   1430
102,4,809,811,813,815;                                               817P   1431
142,0,805,817,807,1;                                                 819P   1432
144,805,1,0,819;                                                     821P   1433
110,-4.792474241350D1,-8.905057620041D1,2.872621701761D1,            823P   1434
-4.792474241350D1,-8.905057620041D1,2.972621701761D1;                823P   1435
110,-3.992474241350D1,-8.905057620041D1,2.850248505478D1,            825P   1436
-3.992474241350D1,-8.905057620041D1,2.969994898044D1;                825P   1437
120,823,825,-6.283185308D-2,3.204424507080D0;                        827P   1438
110,-5.592474241218D1,-8.905057620260D1,2.947621701761D1,            829P   1439
-5.592474241628D1,-8.905057620400D1,2.872621701761D1;                829P   1440
110,-3.992474241072D1,-8.905057620181D1,2.872621701761D1,            831P   1441
-3.992474241482D1,-8.905057620041D1,2.947621701761D1;                831P   1442
102,4,191,829,91,831;                                                833P   1443
110,8.131618347450D-1,0D0,0D0,8.131618347450D-1,3.141592654D0,       835P   1444
0D0;                                                                 835P   1445
110,8.131618347450D-1,3.141592654D0,0D0,1.868381652550D-1,           837P   1446
3.141592654D0,0D0;                                                   837P   1447
110,1.868381652550D-1,3.141592654D0,0D0,1.868381652550D-1,0D0,       839P   1448
0D0;                                                                 839P   1449
110,1.868381652550D-1,0D0,0D0,8.131618347450D-1,0D0,0D0;             841P   1450
102,4,835,837,839,841;                                               843P   1451
142,0,827,843,833,1;                                                 845P   1452
144,827,1,0,845;                                                     847P   1453
128,1,1,1,1,0,0,1,0,0,-8.319999995873D0,-8.319999995873D0,           849P   1454
8.319999995873D0,8.319999995873D0,-8.320000018732D0,                 849P   1455
-8.320000018732D0,8.320000018732D0,8.320000018732D0,1D0,1D0,1D0,     849P   1456
1D0,-5.624474240937D1,-9.737057621914D1,2.947621701761D1,            849P   1457
-3.960474241763D1,-9.737057621914D1,2.947621701761D1,                849P   1458
-5.624474240937D1,-8.073057618168D1,2.947621701761D1,                849P   1459
-3.960474241763D1,-8.073057618168D1,2.947621701761D1,                849P   1460
-8.319999995873D0,8.319999995873D0,-8.320000018732D0,                849P   1461
8.320000018732D0;                                                    849P   1462
102,2,187,191;                                                       851P   1463
126,16,3,0,0,1,0,0D0,0D0,0D0,0D0,7.141605650118D-2,                  853P   1464
1.428841031718D-1,2.143083006557D-1,2.857457030019D-1,               853P   1465
3.571783903369D-1,4.286131505153D-1,5.000472384403D-1,               853P   1466
5.714812397240D-1,6.429162293196D-1,7.143483613949D-1,               853P   1467
7.857864647277D-1,8.572114529234D-1,9.286796483215D-1,1D0,1D0,       853P   1468
1D0,1D0,1D0,1D0,1D0,1D0,1D0,1D0,1D0,1D0,1D0,1D0,1D0,1D0,1D0,1D0,     853P   1469
1D0,1D0,1D0,-7.999999996032D0,0D0,0D0,-8.001129238176D0,             853P   1470
-5.985351986983D-1,0D0,-7.864551026720D0,-1.795151839464D0,0D0,      853P   1471
-7.268567615905D0,-3.500676004306D0,0D0,-6.306849286524D0,           853P   1472
-5.030446127355D0,0D0,-5.029367316427D0,-6.307837217402D0,0D0,       853P   1473
-3.499478389156D0,-7.268883024916D0,0D0,-1.794140265183D0,           853P   1474
-7.865396433575D0,0D0,1.201589029544D-3,-8.067435059861D0,0D0,       853P   1475
1.796484995827D0,-7.864861201155D0,0D0,3.501642047255D0,             853P   1476
-7.267840452086D0,0D0,5.031247292696D0,-6.306337934923D0,0D0,        853P   1477
6.308354742900D0,-5.028560514886D0,0D0,7.269620868217D0,             853P   1478
-3.498490178187D0,0D0,7.864827935515D0,-1.793538724871D0,0D0,        853P   1479
8.001125803056D0,-5.977258040471D-1,0D0,7.999999996032D0,0D0,        853P   1480
0D0,0D0,1D0,0D0,0D0,1D0;                                             853P   1481
126,16,3,0,0,1,0,0D0,0D0,0D0,0D0,7.141605650118D-2,                  855P   1482
1.428841031718D-1,2.143083006557D-1,2.857457030019D-1,               855P   1483
3.571783903369D-1,4.286131505153D-1,5.000472384403D-1,               855P   1484
5.714812397240D-1,6.429162293196D-1,7.143483613949D-1,               855P   1485
7.857864647277D-1,8.572114529234D-1,9.286796483215D-1,1D0,1D0,       855P   1486
1D0,1D0,1D0,1D0,1D0,1D0,1D0,1D0,1D0,1D0,1D0,1D0,1D0,1D0,1D0,1D0,     855P   1487
1D0,1D0,1D0,7.999999996032D0,0D0,0D0,8.001129238176D0,               855P   1488
5.985351986983D-1,0D0,7.864551026720D0,1.795151839464D0,0D0,         855P   1489
7.268567615905D0,3.500676004306D0,0D0,6.306849286524D0,              855P   1490
5.030446127355D0,0D0,5.029367316427D0,6.307837217402D0,0D0,          855P   1491
3.499478389156D0,7.268883024916D0,0D0,1.794140265183D0,              855P   1492
7.865396433575D0,0D0,-1.201589029560D-3,8.067435059861D0,0D0,        855P   1493
-1.796484995827D0,7.864861201155D0,0D0,-3.501642047255D0,            855P   1494
7.267840452086D0,0D0,-5.031247292696D0,6.306337934923D0,0D0,         855P   1495
-6.308354742900D0,5.028560514886D0,0D0,-7.269620868217D0,            855P   1496
3.498490178187D0,0D0,-7.864827935515D0,1.793538724871D0,0D0,         855P   1497
-8.001125803056D0,5.977258040471D-1,0D0,-7.999999996032D0,0D0,       855P   1498
0D0,0D0,1D0,0D0,0D0,1D0;                                             855P   1499
102,2,853,855;                                                       857P   1500
142,0,849,857,851,1;                                                 859P   1501
102,2,193,195;                                                       861P   1502
126,14,3,0,0,1,0,0D0,0D0,0D0,0D0,8.333236083827D-2,                  863P   1503
1.666912118642D-1,2.500263179509D-1,3.333673296211D-1,               863P   1504
4.167074276983D-1,5.000471665412D-1,5.833868342040D-1,               863P   1505
6.667268311180D-1,7.500696243482D-1,8.333975962923D-1,               863P   1506
9.167723719934D-1,1D0,1D0,1D0,1D0,1D0,1D0,1D0,1D0,1D0,1D0,1D0,       863P   1507
1D0,1D0,1D0,1D0,1D0,1D0,1D0,1D0,5.123475376448D0,0D0,0D0,            863P   1508
5.124812244652D0,-4.474484133597D-1,0D0,5.005021687383D0,            863P   1509
-1.341225164271D0,0D0,4.488097343178D0,-2.591472191379D0,0D0,        863P   1510
3.664094042667D0,-3.664789700531D0,0D0,2.590695780171D0,             863P   1511
-4.488306934639D0,0D0,1.340638256040D0,-5.005912733270D0,0D0,        863P   1512
-7.719590945660D-4,-5.182356435120D0,0D0,-1.342128948167D0,          863P   1513
-5.005512956444D0,0D0,-2.592040357016D0,-4.487532233459D0,0D0,       863P   1514
-3.665168560303D0,-3.663709402638D0,0D0,-4.488891048788D0,           863P   1515
-2.590109621979D0,0D0,-5.005238647878D0,-1.340176437855D0,0D0,       863P   1516
-5.124808866746D0,-4.468780580847D-1,0D0,-5.123475376448D0,0D0,      863P   1517
0D0,0D0,1D0,0D0,0D0,1D0;                                             863P   1518
126,14,3,0,0,1,0,0D0,0D0,0D0,0D0,8.333236083826D-2,                  865P   1519
1.666912118642D-1,2.500263179509D-1,3.333673296211D-1,               865P   1520
4.167074276983D-1,5.000471665412D-1,5.833868342040D-1,               865P   1521
6.667268311180D-1,7.500696243482D-1,8.333975962923D-1,               865P   1522
9.167723719934D-1,1D0,1D0,1D0,1D0,1D0,1D0,1D0,1D0,1D0,1D0,1D0,       865P   1523
1D0,1D0,1D0,1D0,1D0,1D0,1D0,1D0,-5.123475376448D0,0D0,0D0,           865P   1524
-5.124812244652D0,4.474484133597D-1,0D0,-5.005021687383D0,           865P   1525
1.341225164271D0,0D0,-4.488097343178D0,2.591472191379D0,0D0,         865P   1526
-3.664094042667D0,3.664789700531D0,0D0,-2.590695780171D0,            865P   1527
4.488306934639D0,0D0,-1.340638256040D0,5.005912733270D0,0D0,         865P   1528
7.719590945486D-4,5.182356435120D0,0D0,1.342128948167D0,             865P   1529
5.005512956444D0,0D0,2.592040357016D0,4.487532233459D0,0D0,          865P   1530
3.665168560303D0,3.663709402638D0,0D0,4.488891048788D0,              865P   1531
2.590109621979D0,0D0,5.005238647878D0,1.340176437855D0,0D0,          865P   1532
5.124808866746D0,4.468780580847D-1,0D0,5.123475376448D0,0D0,0D0,     865P   1533
0D0,1D0,0D0,0D0,1D0;                                                 865P   1534
102,2,863,865;                                                       867P   1535
142,0,849,867,861,1;                                                 869P   1536
144,849,1,1,859,869;                                                 871P   1537
110,-4.792474241350D1,-4.905057620041D1,3.347621701761D1,            873P   1538
-4.792474241350D1,-4.805057620041D1,3.347621701761D1;                873P   1539
110,-4.792474241350D1,-5.157057620041D1,5.047621701761D1,            875P   1540
-4.792474241350D1,7.946942379959D1,5.047621701761D1;                 875P   1541
120,873,875,3.078760800936D0,6.346017160243D0;                       877P   1542
110,-4.792474241815D1,-4.905057620041D1,1.647621702069D1,            879P   1543
-4.792474241815D1,7.694942379959D1,1.647621702042D1;                 879P   1544
110,-4.792474241350D1,7.694942379959D1,5.047621701480D1,             881P   1545
-4.792474241350D1,-4.905057620041D1,5.047621701453D1;                881P   1546
102,4,879,35,881,59;                                                 883P   1547
110,1.923076923077D-2,3.141592654D0,0D0,9.807692307692D-1,           885P   1548
3.141592654D0,0D0;                                                   885P   1549
110,9.807692307692D-1,3.141592654D0,0D0,9.807692307692D-1,           887P   1550
6.283185307180D0,0D0;                                                887P   1551
110,9.807692307692D-1,6.283185307180D0,0D0,1.923076923077D-2,        889P   1552
6.283185307180D0,0D0;                                                889P   1553
110,1.923076923077D-2,6.283185307180D0,0D0,1.923076923077D-2,        891P   1554
3.141592654D0,0D0;                                                   891P   1555
102,4,885,887,889,891;                                               893P   1556
142,0,877,893,883,1;                                                 895P   1557
144,877,1,0,895;                                                     897P   1558
128,1,1,1,1,0,0,1,0,0,-5.723731960101D0,-5.723731960101D0,           899P   1559
5.723731960101D0,5.723731960101D0,-5.735144428292D0,                 899P   1560
-5.735144428292D0,5.735144428292D0,5.735144428292D0,1D0,1D0,1D0,     899P   1561
1D0,-5.365988684179D1,-4.305057620041D1,2.775248505751D1,            899P   1562
-5.365988684179D1,-4.305057620041D1,3.919994897771D1,                899P   1563
-4.218959798521D1,-4.305057620041D1,2.775248505751D1,                899P   1564
-4.218959798521D1,-4.305057620041D1,3.919994897771D1,                899P   1565
-5.723731960101D0,5.723731960101D0,-5.735144428292D0,                899P   1566
5.735144428292D0;                                                    899P   1567
102,2,203,207;                                                       901P   1568
126,15,3,0,0,1,0,0D0,0D0,0D0,0D0,7.691538191119D-2,                  903P   1569
1.538716667812D-1,2.307929614806D-1,3.077252719435D-1,               903P   1570
3.846533318671D-1,4.615826282154D-1,5.385117439065D-1,               903P   1571
6.154411759738D-1,6.923685134216D-1,7.693032570711D-1,               903P   1572
8.462195868125D-1,9.231849788321D-1,1D0,1D0,1D0,1D0,1D0,1D0,1D0,     903P   1573
1D0,1D0,1D0,1D0,1D0,1D0,1D0,1D0,1D0,1D0,1D0,1D0,1D0,                 903P   1574
5.499999997272D0,0D0,0D0,5.501040288159D0,4.432445650428D-1,0D0,     903P   1575
5.391841747281D0,1.329074727619D0,0D0,4.917697810283D0,              903P   1576
2.581251387021D0,0D0,4.156693434327D0,3.683178659703D0,0D0,          903P   1577
3.154479072858D0,4.571015148143D0,0D0,1.968770750367D0,              903P   1578
5.193128864048D0,0D0,6.686677730634D-1,5.513380580741D0,0D0,         903P   1579
-6.703111661790D-1,5.513181201772D0,0D0,-1.970315430019D0,           903P   1580
5.192542672556D0,0D0,-3.155847825967D0,4.570071697404D0,0D0,         903P   1581
-4.157782570707D0,3.681946117884D0,0D0,-4.918481129641D0,            903P   1582
2.579764800851D0,0D0,-5.392051192781D0,1.327962033930D0,0D0,         903P   1583
-5.501037427802D0,4.426595710554D-1,0D0,-5.499999997272D0,0D0,       903P   1584
0D0,0D0,1D0,0D0,0D0,1D0;                                             903P   1585
126,15,3,0,0,1,0,0D0,0D0,0D0,0D0,7.691538191119D-2,                  905P   1586
1.538716667812D-1,2.307929614806D-1,3.077252719435D-1,               905P   1587
3.846533318671D-1,4.615826282154D-1,5.385117439064D-1,               905P   1588
6.154411759738D-1,6.923685134216D-1,7.693032570711D-1,               905P   1589
8.462195868125D-1,9.231849788321D-1,1D0,1D0,1D0,1D0,1D0,1D0,1D0,     905P   1590
1D0,1D0,1D0,1D0,1D0,1D0,1D0,1D0,1D0,1D0,1D0,1D0,1D0,                 905P   1591
-5.499999997272D0,0D0,0D0,-5.501040288159D0,-4.432445650428D-1,      905P   1592
0D0,-5.391841747281D0,-1.329074727619D0,0D0,-4.917697810283D0,       905P   1593
-2.581251387021D0,0D0,-4.156693434327D0,-3.683178659703D0,0D0,       905P   1594
-3.154479072858D0,-4.571015148143D0,0D0,-1.968770750367D0,           905P   1595
-5.193128864048D0,0D0,-6.686677730634D-1,-5.513380580741D0,0D0,      905P   1596
6.703111661790D-1,-5.513181201772D0,0D0,1.970315430019D0,            905P   1597
-5.192542672556D0,0D0,3.155847825967D0,-4.570071697404D0,0D0,        905P   1598
4.157782570707D0,-3.681946117884D0,0D0,4.918481129641D0,             905P   1599
-2.579764800851D0,0D0,5.392051192781D0,-1.327962033930D0,0D0,        905P   1600
5.501037427802D0,-4.426595710554D-1,0D0,5.499999997272D0,0D0,        905P   1601
0D0,0D0,1D0,0D0,0D0,1D0;                                             905P   1602
102,2,903,905;                                                       907P   1603
142,0,899,907,901,1;                                                 909P   1604
144,899,1,0,909;                                                     911P   1605
124,0D0,-1D0,0D0,-4.792474241350D1,1D0,0D0,0D0,                      913P   1606
-8.905057620041D1,0D0,0D0,1D0,3.347621701761D1;                      913P   1607
100,0D0,0D0,0D0,6.5D0,0D0,-6.5D0,0D0;                                915P   1608
124,0D0,1D0,0D0,-4.792474241350D1,-1D0,0D0,0D0,                      917P   1609
-8.905057620041D1,0D0,0D0,1D0,3.347621701761D1;                      917P   1610
100,0D0,0D0,0D0,6.5D0,0D0,-6.5D0,0D0;                                919P   1611
126,4,3,0,0,1,0,0D0,0D0,0D0,0D0,5D-1,1D0,1D0,1D0,1D0,1D0,1D0,        921P   1612
1D0,1D0,1D0,-4.870677015484D1,-8.262788837803D1,                     921P   1613
3.285371099510D1,-4.864761311345D1,-8.261663093404D1,                921P   1614
3.289554287358D1,-4.852710147834D1,-8.259802064078D1,                921P   1615
3.296176921395D1,-4.841206220122D1,-8.258544393412D1,                921P   1616
3.300923568934D1,-4.835753043725D1,-8.258027898450D1,                921P   1617
3.303130302102D1,0D0,1D0,0D0,0D0,1D0;                                921P   1618
126,6,3,0,0,1,0,0D0,0D0,0D0,0D0,2.5D-1,5D-1,7.5D-1,1D0,1D0,1D0,      923P   1619
1D0,1D0,1D0,1D0,1D0,1D0,1D0,1D0,-4.835753043725D1,                   923P   1620
-8.258027898450D1,3.303130302102D1,-4.829648621485D1,                923P   1621
-8.257449880249D1,3.305598259349D1,-4.818249598729D1,                923P   1622
-8.256520892604D1,3.311142632207D1,-4.805285385538D1,                923P   1623
-8.255705325215D1,3.319957372700D1,-4.794732293624D1,                923P   1624
-8.255149438215D1,3.333401583239D1,-4.792474241349D1,                923P   1625
-8.255057620041D1,3.342957056043D1,-4.792474241350D1,                923P   1626
-8.255057620041D1,3.347621701761D1,0D0,1D0,0D0,0D0,1D0;              923P   1627
126,6,3,0,0,1,0,0D0,0D0,0D0,0D0,2.5D-1,5D-1,7.5D-1,1D0,1D0,1D0,      925P   1628
1D0,1D0,1D0,1D0,1D0,1D0,1D0,1D0,-4.792474241350D1,                   925P   1629
-8.255057620041D1,3.347621701761D1,-4.792474241349D1,                925P   1630
-8.255057620041D1,3.342729149198D1,-4.790018673255D1,                925P   1631
-8.255155911651D1,3.332623967354D1,-4.778000485643D1,                925P   1632
-8.255799163180D1,3.318379175626D1,-4.763901358959D1,                925P   1633
-8.256715919431D1,3.309566403647D1,-4.751016631156D1,                925P   1634
-8.257828124871D1,3.303676656656D1,-4.744045678739D1,                925P   1635
-8.258538370964D1,3.301064909603D1,0D0,1D0,0D0,0D0,1D0;              925P   1636
126,4,3,0,0,1,0,0D0,0D0,0D0,0D0,5D-1,1D0,1D0,1D0,1D0,1D0,1D0,        927P   1637
1D0,1D0,1D0,-4.744045678739D1,-8.258538370964D1,                     927P   1638
3.301064909603D1,-4.739317078718D1,-8.259036176100D1,                927P   1639
3.299070758015D1,-4.729480870425D1,-8.260209322492D1,                927P   1640
3.294723095611D1,-4.719298896795D1,-8.261835212871D1,                927P   1641
3.288894351278D1,-4.714271467227D1,-8.262788837803D1,                927P   1642
3.285371099496D1,0D0,1D0,0D0,0D0,1D0;                                927P   1643
126,36,3,0,0,1,0,0D0,0D0,0D0,0D0,2.941176470588D-2,                  929P   1644
5.882352941176D-2,8.823529411765D-2,1.176470588235D-1,               929P   1645
1.470588235294D-1,1.764705882353D-1,2.058823529412D-1,               929P   1646
2.352941176471D-1,2.647058823529D-1,2.941176470588D-1,               929P   1647
3.235294117647D-1,3.529411764706D-1,3.823529411765D-1,               929P   1648
4.117647058824D-1,4.411764705882D-1,4.705882352941D-1,5D-1,          929P   1649
5.294117647059D-1,5.588235294118D-1,5.882352941176D-1,               929P   1650
6.176470588235D-1,6.470588235294D-1,6.764705882353D-1,               929P   1651
7.058823529412D-1,7.352941176471D-1,7.647058823529D-1,               929P   1652
7.941176470588D-1,8.235294117647D-1,8.529411764706D-1,               929P   1653
8.823529411765D-1,9.117647058824D-1,9.411764705882D-1,               929P   1654
9.705882352941D-1,1D0,1D0,1D0,1D0,1D0,1D0,1D0,1D0,1D0,1D0,1D0,       929P   1655
1D0,1D0,1D0,1D0,1D0,1D0,1D0,1D0,1D0,1D0,1D0,1D0,1D0,1D0,1D0,1D0,     929P   1656
1D0,1D0,1D0,1D0,1D0,1D0,1D0,1D0,1D0,1D0,1D0,1D0,1D0,1D0,             929P   1657
-4.714271467227D1,-8.262788837803D1,3.285371099496D1,                929P   1658
-4.695515590800D1,-8.266582031664D1,3.269797141300D1,                929P   1659
-4.660996560212D1,-8.276531987076D1,3.239785284263D1,                929P   1660
-4.619190098026D1,-8.295859642413D1,3.197650562522D1,                929P   1661
-4.587439600007D1,-8.317311121453D1,3.158154704828D1,                929P   1662
-4.564986227629D1,-8.339194626361D1,3.121278390211D1,                929P   1663
-4.550656476073D1,-8.360384571262D1,3.087051210566D1,                929P   1664
-4.543224251149D1,-8.380467202168D1,3.054989528944D1,                929P   1665
-4.541745841797D1,-8.399352896087D1,3.024670642072D1,                929P   1666
-4.545593100069D1,-8.416948713621D1,2.995955318084D1,                929P   1667
-4.554494469153D1,-8.433300836036D1,2.968580027761D1,                929P   1668
-4.568240104713D1,-8.448394385063D1,2.942596219273D1,                929P   1669
-4.586930991175D1,-8.462118832313D1,2.918149139701D1,                929P   1670
-4.610575535653D1,-8.474393190179D1,2.895553289825D1,                929P   1671
-4.639226350329D1,-8.485016054526D1,2.875341842624D1,                929P   1672
-4.672554109518D1,-8.493683975867D1,2.858331283927D1,                929P   1673
-4.709970185903D1,-8.500162958228D1,2.845318356230D1,                929P   1674
-4.750346105507D1,-8.504145252503D1,2.837154445244D1,                929P   1675
-4.792311684052D1,-8.505517225449D1,2.834337950287D1,                929P   1676
-4.834283781473D1,-8.504165862950D1,2.837112110998D1,                929P   1677
-4.874664627006D1,-8.500206766834D1,2.845231696570D1,                929P   1678
-4.912103043595D1,-8.493749676210D1,2.858204584631D1,                929P   1679
-4.945448969088D1,-8.485096716023D1,2.875182034844D1,                929P   1680
-4.974128632254D1,-8.474508090457D1,2.895345198414D1,                929P   1681
-4.997831857698D1,-8.462226926650D1,2.917947754797D1,                929P   1682
-5.016566272608D1,-8.448506807147D1,2.942390696879D1,                929P   1683
-5.030373597500D1,-8.433442596984D1,2.968353862874D1,                929P   1684
-5.039283444299D1,-8.417090649667D1,2.995707310394D1,                929P   1685
-5.043203842549D1,-8.399503631173D1,3.024437367630D1,                929P   1686
-5.041759399637D1,-8.380653032045D1,3.054687470755D1,                929P   1687
-5.034384338724D1,-8.360555844366D1,3.086780385031D1,                929P   1688
-5.020138021105D1,-8.339401716586D1,3.120944592430D1,                929P   1689
-4.997737870477D1,-8.317498612713D1,3.157814217561D1,                929P   1690
-4.965942066294D1,-8.295952512751D1,3.197457908233D1,                929P   1691
-4.924025654277D1,-8.276549835583D1,3.239739901864D1,                929P   1692
-4.889452895420D1,-8.266585589468D1,3.269785563339D1,                929P   1693
-4.870677015484D1,-8.262788837803D1,3.285371099510D1,0D0,1D0,        929P   1694
0D0,0D0,1D0;                                                         929P   1695
126,7,3,0,0,1,0,0D0,0D0,0D0,0D0,2D-1,4D-1,6D-1,8D-1,1D0,1D0,1D0,     931P   1696
1D0,1D0,1D0,1D0,1D0,1D0,1D0,1D0,1D0,-4.714271472119D1,               931P   1697
-8.262788836824D1,3.409872300071D1,-4.722200214489D1,                931P   1698
-8.261289015952D1,3.404358481314D1,-4.738151165713D1,                931P   1699
-8.258979485887D1,3.396149247876D1,-4.760486442392D1,                931P   1700
-8.256979939439D1,3.387742861881D1,-4.775942952951D1,                931P   1701
-8.255914465818D1,3.378549537895D1,-4.789633235629D1,                931P   1702
-8.255171711650D1,3.363778194981D1,-4.792474241351D1,                931P   1703
-8.255057620041D1,3.352885246107D1,-4.792474241350D1,                931P   1704
-8.255057620041D1,3.347621701761D1,0D0,1D0,0D0,0D0,1D0;              931P   1705
126,19,3,0,0,1,0,0D0,0D0,0D0,0D0,5.882352941176D-2,                  933P   1706
1.176470588235D-1,1.764705882353D-1,2.352941176471D-1,               933P   1707
2.941176470588D-1,3.529411764706D-1,4.117647058824D-1,               933P   1708
4.705882352941D-1,5.294117647059D-1,5.882352941176D-1,               933P   1709
6.470588235294D-1,7.058823529412D-1,7.647058823529D-1,               933P   1710
8.235294117647D-1,8.823529411765D-1,9.411764705882D-1,1D0,1D0,       933P   1711
1D0,1D0,1D0,1D0,1D0,1D0,1D0,1D0,1D0,1D0,1D0,1D0,1D0,1D0,1D0,1D0,     933P   1712
1D0,1D0,1D0,1D0,1D0,1D0,-4.870677010533D1,-8.262788836824D1,         933P   1713
3.409872300131D1,-4.900291851383D1,-8.268775736307D1,                933P   1714
3.434438105482D1,-4.953277827656D1,-8.286941268137D1,                933P   1715
3.481904090778D1,-5.008961733371D1,-8.324174722031D1,                933P   1716
3.549899655241D1,-5.040282670723D1,-8.366397648080D1,                933P   1717
3.617878420647D1,-5.045323556159D1,-8.405574953942D1,                933P   1718
3.680322277837D1,-5.028462953724D1,-8.440528440188D1,                933P   1719
3.738464672144D1,-4.986236338687D1,-8.471410242653D1,                933P   1720
3.793613927413D1,-4.921919186153D1,-8.493404998634D1,                933P   1721
3.836111138083D1,-4.838808216869D1,-8.505425952254D1,                933P   1722
3.860706592929D1,-4.750738977306D1,-8.505668123516D1,                933P   1723
3.861203341200D1,-4.670760668219D1,-8.494728145986D1,                933P   1724
3.838826336844D1,-4.610832303164D1,-8.476442402409D1,                933P   1725
3.803163762345D1,-4.564235276205D1,-8.448485630711D1,                933P   1726
3.752276153873D1,-4.541447270940D1,-8.413973679277D1,                933P   1727
3.693967718056D1,-4.541189455562D1,-8.374404061384D1,                933P   1728
3.630533498869D1,-4.570747128064D1,-8.328456745655D1,                933P   1729
3.557178076463D1,-4.627859302822D1,-8.288475439940D1,                933P   1730
3.485478797499D1,-4.683228739213D1,-8.269063821233D1,                933P   1731
3.435616613650D1,-4.714271472119D1,-8.262788836824D1,                933P   1732
3.409872300071D1,0D0,1D0,0D0,0D0,1D0;                                933P   1733
126,4,3,0,0,1,0,0D0,0D0,0D0,0D0,5D-1,1D0,1D0,1D0,1D0,1D0,1D0,        935P   1734
1D0,1D0,1D0,-4.870677010533D1,-8.262788836824D1,                     935P   1735
3.409872300131D1,-4.863593265210D1,-8.261441848618D1,                935P   1736
3.404873794346D1,-4.849146747356D1,-8.259305430330D1,                935P   1737
3.397325748822D1,-4.835730160497D1,-8.257985015542D1,                935P   1738
3.392019209113D1,-4.829529127937D1,-8.257466080600D1,                935P   1739
3.389480194622D1,0D0,1D0,0D0,0D0,1D0;                                935P   1740
126,6,3,0,0,1,0,0D0,0D0,0D0,0D0,2.5D-1,5D-1,7.5D-1,1D0,1D0,1D0,      937P   1741
1D0,1D0,1D0,1D0,1D0,1D0,1D0,1D0,-4.829529127937D1,                   937P   1742
-8.257466080600D1,3.389480194622D1,-4.824563124418D1,                937P   1743
-8.257034838623D1,3.387204576171D1,-4.815009041572D1,                937P   1744
-8.256306356934D1,3.382162684161D1,-4.803155218615D1,                937P   1745
-8.255586676525D1,3.373099636511D1,-4.794402531616D1,                937P   1746
-8.255137427699D1,3.360645568704D1,-4.792474241350D1,                937P   1747
-8.255057620041D1,3.351891175408D1,-4.792474241350D1,                937P   1748
-8.255057620041D1,3.347621701761D1,0D0,1D0,0D0,0D0,1D0;              937P   1749
126,4,3,0,0,1,0,0D0,0D0,0D0,0D0,5D-1,1D0,1D0,1D0,1D0,1D0,1D0,        939P   1750
1D0,1D0,1D0,-4.835753043725D1,-8.258027898450D1,                     939P   1751
3.303130302102D1,-4.823138067224D1,-8.258107448341D1,                939P   1752
3.289702263802D1,-4.787011656118D1,-8.258271901340D1,                939P   1753
3.276216038395D1,-4.755338351438D1,-8.258447586001D1,                939P   1754
3.290578927685D1,-4.744045678739D1,-8.258538370964D1,                939P   1755
3.301064909603D1,0D0,1D0,0D0,0D0,1D0;                                939P   1756
124,1.083670624583D-1,-9.941109494288D-1,0D0,-4.792474241350D1,      941P   1757
9.941109494288D-1,1.083670624583D-1,0D0,-8.905057620041D1,0D0,       941P   1758
0D0,1D0,3.347621701761D1;                                            941P   1759
100,0D0,0D0,0D0,6.5D0,0D0,6.461721171287D0,7.043859059789D-1;        943P   1760
126,4,3,0,0,1,0,0D0,0D0,0D0,0D0,5D-1,1D0,1D0,1D0,1D0,1D0,1D0,        945P   1761
1D0,1D0,1D0,-4.744045678739D1,-8.258538370964D1,                     945P   1762
3.301064909603D1,-4.737128995497D1,-8.258593976120D1,                945P   1763
3.307487500370D1,-4.726506605218D1,-8.258707394410D1,                945P   1764
3.322771528100D1,-4.722587420888D1,-8.258825354989D1,                945P   1765
3.339524537258D1,-4.722035650752D1,-8.258885502912D1,                945P   1766
3.347621701761D1,0D0,1D0,0D0,0D0,1D0;                                945P   1767
126,6,3,0,0,1,0,0D0,0D0,0D0,0D0,2.5D-1,5D-1,7.5D-1,1D0,1D0,1D0,      947P   1768
1D0,1D0,1D0,1D0,1D0,1D0,1D0,1D0,-4.792474241350D1,                   947P   1769
-8.255057620041D1,3.347621701761D1,-4.792474241351D1,                947P   1770
-8.255057620041D1,3.351862744816D1,-4.787144707562D1,                947P   1771
-8.255133505753D1,3.355757848125D1,-4.793789388348D1,                947P   1772
-8.255594595708D1,3.389977096735D1,-4.731292571580D1,                947P   1773
-8.256273579658D1,3.321940782841D1,-4.778162365758D1,                947P   1774
-8.257014322033D1,3.427963054637D1,-4.829529127937D1,                947P   1775
-8.257466080600D1,3.389480194622D1,0D0,1D0,0D0,0D0,1D0;              947P   1776
126,4,3,0,0,1,0,0D0,0D0,0D0,0D0,5D-1,1D0,1D0,1D0,1D0,1D0,1D0,        949P   1777
1D0,1D0,1D0,-4.829529127937D1,-8.257466080600D1,                     949P   1778
3.389480194622D1,-4.835298928908D1,-8.257514564871D1,                949P   1779
3.385122624530D1,-4.845856449273D1,-8.257613515012D1,                949P   1780
3.373524250030D1,-4.851209534905D1,-8.257716522259D1,                949P   1781
3.356702944991D1,-4.851782967980D1,-8.257769063873D1,                949P   1782
3.347621701761D1,0D0,1D0,0D0,0D0,1D0;                                949P   1783
126,19,3,0,1,1,0,0D0,0D0,0D0,0D0,5.882352941176D-2,                  951P   1784
1.176470588235D-1,1.764705882353D-1,2.352941176471D-1,               951P   1785
2.941176470588D-1,3.529411764706D-1,4.117647058824D-1,               951P   1786
4.705882352941D-1,5.294117647059D-1,5.882352941176D-1,               951P   1787
6.470588235294D-1,7.058823529412D-1,7.647058823529D-1,               951P   1788
8.235294117647D-1,8.823529411765D-1,9.411764705882D-1,1D0,1D0,       951P   1789
1D0,1D0,1D0,1D0,1D0,1D0,1D0,1D0,1D0,1D0,1D0,1D0,1D0,1D0,1D0,1D0,     951P   1790
1D0,1D0,1D0,1D0,1D0,1D0,-4.792474241350D1,-8.255057620041D1,         951P   1791
3.347621701761D1,-4.735811190072D1,-8.255057620041D1,                951P   1792
3.418805074156D1,-5.034087621523D1,-8.294975746048D1,                951P   1793
3.493281071767D1,-4.993569694841D1,-8.326715001304D1,                951P   1794
3.555087473568D1,-5.049287275525D1,-8.374870769280D1,                951P   1795
3.631093683961D1,-5.042019920417D1,-8.413848636569D1,                951P   1796
3.693817627618D1,-5.021110160748D1,-8.448519144050D1,                951P   1797
3.752316375629D1,-4.974009687745D1,-8.476433445656D1,                951P   1798
3.803153008065D1,-4.914216853237D1,-8.494730516111D1,                951P   1799
3.838829175584D1,-4.834199856734D1,-8.505667658085D1,                951P   1800
3.861202786074D1,-4.746149828650D1,-8.505425503745D1,                951P   1801
3.860706021287D1,-4.663000695945D1,-8.493407318652D1,                951P   1802
3.836114027724D1,-4.598816975594D1,-8.471401471198D1,                951P   1803
3.793602989579D1,-4.556094781818D1,-8.440561264590D1,                951P   1804
3.738505582103D1,-4.541083051942D1,-8.405452483610D1,                951P   1805
3.680169623575D1,-4.539224018884D1,-8.366854756856D1,                951P   1806
3.618448176856D1,-4.596295751104D1,-8.322468802614D1,                951P   1807
3.547773334623D1,-4.555876389198D1,-8.293307873527D1,                951P   1808
3.489839667271D1,-4.847970545642D1,-8.255057620041D1,                951P   1809
3.417339339668D1,-4.792474241350D1,-8.255057620041D1,                951P   1810
3.347621701761D1,0D0,1D0,0D0,0D0,1D0;                                951P   1811
126,4,3,0,0,1,0,0D0,0D0,0D0,0D0,5D-1,1D0,1D0,1D0,1D0,1D0,1D0,        953P   1812
1D0,1D0,1D0,-4.722035650752D1,-8.258885502912D1,                     953P   1813
3.347621701761D1,-4.701012377625D1,-8.261177229357D1,                953P   1814
3.430579106700D1,-4.847249817153D1,-8.263007476129D1,                953P   1815
3.492379848678D1,-4.764651906102D1,-8.255057620041D1,                953P   1816
3.312669689743D1,-4.792474241350D1,-8.255057620041D1,                953P   1817
3.347621701761D1,0D0,1D0,0D0,0D0,1D0;                                953P   1818
124,0D0,1D0,0D0,-4.792474241350D1,-1D0,0D0,0D0,                      955P   1819
-8.905057620041D1,0D0,0D0,1D0,3.347621701761D1;                      955P   1820
100,0D0,0D0,0D0,6.5D0,0D0,-6.461721171287D0,7.043859059789D-1;       957P   1821
124,-9.124419481542D-2,-9.958285479501D-1,0D0,-4.792474241350D1,     959P   1822
9.958285479501D-1,-9.124419481542D-2,0D0,-8.905057620041D1,0D0,      959P   1823
0D0,1D0,3.347621701761D1;                                            959P   1824
100,0D0,0D0,0D0,6.5D0,0D0,-6.472885561676D0,5.930872663002D-1;       961P   1825
126,4,3,0,0,1,0,0D0,0D0,0D0,0D0,5D-1,1D0,1D0,1D0,1D0,1D0,1D0,        963P   1826
1D0,1D0,1D0,-4.851782967980D1,-8.257769063873D1,                     963P   1827
3.347621701761D1,-4.852239012263D1,-8.257810849574D1,                963P   1828
3.340201236497D1,-4.850339393573D1,-8.257895757226D1,                963P   1829
3.324495482472D1,-4.841715637300D1,-8.257983388761D1,                963P   1830
3.309577683020D1,-4.835753043725D1,-8.258027898450D1,                963P   1831
3.303130302102D1,0D0,1D0,0D0,0D0,1D0;                                963P   1832
124,0D0,-1D0,0D0,-4.792474241350D1,1D0,0D0,0D0,                      965P   1833
-8.905057620041D1,0D0,0D0,1D0,3.347621701761D1;                      965P   1834
100,0D0,0D0,0D0,6.5D0,0D0,6.472885561676D0,5.930872663002D-1;        967P   1835
110,-4.792474241350D1,-8.905057620041D1,3.347621701761D1,            969P   1836
-4.792474241350D1,-9.005057620041D1,3.347621701761D1;                969P   1837
124,0D0,-1D0,0D0,-4.792474241350D1,1D0,0D0,0D0,                      971P   1838
-8.905057620041D1,0D0,0D0,1D0,3.347621701761D1;                      971P   1839
100,0D0,0D0,0D0,6.5D0,0D0,-6.5D0,0D0;                                973P   1840
120,969,973,-1.122175761200D-1,5.723096382120D0;                     975P   1841
102,2,915,919;                                                       977P   1842
110,0D0,0D0,0D0,3.141592653590D0,0D0,0D0;                            979P   1843
110,3.141592653590D0,0D0,0D0,3.141592653590D0,3.141592653590D0,      981P   1844
0D0;                                                                 981P   1845
110,3.141592653590D0,3.141592653590D0,0D0,0D0,3.141592653590D0,      983P   1846
0D0;                                                                 983P   1847
110,0D0,3.141592653590D0,0D0,0D0,0D0,0D0;                            985P   1848
102,4,979,981,983,985;                                               987P   1849
142,0,975,987,977,1;                                                 989P   1850
144,975,1,0,989;                                                     991P   1851
110,-4.792474241350D1,-8.905057620041D1,3.347621701761D1,            993P   1852
-4.792474241350D1,-9.005057620041D1,3.347621701761D1;                993P   1853
124,0D0,-1D0,0D0,-4.792474241350D1,1D0,0D0,0D0,                      995P   1854
-8.905057620041D1,0D0,0D0,1D0,3.347621701761D1;                      995P   1855
100,0D0,0D0,0D0,6.5D0,0D0,-6.5D0,0D0;                                997P   1856
120,993,997,-1.122175761200D-1,5.723096382120D0;                     999P   1857
126,4,3,0,0,1,0,0D0,0D0,0D0,0D0,5D-1,1D0,1D0,1D0,1D0,1D0,1D0,       1001P   1858
1D0,1D0,1D0,-4.835753043725D1,-8.258027898450D1,                    1001P   1859
3.303130302102D1,-4.841206220122D1,-8.258544393412D1,               1001P   1860
3.300923568934D1,-4.852710147834D1,-8.259802064078D1,               1001P   1861
3.296176921395D1,-4.864761311345D1,-8.261663093404D1,               1001P   1862
3.289554287358D1,-4.870677015484D1,-8.262788837803D1,               1001P   1863
3.285371099510D1,0D0,1D0,0D0,0D0,1D0;                               1001P   1864
126,36,3,0,0,1,0,0D0,0D0,0D0,0D0,2.941176470588D-2,                 1003P   1865
5.882352941176D-2,8.823529411765D-2,1.176470588235D-1,              1003P   1866
1.470588235294D-1,1.764705882353D-1,2.058823529412D-1,              1003P   1867
2.352941176471D-1,2.647058823529D-1,2.941176470588D-1,              1003P   1868
3.235294117647D-1,3.529411764706D-1,3.823529411765D-1,              1003P   1869
4.117647058824D-1,4.411764705882D-1,4.705882352941D-1,5D-1,         1003P   1870
5.294117647059D-1,5.588235294118D-1,5.882352941176D-1,              1003P   1871
6.176470588235D-1,6.470588235294D-1,6.764705882353D-1,              1003P   1872
7.058823529412D-1,7.352941176471D-1,7.647058823529D-1,              1003P   1873
7.941176470588D-1,8.235294117647D-1,8.529411764706D-1,              1003P   1874
8.823529411765D-1,9.117647058824D-1,9.411764705882D-1,              1003P   1875
9.705882352941D-1,1D0,1D0,1D0,1D0,1D0,1D0,1D0,1D0,1D0,1D0,1D0,      1003P   1876
1D0,1D0,1D0,1D0,1D0,1D0,1D0,1D0,1D0,1D0,1D0,1D0,1D0,1D0,1D0,1D0,    1003P   1877
1D0,1D0,1D0,1D0,1D0,1D0,1D0,1D0,1D0,1D0,1D0,1D0,1D0,1D0,            1003P   1878
-4.870677015484D1,-8.262788837803D1,3.285371099510D1,               1003P   1879
-4.889452895420D1,-8.266585589468D1,3.269785563339D1,               1003P   1880
-4.924025654277D1,-8.276549835583D1,3.239739901864D1,               1003P   1881
-4.965942066294D1,-8.295952512751D1,3.197457908233D1,               1003P   1882
-4.997737870477D1,-8.317498612713D1,3.157814217561D1,               1003P   1883
-5.020138021105D1,-8.339401716586D1,3.120944592430D1,               1003P   1884
-5.034384338724D1,-8.360555844366D1,3.086780385031D1,               1003P   1885
-5.041759399637D1,-8.380653032045D1,3.054687470755D1,               1003P   1886
-5.043203842549D1,-8.399503631173D1,3.024437367630D1,               1003P   1887
-5.039283444299D1,-8.417090649667D1,2.995707310394D1,               1003P   1888
-5.030373597500D1,-8.433442596984D1,2.968353862874D1,               1003P   1889
-5.016566272608D1,-8.448506807147D1,2.942390696879D1,               1003P   1890
-4.997831857698D1,-8.462226926650D1,2.917947754797D1,               1003P   1891
-4.974128632254D1,-8.474508090457D1,2.895345198414D1,               1003P   1892
-4.945448969088D1,-8.485096716023D1,2.875182034844D1,               1003P   1893
-4.912103043595D1,-8.493749676210D1,2.858204584631D1,               1003P   1894
-4.874664627006D1,-8.500206766834D1,2.845231696570D1,               1003P   1895
-4.834283781473D1,-8.504165862950D1,2.837112110998D1,               1003P   1896
-4.792311684052D1,-8.505517225449D1,2.834337950287D1,               1003P   1897
-4.750346105507D1,-8.504145252503D1,2.837154445244D1,               1003P   1898
-4.709970185903D1,-8.500162958228D1,2.845318356230D1,               1003P   1899
-4.672554109518D1,-8.493683975867D1,2.858331283927D1,               1003P   1900
-4.639226350329D1,-8.485016054526D1,2.875341842624D1,               1003P   1901
-4.610575535653D1,-8.474393190179D1,2.895553289825D1,               1003P   1902
-4.586930991175D1,-8.462118832313D1,2.918149139701D1,               1003P   1903
-4.568240104713D1,-8.448394385063D1,2.942596219273D1,               1003P   1904
-4.554494469153D1,-8.433300836036D1,2.968580027761D1,               1003P   1905
-4.545593100069D1,-8.416948713621D1,2.995955318084D1,               1003P   1906
-4.541745841797D1,-8.399352896087D1,3.024670642072D1,               1003P   1907
-4.543224251149D1,-8.380467202168D1,3.054989528944D1,               1003P   1908
-4.550656476073D1,-8.360384571262D1,3.087051210566D1,               1003P   1909
-4.564986227629D1,-8.339194626361D1,3.121278390211D1,               1003P   1910
-4.587439600007D1,-8.317311121453D1,3.158154704828D1,               1003P   1911
-4.619190098026D1,-8.295859642413D1,3.197650562522D1,               1003P   1912
-4.660996560212D1,-8.276531987076D1,3.239785284263D1,               1003P   1913
-4.695515590800D1,-8.266582031664D1,3.269797141300D1,               1003P   1914
-4.714271467227D1,-8.262788837803D1,3.285371099496D1,0D0,1D0,       1003P   1915
0D0,0D0,1D0;                                                        1003P   1916
126,4,3,0,0,1,0,0D0,0D0,0D0,0D0,5D-1,1D0,1D0,1D0,1D0,1D0,1D0,       1005P   1917
1D0,1D0,1D0,-4.714271467227D1,-8.262788837803D1,                    1005P   1918
3.285371099496D1,-4.719298896795D1,-8.261835212871D1,               1005P   1919
3.288894351278D1,-4.729480870425D1,-8.260209322492D1,               1005P   1920
3.294723095611D1,-4.739317078718D1,-8.259036176100D1,               1005P   1921
3.299070758015D1,-4.744045678739D1,-8.258538370964D1,               1005P   1922
3.301064909603D1,0D0,1D0,0D0,0D0,1D0;                               1005P   1923
126,6,3,0,0,1,0,0D0,0D0,0D0,0D0,2.5D-1,5D-1,7.5D-1,1D0,1D0,1D0,     1007P   1924
1D0,1D0,1D0,1D0,1D0,1D0,1D0,1D0,-4.744045678739D1,                  1007P   1925
-8.258538370964D1,3.301064909603D1,-4.751016631156D1,               1007P   1926
-8.257828124871D1,3.303676656656D1,-4.763901358959D1,               1007P   1927
-8.256715919431D1,3.309566403647D1,-4.778000485643D1,               1007P   1928
-8.255799163180D1,3.318379175626D1,-4.790018673255D1,               1007P   1929
-8.255155911651D1,3.332623967354D1,-4.792474241349D1,               1007P   1930
-8.255057620041D1,3.342729149198D1,-4.792474241350D1,               1007P   1931
-8.255057620041D1,3.347621701761D1,0D0,1D0,0D0,0D0,1D0;             1007P   1932
126,6,3,0,0,1,0,0D0,0D0,0D0,0D0,2.5D-1,5D-1,7.5D-1,1D0,1D0,1D0,     1009P   1933
1D0,1D0,1D0,1D0,1D0,1D0,1D0,1D0,-4.792474241350D1,                  1009P   1934
-8.255057620041D1,3.347621701761D1,-4.792474241349D1,               1009P   1935
-8.255057620041D1,3.342957056043D1,-4.794732293624D1,               1009P   1936
-8.255149438215D1,3.333401583239D1,-4.805285385538D1,               1009P   1937
-8.255705325215D1,3.319957372700D1,-4.818249598729D1,               1009P   1938
-8.256520892604D1,3.311142632207D1,-4.829648621485D1,               1009P   1939
-8.257449880249D1,3.305598259349D1,-4.835753043725D1,               1009P   1940
-8.258027898450D1,3.303130302102D1,0D0,1D0,0D0,0D0,1D0;             1009P   1941
102,5,1001,1003,1005,1007,1009;                                     1011P   1942
126,4,3,0,0,1,0,0D0,0D0,0D0,0D0,4.738363658638D-1,1D0,1D0,1D0,      1013P   1943
1D0,1D0,1D0,1D0,1D0,1D0,9.563622364224D-2,7.992128763018D-1,0D0,    1013P   1944
1.044921081026D-1,7.608768377430D-1,0D0,1.236055616144D-1,          1013P   1945
6.982629422808D-1,0D0,1.436132075571D-1,6.742525702232D-1,0D0,      1013P   1946
1.543880587949D-1,6.723065004102D-1,0D0,0D0,1D0,0D0,0D0,1D0;        1013P   1947
126,36,3,0,0,1,0,0D0,0D0,0D0,0D0,4.876444849549D-2,                 1015P   1948
9.220359158213D-2,1.305258236544D-1,1.641692846575D-1,              1015P   1949
1.938930137706D-1,2.207380212207D-1,2.455652540723D-1,              1015P   1950
2.691471801568D-1,2.921394756974D-1,3.150906565995D-1,              1015P   1951
3.384952787340D-1,3.627529988599D-1,3.881234299331D-1,              1015P   1952
4.147113904771D-1,4.424525090924D-1,4.710476856119D-1,              1015P   1953
5.001121380275D-1,5.291761850588D-1,5.577732694275D-1,              1015P   1954
5.855134381132D-1,6.121032293162D-1,6.374750416769D-1,              1015P   1955
6.617109884411D-1,6.851010817062D-1,7.080541343549D-1,              1015P   1956
7.310523417403D-1,7.546372325883D-1,7.794965615605D-1,              1015P   1957
8.063508359397D-1,8.361193277937D-1,8.697641268519D-1,              1015P   1958
9.079883718954D-1,9.513071694755D-1,1D0,1D0,1D0,1D0,1D0,1D0,1D0,    1015P   1959
1D0,1D0,1D0,1D0,1D0,1D0,1D0,1D0,1D0,1D0,1D0,1D0,1D0,1D0,1D0,1D0,    1015P   1960
1D0,1D0,1D0,1D0,1D0,1D0,1D0,1D0,1D0,1D0,1D0,1D0,1D0,1D0,1D0,1D0,    1015P   1961
1D0,1D0,1.543880587949D-1,6.723065004102D-1,0D0,                    1015P   1962
1.903548708055D-1,6.770167360253D-1,0D0,2.584393463473D-1,          1015P   1963
6.884426816944D-1,0D0,3.545317463934D-1,7.140439814279D-1,0D0,      1015P   1964
4.389156708406D-1,7.459428426872D-1,0D0,5.122051268592D-1,          1015P   1965
7.823315217203D-1,0D0,5.756430172956D-1,8.221398676041D-1,0D0,      1015P   1966
6.307109563090D-1,8.649936234103D-1,0D0,6.789444542288D-1,          1015P   1967
9.106170074174D-1,0D0,7.214527879294D-1,9.592792394749D-1,0D0,      1015P   1968
7.591415825135D-1,1.011172988695D0,0D0,7.925300242654D-1,           1015P   1969
1.066800200043D0,0D0,8.219071743061D-1,1.126589678687D0,0D0,        1015P   1970
8.474159581101D-1,1.190835752745D0,0D0,8.688505559196D-1,           1015P   1971
1.259721393460D0,0D0,8.860045620994D-1,1.333002826016D0,0D0,        1015P   1972
8.985794598835D-1,1.410048273663D0,0D0,9.062176971227D-1,           1015P   1973
1.489861674738D0,0D0,9.088087496026D-1,1.571111230764D0,0D0,        1015P   1974
9.061774530820D-1,1.652361811909D0,0D0,8.984948764128D-1,           1015P   1975
1.732173183347D0,0D0,8.858743163015D-1,1.809215063223D0,0D0,        1015P   1976
8.686878905919D-1,1.882495975926D0,0D0,8.471952312442D-1,           1015P   1977
1.951342208809D0,0D0,8.216751352928D-1,2.015551599884D0,0D0,        1015P   1978
7.922765279717D-1,2.075297149224D0,0D0,7.588209236701D-1,           1015P   1979
2.130843962330D0,0D0,7.211309072430D-1,2.182772723175D0,0D0,        1015P   1980
6.785373374614D-1,2.231358299416D0,0D0,6.302666001535D-1,           1015P   1981
2.277002561116D0,0D0,5.751084157810D-1,2.319813313103D0,0D0,        1015P   1982
5.116149264842D-1,2.359569678203D0,0D0,4.383580874898D-1,           1015P   1983
2.395939910473D0,0D0,3.541242198869D-1,2.427670077228D0,0D0,        1015P   1984
2.582438957236D-1,2.453115739141D0,0D0,1.903021774562D-1,           1015P   1985
2.464531111980D0,0D0,1.543880587949D-1,2.469286152410D0,0D0,0D0,    1015P   1986
1D0,0D0,0D0,1D0;                                                    1015P   1987
126,4,3,0,0,1,0,0D0,0D0,0D0,0D0,5.227685593194D-1,1D0,1D0,1D0,      1017P   1988
1D0,1D0,1D0,1D0,1D0,1D0,1.543880587949D-1,2.469286152410D0,0D0,     1017P   1989
1.452193803317D-1,2.466879702188D0,0D0,1.279879698755D-1,           1017P   1990
2.448409378257D0,0D0,1.113443622186D-1,2.403412892105D0,0D0,        1017P   1991
1.035353813566D-1,2.375897824780D0,0D0,0D0,1D0,0D0,0D0,1D0;         1017P   1992
126,6,3,0,0,1,0,0D0,0D0,0D0,0D0,2.931132907873D-1,                  1019P   1993
5.401553020251D-1,7.845902543757D-1,1D0,1D0,1D0,1D0,1D0,1D0,1D0,    1019P   1994
1D0,1D0,1D0,1D0,1.035353813566D-1,2.375897824780D0,0D0,             1019P   1995
9.355554006862D-2,2.337565715391D0,0D0,7.565403722679D-2,           1019P   1996
2.248316563872D0,0D0,4.950336134885D-2,2.062232616670D0,0D0,        1019P   1997
2.481320909139D-2,1.843721406498D0,0D0,8.028378982751D-3,           1019P   1998
1.664271554987D0,0D0,0D0,1.570796326911D0,0D0,0D0,1D0,0D0,0D0,      1019P   1999
1D0;                                                                1019P   2000
110,0D0,1.570796326911D0,0D0,0D0,1.570796326909D0,0D0;              1021P   2001
126,6,3,0,0,1,0,0D0,0D0,0D0,0D0,2.206943870950D-1,                  1023P   2002
4.662444564098D-1,7.149597602528D-1,1D0,1D0,1D0,1D0,1D0,1D0,1D0,    1023P   2003
1D0,1D0,1D0,1D0,0D0,1.570796326909D0,0D0,7.565055789440D-3,         1023P   2004
1.482420742576D0,0D0,2.326933589017D-2,1.313862346160D0,0D0,        1023P   2005
4.639889504576D-2,1.105771518806D0,0D0,7.044315295342D-2,           1023P   2006
9.263700379368D-1,0D0,8.674746830487D-2,8.374176621251D-1,0D0,      1023P   2007
9.563622364224D-2,7.992128763018D-1,0D0,0D0,1D0,0D0,0D0,1D0;        1023P   2008
102,6,1013,1015,1017,1019,1021,1023;                                1025P   2009
142,0,999,1025,1011,1;                                              1027P   2010
144,999,1,0,1027;                                                   1029P   2011
110,-4.792474241350D1,-8.905057620041D1,3.347621701761D1,           1031P   2012
-4.792474241350D1,-9.005057620041D1,3.347621701761D1;               1031P   2013
124,0D0,-1D0,0D0,-4.792474241350D1,1D0,0D0,0D0,                     1033P   2014
-8.905057620041D1,0D0,0D0,1D0,3.347621701761D1;                     1033P   2015
100,0D0,0D0,0D0,6.5D0,0D0,-6.5D0,0D0;                               1035P   2016
120,1031,1035,-1.122175761200D-1,5.723096382120D0;                  1037P   2017
126,6,3,0,0,1,0,0D0,0D0,0D0,0D0,2.5D-1,5D-1,7.5D-1,1D0,1D0,1D0,     1039P   2018
1D0,1D0,1D0,1D0,1D0,1D0,1D0,1D0,-4.792474241350D1,                  1039P   2019
-8.255057620041D1,3.347621701761D1,-4.792474241350D1,               1039P   2020
-8.255057620041D1,3.351891175408D1,-4.794402531616D1,               1039P   2021
-8.255137427699D1,3.360645568704D1,-4.803155218615D1,               1039P   2022
-8.255586676525D1,3.373099636511D1,-4.815009041572D1,               1039P   2023
-8.256306356934D1,3.382162684161D1,-4.824563124418D1,               1039P   2024
-8.257034838623D1,3.387204576171D1,-4.829529127937D1,               1039P   2025
-8.257466080600D1,3.389480194622D1,0D0,1D0,0D0,0D0,1D0;             1039P   2026
126,4,3,0,0,1,0,0D0,0D0,0D0,0D0,5D-1,1D0,1D0,1D0,1D0,1D0,1D0,       1041P   2027
1D0,1D0,1D0,-4.829529127937D1,-8.257466080600D1,                    1041P   2028
3.389480194622D1,-4.835730160497D1,-8.257985015542D1,               1041P   2029
3.392019209113D1,-4.849146747356D1,-8.259305430330D1,               1041P   2030
3.397325748822D1,-4.863593265210D1,-8.261441848618D1,               1041P   2031
3.404873794346D1,-4.870677010533D1,-8.262788836824D1,               1041P   2032
3.409872300131D1,0D0,1D0,0D0,0D0,1D0;                               1041P   2033
102,4,931,1039,1041,933;                                            1043P   2034
126,7,3,0,0,1,0,0D0,0D0,0D0,0D0,2.589997662272D-1,                  1045P   2035
4.819133798774D-1,6.642009876903D-1,8.430565524205D-1,1D0,1D0,      1045P   2036
1D0,1D0,1D0,1D0,1D0,1D0,1D0,1D0,1D0,1D0,1.543880392051D-1,          1045P   2037
3.813899154D0,0D0,1.399983789587D-1,3.813784060022D0,0D0,           1045P   2038
1.147543016350D-1,3.852703876540D0,0D0,8.194204665442D-2,           1045P   2039
3.998384911659D0,0D0,5.331634988060D-2,4.189244457878D0,0D0,        1045P   2040
2.674968059697D-2,4.419683263566D0,0D0,8.668499605218D-3,           1045P   2041
4.611973518682D0,0D0,0D0,4.712388980499D0,0D0,0D0,1D0,0D0,0D0,      1045P   2042
1D0;                                                                1045P   2043
110,0D0,4.712388980499D0,0D0,0D0,4.712388980501D0,0D0;              1047P   2044
126,6,3,0,0,1,0,0D0,0D0,0D0,0D0,2.245891979843D-1,                  1049P   2045
4.722640515335D-1,7.276918972803D-1,1D0,1D0,1D0,1D0,1D0,1D0,1D0,    1049P   2046
1D0,1D0,1D0,1D0,0D0,4.712388980501D0,0D0,6.886439263025D-3,         1049P   2047
4.793080770685D0,0D0,2.117095902921D-2,4.947464502851D0,0D0,        1049P   2048
4.242032875001D-2,5.143026001640D0,0D0,6.404240525865D-2,           1049P   2049
5.312423917014D0,0D0,7.854204508812D-2,5.399586940336D0,0D0,        1049P   2050
8.611172322469D-2,5.436990275227D0,0D0,0D0,1D0,0D0,0D0,1D0;         1049P   2051
126,4,3,0,0,1,0,0D0,0D0,0D0,0D0,4.680399137980D-1,1D0,1D0,1D0,      1051P   2052
1D0,1D0,1D0,1D0,1D0,1D0,8.611172322469D-2,5.436990275227D0,0D0,     1051P   2053
9.616035982466D-2,5.490131275204D0,0D0,1.182333515778D-1,           1051P   2054
5.577658661479D0,0D0,1.415955006533D-1,5.609609429412D0,0D0,        1051P   2055
1.543880392051D-1,5.610878806D0,0D0,0D0,1D0,0D0,0D0,1D0;            1051P   2056
126,19,3,0,0,1,0,0D0,0D0,0D0,0D0,7.622206351414D-2,                 1053P   2057
1.427441251658D-1,2.015891467274D-1,2.531692527809D-1,              1053P   2058
3.021200887429D-1,3.538447574896D-1,4.090489904677D-1,              1053P   2059
4.682746203989D-1,5.281382615254D-1,5.848397878620D-1,              1053P   2060
6.359125933397D-1,6.862802287798D-1,7.358464780565D-1,              1053P   2061
7.885089297644D-1,8.503718107708D-1,9.201331230105D-1,1D0,1D0,      1053P   2062
1D0,1D0,1D0,1D0,1D0,1D0,1D0,1D0,1D0,1D0,1D0,1D0,1D0,1D0,1D0,1D0,    1053P   2063
1D0,1D0,1D0,1D0,1D0,1D0,1.543880392051D-1,5.610878806D0,0D0,        1053P   2064
2.103306059580D-1,5.603574782487D0,0D0,3.158239013715D-1,           1053P   2065
5.583675134489D0,0D0,4.632739094851D-1,5.529594703684D0,0D0,        1053P   2066
5.891937836151D-1,5.455691145416D0,0D0,6.936708930321D-1,           1053P   2067
5.361941156023D0,0D0,7.780384207567D-1,5.248807666046D0,0D0,        1053P   2068
8.425586157707D-1,5.115432616961D0,0D0,8.863538931288D-1,           1053P   2069
4.963803252444D0,0D0,9.085269240825D-1,4.801084503388D0,0D0,        1053P   2070
9.091672043605D-1,4.636166451795D0,0D0,8.895779255077D-1,           1053P   2071
4.479598273555D0,0D0,8.512061245732D-1,4.334775069878D0,0D0,        1053P   2072
7.935827580077D-1,4.203231588636D0,0D0,7.135054134055D-1,           1053P   2073
4.085169557263D0,0D0,6.085944409045D-1,3.983011703010D0,0D0,        1053P   2074
4.782155875045D-1,3.901670700813D0,0D0,3.236389490477D-1,           1053P   2075
3.842748285750D0,0D0,2.129651726226D-1,3.821631510645D0,0D0,        1053P   2076
1.543880392051D-1,3.813899154D0,0D0,0D0,1D0,0D0,0D0,1D0;            1053P   2077
102,5,1045,1047,1049,1051,1053;                                     1055P   2078
142,0,1037,1055,1043,1;                                             1057P   2079
144,1037,1,0,1057;                                                  1059P   2080
110,-4.792474241350D1,-8.905057620041D1,3.347621701761D1,           1061P   2081
-4.792474241350D1,-9.005057620041D1,3.347621701761D1;               1061P   2082
124,8.357957367187D-1,-5.490405144276D-1,0D0,-4.792474241350D1,     1063P   2083
5.490405144276D-1,8.357957367187D-1,0D0,-8.905057620041D1,0D0,      1063P   2084
0D0,1D0,3.347621701761D1;                                           1063P   2085
100,0D0,0D0,0D0,6.5D0,0D0,-3.568763343779D0,-5.432672288671D0;      1065P   2086
120,1061,1065,-2.216557561538D0,4.061027745642D0;                   1067P   2087
102,2,937,947;                                                      1069P   2088
126,6,3,0,0,1,0,0D0,0D0,0D0,0D0,2.723081027197D-1,                  1071P   2089
5.277359484665D-1,7.754108020157D-1,1D0,1D0,1D0,1D0,1D0,1D0,1D0,    1071P   2090
1D0,1D0,1D0,1D0,1.075692236102D0,-8.461950319525D-1,0D0,            1071P   2091
1.068122557965D0,-8.835983668475D-1,0D0,1.053622918136D0,           1071P   2092
-9.707613901655D-1,0D0,1.032000841627D0,-1.140159305535D0,0D0,      1071P   2093
1.010751471906D0,-1.335720804346D0,0D0,9.964669521399D-1,           1071P   2094
-1.490104536461D0,0D0,9.895805128769D-1,-1.570796326589D0,0D0,      1071P   2095
0D0,1D0,0D0,0D0,1D0;                                                1071P   2096
110,9.895805128769D-1,-1.570796326589D0,0D0,9.895805128769D-1,      1073P   2097
-1.570796326591D0,0D0;                                              1073P   2098
126,6,3,0,0,1,0,0D0,0D0,0D0,0D0,9.349988835462D-2,                  1075P   2099
1.959289663791D-1,4.207217409955D-1,1D0,1D0,1D0,1D0,1D0,1D0,1D0,    1075P   2100
1D0,1D0,1D0,1D0,9.895805128769D-1,-1.570796326591D0,0D0,            1075P   2101
9.955630192705D-1,-1.686790389254D0,0D0,1.010588122215D0,           1075P   2102
-1.810334377317D0,0D0,1.042520393546D0,-1.953354884335D0,0D0,       1075P   2103
1.064677220261D0,-3.459654671159D0,0D0,1.039941142962D0,            1075P   2104
-4.398963394358D0,0D0,1.075692236102D0,-8.461950319525D-1,0D0,      1075P   2105
0D0,1D0,0D0,0D0,1D0;                                                1075P   2106
102,3,1071,1073,1075;                                               1077P   2107
142,0,1067,1077,1069,1;                                             1079P   2108
144,1067,1,0,1079;                                                  1081P   2109
110,-4.792474241350D1,-8.905057620041D1,3.347621701761D1,           1083P   2110
-4.792474241350D1,-9.005057620041D1,3.347621701761D1;               1083P   2111
124,8.357957367187D-1,-5.490405144276D-1,0D0,-4.792474241350D1,     1085P   2112
5.490405144276D-1,8.357957367187D-1,0D0,-8.905057620041D1,0D0,      1085P   2113
0D0,1D0,3.347621701761D1;                                           1085P   2114
100,0D0,0D0,0D0,6.5D0,0D0,-3.568763343779D0,-5.432672288671D0;      1087P   2115
120,1083,1087,-2.216557561538D0,4.061027745642D0;                   1089P   2116
102,6,949,961,957,953,951,935;                                      1091P   2117
126,4,3,0,0,1,0,0D0,0D0,0D0,0D0,4.716520474970D-1,1D0,1D0,1D0,      1093P   2118
1D0,1D0,1D0,1D0,1D0,1D0,1.075692236102D0,-8.461950319525D-1,0D0,    1093P   2119
1.076604387118D0,-7.094618051006D-1,0D0,1.078453078776D0,           1093P   2120
-4.232557395240D-1,0D0,1.080121007164D0,-1.448874159243D-1,0D0,     1093P   2121
1.080951793365D0,0D0,0D0,0D0,1D0,0D0,0D0,1D0;                       1093P   2122
110,1.080951793365D0,0D0,0D0,4.131173166467D0,0D0,0D0;              1095P   2123
110,4.131173166467D0,0D0,0D0,4.131173166467D0,3.141592653590D0,     1097P   2124
0D0;                                                                1097P   2125
110,4.131173166467D0,3.141592653590D0,0D0,1.098160804076D0,         1099P   2126
3.141592653590D0,0D0;                                               1099P   2127
126,4,3,0,0,1,0,0D0,0D0,0D0,0D0,5.616420843388D-1,1D0,1D0,1D0,      1101P   2128
1D0,1D0,1D0,1D0,1D0,1D0,1.098160804076D0,3.141592653590D0,0D0,      1101P   2129
1.140674267765D0,4.529643164052D0,0D0,1.153527990054D0,             1101P   2130
5.444797466705D0,0D0,1.054493342277D0,3.589040448139D0,0D0,         1101P   2131
9.895805128769D-1,2.243102827795D0,0D0,0D0,1D0,0D0,0D0,1D0;         1101P   2132
110,9.895805128769D-1,2.243102827795D0,0D0,9.895805128769D-1,       1103P   2133
2.243102827795D0,0D0;                                               1103P   2134
126,19,3,0,0,1,0,0D0,0D0,0D0,0D0,1.278250047428D-1,                 1105P   2135
1.862497741851D-1,2.379319789736D-1,2.832335786326D-1,              1105P   2136
3.262259519697D-1,3.716545181711D-1,4.201391046160D-1,              1105P   2137
4.721555896037D-1,5.247324244397D-1,5.745320481884D-1,              1105P   2138
6.193880985203D-1,6.636248140865D-1,7.071576903180D-1,              1105P   2139
7.534098887390D-1,8.077426087059D-1,8.690123359959D-1,1D0,1D0,      1105P   2140
1D0,1D0,1D0,1D0,1D0,1D0,1D0,1D0,1D0,1D0,1D0,1D0,1D0,1D0,1D0,1D0,    1105P   2141
1D0,1D0,1D0,1D0,1D0,1D0,9.895805128769D-1,2.243102827795D0,0D0,     1105P   2142
8.827142084065D-1,1.030404308001D0,0D0,7.243036267444D-1,           1105P   2143
6.052138986083D-1,0D0,5.263307615182D-1,7.653781217232D-1,0D0,      1105P   2144
4.003814004490D-1,8.249064914100D-1,0D0,2.959108623180D-1,          1105P   2145
9.218600862692D-1,0D0,2.115417200638D-1,1.034206402161D0,0D0,       1105P   2146
1.470219797882D-1,1.167803105256D0,0D0,1.032265698537D-1,           1105P   2147
1.319366802661D0,0D0,8.105357515321D-2,1.482106091138D0,0D0,        1105P   2148
8.041329608366D-2,1.647013759827D0,0D0,1.000025375186D-1,           1105P   2149
1.803600847834D0,0D0,1.383744721396D-1,1.948365301212D0,0D0,        1105P   2150
1.959973559478D-1,2.080118124586D0,0D0,2.760765066872D-1,           1105P   2151
2.197396778192D0,0D0,3.809799281795D-1,2.302830000089D0,0D0,        1105P   2152
5.113936829165D-1,2.369031479124D0,0D0,7.163923006673D-1,           1105P   2153
2.538466199921D0,0D0,8.802322679630D-1,2.105270115798D0,0D0,        1105P   2154
9.895805128769D-1,8.984898262051D-1,0D0,0D0,1D0,0D0,0D0,1D0;        1105P   2155
110,9.895805128769D-1,8.984898262051D-1,0D0,9.895805128769D-1,      1107P   2156
8.984898262051D-1,0D0;                                              1107P   2157
126,4,3,0,0,1,0,0D0,0D0,0D0,0D0,7.782511060173D-1,1D0,1D0,1D0,      1109P   2158
1D0,1D0,1D0,1D0,1D0,1D0,9.895805128769D-1,8.984898262051D-1,0D0,    1109P   2159
1.087212187102D0,4.906912578476D-2,0D0,1.137369454592D0,            1109P   2160
-6.455592594223D-1,0D0,1.090780536055D0,-8.303011518921D-1,0D0,     1109P   2161
1.075692236102D0,-8.461950319525D-1,0D0,0D0,1D0,0D0,0D0,1D0;        1109P   2162
102,9,1093,1095,1097,1099,1101,1103,1105,1107,1109;                 1111P   2163
142,0,1089,1111,1091,1;                                             1113P   2164
102,4,927,929,921,939;                                              1115P   2165
126,4,3,0,0,1,0,0D0,0D0,0D0,0D0,4.772316177828D-1,1D0,1D0,1D0,      1117P   2166
1D0,1D0,1D0,1D0,1D0,1D0,1.093115894233D0,2.375897824780D0,0D0,      1117P   2167
1.100924875105D0,2.403412891275D0,0D0,1.117568476585D0,             1117P   2168
2.448409360729D0,0D0,1.134799880388D0,2.466879691293D0,0D0,         1117P   2169
1.143968552082D0,2.469286153D0,0D0,0D0,1D0,0D0,0D0,1D0;             1117P   2170
126,36,3,0,0,1,0,0D0,0D0,0D0,0D0,4.869283849508D-2,                 1119P   2171
9.201163531031D-2,1.302358796788D-1,1.638806781430D-1,              1119P   2172
1.936491694714D-1,2.205034433764D-1,2.453627719097D-1,              1119P   2173
2.689476623412D-1,2.919458693206D-1,3.148989215640D-1,              1119P   2174
3.382890144161D-1,3.625249607524D-1,3.878967726650D-1,              1119P   2175
4.144865633986D-1,4.422267315944D-1,4.708238154582D-1,              1119P   2176
4.998878619764D-1,5.289523138787D-1,5.575474898933D-1,              1119P   2177
5.852886080188D-1,6.118765680934D-1,6.372469987186D-1,              1119P   2178
6.615047184161D-1,6.849093401374D-1,7.078605206343D-1,              1119P   2179
7.308528157689D-1,7.544347414370D-1,7.792619738502D-1,              1119P   2180
8.061069808263D-1,8.358307094146D-1,8.694741698236D-1,              1119P   2181
9.077964012193D-1,9.512355435389D-1,1D0,1D0,1D0,1D0,1D0,1D0,1D0,    1119P   2182
1D0,1D0,1D0,1D0,1D0,1D0,1D0,1D0,1D0,1D0,1D0,1D0,1D0,1D0,1D0,1D0,    1119P   2183
1D0,1D0,1D0,1D0,1D0,1D0,1D0,1D0,1D0,1D0,1D0,1D0,1D0,1D0,1D0,1D0,    1119P   2184
1D0,1D0,1.143968552082D0,2.469286153D0,0D0,1.179882677275D0,        1119P   2185
2.464531113496D0,0D0,1.247824402107D0,2.453115741145D0,0D0,         1119P   2186
1.343704732762D0,2.427670077166D0,0D0,1.427938600367D0,             1119P   2187
2.395939910487D0,0D0,1.501195439361D0,2.359569678200D0,0D0,         1119P   2188
1.564688928658D0,2.319813313104D0,0D0,1.619847113030D0,             1119P   2189
2.277002561116D0,0D0,1.668117850338D0,2.231358299416D0,0D0,         1119P   2190
1.710711420120D0,2.182772723175D0,0D0,1.748401436547D0,             1119P   2191
2.130843962330D0,0D0,1.781857040849D0,2.075297149224D0,0D0,         1119P   2192
1.811255648170D0,2.015551599884D0,0D0,1.836775744121D0,             1119P   2193
1.951342208809D0,0D0,1.858268403469D0,1.882495975926D0,0D0,         1119P   2194
1.875454829178D0,1.809215063223D0,0D0,1.888075389290D0,             1119P   2195
1.732173183347D0,0D0,1.895757965959D0,1.652361811909D0,0D0,         1119P   2196
1.898389262480D0,1.571111230764D0,0D0,1.89579821D0,                 1119P   2197
1.489861674738D0,0D0,1.888159972760D0,1.410048273663D0,0D0,         1119P   2198
1.875585074976D0,1.333002826016D0,0D0,1.858431068796D0,             1119P   2199
1.259721393460D0,0D0,1.836996470987D0,1.190835752745D0,0D0,         1119P   2200
1.811487687183D0,1.126589678687D0,0D0,1.782110537142D0,             1119P   2201
1.066800200043D0,0D0,1.748722095390D0,1.011172988695D0,0D0,         1119P   2202
1.711033300806D0,9.592792394750D-1,0D0,1.668524967106D0,            1119P   2203
9.106170074174D-1,0D0,1.620291469186D0,8.649936234106D-1,0D0,       1119P   2204
1.565223530173D0,8.221398676030D-1,0D0,1.501785639736D0,            1119P   2205
7.823315217250D-1,0D0,1.428496183718D0,7.459428426656D-1,0D0,       1119P   2206
1.344112259268D0,7.140439815259D-1,0D0,1.248019852734D0,            1119P   2207
6.884426795229D-1,0D0,1.179935370627D0,6.770167349020D-1,0D0,       1119P   2208
1.143968552082D0,6.72306501D-1,0D0,0D0,1D0,0D0,0D0,1D0;             1119P   2209
126,4,3,0,0,1,0,0D0,0D0,0D0,0D0,5.261634830693D-1,1D0,1D0,1D0,      1121P   2210
1D0,1D0,1D0,1D0,1D0,1D0,1.143968552082D0,6.72306501D-1,0D0,         1121P   2211
1.133193707675D0,6.742525840848D-1,0D0,1.113186068398D0,            1121P   2212
6.982629626624D-1,0D0,1.094072620980D0,7.608768381623D-1,0D0,       1121P   2213
1.085216736519D0,7.992128763018D-1,0D0,0D0,1D0,0D0,0D0,1D0;         1121P   2214
126,4,3,0,0,1,0,0D0,0D0,0D0,0D0,5.205027363416D-1,1D0,1D0,1D0,      1123P   2215
1D0,1D0,1D0,1D0,1D0,1D0,1.085216736519D0,7.992128763018D-1,0D0,     1123P   2216
1.086438283362D0,1.085492763590D0,0D0,1.088934107186D0,             1123P   2217
1.622775651119D0,0D0,1.091716123983D0,2.135613690001D0,0D0,         1123P   2218
1.093115894233D0,2.375897824780D0,0D0,0D0,1D0,0D0,0D0,1D0;          1123P   2219
102,4,1117,1119,1121,1123;                                          1125P   2220
142,0,1089,1125,1115,1;                                             1127P   2221
144,1089,1,1,1113,1127;                                             1129P   2222
110,-4.792474241350D1,-8.905057620041D1,3.347621701761D1,           1131P   2223
-4.792474241350D1,-9.005057620041D1,3.347621701761D1;               1131P   2224
124,8.357957367187D-1,-5.490405144276D-1,0D0,-4.792474241350D1,     1133P   2225
5.490405144276D-1,8.357957367187D-1,0D0,-8.905057620041D1,0D0,      1133P   2226
0D0,1D0,3.347621701761D1;                                           1133P   2227
100,0D0,0D0,0D0,6.5D0,0D0,-3.568763343779D0,-5.432672288671D0;      1135P   2228
120,1131,1135,-2.216557561538D0,4.061027745642D0;                   1137P   2229
102,3,943,925,945;                                                  1139P   2230
110,1.098160804076D0,3.141592653590D0,0D0,9.895805128769D-1,        1141P   2231
3.141592653590D0,0D0;                                               1141P   2232
110,9.895805128769D-1,3.141592653590D0,0D0,9.895805128769D-1,       1143P   2233
1.570796327001D0,0D0;                                               1143P   2234
126,6,3,0,0,1,0,0D0,0D0,0D0,0D0,2.154097456243D-1,                  1145P   2235
4.598446979749D-1,7.068867092127D-1,1D0,1D0,1D0,1D0,1D0,1D0,1D0,    1145P   2236
1D0,1D0,1D0,1D0,9.895805128769D-1,1.570796327001D0,0D0,             1145P   2237
9.976088918596D-1,1.664271555021D0,0D0,1.014393721968D0,            1145P   2238
1.843721406480D0,0D0,1.039083874226D0,2.062232616675D0,0D0,         1145P   2239
1.065234550104D0,2.248316563872D0,0D0,1.083136052945D0,             1145P   2240
2.337565715386D0,0D0,1.093115894233D0,2.375897824780D0,0D0,0D0,     1145P   2241
1D0,0D0,0D0,1D0;                                                    1145P   2242
126,4,3,0,0,1,0,0D0,0D0,0D0,0D0,5.185006979123D-1,1D0,1D0,1D0,      1147P   2243
1D0,1D0,1D0,1D0,1D0,1D0,1.093115894233D0,2.375897824780D0,0D0,      1147P   2244
1.093909619910D0,2.511577602416D0,0D0,1.095518633264D0,             1147P   2245
2.769912728474D0,0D0,1.097278473960D0,3.021802328150D0,0D0,         1147P   2246
1.098160804076D0,3.141592653590D0,0D0,0D0,1D0,0D0,0D0,1D0;          1147P   2247
102,4,1141,1143,1145,1147;                                          1149P   2248
142,0,1137,1149,1139,1;                                             1151P   2249
144,1137,1,0,1151;                                                  1153P   2250
110,-4.792474241350D1,-8.905057620041D1,3.347621701761D1,           1155P   2251
-4.792474241350D1,-9.005057620041D1,3.347621701761D1;               1155P   2252
124,8.357957367187D-1,-5.490405144276D-1,0D0,-4.792474241350D1,     1157P   2253
5.490405144276D-1,8.357957367187D-1,0D0,-8.905057620041D1,0D0,      1157P   2254
0D0,1D0,3.347621701761D1;                                           1157P   2255
100,0D0,0D0,0D0,6.5D0,0D0,-3.568763343779D0,-5.432672288671D0;      1159P   2256
120,1155,1159,-2.216557561538D0,4.061027745642D0;                   1161P   2257
102,3,923,967,963;                                                  1163P   2258
126,6,3,0,0,1,0,0D0,0D0,0D0,0D0,2.850402397472D-1,                  1165P   2259
5.337555435902D-1,7.793056129050D-1,1D0,1D0,1D0,1D0,1D0,1D0,1D0,    1165P   2260
1D0,1D0,1D0,1D0,1.085216736519D0,7.992128763018D-1,0D0,             1165P   2261
1.076327981182D0,8.374176621210D-1,0D0,1.060023665830D0,            1165P   2262
9.263700379368D-1,0D0,1.035979407923D0,1.105771518810D0,0D0,        1165P   2263
1.012849848767D0,1.313862346142D0,0D0,9.971455686663D-1,            1165P   2264
1.482420742610D0,0D0,9.895805128769D-1,1.570796326999D0,0D0,0D0,    1165P   2265
1D0,0D0,0D0,1D0;                                                    1165P   2266
110,9.895805128769D-1,1.570796326999D0,0D0,9.895805128769D-1,       1167P   2267
0D0,0D0;                                                            1167P   2268
110,9.895805128769D-1,0D0,0D0,1.080951793365D0,0D0,0D0;             1169P   2269
126,4,3,0,0,1,0,0D0,0D0,0D0,0D0,4.794079634612D-1,1D0,1D0,1D0,      1171P   2270
1D0,1D0,1D0,1D0,1D0,1D0,1.080951793365D0,0D0,0D0,                   1171P   2271
1.081683545975D0,1.304875850613D-1,0D0,1.083159709842D0,            1171P   2272
3.999011900465D-1,0D0,1.084531154188D0,6.635342362190D-1,0D0,       1171P   2273
1.085216736519D0,7.992128763018D-1,0D0,0D0,1D0,0D0,0D0,1D0;         1171P   2274
102,4,1165,1167,1169,1171;                                          1173P   2275
142,0,1161,1173,1163,1;                                             1175P   2276
144,1161,1,0,1175;                                                  1177P   2277
406,1,6HINTF_1;                                                     1179P   2278
402,415,25,27,31,35,39,43,47,51,55,59,63,65,67,69,73,77,79,81,      1181P   2279
83,87,91,95,99,103,107,111,115,119,123,125,127,131,135,137,139,     1181P   2280
143,147,149,151,153,155,159,161,163,165,167,171,175,177,179,181,    1181P   2281
183,187,191,193,195,197,199,203,207,209,211,213,223,225,227,229,    1181P   2282
231,233,237,239,241,243,257,259,261,263,265,267,271,273,275,277,    1181P   2283
279,281,285,287,289,291,295,297,299,301,303,305,307,309,311,313,    1181P   2284
317,319,321,323,325,327,331,333,335,337,341,343,345,347,349,351,    1181P   2285
353,355,357,359,363,365,367,369,385,387,389,391,393,395,397,399,    1181P   2286
401,403,405,407,409,413,415,417,419,421,423,425,429,431,433,435,    1181P   2287
437,439,441,443,445,447,451,453,455,457,459,461,463,465,469,471,    1181P   2288
473,475,479,481,485,487,509,511,513,515,517,519,523,527,529,533,    1181P   2289
535,545,547,549,551,553,555,559,563,565,567,569,571,573,575,577,    1181P   2290
589,591,593,595,599,601,603,605,609,611,613,615,617,619,623,625,    1181P   2291
627,629,631,633,635,639,641,643,645,665,667,669,671,673,675,677,    1181P   2292
679,681,683,685,687,689,693,695,697,699,705,707,709,711,713,715,    1181P   2293
719,721,723,725,735,737,739,741,743,745,749,751,753,755,757,759,    1181P   2294
763,765,767,769,773,775,777,779,785,787,789,791,793,795,799,801,    1181P   2295
803,805,807,809,811,813,815,817,821,823,825,827,833,835,837,839,    1181P   2296
841,843,847,849,851,853,855,857,861,863,865,867,871,873,875,877,    1181P   2297
883,885,887,889,891,893,897,899,901,903,905,907,911,915,919,921,    1181P   2298
923,925,927,929,931,933,935,937,939,943,945,947,949,951,953,957,    1181P   2299
961,963,967,969,973,975,977,979,983,987,991,993,997,999,1011,       1181P   2300
1013,1015,1017,1019,1023,1025,1029,1031,1035,1037,1043,1045,        1181P   2301
1049,1051,1053,1055,1059,1061,1065,1067,1069,1071,1075,1077,        1181P   2302
1081,1083,1087,1089,1091,1093,1095,1099,1101,1105,1109,1111,        1181P   2303
1115,1117,1119,1121,1123,1125,1129,1131,1135,1137,1139,1141,        1181P   2304
1145,1147,1149,1153,1155,1159,1161,1163,1165,1169,1171,1173,        1181P   2305
1177,0,1,1179;                                                      1181P   2306
406,1,9HINTFCLR_1;                                                  1183P   2307
402,415,25,27,31,35,39,43,47,51,55,59,63,65,67,69,73,77,79,81,      1185P   2308
83,87,91,95,99,103,107,111,115,119,123,125,127,131,135,137,139,     1185P   2309
143,147,149,151,153,155,159,161,163,165,167,171,175,177,179,181,    1185P   2310
183,187,191,193,195,197,199,203,207,209,211,213,223,225,227,229,    1185P   2311
231,233,237,239,241,243,257,259,261,263,265,267,271,273,275,277,    1185P   2312
279,281,285,287,289,291,295,297,299,301,303,305,307,309,311,313,    1185P   2313
317,319,321,323,325,327,331,333,335,337,341,343,345,347,349,351,    1185P   2314
353,355,357,359,363,365,367,369,385,387,389,391,393,395,397,399,    1185P   2315
401,403,405,407,409,413,415,417,419,421,423,425,429,431,433,435,    1185P   2316
437,439,441,443,445,447,451,453,455,457,459,461,463,465,469,471,    1185P   2317
473,475,479,481,485,487,509,511,513,515,517,519,523,527,529,533,    1185P   2318
535,545,547,549,551,553,555,559,563,565,567,569,571,573,575,577,    1185P   2319
589,591,593,595,599,601,603,605,609,611,613,615,617,619,623,625,    1185P   2320
627,629,631,633,635,639,641,643,645,665,667,669,671,673,675,677,    1185P   2321
679,681,683,685,687,689,693,695,697,699,705,707,709,711,713,715,    1185P   2322
719,721,723,725,735,737,739,741,743,745,749,751,753,755,757,759,    1185P   2323
763,765,767,769,773,775,777,779,785,787,789,791,793,795,799,801,    1185P   2324
803,805,807,809,811,813,815,817,821,823,825,827,833,835,837,839,    1185P   2325
841,843,847,849,851,853,855,857,861,863,865,867,871,873,875,877,    1185P   2326
883,885,887,889,891,893,897,899,901,903,905,907,911,915,919,921,    1185P   2327
923,925,927,929,931,933,935,937,939,943,945,947,949,951,953,957,    1185P   2328
961,963,967,969,973,975,977,979,983,987,991,993,997,999,1011,       1185P   2329
1013,1015,1017,1019,1023,1025,1029,1031,1035,1037,1043,1045,        1185P   2330
1049,1051,1053,1055,1059,1061,1065,1067,1069,1071,1075,1077,        1185P   2331
1081,1083,1087,1089,1091,1093,1095,1099,1101,1105,1109,1111,        1185P   2332
1115,1117,1119,1121,1123,1125,1129,1131,1135,1137,1139,1141,        1185P   2333
1145,1147,1149,1153,1155,1159,1161,1163,1165,1169,1171,1173,        1185P   2334
1177,0,1,1183;                                                      1185P   2335
126,15,3,0,0,1,0,0D0,0D0,0D0,0D0,7.692307692308D-2,                 1187P   2336
1.538461538462D-1,2.307692307692D-1,3.076923076923D-1,              1187P   2337
3.846153846154D-1,4.615384615385D-1,5.384615384615D-1,              1187P   2338
6.153846153846D-1,6.923076923077D-1,7.692307692308D-1,              1187P   2339
8.461538461538D-1,9.230769230769D-1,1D0,1D0,1D0,1D0,1D0,1D0,1D0,    1187P   2340
1D0,1D0,1D0,1D0,1D0,1D0,1D0,1D0,1D0,1D0,1D0,1D0,1D0,                1187P   2341
-6.636279587950D1,4.458337716060D1,5.180756133044D1,                1187P   2342
-6.636279587950D1,4.441530120499D1,5.180756133044D1,                1187P   2343
-6.633154910499D1,4.407960477858D1,5.183905931962D1,                1187P   2344
-6.620769590553D1,4.362700627979D1,5.196299949912D1,                1187P   2345
-6.598482950611D1,4.319378327804D1,5.218127314872D1,                1187P   2346
-6.571293468711D1,4.289142518495D1,5.243963423859D1,                1187P   2347
-6.543904033298D1,4.270030954571D1,5.269371297034D1,                1187P   2348
-6.508557164710D1,4.257758964333D1,5.301045374397D1,                1187P   2349
-6.470671003419D1,4.257846464912D1,5.333687053423D1,                1187P   2350
-6.433006852136D1,4.270372226355D1,5.364904879144D1,                1187P   2351
-6.398315893158D1,4.294504703569D1,5.392547075158D1,                1187P   2352
-6.368696126568D1,4.329983137617D1,5.415449495235D1,                1187P   2353
-6.349436883947D1,4.367671248387D1,5.429932524639D1,                1187P   2354
-6.336848186671D1,4.408718452815D1,5.439265785595D1,                1187P   2355
-6.333274343502D1,4.441402081082D1,5.441884112373D1,                1187P   2356
-6.333274343496D1,4.458337716006D1,5.441884112377D1,0D0,1D0,0D0,    1187P   2357
0D0,1D0;                                                            1187P   2358
110,-6.119052771412D1,4.458337716060D1,4.580581313219D1,            1189P   2359
-6.636279587950D1,4.458337716060D1,5.180756133044D1;                1189P   2360
126,15,3,0,0,1,0,0D0,0D0,0D0,0D0,7.692307692308D-2,                 1191P   2361
1.538461538462D-1,2.307692307692D-1,3.076923076923D-1,              1191P   2362
3.846153846154D-1,4.615384615385D-1,5.384615384615D-1,              1191P   2363
6.153846153846D-1,6.923076923077D-1,7.692307692308D-1,              1191P   2364
8.461538461538D-1,9.230769230769D-1,1D0,1D0,1D0,1D0,1D0,1D0,1D0,    1191P   2365
1D0,1D0,1D0,1D0,1D0,1D0,1D0,1D0,1D0,1D0,1D0,1D0,1D0,                1191P   2366
-6.333274343496D1,4.458337716006D1,5.441884112377D1,                1191P   2367
-6.333274343490D1,4.475135406738D1,5.441884112381D1,                1191P   2368
-6.336840101247D1,4.508713209648D1,5.439266762240D1,                1191P   2369
-6.351010952201D1,4.554166194764D1,5.428785033323D1,                1191P   2370
-6.375940980615D1,4.597465107414D1,5.409924550870D1,                1191P   2371
-6.405559945889D1,4.627671125915D1,5.386803575063D1,                1191P   2372
-6.434602159888D1,4.646650000706D1,5.363567689090D1,                1191P   2373
-6.471074557692D1,4.658913833562D1,5.333347328973D1,                1191P   2374
-6.509010312996D1,4.658827082546D1,5.300646304018D1,                1191P   2375
-6.545448820989D1,4.646293721407D1,5.268001970223D1,                1191P   2376
-6.577985943276D1,4.622073356233D1,5.237700363939D1,                1191P   2377
-6.604972036684D1,4.586571300875D1,5.211820861588D1,                1191P   2378
-6.622098358483D1,4.548914940658D1,5.194950535793D1,                1191P   2379
-6.633153987442D1,4.507981057699D1,5.183912789331D1,                1191P   2380
-6.636279587950D1,4.475289714823D1,5.180756133044D1,                1191P   2381
-6.636279587950D1,4.458337716060D1,5.180756133044D1,0D0,1D0,0D0,    1191P   2382
0D0,1D0;                                                            1191P   2383
110,-6.333274343496D1,4.458337716006D1,5.441884112377D1,            1193P   2384
-5.816047526782D1,4.458337716006D1,4.841709292639D1;                1193P   2385
124,-7.575131117753D-1,0D0,-6.528199487520D-1,-5.967550149100D1,    1195P   2386
0D0,-1D0,0D0,4.458337716060D1,-6.528199487520D-1,0D0,               1195P   2387
7.575131117753D-1,4.711145302917D1;                                 1195P   2388
100,0D0,0D0,0D0,1.999999999810D0,0D0,-1.999999999810D0,0D0;         1197P   2389
124,7.575131117753D-1,0D0,-6.528199487520D-1,-5.967550149100D1,     1199P   2390
0D0,1D0,0D0,4.458337716060D1,6.528199487520D-1,0D0,                 1199P   2391
7.575131117753D-1,4.711145302917D1;                                 1199P   2392
100,0D0,0D0,0D0,1.999999999707D0,0D0,-1.999999999707D0,0D0;         1201P   2393
124,-3.296156237342D-1,-9.441152157392D-1,0D0,-4.792474241350D1,    1203P   2394
0D0,0D0,1D0,4.738337716060D1,-9.441152157392D-1,                    1203P   2395
3.296156237342D-1,0D0,3.347621701761D1;                             1203P   2396
100,0D0,0D0,0D0,2.6D1,0D0,-2.6D1,-1.066536673648D-8;                1205P   2397
124,-3.296156241215D-1,-9.441152156040D-1,0D0,-4.792474241350D1,    1207P   2398
0D0,0D0,1D0,4.758337716060D1,-9.441152156040D-1,                    1207P   2399
3.296156241215D-1,0D0,3.347621701761D1;                             1207P   2400
100,0D0,0D0,0D0,2.58D1,0D0,-2.58D1,-1.058332545389D-8;              1209P   2401
124,3.296156241215D-1,-9.441152156040D-1,0D0,-4.792474241350D1,     1211P   2402
0D0,0D0,-1D0,4.778337716060D1,9.441152156040D-1,                    1211P   2403
3.296156241215D-1,0D0,3.347621701761D1;                             1211P   2404
100,0D0,0D0,0D0,2.6D1,0D0,-2.6D1,-1.066536673648D-8;                1213P   2405
110,-3.935473618131D1,4.778337716060D1,5.802321262155D1,            1215P   2406
-3.942065930617D1,4.758337716060D1,5.783438957845D1;                1215P   2407
124,-3.296156237342D-1,9.441152157392D-1,0D0,-4.792474241350D1,     1217P   2408
0D0,0D0,-1D0,4.778337716060D1,-9.441152157392D-1,                   1217P   2409
-3.296156237342D-1,0D0,3.347621701761D1;                            1217P   2410
100,0D0,0D0,0D0,2.6D1,0D0,-2.6D1,1.066537310464D-8;                 1219P   2411
110,-5.642882551084D1,4.758337716060D1,9.118044453280D0,            1221P   2412
-5.649474863562D1,4.778337716060D1,8.929221410145D0;                1221P   2413
110,-5.649474863382D1,5.258337716007D1,8.929221410335D0,            1223P   2414
-5.649474863562D1,5.338337714673D1,8.929221410151D0;                1223P   2415
110,-5.649474863562D1,4.778337716060D1,8.929221410145D0,            1225P   2416
-5.649474863393D1,4.858337716114D1,8.929221410374D0;                1225P   2417
110,-3.935473618635D1,4.858337716114D1,5.802321262250D1,            1227P   2418
-3.935473618131D1,4.778337716060D1,5.802321262155D1;                1227P   2419
110,-3.935473618634D1,5.338337716079D1,5.802321262331D1,            1229P   2420
-3.935473618647D1,5.258337716007D1,5.802321262254D1;                1229P   2421
124,3.296156241215D-1,-9.441152156040D-1,0D0,-4.792474241350D1,     1231P   2422
0D0,0D0,-1D0,5.338337716060D1,9.441152156040D-1,                    1231P   2423
3.296156241215D-1,0D0,3.347621701761D1;                             1231P   2424
100,0D0,0D0,0D0,2.6D1,0D0,-2.6D1,-1.066536673648D-8;                1233P   2425
124,-2.415774253869D-9,3.296156241398D-1,9.441152155976D-1,         1235P   2426
-3.942065931056D1,1D0,7.885623450550D-10,2.283468249422D-9,         1235P   2427
5.338337713285D1,8.171241483423D-12,9.441152155976D-1,              1235P   2428
-3.296156241398D-1,5.783438958054D1;                                1235P   2429
100,0D0,0D0,0D0,1.999999994571D-1,0D0,2.796804879096D-8,            1237P   2430
1.999999994571D-1;                                                  1237P   2431
124,-3.296156241198D-1,-2.155857118629D-9,9.441152156046D-1,        1239P   2432
-5.642882551601D1,0D0,1D0,2.283468249422D-9,5.338337713285D1,       1239P   2433
-9.441152156046D-1,7.526668121908D-10,-3.296156241198D-1,           1239P   2434
9.118044454522D0;                                                   1239P   2435
100,0D0,0D0,0D0,1.999999994571D-1,0D0,-1.577128967242D-10,          1241P   2436
1.999999994571D-1;                                                  1241P   2437
124,3.296156241231D-1,9.441152156034D-1,-2.155857118628D-9,         1243P   2438
-4.792474241354D1,0D0,2.283468249422D-9,1D0,5.338337713285D1,       1243P   2439
9.441152156034D-1,-3.296156241231D-1,7.526668121946D-10,            1243P   2440
3.347621701762D1;                                                   1243P   2441
100,0D0,0D0,0D0,2.599999999999D1,0D0,-2.599999999999D1,             1245P   2442
1.075658902834D-8;                                                  1245P   2443
124,-3.296156241398D-1,-9.441152155976D-1,2.155857118628D-9,        1247P   2444
-4.792474241303D1,0D0,2.283468249422D-9,1D0,5.358337713231D1,       1247P   2445
-9.441152155976D-1,3.296156241398D-1,-7.526668121946D-10,           1247P   2446
3.347621701744D1;                                                   1247P   2447
100,0D0,0D0,0D0,2.580000000048D1,0D0,-2.580000000048D1,             1249P   2448
1.004608358636D-9;                                                  1249P   2449
124,3.296156241398D-1,9.441152155976D-1,-2.155857118628D-9,         1251P   2450
-4.792474241397D1,0D0,2.283468249422D-9,1D0,5.358337713231D1,       1251P   2451
9.441152155976D-1,-3.296156241398D-1,7.526668121946D-10,            1251P   2452
3.347621701777D1;                                                   1251P   2453
100,0D0,0D0,0D0,2.580000000048D1,0D0,-2.580000000048D1,             1253P   2454
1.004608358636D-9;                                                  1253P   2455
124,-3.296156241215D-1,9.441152156040D-1,0D0,-4.792474241350D1,     1255P   2456
0D0,0D0,-1D0,5.358337716060D1,-9.441152156040D-1,                   1255P   2457
-3.296156241215D-1,0D0,3.347621701761D1;                            1255P   2458
100,0D0,0D0,0D0,1.7D1,0D0,-1.7D1,0D0;                               1257P   2459
124,3.296156241215D-1,-9.441152156040D-1,0D0,-4.792474241350D1,     1259P   2460
0D0,0D0,-1D0,5.358337716060D1,9.441152156040D-1,                    1259P   2461
3.296156241215D-1,0D0,3.347621701761D1;                             1259P   2462
100,0D0,0D0,0D0,1.7D1,0D0,-1.7D1,0D0;                               1261P   2463
110,-4.232127680503D1,4.158337716060D1,4.952617567831D1,            1263P   2464
-4.232127680503D1,5.358337716060D1,4.952617567831D1;                1263P   2465
110,-5.352820801758D1,5.358337716060D1,1.742625835537D1,            1265P   2466
-5.352820801758D1,4.158337716060D1,1.742625835537D1;                1265P   2467
124,-3.296156241398D-1,-9.441152155976D-1,-2.155857118628D-9,       1267P   2468
-4.792474241303D1,0D0,-2.283468249422D-9,1D0,4.158337718890D1,      1267P   2469
-9.441152155976D-1,3.296156241398D-1,7.526668121946D-10,            1267P   2470
3.347621701744D1;                                                   1267P   2471
100,0D0,0D0,0D0,2.580000000048D1,0D0,-2.580000000048D1,             1269P   2472
1.004608358636D-9;                                                  1269P   2473
124,3.296156241398D-1,9.441152155976D-1,2.155857118628D-9,          1271P   2474
-4.792474241397D1,0D0,-2.283468249422D-9,1D0,4.158337718890D1,      1271P   2475
9.441152155976D-1,-3.296156241398D-1,-7.526668121946D-10,           1271P   2476
3.347621701777D1;                                                   1271P   2477
100,0D0,0D0,0D0,2.580000000048D1,0D0,-2.580000000048D1,             1273P   2478
1.004608358636D-9;                                                  1273P   2479
124,3.296156241215D-1,-9.441152156040D-1,0D0,-4.792474241350D1,     1275P   2480
0D0,0D0,-1D0,4.158337716060D1,9.441152156040D-1,                    1275P   2481
3.296156241215D-1,0D0,3.347621701761D1;                             1275P   2482
100,0D0,0D0,0D0,1.7D1,0D0,-1.7D1,0D0;                               1277P   2483
124,-3.296156241215D-1,9.441152156040D-1,0D0,-4.792474241350D1,     1279P   2484
0D0,0D0,-1D0,4.158337716060D1,-9.441152156040D-1,                   1279P   2485
-3.296156241215D-1,0D0,3.347621701761D1;                            1279P   2486
100,0D0,0D0,0D0,1.7D1,0D0,-1.7D1,0D0;                               1281P   2487
124,3.296156241198D-1,-9.441152156046D-1,2.155857118628D-9,         1283P   2488
-4.792474241346D1,0D0,-2.283468249422D-9,-1D0,4.178337718835D1,     1283P   2489
9.441152156046D-1,3.296156241198D-1,-7.526668121946D-10,            1283P   2490
3.347621701759D1;                                                   1283P   2491
100,0D0,0D0,0D0,2.599999999999D1,0D0,-2.599999999999D1,             1285P   2492
-1.057415081277D-8;                                                 1285P   2493
124,3.296156241231D-1,-2.155857118626D-9,9.441152156034D-1,         1287P   2494
-3.942065931099D1,0D0,-1D0,-2.283468249422D-9,4.178337718835D1,     1287P   2495
9.441152156034D-1,7.526668121984D-10,-3.296156241231D-1,            1287P   2496
5.783438958069D1;                                                   1287P   2497
100,0D0,0D0,0D0,1.999999994571D-1,0D0,-1.577117865012D-10,          1289P   2498
1.999999994571D-1;                                                  1289P   2499
124,-3.296156237325D-1,9.441152157398D-1,-2.155857118628D-9,        1291P   2500
-4.792474241354D1,0D0,-2.283468249422D-9,-1D0,4.178337718835D1,     1291P   2501
-9.441152157398D-1,-3.296156237325D-1,7.526668121946D-10,           1291P   2502
3.347621701762D1;                                                   1291P   2503
100,0D0,0D0,0D0,2.599999999999D1,0D0,-2.599999999999D1,             1293P   2504
1.075658902834D-8;                                                  1293P   2505
124,-1.895941186975D-9,-3.296156241031D-1,9.441152156104D-1,        1295P   2506
-5.642882551558D1,-1D0,-7.885493845594D-10,-2.283468249422D-9,      1295P   2507
4.178337718835D1,1.497149075447D-9,-9.441152156104D-1,              1295P   2508
-3.296156241031D-1,9.118044454371D0;                                1295P   2509
100,0D0,0D0,0D0,1.999999994571D-1,0D0,-1.577098769176D-10,          1297P   2510
1.999999994571D-1;                                                  1297P   2511
110,-5.649474863382D1,4.658337716007D1,8.929221410335D0,            1299P   2512
-5.649474863059D1,4.738337716060D1,8.929221408388D0;                1299P   2513
110,-5.649474863562D1,4.178337717448D1,8.929221410151D0,            1301P   2514
-5.649474863393D1,4.258337716114D1,8.929221410374D0;                1301P   2515
110,-3.935473618635D1,4.258337716114D1,5.802321262250D1,            1303P   2516
-3.935473618634D1,4.178337717448D1,5.802321262331D1;                1303P   2517
110,-3.935473618634D1,4.738337716060D1,5.802321262331D1,            1305P   2518
-3.935473618647D1,4.658337716007D1,5.802321262254D1;                1305P   2519
110,-5.196959321679D1,4.458337716060D1,1.582291188860D1,            1307P   2520
-5.458112554502D1,4.458337716060D1,8.342722161880D0;                1307P   2521
126,9,3,0,0,1,0,0D0,0D0,0D0,0D0,1.428571428571D-1,                  1309P   2522
2.857142857143D-1,4.285714285714D-1,5.714285714286D-1,              1309P   2523
7.142857142857D-1,8.571428571429D-1,1D0,1D0,1D0,1D0,1D0,1D0,1D0,    1309P   2524
1D0,1D0,1D0,1D0,1D0,1D0,1D0,-5.649474863382D1,4.658337716007D1,     1309P   2525
8.929221410335D0,-5.634763377839D1,4.658337716010D1,                1309P   2526
8.877859718431D0,-5.605239280306D1,4.654574592868D1,                1309P   2527
8.777931747504D0,-5.564344419756D1,4.639179576666D1,                1309P   2528
8.647234114783D0,-5.525043691272D1,4.612325459873D1,                1309P   2529
8.528793514638D0,-5.495090563008D1,4.578431509598D1,                1309P   2530
8.442949742929D0,-5.475319111099D1,4.543903985224D1,                1309P   2531
8.388757041530D0,-5.461709906483D1,4.504278004216D1,                1309P   2532
8.352131588249D0,-5.458112554502D1,4.473999887473D1,                1309P   2533
8.342722161880D0,-5.458112554502D1,4.458337716060D1,                1309P   2534
8.342722161880D0,0D0,1D0,0D0,0D0,1D0;                               1309P   2535
126,9,3,0,0,1,0,0D0,0D0,0D0,0D0,1.428571428571D-1,                  1311P   2536
2.857142857143D-1,4.285714285714D-1,5.714285714286D-1,              1311P   2537
7.142857142857D-1,8.571428571429D-1,1D0,1D0,1D0,1D0,1D0,1D0,1D0,    1311P   2538
1D0,1D0,1D0,1D0,1D0,1D0,1D0,-5.835758640483D1,4.458337716006D1,     1311P   2539
9.661184657586D0,-5.835758640489D1,4.473926582311D1,                1311P   2540
9.661184657611D0,-5.832296407032D1,4.505063565064D1,                1311P   2541
9.645931362458D0,-5.818249489415D1,4.547730367497D1,                1311P   2542
9.584880708176D0,-5.793661461895D1,4.588637244016D1,                1311P   2543
9.480351174037D0,-5.762345072077D1,4.619820882836D1,                1311P   2544
9.352294240361D0,-5.730093740767D1,4.640466061869D1,                1311P   2545
9.224775374258D0,-5.692698276740D1,4.654660530919D1,                1311P   2546
9.083240399466D0,-5.664221069350D1,4.658337716004D1,                1311P   2547
8.980704320437D0,-5.649474863382D1,4.658337716007D1,                1311P   2548
8.929221410335D0,0D0,1D0,0D0,0D0,1D0;                               1311P   2549
110,-5.835758640483D1,4.458337716006D1,9.661184657586D0,            1313P   2550
-5.574605407858D1,4.458337716006D1,1.714137438487D1;                1313P   2551
124,9.441152156040D-1,0D0,-3.296156241215D-1,-5.385782364769D1,     1315P   2552
0D0,-1D0,0D0,4.458337716060D1,-3.296156241215D-1,0D0,               1315P   2553
-9.441152156040D-1,1.648214313674D1;                                1315P   2554
100,0D0,0D0,0D0,2D0,0D0,-2D0,0D0;                                   1317P   2555
124,-9.441152156040D-1,0D0,-3.296156241215D-1,-5.385782364769D1,    1319P   2556
0D0,1D0,0D0,4.458337716060D1,3.296156241215D-1,0D0,                 1319P   2557
-9.441152156040D-1,1.648214313674D1;                                1319P   2558
100,0D0,0D0,0D0,2D0,0D0,-2D0,0D0;                                   1321P   2559
126,9,3,0,0,1,0,0D0,0D0,0D0,0D0,1.428571428571D-1,                  1323P   2560
2.857142857143D-1,4.285714285714D-1,5.714285714286D-1,              1323P   2561
7.142857142857D-1,8.571428571429D-1,1D0,1D0,1D0,1D0,1D0,1D0,1D0,    1323P   2562
1D0,1D0,1D0,1D0,1D0,1D0,1D0,-5.458112554502D1,4.458337716060D1,     1323P   2563
8.342722161880D0,-5.458112554502D1,4.442746744396D1,                1323P   2564
8.342722161880D0,-5.461773497815D1,4.411621027384D1,                1323P   2565
8.352335121227D0,-5.476534351441D1,4.369029626130D1,                1323P   2566
8.391891362128D0,-5.502209212083D1,4.328176230174D1,                1323P   2567
8.462884645730D0,-5.534669359169D1,4.296951569843D1,                1323P   2568
8.557481425695D0,-5.567892400336D1,4.276243787750D1,                1323P   2569
8.658516999504D0,-5.606074777684D1,4.262005535381D1,                1323P   2570
8.780806279806D0,-5.634741797190D1,4.258337716108D1,                1323P   2571
8.877784374669D0,-5.649474863393D1,4.258337716114D1,                1323P   2572
8.929221410374D0,0D0,1D0,0D0,0D0,1D0;                               1323P   2573
126,9,3,0,0,1,0,0D0,0D0,0D0,0D0,1.428571428571D-1,                  1325P   2574
2.857142857143D-1,4.285714285714D-1,5.714285714286D-1,              1325P   2575
7.142857142857D-1,8.571428571429D-1,1D0,1D0,1D0,1D0,1D0,1D0,1D0,    1325P   2576
1D0,1D0,1D0,1D0,1D0,1D0,1D0,-5.649474863393D1,4.258337716114D1,     1325P   2577
8.929221410374D0,-5.664179916855D1,4.258337716120D1,                1325P   2578
8.980560646181D0,-5.693492330698D1,4.262098348185D1,                1325P   2579
9.086044158989D0,-5.733597905171D1,4.277467463421D1,                1325P   2580
9.238121078033D0,-5.771718690012D1,4.304287940935D1,                1325P   2581
9.389961566230D0,-5.800511879065D1,4.338146000061D1,                1325P   2582
9.509209736220D0,-5.819410091465D1,4.372720005704D1,                1325P   2583
9.590052273518D0,-5.832364317901D1,4.412418307D1,                   1325P   2584
9.646192519907D0,-5.835758640478D1,4.442688984058D1,                1325P   2585
9.661184657560D0,-5.835758640483D1,4.458337716006D1,                1325P   2586
9.661184657586D0,0D0,1D0,0D0,0D0,1D0;                               1325P   2587
126,9,3,0,0,1,0,0D0,0D0,0D0,0D0,1.428571428571D-1,                  1327P   2588
2.857142857143D-1,4.285714285714D-1,5.714285714286D-1,              1327P   2589
7.142857142857D-1,8.571428571429D-1,1D0,1D0,1D0,1D0,1D0,1D0,1D0,    1327P   2590
1D0,1D0,1D0,1D0,1D0,1D0,1D0,-4.126835928692D1,4.458337716060D1,     1327P   2591
5.860971187464D1,-4.126835928692D1,4.442751213948D1,                1327P   2592
5.860971187464D1,-4.123177188739D1,4.411623574170D1,                1327P   2593
5.860010353009D1,-4.108401291080D1,4.368991376011D1,                1327P   2594
5.856051093101D1,-4.082678952376D1,4.328099313587D1,                1327P   2595
5.848937791152D1,-4.050215890992D1,4.296904929007D1,                1327P   2596
5.839476244601D1,-4.017010329167D1,4.276224776717D1,                1327P   2597
5.829377261799D1,-3.978878460272D1,4.262009451155D1,                1327P   2598
5.817164117098D1,-3.950211536769D1,4.258337716108D1,                1327P   2599
5.807466659764D1,-3.935473618635D1,4.258337716114D1,                1327P   2600
5.802321262250D1,0D0,1D0,0D0,0D0,1D0;                               1327P   2601
126,9,3,0,0,1,0,0D0,0D0,0D0,0D0,1.428571428571D-1,                  1329P   2602
2.857142857143D-1,4.285714285714D-1,5.714285714286D-1,              1329P   2603
7.142857142857D-1,8.571428571429D-1,1D0,1D0,1D0,1D0,1D0,1D0,1D0,    1329P   2604
1D0,1D0,1D0,1D0,1D0,1D0,1D0,-3.935473618635D1,4.258337716114D1,     1329P   2605
5.802321262250D1,-3.920766253760D1,4.258337716120D1,                1329P   2606
5.797186531687D1,-3.891444859461D1,4.262098861690D1,                1329P   2607
5.786635002809D1,-3.851306191027D1,4.277487722727D1,                1329P   2608
5.771414193504D1,-3.813172697571D1,4.304337982910D1,                1329P   2609
5.756224144384D1,-3.784389759335D1,4.338216126397D1,                1329P   2610
5.744302763764D1,-3.765525040206D1,4.372761181418D1,                1329P   2611
5.736232157920D1,-3.752589067589D1,4.412405144078D1,                1329P   2612
5.730626395249D1,-3.749189842548D1,4.442680109662D1,                1329P   2613
5.729124937908D1,-3.749189842542D1,4.458337716006D1,                1329P   2614
5.729124937906D1,0D0,1D0,0D0,0D0,1D0;                               1329P   2615
110,-4.387989161021D1,4.458337716060D1,5.112952214661D1,            1331P   2616
-4.126835928692D1,4.458337716060D1,5.860971187464D1;                1331P   2617
126,9,3,0,0,1,0,0D0,0D0,0D0,0D0,1.428571428571D-1,                  1333P   2618
2.857142857143D-1,4.285714285714D-1,5.714285714286D-1,              1333P   2619
7.142857142857D-1,8.571428571429D-1,1D0,1D0,1D0,1D0,1D0,1D0,1D0,    1333P   2620
1D0,1D0,1D0,1D0,1D0,1D0,1D0,-3.935473618647D1,4.658337716007D1,     1333P   2621
5.802321262254D1,-3.950182960291D1,4.658337716010D1,                1333P   2622
5.807456682959D1,-3.979689503493D1,4.654574608619D1,                1333P   2623
5.817443263819D1,-4.020503896408D1,4.639222499400D1,                1333P   2624
5.830488602990D1,-4.059757232618D1,4.612450284966D1,                1333P   2625
5.842320420795D1,-4.089744161594D1,4.578595871010D1,                1333P   2626
5.850916453817D1,-4.109594637973D1,4.544002572071D1,                1333P   2627
5.856358824037D1,-4.123249828739D1,4.504252033143D1,                1333P   2628
5.860033033392D1,-4.126835928692D1,4.473981234373D1,                1333P   2629
5.860971187464D1,-4.126835928692D1,4.458337716060D1,                1333P   2630
5.860971187464D1,0D0,1D0,0D0,0D0,1D0;                               1333P   2631
126,9,3,0,0,1,0,0D0,0D0,0D0,0D0,1.428571428571D-1,                  1335P   2632
2.857142857143D-1,4.285714285714D-1,5.714285714286D-1,              1335P   2633
7.142857142857D-1,8.571428571429D-1,1D0,1D0,1D0,1D0,1D0,1D0,1D0,    1335P   2634
1D0,1D0,1D0,1D0,1D0,1D0,1D0,-3.749189842542D1,4.458337716006D1,     1335P   2635
5.729124937906D1,-3.749189842536D1,4.473930868997D1,                1335P   2636
5.729124937903D1,-3.752653833394D1,4.505074918786D1,                1335P   2637
5.730651071038D1,-3.766706433983D1,4.547746758198D1,                1335P   2638
5.736758498967D1,-3.791297745015D1,4.588652385530D1,                1335P   2639
5.747212806367D1,-3.822628613832D1,4.619841080221D1,                1335P   2640
5.760024111172D1,-3.854865349329D1,4.640469232863D1,                1335P   2641
5.772770004940D1,-3.892243123983D1,4.654658176251D1,                1335P   2642
5.786916597896D1,-3.920723163028D1,4.658337716004D1,                1335P   2643
5.797171487571D1,-3.935473618647D1,4.658337716007D1,                1335P   2644
5.802321262254D1,0D0,1D0,0D0,0D0,1D0;                               1335P   2645
110,-3.749189842542D1,4.458337716006D1,5.729124937906D1,            1337P   2646
-4.010343074842D1,4.458337716006D1,4.981105965035D1;                1337P   2647
124,9.441152156040D-1,0D0,-3.296156241215D-1,-4.199166117931D1,     1339P   2648
0D0,-1D0,0D0,4.458337716060D1,-3.296156241215D-1,0D0,               1339P   2649
-9.441152156040D-1,5.047029089848D1;                                1339P   2650
100,0D0,0D0,0D0,2D0,0D0,-2D0,0D0;                                   1341P   2651
124,-9.441152156040D-1,0D0,-3.296156241215D-1,-4.199166117931D1,    1343P   2652
0D0,1D0,0D0,4.458337716060D1,3.296156241215D-1,0D0,                 1343P   2653
-9.441152156040D-1,5.047029089848D1;                                1343P   2654
100,0D0,0D0,0D0,2D0,0D0,-2D0,0D0;                                   1345P   2655
110,-5.649474863059D1,4.738337716060D1,8.929221408388D0,            1347P   2656
-5.642882551084D1,4.758337716060D1,9.118044453280D0;                1347P   2657
124,3.296156241215D-1,9.441152156040D-1,0D0,-4.792474241350D1,      1349P   2658
0D0,0D0,1D0,4.738337716060D1,9.441152156040D-1,                     1349P   2659
-3.296156241215D-1,0D0,3.347621701761D1;                            1349P   2660
100,0D0,0D0,0D0,2.6D1,0D0,-2.6D1,1.066537310464D-8;                 1351P   2661
110,-3.942065930617D1,4.758337716060D1,5.783438957845D1,            1353P   2662
-3.935473618634D1,4.738337716060D1,5.802321262331D1;                1353P   2663
124,-3.296156237342D-1,9.441152157392D-1,0D0,-4.792474241350D1,     1355P   2664
0D0,0D0,-1D0,4.758337716060D1,-9.441152157392D-1,                   1355P   2665
-3.296156237342D-1,0D0,3.347621701761D1;                            1355P   2666
100,0D0,0D0,0D0,2.58D1,0D0,-2.58D1,1.058333177307D-8;               1357P   2667
126,15,3,0,0,1,0,0D0,0D0,0D0,0D0,7.692307692308D-2,                 1359P   2668
1.538461538462D-1,2.307692307692D-1,3.076923076923D-1,              1359P   2669
3.846153846154D-1,4.615384615385D-1,5.384615384615D-1,              1359P   2670
6.153846153846D-1,6.923076923077D-1,7.692307692308D-1,              1359P   2671
8.461538461538D-1,9.230769230769D-1,1D0,1D0,1D0,1D0,1D0,1D0,1D0,    1359P   2672
1D0,1D0,1D0,1D0,1D0,1D0,1D0,1D0,1D0,1D0,1D0,1D0,1D0,                1359P   2673
-2.948668895110D1,4.458337716060D1,1.514487270115D1,                1359P   2674
-2.948668895110D1,4.441530120499D1,1.514487270115D1,                1359P   2675
-2.951793572034D1,4.407960477858D1,1.511337471727D1,                1359P   2676
-2.964178892192D1,4.362700627979D1,1.498943453565D1,                1359P   2677
-2.986465532077D1,4.319378327804D1,1.477116088662D1,                1359P   2678
-3.013655013992D1,4.289142518495D1,1.451279979660D1,                1359P   2679
-3.041044449401D1,4.270030954571D1,1.425872106488D1,                1359P   2680
-3.076391317990D1,4.257758964333D1,1.394198029124D1,                1359P   2681
-3.114277479281D1,4.257846464912D1,1.361556350098D1,                1359P   2682
-3.151941630563D1,4.270372226355D1,1.330338524378D1,                1359P   2683
-3.186632589546D1,4.294504703569D1,1.302696328361D1,                1359P   2684
-3.216252356118D1,4.329983137617D1,1.279793908297D1,                1359P   2685
-3.235511598804D1,4.367671248387D1,1.265310878845D1,                1359P   2686
-3.248100295838D1,4.408718452815D1,1.255977618067D1,                1359P   2687
-3.251674139610D1,4.441402081082D1,1.253359290846D1,                1359P   2688
-3.251674139616D1,4.458337716006D1,1.253359290842D1,0D0,1D0,0D0,    1359P   2689
0D0,1D0;                                                            1359P   2690
110,-3.465895711288D1,4.458337716060D1,2.114662090303D1,            1361P   2691
-2.948668895110D1,4.458337716060D1,1.514487270115D1;                1361P   2692
126,15,3,0,0,1,0,0D0,0D0,0D0,0D0,7.692307692308D-2,                 1363P   2693
1.538461538462D-1,2.307692307692D-1,3.076923076923D-1,              1363P   2694
3.846153846154D-1,4.615384615385D-1,5.384615384615D-1,              1363P   2695
6.153846153846D-1,6.923076923077D-1,7.692307692308D-1,              1363P   2696
8.461538461538D-1,9.230769230769D-1,1D0,1D0,1D0,1D0,1D0,1D0,1D0,    1363P   2697
1D0,1D0,1D0,1D0,1D0,1D0,1D0,1D0,1D0,1D0,1D0,1D0,1D0,                1363P   2698
-3.251674139616D1,4.458337716006D1,1.253359290842D1,                1363P   2699
-3.251674139621D1,4.475135406738D1,1.253359290837D1,                1363P   2700
-3.248108381262D1,4.508713209648D1,1.255976641422D1,                1363P   2701
-3.233937530550D1,4.554166194764D1,1.266458370161D1,                1363P   2702
-3.209007502071D1,4.597465107414D1,1.285318852662D1,                1363P   2703
-3.179388536815D1,4.627671125915D1,1.308439828456D1,                1363P   2704
-3.150346322811D1,4.646650000706D1,1.331675714432D1,                1363P   2705
-3.113873925008D1,4.658913833562D1,1.361896074549D1,                1363P   2706
-3.075938169704D1,4.658827082546D1,1.394597099504D1,                1363P   2707
-3.039499661710D1,4.646293721407D1,1.427241433300D1,                1363P   2708
-3.006962539427D1,4.622073356233D1,1.457543039579D1,                1363P   2709
-2.979976446004D1,4.586571300875D1,1.483422541946D1,                1363P   2710
-2.962850124262D1,4.548914940658D1,1.500292867683D1,                1363P   2711
-2.951794495091D1,4.507981057699D1,1.511330614359D1,                1363P   2712
-2.948668895110D1,4.475289714823D1,1.514487270115D1,                1363P   2713
-2.948668895110D1,4.458337716060D1,1.514487270115D1,0D0,1D0,0D0,    1363P   2714
0D0,1D0;                                                            1363P   2715
110,-3.251674139616D1,4.458337716006D1,1.253359290842D1,            1365P   2716
-3.768900955918D1,4.458337716006D1,1.853534110882D1;                1365P   2717
124,-7.575131117753D-1,0D0,-6.528199487520D-1,-3.617398333600D1,    1367P   2718
0D0,-1D0,0D0,4.458337716060D1,-6.528199487520D-1,0D0,               1367P   2719
7.575131117753D-1,1.984098100604D1;                                 1367P   2720
100,0D0,0D0,0D0,1.999999999810D0,0D0,-1.999999999810D0,0D0;         1369P   2721
124,7.575131117753D-1,0D0,-6.528199487520D-1,-3.617398333600D1,     1371P   2722
0D0,1D0,0D0,4.458337716060D1,6.528199487520D-1,0D0,                 1371P   2723
7.575131117753D-1,1.984098100604D1;                                 1371P   2724
100,0D0,0D0,0D0,1.999999999707D0,0D0,-1.999999999707D0,0D0;         1373P   2725
126,15,3,0,0,1,0,0D0,0D0,0D0,0D0,7.692307692308D-2,                 1375P   2726
1.538461538462D-1,2.307692307692D-1,3.076923076923D-1,              1375P   2727
3.846153846154D-1,4.615384615385D-1,5.384615384615D-1,              1375P   2728
6.153846153846D-1,6.923076923077D-1,7.692307692308D-1,              1375P   2729
8.461538461538D-1,9.230769230769D-1,1D0,1D0,1D0,1D0,1D0,1D0,1D0,    1375P   2730
1D0,1D0,1D0,1D0,1D0,1D0,1D0,1D0,1D0,1D0,1D0,1D0,1D0,                1375P   2731
-2.283030582064D1,4.458337716060D1,4.027836756108D1,                1375P   2732
-2.283030582064D1,4.441530120492D1,4.027836756108D1,                1375P   2733
-2.281865114841D1,4.407960477837D1,4.023555806335D1,                1375P   2734
-2.277324240441D1,4.362700627946D1,4.006632795752D1,                1375P   2735
-2.269564507849D1,4.319378327755D1,3.976418316878D1,                1375P   2736
-2.260784522081D1,4.289142518434D1,3.939953480336D1,                1375P   2737
-2.252475376159D1,4.270030954505D1,3.903529596873D1,                1375P   2738
-2.242718254812D1,4.257758964263D1,3.857081272037D1,                1375P   2739
-2.233392812196D1,4.257846464842D1,3.807950054373D1,                1375P   2740
-2.225189457709D1,4.270372226291D1,3.759723029673D1,                1375P   2741
-2.218596093230D1,4.294504703512D1,3.715858679891D1,                1375P   2742
-2.213571898931D1,4.329983137574D1,3.678755999543D1,                1375P   2743
-2.210658848841D1,4.367671248357D1,3.654835491364D1,                1375P   2744
-2.208870356431D1,4.408718452796D1,3.639266729621D1,                1375P   2745
-2.208389740406D1,4.441402081075D1,3.634862526311D1,                1375P   2746
-2.208389740406D1,4.458337716006D1,3.634862526304D1,0D0,1D0,0D0,    1375P   2747
0D0,1D0;                                                            1375P   2748
110,-3.061410630941D1,4.458337716060D1,3.879992603210D1,            1377P   2749
-2.283030582064D1,4.458337716060D1,4.027836756108D1;                1377P   2750
126,15,3,0,0,1,0,0D0,0D0,0D0,0D0,7.692307692308D-2,                 1379P   2751
1.538461538462D-1,2.307692307692D-1,3.076923076923D-1,              1379P   2752
3.846153846154D-1,4.615384615385D-1,5.384615384615D-1,              1379P   2753
6.153846153846D-1,6.923076923077D-1,7.692307692308D-1,              1379P   2754
8.461538461538D-1,9.230769230769D-1,1D0,1D0,1D0,1D0,1D0,1D0,1D0,    1379P   2755
1D0,1D0,1D0,1D0,1D0,1D0,1D0,1D0,1D0,1D0,1D0,1D0,1D0,                1379P   2756
-2.208389740406D1,4.458337716006D1,3.634862526304D1,                1379P   2757
-2.208389740405D1,4.475135406748D1,3.634862526297D1,                1379P   2758
-2.208873553339D1,4.508713209674D1,3.639259239087D1,                1379P   2759
-2.210865571341D1,4.554166194807D1,3.656772420104D1,                1379P   2760
-2.214734214079D1,4.597465107478D1,3.687792699367D1,                1379P   2761
-2.219948083853D1,4.627671125994D1,3.725003963626D1,                1379P   2762
-2.225549844389D1,4.646650000790D1,3.761773201736D1,                1379P   2763
-2.233485245063D1,4.658913833652D1,3.808469404846D1,                1379P   2764
-2.242837285757D1,4.658827082637D1,3.857673245155D1,                1379P   2765
-2.252888854121D1,4.646293721490D1,3.905552085675D1,                1379P   2766
-2.262862253797D1,4.622073356308D1,3.948880863300D1,                1379P   2767
-2.271781513569D1,4.586571300930D1,3.985191256930D1,                1379P   2768
-2.277828483386D1,4.548914940696D1,4.008458249612D1,                1379P   2769
-2.281859637719D1,4.507981057724D1,4.023551578288D1,                1379P   2770
-2.283030582064D1,4.475289714832D1,4.027836756108D1,                1379P   2771
-2.283030582064D1,4.458337716060D1,4.027836756108D1,0D0,1D0,0D0,    1379P   2772
0D0,1D0;                                                            1379P   2773
110,-2.208389740406D1,4.458337716006D1,3.634862526304D1,            1381P   2774
-2.986769789403D1,4.458337716006D1,3.487018374069D1;                1381P   2775
124,1.866021038283D-1,0D0,-9.824355728733D-1,-3.024090210163D1,     1383P   2776
0D0,-1D0,0D0,4.458337716060D1,-9.824355728733D-1,0D0,               1383P   2777
-1.866021038283D-1,3.683505488632D1;                                1383P   2778
100,0D0,0D0,0D0,2.000000000506D0,0D0,-2.000000000506D0,0D0;         1385P   2779
124,-1.866021038283D-1,0D0,-9.824355728733D-1,-3.024090210163D1,    1387P   2780
0D0,1D0,0D0,4.458337716060D1,9.824355728733D-1,0D0,                 1387P   2781
-1.866021038283D-1,3.683505488632D1;                                1387P   2782
100,0D0,0D0,0D0,2.000000000609D0,0D0,-2.000000000609D0,0D0;         1389P   2783
110,-4.387989161021D1,5.058337716060D1,5.112952214661D1,            1391P   2784
-4.126835928692D1,5.058337716060D1,5.860971187464D1;                1391P   2785
126,9,3,0,0,1,0,0D0,0D0,0D0,0D0,1.428571428571D-1,                  1393P   2786
2.857142857143D-1,4.285714285714D-1,5.714285714286D-1,              1393P   2787
7.142857142857D-1,8.571428571429D-1,1D0,1D0,1D0,1D0,1D0,1D0,1D0,    1393P   2788
1D0,1D0,1D0,1D0,1D0,1D0,1D0,-3.935473618647D1,5.258337716007D1,     1393P   2789
5.802321262254D1,-3.950182960291D1,5.258337716010D1,                1393P   2790
5.807456682959D1,-3.979689503493D1,5.254574608619D1,                1393P   2791
5.817443263819D1,-4.020503896408D1,5.239222499400D1,                1393P   2792
5.830488602990D1,-4.059757232618D1,5.212450284966D1,                1393P   2793
5.842320420795D1,-4.089744161594D1,5.178595871010D1,                1393P   2794
5.850916453817D1,-4.109594637973D1,5.144002572071D1,                1393P   2795
5.856358824037D1,-4.123249828739D1,5.104252033143D1,                1393P   2796
5.860033033392D1,-4.126835928692D1,5.073981234373D1,                1393P   2797
5.860971187464D1,-4.126835928692D1,5.058337716060D1,                1393P   2798
5.860971187464D1,0D0,1D0,0D0,0D0,1D0;                               1393P   2799
126,9,3,0,0,1,0,0D0,0D0,0D0,0D0,1.428571428571D-1,                  1395P   2800
2.857142857143D-1,4.285714285714D-1,5.714285714286D-1,              1395P   2801
7.142857142857D-1,8.571428571429D-1,1D0,1D0,1D0,1D0,1D0,1D0,1D0,    1395P   2802
1D0,1D0,1D0,1D0,1D0,1D0,1D0,-3.749189842542D1,5.058337716006D1,     1395P   2803
5.729124937906D1,-3.749189842536D1,5.073930868997D1,                1395P   2804
5.729124937903D1,-3.752653833394D1,5.105074918786D1,                1395P   2805
5.730651071038D1,-3.766706433983D1,5.147746758198D1,                1395P   2806
5.736758498967D1,-3.791297745015D1,5.188652385530D1,                1395P   2807
5.747212806367D1,-3.822628613832D1,5.219841080221D1,                1395P   2808
5.760024111172D1,-3.854865349329D1,5.240469232863D1,                1395P   2809
5.772770004940D1,-3.892243123983D1,5.254658176251D1,                1395P   2810
5.786916597896D1,-3.920723163028D1,5.258337716004D1,                1395P   2811
5.797171487571D1,-3.935473618647D1,5.258337716007D1,                1395P   2812
5.802321262254D1,0D0,1D0,0D0,0D0,1D0;                               1395P   2813
110,-3.749189842542D1,5.058337716006D1,5.729124937906D1,            1397P   2814
-4.010343074842D1,5.058337716006D1,4.981105965035D1;                1397P   2815
124,9.441152156040D-1,0D0,-3.296156241215D-1,-4.199166117931D1,     1399P   2816
0D0,-1D0,0D0,5.058337716060D1,-3.296156241215D-1,0D0,               1399P   2817
-9.441152156040D-1,5.047029089848D1;                                1399P   2818
100,0D0,0D0,0D0,2D0,0D0,-2D0,0D0;                                   1401P   2819
124,-9.441152156040D-1,0D0,-3.296156241215D-1,-4.199166117931D1,    1403P   2820
0D0,1D0,0D0,5.058337716060D1,3.296156241215D-1,0D0,                 1403P   2821
-9.441152156040D-1,5.047029089848D1;                                1403P   2822
100,0D0,0D0,0D0,2D0,0D0,-2D0,0D0;                                   1405P   2823
126,9,3,0,0,1,0,0D0,0D0,0D0,0D0,1.428571428571D-1,                  1407P   2824
2.857142857143D-1,4.285714285714D-1,5.714285714286D-1,              1407P   2825
7.142857142857D-1,8.571428571429D-1,1D0,1D0,1D0,1D0,1D0,1D0,1D0,    1407P   2826
1D0,1D0,1D0,1D0,1D0,1D0,1D0,-4.126835928692D1,5.058337716060D1,     1407P   2827
5.860971187464D1,-4.126835928692D1,5.042751213948D1,                1407P   2828
5.860971187464D1,-4.123177188739D1,5.011623574170D1,                1407P   2829
5.860010353009D1,-4.108401291080D1,4.968991376011D1,                1407P   2830
5.856051093101D1,-4.082678952376D1,4.928099313587D1,                1407P   2831
5.848937791152D1,-4.050215890992D1,4.896904929007D1,                1407P   2832
5.839476244601D1,-4.017010329167D1,4.876224776717D1,                1407P   2833
5.829377261799D1,-3.978878460272D1,4.862009451155D1,                1407P   2834
5.817164117098D1,-3.950211536769D1,4.858337716108D1,                1407P   2835
5.807466659764D1,-3.935473618635D1,4.858337716114D1,                1407P   2836
5.802321262250D1,0D0,1D0,0D0,0D0,1D0;                               1407P   2837
126,9,3,0,0,1,0,0D0,0D0,0D0,0D0,1.428571428571D-1,                  1409P   2838
2.857142857143D-1,4.285714285714D-1,5.714285714286D-1,              1409P   2839
7.142857142857D-1,8.571428571429D-1,1D0,1D0,1D0,1D0,1D0,1D0,1D0,    1409P   2840
1D0,1D0,1D0,1D0,1D0,1D0,1D0,-3.935473618635D1,4.858337716114D1,     1409P   2841
5.802321262250D1,-3.920766253760D1,4.858337716120D1,                1409P   2842
5.797186531687D1,-3.891444859461D1,4.862098861690D1,                1409P   2843
5.786635002809D1,-3.851306191027D1,4.877487722727D1,                1409P   2844
5.771414193504D1,-3.813172697571D1,4.904337982910D1,                1409P   2845
5.756224144384D1,-3.784389759335D1,4.938216126397D1,                1409P   2846
5.744302763764D1,-3.765525040206D1,4.972761181418D1,                1409P   2847
5.736232157920D1,-3.752589067589D1,5.012405144078D1,                1409P   2848
5.730626395249D1,-3.749189842548D1,5.042680109662D1,                1409P   2849
5.729124937908D1,-3.749189842542D1,5.058337716006D1,                1409P   2850
5.729124937906D1,0D0,1D0,0D0,0D0,1D0;                               1409P   2851
126,9,3,0,0,1,0,0D0,0D0,0D0,0D0,1.428571428571D-1,                  1411P   2852
2.857142857143D-1,4.285714285714D-1,5.714285714286D-1,              1411P   2853
7.142857142857D-1,8.571428571429D-1,1D0,1D0,1D0,1D0,1D0,1D0,1D0,    1411P   2854
1D0,1D0,1D0,1D0,1D0,1D0,1D0,-5.458112554502D1,5.058337716060D1,     1411P   2855
8.342722161880D0,-5.458112554502D1,5.042746744396D1,                1411P   2856
8.342722161880D0,-5.461773497815D1,5.011621027384D1,                1411P   2857
8.352335121227D0,-5.476534351441D1,4.969029626130D1,                1411P   2858
8.391891362128D0,-5.502209212083D1,4.928176230174D1,                1411P   2859
8.462884645730D0,-5.534669359169D1,4.896951569843D1,                1411P   2860
8.557481425695D0,-5.567892400336D1,4.876243787750D1,                1411P   2861
8.658516999504D0,-5.606074777684D1,4.862005535381D1,                1411P   2862
8.780806279806D0,-5.634741797190D1,4.858337716108D1,                1411P   2863
8.877784374669D0,-5.649474863393D1,4.858337716114D1,                1411P   2864
8.929221410374D0,0D0,1D0,0D0,0D0,1D0;                               1411P   2865
126,9,3,0,0,1,0,0D0,0D0,0D0,0D0,1.428571428571D-1,                  1413P   2866
2.857142857143D-1,4.285714285714D-1,5.714285714286D-1,              1413P   2867
7.142857142857D-1,8.571428571429D-1,1D0,1D0,1D0,1D0,1D0,1D0,1D0,    1413P   2868
1D0,1D0,1D0,1D0,1D0,1D0,1D0,-5.649474863393D1,4.858337716114D1,     1413P   2869
8.929221410374D0,-5.664179916855D1,4.858337716120D1,                1413P   2870
8.980560646181D0,-5.693492330698D1,4.862098348185D1,                1413P   2871
9.086044158989D0,-5.733597905171D1,4.877467463421D1,                1413P   2872
9.238121078033D0,-5.771718690012D1,4.904287940935D1,                1413P   2873
9.389961566230D0,-5.800511879065D1,4.938146000061D1,                1413P   2874
9.509209736220D0,-5.819410091465D1,4.972720005704D1,                1413P   2875
9.590052273518D0,-5.832364317901D1,5.012418307D1,                   1413P   2876
9.646192519907D0,-5.835758640478D1,5.042688984058D1,                1413P   2877
9.661184657560D0,-5.835758640483D1,5.058337716006D1,                1413P   2878
9.661184657586D0,0D0,1D0,0D0,0D0,1D0;                               1413P   2879
110,-5.196959321679D1,5.058337716060D1,1.582291188860D1,            1415P   2880
-5.458112554502D1,5.058337716060D1,8.342722161880D0;                1415P   2881
126,9,3,0,0,1,0,0D0,0D0,0D0,0D0,1.428571428571D-1,                  1417P   2882
2.857142857143D-1,4.285714285714D-1,5.714285714286D-1,              1417P   2883
7.142857142857D-1,8.571428571429D-1,1D0,1D0,1D0,1D0,1D0,1D0,1D0,    1417P   2884
1D0,1D0,1D0,1D0,1D0,1D0,1D0,-5.649474863382D1,5.258337716007D1,     1417P   2885
8.929221410335D0,-5.634763377839D1,5.258337716010D1,                1417P   2886
8.877859718431D0,-5.605239280306D1,5.254574592868D1,                1417P   2887
8.777931747504D0,-5.564344419756D1,5.239179576666D1,                1417P   2888
8.647234114783D0,-5.525043691272D1,5.212325459873D1,                1417P   2889
8.528793514638D0,-5.495090563008D1,5.178431509598D1,                1417P   2890
8.442949742929D0,-5.475319111099D1,5.143903985224D1,                1417P   2891
8.388757041530D0,-5.461709906483D1,5.104278004216D1,                1417P   2892
8.352131588249D0,-5.458112554502D1,5.073999887473D1,                1417P   2893
8.342722161880D0,-5.458112554502D1,5.058337716060D1,                1417P   2894
8.342722161880D0,0D0,1D0,0D0,0D0,1D0;                               1417P   2895
126,9,3,0,0,1,0,0D0,0D0,0D0,0D0,1.428571428571D-1,                  1419P   2896
2.857142857143D-1,4.285714285714D-1,5.714285714286D-1,              1419P   2897
7.142857142857D-1,8.571428571429D-1,1D0,1D0,1D0,1D0,1D0,1D0,1D0,    1419P   2898
1D0,1D0,1D0,1D0,1D0,1D0,1D0,-5.835758640483D1,5.058337716006D1,     1419P   2899
9.661184657586D0,-5.835758640489D1,5.073926582311D1,                1419P   2900
9.661184657611D0,-5.832296407032D1,5.105063565064D1,                1419P   2901
9.645931362458D0,-5.818249489415D1,5.147730367497D1,                1419P   2902
9.584880708176D0,-5.793661461895D1,5.188637244016D1,                1419P   2903
9.480351174037D0,-5.762345072077D1,5.219820882836D1,                1419P   2904
9.352294240361D0,-5.730093740767D1,5.240466061869D1,                1419P   2905
9.224775374258D0,-5.692698276740D1,5.254660530919D1,                1419P   2906
9.083240399466D0,-5.664221069350D1,5.258337716004D1,                1419P   2907
8.980704320437D0,-5.649474863382D1,5.258337716007D1,                1419P   2908
8.929221410335D0,0D0,1D0,0D0,0D0,1D0;                               1419P   2909
110,-5.835758640483D1,5.058337716006D1,9.661184657586D0,            1421P   2910
-5.574605407858D1,5.058337716006D1,1.714137438487D1;                1421P   2911
124,9.441152156040D-1,0D0,-3.296156241215D-1,-5.385782364769D1,     1423P   2912
0D0,-1D0,0D0,5.058337716060D1,-3.296156241215D-1,0D0,               1423P   2913
-9.441152156040D-1,1.648214313674D1;                                1423P   2914
100,0D0,0D0,0D0,2D0,0D0,-2D0,0D0;                                   1425P   2915
124,-9.441152156040D-1,0D0,-3.296156241215D-1,-5.385782364769D1,    1427P   2916
0D0,1D0,0D0,5.058337716060D1,3.296156241215D-1,0D0,                 1427P   2917
-9.441152156040D-1,1.648214313674D1;                                1427P   2918
100,0D0,0D0,0D0,2D0,0D0,-2D0,0D0;                                   1429P   2919
126,15,3,0,0,1,0,0D0,0D0,0D0,0D0,7.692307692308D-2,                 1431P   2920
1.538461538462D-1,2.307692307692D-1,3.076923076923D-1,              1431P   2921
3.846153846154D-1,4.615384615385D-1,5.384615384615D-1,              1431P   2922
6.153846153846D-1,6.923076923077D-1,7.692307692308D-1,              1431P   2923
8.461538461538D-1,9.230769230769D-1,1D0,1D0,1D0,1D0,1D0,1D0,1D0,    1431P   2924
1D0,1D0,1D0,1D0,1D0,1D0,1D0,1D0,1D0,1D0,1D0,1D0,1D0,                1431P   2925
-7.301917900729D1,5.058337716060D1,2.667406647756D1,                1431P   2926
-7.301917900729D1,5.041530120492D1,2.667406647756D1,                1431P   2927
-7.303083367816D1,5.007960477837D1,2.671687597028D1,                1431P   2928
-7.307624242271D1,4.962700627946D1,2.688610607812D1,                1431P   2929
-7.315383974848D1,4.919378327755D1,2.718825086632D1,                1431P   2930
-7.324163960620D1,4.889142518434D1,2.755289923189D1,                1431P   2931
-7.332473106541D1,4.870030954505D1,2.791713806648D1,                1431P   2932
-7.342230227888D1,4.857758964263D1,2.838162131485D1,                1431P   2933
-7.351555670504D1,4.857846464842D1,2.887293349149D1,                1431P   2934
-7.359759024991D1,4.870372226291D1,2.935520373850D1,                1431P   2935
-7.366352389469D1,4.894504703512D1,2.979384723626D1,                1431P   2936
-7.371376583771D1,4.929983137574D1,3.016487403996D1,                1431P   2937
-7.374289633852D1,4.967671248357D1,3.040407912094D1,                1431P   2938
-7.376078126295D1,5.008718452796D1,3.055976674136D1,                1431P   2939
-7.376558742237D1,5.041402081075D1,3.060380876703D1,                1431P   2940
-7.376558742238D1,5.058337716006D1,3.060380876710D1,0D0,1D0,0D0,    1431P   2941
0D0,1D0;                                                            1431P   2942
110,-6.523537851759D1,5.058337716060D1,2.815250800311D1,            1433P   2943
-7.301917900729D1,5.058337716060D1,2.667406647756D1;                1433P   2944
126,15,3,0,0,1,0,0D0,0D0,0D0,0D0,7.692307692308D-2,                 1435P   2945
1.538461538462D-1,2.307692307692D-1,3.076923076923D-1,              1435P   2946
3.846153846154D-1,4.615384615385D-1,5.384615384615D-1,              1435P   2947
6.153846153846D-1,6.923076923077D-1,7.692307692308D-1,              1435P   2948
8.461538461538D-1,9.230769230769D-1,1D0,1D0,1D0,1D0,1D0,1D0,1D0,    1435P   2949
1D0,1D0,1D0,1D0,1D0,1D0,1D0,1D0,1D0,1D0,1D0,1D0,1D0,                1435P   2950
-7.376558742238D1,5.058337716006D1,3.060380876710D1,                1435P   2951
-7.376558742239D1,5.075135406748D1,3.060380876717D1,                1435P   2952
-7.376074929387D1,5.108713209674D1,3.055984164670D1,                1435P   2953
-7.374082911352D1,5.154166194807D1,3.038470983354D1,                1435P   2954
-7.370214268622D1,5.197465107478D1,3.007450704172D1,                1435P   2955
-7.365000398846D1,5.227671125994D1,2.970239439891D1,                1435P   2956
-7.359398638311D1,5.246650000790D1,2.933470201787D1,                1435P   2957
-7.351463237637D1,5.258913833652D1,2.886773998675D1,                1435P   2958
-7.342111196943D1,5.258827082637D1,2.837570158366D1,                1435P   2959
-7.332059628579D1,5.246293721490D1,2.789691317845D1,                1435P   2960
-7.322086228903D1,5.222073356308D1,2.746362540225D1,                1435P   2961
-7.313166969127D1,5.186571300930D1,2.710052146581D1,                1435P   2962
-7.307119999326D1,5.148914940696D1,2.686785153952D1,                1435P   2963
-7.303088844937D1,5.107981057724D1,2.671691825074D1,                1435P   2964
-7.301917900729D1,5.075289714832D1,2.667406647756D1,                1435P   2965
-7.301917900729D1,5.058337716060D1,2.667406647756D1,0D0,1D0,0D0,    1435P   2966
0D0,1D0;                                                            1435P   2967
110,-7.376558742238D1,5.058337716006D1,3.060380876710D1,            1437P   2968
-6.598178693297D1,5.058337716006D1,3.208225029452D1;                1437P   2969
124,1.866021038283D-1,0D0,-9.824355728733D-1,-6.560858272537D1,     1439P   2970
0D0,-1D0,0D0,5.058337716060D1,-9.824355728733D-1,0D0,               1439P   2971
-1.866021038283D-1,3.011737914890D1;                                1439P   2972
100,0D0,0D0,0D0,2.000000000506D0,0D0,-2.000000000506D0,0D0;         1441P   2973
124,-1.866021038283D-1,0D0,-9.824355728733D-1,-6.560858272537D1,    1443P   2974
0D0,1D0,0D0,5.058337716060D1,9.824355728733D-1,0D0,                 1443P   2975
-1.866021038283D-1,3.011737914890D1;                                1443P   2976
100,0D0,0D0,0D0,2.000000000609D0,0D0,-2.000000000609D0,0D0;         1445P   2977
126,15,3,0,0,1,0,0D0,0D0,0D0,0D0,7.692307692308D-2,                 1447P   2978
1.538461538462D-1,2.307692307692D-1,3.076923076923D-1,              1447P   2979
3.846153846154D-1,4.615384615385D-1,5.384615384615D-1,              1447P   2980
6.153846153846D-1,6.923076923077D-1,7.692307692308D-1,              1447P   2981
8.461538461538D-1,9.230769230769D-1,1D0,1D0,1D0,1D0,1D0,1D0,1D0,    1447P   2982
1D0,1D0,1D0,1D0,1D0,1D0,1D0,1D0,1D0,1D0,1D0,1D0,1D0,                1447P   2983
-6.636279587950D1,5.058337716060D1,5.180756133044D1,                1447P   2984
-6.636279587950D1,5.041530120499D1,5.180756133044D1,                1447P   2985
-6.633154910499D1,5.007960477858D1,5.183905931962D1,                1447P   2986
-6.620769590553D1,4.962700627979D1,5.196299949912D1,                1447P   2987
-6.598482950611D1,4.919378327804D1,5.218127314872D1,                1447P   2988
-6.571293468711D1,4.889142518495D1,5.243963423859D1,                1447P   2989
-6.543904033298D1,4.870030954571D1,5.269371297034D1,                1447P   2990
-6.508557164710D1,4.857758964333D1,5.301045374397D1,                1447P   2991
-6.470671003419D1,4.857846464912D1,5.333687053423D1,                1447P   2992
-6.433006852136D1,4.870372226355D1,5.364904879144D1,                1447P   2993
-6.398315893158D1,4.894504703569D1,5.392547075158D1,                1447P   2994
-6.368696126568D1,4.929983137617D1,5.415449495235D1,                1447P   2995
-6.349436883947D1,4.967671248387D1,5.429932524639D1,                1447P   2996
-6.336848186671D1,5.008718452815D1,5.439265785595D1,                1447P   2997
-6.333274343502D1,5.041402081082D1,5.441884112373D1,                1447P   2998
-6.333274343496D1,5.058337716006D1,5.441884112377D1,0D0,1D0,0D0,    1447P   2999
0D0,1D0;                                                            1447P   3000
110,-6.119052771412D1,5.058337716060D1,4.580581313219D1,            1449P   3001
-6.636279587950D1,5.058337716060D1,5.180756133044D1;                1449P   3002
126,15,3,0,0,1,0,0D0,0D0,0D0,0D0,7.692307692308D-2,                 1451P   3003
1.538461538462D-1,2.307692307692D-1,3.076923076923D-1,              1451P   3004
3.846153846154D-1,4.615384615385D-1,5.384615384615D-1,              1451P   3005
6.153846153846D-1,6.923076923077D-1,7.692307692308D-1,              1451P   3006
8.461538461538D-1,9.230769230769D-1,1D0,1D0,1D0,1D0,1D0,1D0,1D0,    1451P   3007
1D0,1D0,1D0,1D0,1D0,1D0,1D0,1D0,1D0,1D0,1D0,1D0,1D0,                1451P   3008
-6.333274343496D1,5.058337716006D1,5.441884112377D1,                1451P   3009
-6.333274343490D1,5.075135406738D1,5.441884112381D1,                1451P   3010
-6.336840101247D1,5.108713209648D1,5.439266762240D1,                1451P   3011
-6.351010952201D1,5.154166194764D1,5.428785033323D1,                1451P   3012
-6.375940980615D1,5.197465107414D1,5.409924550870D1,                1451P   3013
-6.405559945889D1,5.227671125915D1,5.386803575063D1,                1451P   3014
-6.434602159888D1,5.246650000706D1,5.363567689090D1,                1451P   3015
-6.471074557692D1,5.258913833562D1,5.333347328973D1,                1451P   3016
-6.509010312996D1,5.258827082546D1,5.300646304018D1,                1451P   3017
-6.545448820989D1,5.246293721407D1,5.268001970223D1,                1451P   3018
-6.577985943276D1,5.222073356233D1,5.237700363939D1,                1451P   3019
-6.604972036684D1,5.186571300875D1,5.211820861588D1,                1451P   3020
-6.622098358483D1,5.148914940658D1,5.194950535793D1,                1451P   3021
-6.633153987442D1,5.107981057699D1,5.183912789331D1,                1451P   3022
-6.636279587950D1,5.075289714823D1,5.180756133044D1,                1451P   3023
-6.636279587950D1,5.058337716060D1,5.180756133044D1,0D0,1D0,0D0,    1451P   3024
0D0,1D0;                                                            1451P   3025
110,-6.333274343496D1,5.058337716006D1,5.441884112377D1,            1453P   3026
-5.816047526782D1,5.058337716006D1,4.841709292639D1;                1453P   3027
124,-7.575131117753D-1,0D0,-6.528199487520D-1,-5.967550149100D1,    1455P   3028
0D0,-1D0,0D0,5.058337716060D1,-6.528199487520D-1,0D0,               1455P   3029
7.575131117753D-1,4.711145302917D1;                                 1455P   3030
100,0D0,0D0,0D0,1.999999999810D0,0D0,-1.999999999810D0,0D0;         1457P   3031
124,7.575131117753D-1,0D0,-6.528199487520D-1,-5.967550149100D1,     1459P   3032
0D0,1D0,0D0,5.058337716060D1,6.528199487520D-1,0D0,                 1459P   3033
7.575131117753D-1,4.711145302917D1;                                 1459P   3034
100,0D0,0D0,0D0,1.999999999707D0,0D0,-1.999999999707D0,0D0;         1461P   3035
126,15,3,0,0,1,0,0D0,0D0,0D0,0D0,7.692307692308D-2,                 1463P   3036
1.538461538462D-1,2.307692307692D-1,3.076923076923D-1,              1463P   3037
3.846153846154D-1,4.615384615385D-1,5.384615384615D-1,              1463P   3038
6.153846153846D-1,6.923076923077D-1,7.692307692308D-1,              1463P   3039
8.461538461538D-1,9.230769230769D-1,1D0,1D0,1D0,1D0,1D0,1D0,1D0,    1463P   3040
1D0,1D0,1D0,1D0,1D0,1D0,1D0,1D0,1D0,1D0,1D0,1D0,1D0,                1463P   3041
-2.283030582064D1,5.058337716060D1,4.027836756108D1,                1463P   3042
-2.283030582064D1,5.041530120492D1,4.027836756108D1,                1463P   3043
-2.281865114841D1,5.007960477837D1,4.023555806335D1,                1463P   3044
-2.277324240441D1,4.962700627946D1,4.006632795752D1,                1463P   3045
-2.269564507849D1,4.919378327755D1,3.976418316878D1,                1463P   3046
-2.260784522081D1,4.889142518434D1,3.939953480336D1,                1463P   3047
-2.252475376159D1,4.870030954505D1,3.903529596873D1,                1463P   3048
-2.242718254812D1,4.857758964263D1,3.857081272037D1,                1463P   3049
-2.233392812196D1,4.857846464842D1,3.807950054373D1,                1463P   3050
-2.225189457709D1,4.870372226291D1,3.759723029673D1,                1463P   3051
-2.218596093230D1,4.894504703512D1,3.715858679891D1,                1463P   3052
-2.213571898931D1,4.929983137574D1,3.678755999543D1,                1463P   3053
-2.210658848841D1,4.967671248357D1,3.654835491364D1,                1463P   3054
-2.208870356431D1,5.008718452796D1,3.639266729621D1,                1463P   3055
-2.208389740406D1,5.041402081075D1,3.634862526311D1,                1463P   3056
-2.208389740406D1,5.058337716006D1,3.634862526304D1,0D0,1D0,0D0,    1463P   3057
0D0,1D0;                                                            1463P   3058
110,-3.061410630941D1,5.058337716060D1,3.879992603210D1,            1465P   3059
-2.283030582064D1,5.058337716060D1,4.027836756108D1;                1465P   3060
126,15,3,0,0,1,0,0D0,0D0,0D0,0D0,7.692307692308D-2,                 1467P   3061
1.538461538462D-1,2.307692307692D-1,3.076923076923D-1,              1467P   3062
3.846153846154D-1,4.615384615385D-1,5.384615384615D-1,              1467P   3063
6.153846153846D-1,6.923076923077D-1,7.692307692308D-1,              1467P   3064
8.461538461538D-1,9.230769230769D-1,1D0,1D0,1D0,1D0,1D0,1D0,1D0,    1467P   3065
1D0,1D0,1D0,1D0,1D0,1D0,1D0,1D0,1D0,1D0,1D0,1D0,1D0,                1467P   3066
-2.208389740406D1,5.058337716006D1,3.634862526304D1,                1467P   3067
-2.208389740405D1,5.075135406748D1,3.634862526297D1,                1467P   3068
-2.208873553339D1,5.108713209674D1,3.639259239087D1,                1467P   3069
-2.210865571341D1,5.154166194807D1,3.656772420104D1,                1467P   3070
-2.214734214079D1,5.197465107478D1,3.687792699367D1,                1467P   3071
-2.219948083853D1,5.227671125994D1,3.725003963626D1,                1467P   3072
-2.225549844389D1,5.246650000790D1,3.761773201736D1,                1467P   3073
-2.233485245063D1,5.258913833652D1,3.808469404846D1,                1467P   3074
-2.242837285757D1,5.258827082637D1,3.857673245155D1,                1467P   3075
-2.252888854121D1,5.246293721490D1,3.905552085675D1,                1467P   3076
-2.262862253797D1,5.222073356308D1,3.948880863300D1,                1467P   3077
-2.271781513569D1,5.186571300930D1,3.985191256930D1,                1467P   3078
-2.277828483386D1,5.148914940696D1,4.008458249612D1,                1467P   3079
-2.281859637719D1,5.107981057724D1,4.023551578288D1,                1467P   3080
-2.283030582064D1,5.075289714832D1,4.027836756108D1,                1467P   3081
-2.283030582064D1,5.058337716060D1,4.027836756108D1,0D0,1D0,0D0,    1467P   3082
0D0,1D0;                                                            1467P   3083
110,-2.208389740406D1,5.058337716006D1,3.634862526304D1,            1469P   3084
-2.986769789403D1,5.058337716006D1,3.487018374069D1;                1469P   3085
124,1.866021038283D-1,0D0,-9.824355728733D-1,-3.024090210163D1,     1471P   3086
0D0,-1D0,0D0,5.058337716060D1,-9.824355728733D-1,0D0,               1471P   3087
-1.866021038283D-1,3.683505488632D1;                                1471P   3088
100,0D0,0D0,0D0,2.000000000506D0,0D0,-2.000000000506D0,0D0;         1473P   3089
124,-1.866021038283D-1,0D0,-9.824355728733D-1,-3.024090210163D1,    1475P   3090
0D0,1D0,0D0,5.058337716060D1,9.824355728733D-1,0D0,                 1475P   3091
-1.866021038283D-1,3.683505488632D1;                                1475P   3092
100,0D0,0D0,0D0,2.000000000609D0,0D0,-2.000000000609D0,0D0;         1477P   3093
126,15,3,0,0,1,0,0D0,0D0,0D0,0D0,7.692307692308D-2,                 1479P   3094
1.538461538462D-1,2.307692307692D-1,3.076923076923D-1,              1479P   3095
3.846153846154D-1,4.615384615385D-1,5.384615384615D-1,              1479P   3096
6.153846153846D-1,6.923076923077D-1,7.692307692308D-1,              1479P   3097
8.461538461538D-1,9.230769230769D-1,1D0,1D0,1D0,1D0,1D0,1D0,1D0,    1479P   3098
1D0,1D0,1D0,1D0,1D0,1D0,1D0,1D0,1D0,1D0,1D0,1D0,1D0,                1479P   3099
-2.948668895110D1,5.058337716060D1,1.514487270115D1,                1479P   3100
-2.948668895110D1,5.041530120499D1,1.514487270115D1,                1479P   3101
-2.951793572034D1,5.007960477858D1,1.511337471727D1,                1479P   3102
-2.964178892192D1,4.962700627979D1,1.498943453565D1,                1479P   3103
-2.986465532077D1,4.919378327804D1,1.477116088662D1,                1479P   3104
-3.013655013992D1,4.889142518495D1,1.451279979660D1,                1479P   3105
-3.041044449401D1,4.870030954571D1,1.425872106488D1,                1479P   3106
-3.076391317990D1,4.857758964333D1,1.394198029124D1,                1479P   3107
-3.114277479281D1,4.857846464912D1,1.361556350098D1,                1479P   3108
-3.151941630563D1,4.870372226355D1,1.330338524378D1,                1479P   3109
-3.186632589546D1,4.894504703569D1,1.302696328361D1,                1479P   3110
-3.216252356118D1,4.929983137617D1,1.279793908297D1,                1479P   3111
-3.235511598804D1,4.967671248387D1,1.265310878845D1,                1479P   3112
-3.248100295838D1,5.008718452815D1,1.255977618067D1,                1479P   3113
-3.251674139610D1,5.041402081082D1,1.253359290846D1,                1479P   3114
-3.251674139616D1,5.058337716006D1,1.253359290842D1,0D0,1D0,0D0,    1479P   3115
0D0,1D0;                                                            1479P   3116
110,-3.465895711288D1,5.058337716060D1,2.114662090303D1,            1481P   3117
-2.948668895110D1,5.058337716060D1,1.514487270115D1;                1481P   3118
126,15,3,0,0,1,0,0D0,0D0,0D0,0D0,7.692307692308D-2,                 1483P   3119
1.538461538462D-1,2.307692307692D-1,3.076923076923D-1,              1483P   3120
3.846153846154D-1,4.615384615385D-1,5.384615384615D-1,              1483P   3121
6.153846153846D-1,6.923076923077D-1,7.692307692308D-1,              1483P   3122
8.461538461538D-1,9.230769230769D-1,1D0,1D0,1D0,1D0,1D0,1D0,1D0,    1483P   3123
1D0,1D0,1D0,1D0,1D0,1D0,1D0,1D0,1D0,1D0,1D0,1D0,1D0,                1483P   3124
-3.251674139616D1,5.058337716006D1,1.253359290842D1,                1483P   3125
-3.251674139621D1,5.075135406738D1,1.253359290837D1,                1483P   3126
-3.248108381262D1,5.108713209648D1,1.255976641422D1,                1483P   3127
-3.233937530550D1,5.154166194764D1,1.266458370161D1,                1483P   3128
-3.209007502071D1,5.197465107414D1,1.285318852662D1,                1483P   3129
-3.179388536815D1,5.227671125915D1,1.308439828456D1,                1483P   3130
-3.150346322811D1,5.246650000706D1,1.331675714432D1,                1483P   3131
-3.113873925008D1,5.258913833562D1,1.361896074549D1,                1483P   3132
-3.075938169704D1,5.258827082546D1,1.394597099504D1,                1483P   3133
-3.039499661710D1,5.246293721407D1,1.427241433300D1,                1483P   3134
-3.006962539427D1,5.222073356233D1,1.457543039579D1,                1483P   3135
-2.979976446004D1,5.186571300875D1,1.483422541946D1,                1483P   3136
-2.962850124262D1,5.148914940658D1,1.500292867683D1,                1483P   3137
-2.951794495091D1,5.107981057699D1,1.511330614359D1,                1483P   3138
-2.948668895110D1,5.075289714823D1,1.514487270115D1,                1483P   3139
-2.948668895110D1,5.058337716060D1,1.514487270115D1,0D0,1D0,0D0,    1483P   3140
0D0,1D0;                                                            1483P   3141
110,-3.251674139616D1,5.058337716006D1,1.253359290842D1,            1485P   3142
-3.768900955918D1,5.058337716006D1,1.853534110882D1;                1485P   3143
124,-7.575131117753D-1,0D0,-6.528199487520D-1,-3.617398333600D1,    1487P   3144
0D0,-1D0,0D0,5.058337716060D1,-6.528199487520D-1,0D0,               1487P   3145
7.575131117753D-1,1.984098100604D1;                                 1487P   3146
100,0D0,0D0,0D0,1.999999999810D0,0D0,-1.999999999810D0,0D0;         1489P   3147
124,7.575131117753D-1,0D0,-6.528199487520D-1,-3.617398333600D1,     1491P   3148
0D0,1D0,0D0,5.058337716060D1,6.528199487520D-1,0D0,                 1491P   3149
7.575131117753D-1,1.984098100604D1;                                 1491P   3150
100,0D0,0D0,0D0,1.999999999707D0,0D0,-1.999999999707D0,0D0;         1493P   3151
126,15,3,0,0,1,0,0D0,0D0,0D0,0D0,7.692307692308D-2,                 1495P   3152
1.538461538462D-1,2.307692307692D-1,3.076923076923D-1,              1495P   3153
3.846153846154D-1,4.615384615385D-1,5.384615384615D-1,              1495P   3154
6.153846153846D-1,6.923076923077D-1,7.692307692308D-1,              1495P   3155
8.461538461538D-1,9.230769230769D-1,1D0,1D0,1D0,1D0,1D0,1D0,1D0,    1495P   3156
1D0,1D0,1D0,1D0,1D0,1D0,1D0,1D0,1D0,1D0,1D0,1D0,1D0,                1495P   3157
-7.301917900729D1,4.458337716060D1,2.667406647756D1,                1495P   3158
-7.301917900729D1,4.441530120492D1,2.667406647756D1,                1495P   3159
-7.303083367816D1,4.407960477837D1,2.671687597028D1,                1495P   3160
-7.307624242271D1,4.362700627946D1,2.688610607812D1,                1495P   3161
-7.315383974848D1,4.319378327755D1,2.718825086632D1,                1495P   3162
-7.324163960620D1,4.289142518434D1,2.755289923189D1,                1495P   3163
-7.332473106541D1,4.270030954505D1,2.791713806648D1,                1495P   3164
-7.342230227888D1,4.257758964263D1,2.838162131485D1,                1495P   3165
-7.351555670504D1,4.257846464842D1,2.887293349149D1,                1495P   3166
-7.359759024991D1,4.270372226291D1,2.935520373850D1,                1495P   3167
-7.366352389469D1,4.294504703512D1,2.979384723626D1,                1495P   3168
-7.371376583771D1,4.329983137574D1,3.016487403996D1,                1495P   3169
-7.374289633852D1,4.367671248357D1,3.040407912094D1,                1495P   3170
-7.376078126295D1,4.408718452796D1,3.055976674136D1,                1495P   3171
-7.376558742237D1,4.441402081075D1,3.060380876703D1,                1495P   3172
-7.376558742238D1,4.458337716006D1,3.060380876710D1,0D0,1D0,0D0,    1495P   3173
0D0,1D0;                                                            1495P   3174
110,-6.523537851759D1,4.458337716060D1,2.815250800311D1,            1497P   3175
-7.301917900729D1,4.458337716060D1,2.667406647756D1;                1497P   3176
126,15,3,0,0,1,0,0D0,0D0,0D0,0D0,7.692307692308D-2,                 1499P   3177
1.538461538462D-1,2.307692307692D-1,3.076923076923D-1,              1499P   3178
3.846153846154D-1,4.615384615385D-1,5.384615384615D-1,              1499P   3179
6.153846153846D-1,6.923076923077D-1,7.692307692308D-1,              1499P   3180
8.461538461538D-1,9.230769230769D-1,1D0,1D0,1D0,1D0,1D0,1D0,1D0,    1499P   3181
1D0,1D0,1D0,1D0,1D0,1D0,1D0,1D0,1D0,1D0,1D0,1D0,1D0,                1499P   3182
-7.376558742238D1,4.458337716006D1,3.060380876710D1,                1499P   3183
-7.376558742239D1,4.475135406748D1,3.060380876717D1,                1499P   3184
-7.376074929387D1,4.508713209674D1,3.055984164670D1,                1499P   3185
-7.374082911352D1,4.554166194807D1,3.038470983354D1,                1499P   3186
-7.370214268622D1,4.597465107478D1,3.007450704172D1,                1499P   3187
-7.365000398846D1,4.627671125994D1,2.970239439891D1,                1499P   3188
-7.359398638311D1,4.646650000790D1,2.933470201787D1,                1499P   3189
-7.351463237637D1,4.658913833652D1,2.886773998675D1,                1499P   3190
-7.342111196943D1,4.658827082637D1,2.837570158366D1,                1499P   3191
-7.332059628579D1,4.646293721490D1,2.789691317845D1,                1499P   3192
-7.322086228903D1,4.622073356308D1,2.746362540225D1,                1499P   3193
-7.313166969127D1,4.586571300930D1,2.710052146581D1,                1499P   3194
-7.307119999326D1,4.548914940696D1,2.686785153952D1,                1499P   3195
-7.303088844937D1,4.507981057724D1,2.671691825074D1,                1499P   3196
-7.301917900729D1,4.475289714832D1,2.667406647756D1,                1499P   3197
-7.301917900729D1,4.458337716060D1,2.667406647756D1,0D0,1D0,0D0,    1499P   3198
0D0,1D0;                                                            1499P   3199
110,-7.376558742238D1,4.458337716006D1,3.060380876710D1,            1501P   3200
-6.598178693297D1,4.458337716006D1,3.208225029452D1;                1501P   3201
124,1.866021038283D-1,0D0,-9.824355728733D-1,-6.560858272537D1,     1503P   3202
0D0,-1D0,0D0,4.458337716060D1,-9.824355728733D-1,0D0,               1503P   3203
-1.866021038283D-1,3.011737914890D1;                                1503P   3204
100,0D0,0D0,0D0,2.000000000506D0,0D0,-2.000000000506D0,0D0;         1505P   3205
124,-1.866021038283D-1,0D0,-9.824355728733D-1,-6.560858272537D1,    1507P   3206
0D0,1D0,0D0,4.458337716060D1,9.824355728733D-1,0D0,                 1507P   3207
-1.866021038283D-1,3.011737914890D1;                                1507P   3208
100,0D0,0D0,0D0,2.000000000609D0,0D0,-2.000000000609D0,0D0;         1509P   3209
110,-6.493001963161D1,4.458337716060D1,5.320864168767D1,            1511P   3210
-6.427719968286D1,4.458337716060D1,5.245112857590D1;                1511P   3211
110,-6.651767360729D1,4.458337716060D1,5.198727690280D1,            1513P   3212
-6.108607387337D1,4.458337716060D1,4.568460795981D1;                1513P   3213
120,1511,1513,3.078760800936D0,6.346017160243D0;                    1515P   3214
124,7.575131117753D-1,0D0,6.528199487520D-1,-5.967550149100D1,      1517P   3215
0D0,-1D0,0D0,4.458337716060D1,6.528199487520D-1,0D0,                1517P   3216
-7.575131117753D-1,4.711145302917D1;                                1517P   3217
100,0D0,0D0,0D0,1.999999999810D0,0D0,-1.999999999810D0,0D0;         1519P   3218
102,4,1189,1187,1193,1519;                                          1521P   3219
110,9.807692307692D-1,6.283185307180D0,0D0,2.851420132707D-2,       1523P   3220
6.283185307180D0,0D0;                                               1523P   3221
126,15,3,0,0,1,0,0D0,0D0,0D0,0D0,7.961707887417D-2,                 1525P   3222
1.580739824967D-1,2.396671593479D-1,3.155064423825D-1,              1525P   3223
3.853763607208D-1,4.612515847202D-1,5.400377890842D-1,              1525P   3224
6.196216119661D-1,6.995724180034D-1,7.789272555133D-1,              1525P   3225
8.512384192825D-1,9.224048910094D-1,1D0,1D0,1D0,1D0,1D0,1D0,1D0,    1525P   3226
1D0,1D0,1D0,1D0,1D0,1D0,1D0,1D0,1D0,1D0,1D0,1D0,1D0,                1525P   3227
2.851420132707D-2,6.283185307180D0,0D0,2.853175510156D-2,           1525P   3228
6.199741991015D0,0D0,2.811105757869D-2,6.034140797772D0,0D0,        1525P   3229
2.647590959525D-2,5.783154380635D0,0D0,2.423997930087D-2,           1525P   3230
5.536103265679D0,0D0,2.204792405121D-2,5.298179278243D0,0D0,        1525P   3231
2.023271103479D-2,5.066320172461D0,0D0,1.921169566105D-2,           1525P   3232
4.831128635664D0,0D0,1.922094864403D-2,4.585695606478D0,0D0,        1525P   3233
2.035015782739D-2,4.336024540407D0,0D0,2.240378869033D-2,           1525P   3234
4.085871651591D0,0D0,2.466828699978D-2,3.843351660816D0,0D0,        1525P   3235
2.671024321306D-2,3.610165598401D0,0D0,2.814443615668D-2,           1525P   3236
3.378744066833D0,0D0,2.852532237992D-2,3.222916084155D0,0D0,        1525P   3237
2.851420132707D-2,3.141592654D0,0D0,0D0,1D0,0D0,0D0,1D0;            1525P   3238
110,2.851420132707D-2,3.141592654D0,0D0,9.807692307692D-1,          1527P   3239
3.141592654D0,0D0;                                                  1527P   3240
110,9.807692307692D-1,3.141592654D0,0D0,9.807692307692D-1,          1529P   3241
6.283185307180D0,0D0;                                               1529P   3242
102,4,1523,1525,1527,1529;                                          1531P   3243
142,0,1515,1531,1521,1;                                             1533P   3244
144,1515,1,0,1533;                                                  1535P   3245
110,-6.492946364290D1,4.458337716060D1,5.320799653470D1,            1537P   3246
-6.427664369415D1,4.458337716060D1,5.245048342292D1;                1537P   3247
110,-6.651767189869D1,4.458337716060D1,5.198727492035D1,            1539P   3248
-6.108607390679D1,4.458337716060D1,4.568460799875D1;                1539P   3249
120,1537,1539,-6.283185308D-2,3.204424507080D0;                     1541P   3250
124,-7.575131117753D-1,0D0,6.528199487520D-1,-5.967550149100D1,     1543P   3251
0D0,1D0,0D0,4.458337716060D1,-6.528199487520D-1,0D0,                1543P   3252
-7.575131117753D-1,4.711145302917D1;                                1543P   3253
100,0D0,0D0,0D0,1.999999999707D0,0D0,-1.999999999707D0,0D0;         1545P   3254
110,-5.816047526782D1,4.458337716006D1,4.841709292639D1,            1547P   3255
-6.333274343496D1,4.458337716006D1,5.441884112377D1;                1547P   3256
110,-6.636279587950D1,4.458337716060D1,5.180756133044D1,            1549P   3257
-6.119052771412D1,4.458337716060D1,4.580581313219D1;                1549P   3258
102,4,1545,1547,1191,1549;                                          1551P   3259
110,9.807692307692D-1,0D0,0D0,9.807692307692D-1,3.141592654D0,      1553P   3260
0D0;                                                                1553P   3261
110,9.807692307692D-1,3.141592654D0,0D0,2.851389619435D-2,          1555P   3262
3.141592654D0,0D0;                                                  1555P   3263
126,15,3,0,0,1,0,0D0,0D0,0D0,0D0,7.966354767428D-2,                 1557P   3264
1.583539230324D-1,2.400299097687D-1,3.158570335622D-1,              1557P   3265
3.854943547988D-1,4.612364944014D-1,5.400790315949D-1,              1557P   3266
6.197201810313D-1,6.998062217439D-1,7.791576572083D-1,              1557P   3267
8.513726534989D-1,9.223994984830D-1,1D0,1D0,1D0,1D0,1D0,1D0,1D0,    1557P   3268
1D0,1D0,1D0,1D0,1D0,1D0,1D0,1D0,1D0,1D0,1D0,1D0,1D0,                1557P   3269
2.851389619435D-2,3.141592654D0,0D0,2.853165241207D-2,              1557P   3270
3.058101776039D0,0D0,2.810984803967D-2,2.892206119348D0,0D0,        1557P   3271
2.646988182964D-2,2.640835271806D0,0D0,2.422976879287D-2,           1557P   3272
2.393465479449D0,0D0,2.204017326353D-2,2.155710294870D0,0D0,        1557P   3273
2.023012539053D-2,1.924250599502D0,0D0,1.921124296472D-2,           1557P   3274
1.689385580140D0,0D0,1.922071089998D-2,1.443971125935D0,0D0,        1557P   3275
2.035209760521D-2,1.194039561244D0,0D0,2.240867219320D-2,           1557P   3276
9.436855027526D-1,0D0,2.467363446251D-2,7.011289842097D-1,0D0,      1557P   3277
2.671301554151D-2,4.681945957948D-1,0D0,2.814429870216D-2,          1557P   3278
2.370166847291D-1,0D0,2.852466672306D-2,8.132978427354D-2,0D0,      1557P   3279
2.851389619435D-2,0D0,0D0,0D0,1D0,0D0,0D0,1D0;                      1557P   3280
110,2.851389619435D-2,0D0,0D0,9.807692307692D-1,0D0,0D0;            1559P   3281
102,4,1553,1555,1557,1559;                                          1561P   3282
142,0,1541,1561,1551,1;                                             1563P   3283
144,1541,1,0,1563;                                                  1565P   3284
128,1,1,1,1,0,0,1,0,0,-2.089414091647D0,-2.089414091647D0,          1567P   3285
2.089414091647D0,2.089414091647D0,-2.089414096997D0,                1567P   3286
-2.089414096997D0,2.089414096997D0,2.089414096997D0,1D0,1D0,1D0,    1567P   3287
1D0,-6.125826006136D1,4.249396306361D1,4.574744182940D1,            1567P   3288
-5.809274292048D1,4.249396306361D1,4.847546422965D1,                1567P   3289
-6.125826006136D1,4.667279125760D1,4.574744182940D1,                1567P   3290
-5.809274292048D1,4.667279125760D1,4.847546422965D1,                1567P   3291
-2.089414091647D0,2.089414091647D0,-2.089414096997D0,               1567P   3292
2.089414096997D0;                                                   1567P   3293
102,2,1197,1201;                                                    1569P   3294
126,14,3,0,0,1,0,0D0,0D0,0D0,0D0,8.333235741444D-2,                 1571P   3295
1.666912088458D-1,2.500263155863D-1,3.333673276484D-1,              1571P   3296
4.167074265078D-1,5.000471665223D-1,5.833868347003D-1,              1571P   3297
6.667268318128D-1,7.500696256433D-1,8.333975980223D-1,              1571P   3298
9.167723747290D-1,1D0,1D0,1D0,1D0,1D0,1D0,1D0,1D0,1D0,1D0,1D0,      1571P   3299
1D0,1D0,1D0,1D0,1D0,1D0,1D0,1D0,-1.999999998786D0,0D0,0D0,          1571P   3300
-2.000521859409D0,-1.746659696682D-1,0D0,-1.953760414333D0,         1571P   3301
-5.235606806016D-1,0D0,-1.751973815933D0,-1.011607141972D0,0D0,     1571P   3302
-1.430315875238D0,-1.430587410182D0,0D0,-1.011304088404D0,          1571P   3303
-1.752055616860D0,0D0,-5.233315959282D-1,-1.954108239581D0,0D0,     1571P   3304
3.013404838787D-4,-2.022984811943D0,0D0,5.239134983241D-1,          1571P   3305
-1.953952183481D0,0D0,1.011828951749D0,-1.751753207633D0,0D0,       1571P   3306
1.430735318507D0,-1.430165710523D0,0D0,1.752283643718D0,            1571P   3307
-1.011075255058D0,0D0,1.953845106264D0,-5.231513038859D-1,0D0,      1571P   3308
2.000520540807D0,-1.744433272090D-1,0D0,1.999999998786D0,0D0,       1571P   3309
0D0,0D0,1D0,0D0,0D0,1D0;                                            1571P   3310
126,14,3,0,0,1,0,0D0,0D0,0D0,0D0,8.333235741444D-2,                 1573P   3311
1.666912088458D-1,2.500263155863D-1,3.333673276484D-1,              1573P   3312
4.167074265078D-1,5.000471665223D-1,5.833868347003D-1,              1573P   3313
6.667268318128D-1,7.500696256433D-1,8.333975980223D-1,              1573P   3314
9.167723747290D-1,1D0,1D0,1D0,1D0,1D0,1D0,1D0,1D0,1D0,1D0,1D0,      1573P   3315
1D0,1D0,1D0,1D0,1D0,1D0,1D0,1D0,1.999999998786D0,0D0,0D0,           1573P   3316
2.000521859409D0,1.746659696682D-1,0D0,1.953760414333D0,            1573P   3317
5.235606806016D-1,0D0,1.751973815933D0,1.011607141972D0,0D0,        1573P   3318
1.430315875238D0,1.430587410182D0,0D0,1.011304088404D0,             1573P   3319
1.752055616860D0,0D0,5.233315959282D-1,1.954108239581D0,0D0,        1573P   3320
-3.013404838821D-4,2.022984811943D0,0D0,-5.239134983241D-1,         1573P   3321
1.953952183481D0,0D0,-1.011828951749D0,1.751753207633D0,0D0,        1573P   3322
-1.430735318507D0,1.430165710523D0,0D0,-1.752283643718D0,           1573P   3323
1.011075255058D0,0D0,-1.953845106264D0,5.231513038859D-1,0D0,       1573P   3324
-2.000520540807D0,1.744433272090D-1,0D0,-1.999999998786D0,0D0,      1573P   3325
0D0,0D0,1D0,0D0,0D0,1D0;                                            1573P   3326
102,2,1571,1573;                                                    1575P   3327
142,0,1567,1575,1569,1;                                             1577P   3328
144,1567,1,0,1577;                                                  1579P   3329
110,-4.792474241350D1,4.738337716060D1,3.347621701761D1,            1581P   3330
-4.792474241350D1,4.638337716060D1,3.347621701761D1;                1581P   3331
110,-3.935473618634D1,4.749537716060D1,5.802321262331D1,            1583P   3332
-3.935473618634D1,4.167137716060D1,5.802321262331D1;                1583P   3333
120,1581,1583,-6.283185308D-2,3.204424507080D0;                     1585P   3334
102,10,1205,1305,1333,1327,1303,1285,1301,1325,1311,1299;           1587P   3335
110,1.923076923077D-2,3.141592654D0,0D0,1.923076923077D-2,0D0,      1589P   3336
0D0;                                                                1589P   3337
110,1.923076923077D-2,0D0,0D0,1.565934067308D-1,0D0,0D0;            1591P   3338
126,9,3,0,0,1,0,0D0,0D0,0D0,0D0,1.479410209014D-1,                  1593P   3339
2.943914531824D-1,4.457222252428D-1,5.897539799067D-1,              1593P   3340
7.212616638391D-1,8.556678061700D-1,1D0,1D0,1D0,1D0,1D0,1D0,1D0,    1593P   3341
1D0,1D0,1D0,1D0,1D0,1D0,1D0,1.565934067308D-1,0D0,0D0,              1593P   3342
1.565370715570D-1,5.965592274054D-3,0D0,1.628059822039D-1,          1593P   3343
1.782328464831D-2,0D0,1.902537648241D-1,3.482349100990D-2,0D0,      1593P   3344
2.342055021761D-1,4.981343935825D-2,0D0,2.903175160917D-1,          1593P   3345
6.171486142200D-2,0D0,3.537902275355D-1,7.028037809348D-2,0D0,      1593P   3346
4.239013324600D-1,7.571036362173D-2,0D0,4.740198980280D-1,          1593P   3347
7.701034356144D-2,0D0,5D-1,7.6999141D-2,0D0,0D0,1D0,0D0,0D0,1D0;    1593P   3348
126,9,3,0,0,1,0,0D0,0D0,0D0,0D0,1.477997129744D-1,                  1595P   3349
2.937034603837D-1,4.446260488512D-1,5.886027927297D-1,              1595P   3350
7.205559960268D-1,8.556495372320D-1,1D0,1D0,1D0,1D0,1D0,1D0,1D0,    1595P   3351
1D0,1D0,1D0,1D0,1D0,1D0,1D0,5D-1,7.6999141D-2,0D0,                  1595P   3352
5.266074683168D-1,7.701181415895D-2,0D0,5.794185556937D-1,          1595P   3353
7.560769149669D-2,0D0,6.551144318027D-1,6.946926004945D-2,0D0,      1595P   3354
7.218781728427D-1,5.964689204421D-2,0D0,7.750243092318D-1,          1595P   3355
4.708208577544D-2,0D0,8.133708692583D-1,3.282703718459D-2,0D0,      1595P   3356
8.376562770402D-1,1.707533986549D-2,0D0,8.434569004249D-1,          1595P   3357
5.820118039443D-3,0D0,8.434065932692D-1,0D0,0D0,0D0,1D0,0D0,0D0,    1595P   3358
1D0;                                                                1595P   3359
110,8.434065932692D-1,0D0,0D0,9.807692307692D-1,0D0,0D0;            1597P   3360
110,9.807692307692D-1,0D0,0D0,9.807692307692D-1,3.141592654D0,      1599P   3361
0D0;                                                                1599P   3362
110,9.807692307692D-1,3.141592654D0,0D0,8.434065932692D-1,          1601P   3363
3.141592654D0,0D0;                                                  1601P   3364
126,9,3,0,0,1,0,0D0,0D0,0D0,0D0,1.479545162377D-1,                  1603P   3365
2.945317181309D-1,4.459945349550D-1,5.900023196027D-1,              1603P   3366
7.214074587001D-1,8.556794106577D-1,1D0,1D0,1D0,1D0,1D0,1D0,1D0,    1603P   3367
1D0,1D0,1D0,1D0,1D0,1D0,1D0,8.434065932692D-1,3.141592654D0,0D0,    1603P   3368
8.434629961102D-1,3.135626529577D0,0D0,8.371904796293D-1,           1603P   3369
3.123763183939D0,0D0,8.097164084718D-1,3.106753070945D0,0D0,        1603P   3370
7.657187276975D-1,3.091758098055D0,0D0,7.095844015683D-1,           1603P   3371
3.079861734053D0,0D0,6.461409003980D-1,3.071306178587D0,0D0,        1603P   3372
5.760703555201D-1,3.065881508767D0,0D0,5.259780692203D-1,           1603P   3373
3.064582330479D0,0D0,5D-1,3.064593513D0,0D0,0D0,1D0,0D0,0D0,1D0;    1603P   3374
126,9,3,0,0,1,0,0D0,0D0,0D0,0D0,1.478490346596D-1,                  1605P   3375
2.938557931976D-1,4.448615672237D-1,5.888469527186D-1,              1605P   3376
7.206884914221D-1,8.556408729519D-1,1D0,1D0,1D0,1D0,1D0,1D0,1D0,    1605P   3377
1D0,1D0,1D0,1D0,1D0,1D0,1D0,5D-1,3.064593513D0,0D0,                 1605P   3378
4.733836356887D-1,3.064580815175D0,0D0,4.205451081606D-1,           1605P   3379
3.065986159923D0,0D0,3.448125477902D-1,3.072130607563D0,0D0,        1605P   3380
2.780320293833D-1,3.081961996652D0,0D0,2.249095146373D-1,           1605P   3381
3.094530732788D0,0D0,1.866051383491D-1,3.108779680147D0,0D0,        1605P   3382
1.623413455817D-1,3.124522290906D0,0D0,1.565431622706D-1,           1605P   3383
3.135772165122D0,0D0,1.565934067308D-1,3.141592654D0,0D0,0D0,       1605P   3384
1D0,0D0,0D0,1D0;                                                    1605P   3385
110,1.565934067308D-1,3.141592654D0,0D0,1.923076923077D-2,          1607P   3386
3.141592654D0,0D0;                                                  1607P   3387
102,10,1589,1591,1593,1595,1597,1599,1601,1603,1605,1607;           1609P   3388
142,0,1585,1609,1587,1;                                             1611P   3389
102,2,1187,1191;                                                    1613P   3390
126,15,3,0,0,1,0,0D0,0D0,0D0,0D0,7.961703857862D-2,                 1615P   3391
1.580738720685D-1,2.396669377998D-1,3.155062967850D-1,              1615P   3392
3.853763417410D-1,4.612515773276D-1,5.400378479400D-1,              1615P   3393
6.196216800638D-1,6.995725962767D-1,7.789274442351D-1,              1615P   3394
8.512385134812D-1,9.224049304611D-1,1D0,1D0,1D0,1D0,1D0,1D0,1D0,    1615P   3395
1D0,1D0,1D0,1D0,1D0,1D0,1D0,1D0,1D0,1D0,1D0,1D0,1D0,5D-1,           1615P   3396
1.124196692D0,0D0,5.286734526821D-1,1.124213529177D0,0D0,           1615P   3397
5.855119233149D-1,1.122580707081D0,0D0,6.663835506786D-1,           1615P   3398
1.115472933248D0,0D0,7.357516463957D-1,1.104237868029D0,0D0,        1615P   3399
7.886687432816D-1,1.090106144830D0,0D0,8.249401106048D-1,           1615P   3400
1.074097806433D0,0D0,8.443624692284D-1,1.056402141238D0,0D0,        1615P   3401
8.441902178304D-1,1.037378076582D0,0D0,8.227322372579D-1,           1615P   3402
1.018625716078D0,0D0,7.811019683794D-1,1.001607394137D0,0D0,        1615P   3403
7.237780725309D-1,9.878564069515D-1,0D0,6.564021768073D-1,          1615P   3404
9.779267304889D-1,0D0,5.814295439643D-1,9.716794285206D-1,0D0,      1615P   3405
5.279433257861D-1,9.701839985710D-1,0D0,5D-1,9.70198411D-1,0D0,     1615P   3406
0D0,1D0,0D0,0D0,1D0;                                                1615P   3407
126,15,3,0,0,1,0,0D0,0D0,0D0,0D0,7.966350690574D-2,                 1617P   3408
1.583538117034D-1,2.400296870805D-1,3.158568888317D-1,              1617P   3409
3.854943377924D-1,4.612364894713D-1,5.400790933133D-1,              1617P   3410
6.197202522846D-1,6.998064014691D-1,7.791578449272D-1,              1617P   3411
8.513727472040D-1,9.223995378172D-1,1D0,1D0,1D0,1D0,1D0,1D0,1D0,    1617P   3412
1D0,1D0,1D0,1D0,1D0,1D0,1D0,1D0,1D0,1D0,1D0,1D0,1D0,5D-1,           1617P   3413
9.70198411D-1,0D0,4.713100615096D-1,9.701814497882D-1,0D0,          1617P   3414
4.143706715484D-1,9.718182271062D-1,0D0,3.333877991286D-1,          1617P   3415
9.789465170028D-1,0D0,2.639799976295D-1,9.902120772544D-1,0D0,      1617P   3416
2.111715925906D-1,1.004347046531D0,0D0,1.750170293938D-1,           1617P   3417
1.020333153550D0,0D0,1.556347306231D-1,1.038004503929D0,0D0,        1617P   3418
1.558104357139D-1,1.057027330186D0,0D0,1.773095100074D-1,           1617P   3419
1.075798421243D0,0D0,2.190142313647D-1,1.092825996530D0,0D0,        1617P   3420
2.763917747174D-1,1.106569625999D0,0D0,3.437192165384D-1,           1617P   3421
1.116479734290D0,0D0,4.186167149764D-1,1.122716903998D0,0D0,        1617P   3422
4.720545341767D-1,1.124211056473D0,0D0,5D-1,1.124196692D0,0D0,      1617P   3423
0D0,1D0,0D0,0D0,1D0;                                                1617P   3424
102,2,1615,1617;                                                    1619P   3425
142,0,1585,1619,1613,1;                                             1621P   3426
102,2,1495,1499;                                                    1623P   3427
126,15,3,0,0,1,0,0D0,0D0,0D0,0D0,7.961703847730D-2,                 1625P   3428
1.580738719674D-1,2.396669377021D-1,3.155062966919D-1,              1625P   3429
3.853763416463D-1,4.612515772333D-1,5.400378478511D-1,              1625P   3430
6.196216799791D-1,6.995725961914D-1,7.789274441547D-1,              1625P   3431
8.512385134024D-1,9.224049303805D-1,1D0,1D0,1D0,1D0,1D0,1D0,1D0,    1625P   3432
1D0,1D0,1D0,1D0,1D0,1D0,1D0,1D0,1D0,1D0,1D0,1D0,1D0,5D-1,           1625P   3433
2.171394243D0,0D0,5.286734527288D-1,2.171411080307D0,0D0,           1625P   3434
5.855119234010D-1,2.169778258317D0,0D0,6.663835507332D-1,           1625P   3435
2.162670484441D0,0D0,7.357516464812D-1,2.151435419230D0,0D0,        1625P   3436
7.886687433832D-1,2.137303696023D0,0D0,8.249401107183D-1,           1625P   3437
2.121295357621D0,0D0,8.443624693484D-1,2.103599692420D0,0D0,        1625P   3438
8.441902179504D-1,2.084575627757D0,0D0,8.227322373696D-1,           1625P   3439
2.065823267247D0,0D0,7.811019684763D-1,2.048804945298D0,0D0,        1625P   3440
7.237780726064D-1,2.035053958111D0,0D0,6.564021768636D-1,           1625P   3441
2.025124281638D0,0D0,5.814295439542D-1,2.018876979693D0,0D0,        1625P   3442
5.279433257699D-1,2.017381549669D0,0D0,5D-1,2.017395962D0,0D0,      1625P   3443
0D0,1D0,0D0,0D0,1D0;                                                1625P   3444
126,15,3,0,0,1,0,0D0,0D0,0D0,0D0,7.966350698778D-2,                 1627P   3445
1.583538117847D-1,2.400296871659D-1,3.158568889228D-1,              1627P   3446
3.854943378801D-1,4.612364895583D-1,5.400790934071D-1,              1627P   3447
6.197202523849D-1,6.998064015682D-1,7.791578450326D-1,              1627P   3448
8.513727473109D-1,9.223995379203D-1,1D0,1D0,1D0,1D0,1D0,1D0,1D0,    1627P   3449
1D0,1D0,1D0,1D0,1D0,1D0,1D0,1D0,1D0,1D0,1D0,1D0,1D0,5D-1,           1627P   3450
2.017395962D0,0D0,4.713100615199D-1,2.017379000879D0,0D0,           1627P   3451
4.143706715461D-1,2.019015778272D0,0D0,3.333877990471D-1,           1627P   3452
2.026144068145D0,0D0,2.639799975211D-1,2.037409628410D0,0D0,        1627P   3453
2.111715924583D-1,2.051544597691D0,0D0,1.750170292472D-1,           1627P   3454
2.067530704717D0,0D0,1.556347304679D-1,2.085202055104D0,0D0,        1627P   3455
1.558104355586D-1,2.104224881369D0,0D0,1.773095098628D-1,           1627P   3456
2.122995972436D0,0D0,2.190142312406D-1,2.140023547729D0,0D0,        1627P   3457
2.763917746178D-1,2.153767177208D0,0D0,3.437192164745D-1,           1627P   3458
2.163677285492D0,0D0,4.186167148866D-1,2.169914455239D0,0D0,        1627P   3459
4.720545341258D-1,2.171408607611D0,0D0,5D-1,2.171394243D0,0D0,      1627P   3460
0D0,1D0,0D0,0D0,1D0;                                                1627P   3461
102,2,1625,1627;                                                    1629P   3462
142,0,1585,1629,1623,1;                                             1631P   3463
144,1585,1,2,1611,1621,1631;                                        1633P   3464
110,-4.792474241350D1,7.338337716060D1,3.347621701761D1,            1635P   3465
-4.792474241350D1,7.238337716060D1,3.347621701761D1;                1635P   3466
110,-3.944149936164D1,4.764660247200D1,5.777469760169D1,            1637P   3467
-3.933389613587D1,4.732015184921D1,5.808290460181D1;                1637P   3468
120,1635,1637,-6.283185308D-2,3.204424507080D0;                     1639P   3469
124,3.296156241215D-1,-9.441152156040D-1,0D0,-4.792474241350D1,     1641P   3470
0D0,0D0,-1D0,4.738337716060D1,9.441152156040D-1,                    1641P   3471
3.296156241215D-1,0D0,3.347621701761D1;                             1641P   3472
100,0D0,0D0,0D0,2.6D1,0D0,-2.6D1,-1.066536673648D-8;                1643P   3473
102,4,1209,1353,1643,1347;                                          1645P   3474
110,1.936749602588D-1,3.141592654D0,0D0,1.936749602588D-1,0D0,      1647P   3475
0D0;                                                                1647P   3476
110,1.936749602588D-1,0D0,0D0,8.063250397412D-1,0D0,0D0;            1649P   3477
110,8.063250397412D-1,0D0,0D0,8.063250397412D-1,3.141592654D0,      1651P   3478
0D0;                                                                1651P   3479
110,8.063250397412D-1,3.141592654D0,0D0,1.936749602588D-1,          1653P   3480
3.141592654D0,0D0;                                                  1653P   3481
102,4,1647,1649,1651,1653;                                          1655P   3482
142,0,1639,1655,1645,1;                                             1657P   3483
144,1639,1,0,1657;                                                  1659P   3484
110,-4.792474241350D1,2.178337716060D1,3.347621701761D1,            1661P   3485
-4.792474241350D1,2.278337716060D1,3.347621701761D1;                1661P   3486
110,-5.640798546536D1,4.752015184921D1,9.177736433524D0,            1663P   3487
-5.651558869113D1,4.784660247200D1,8.869529433403D0;                1663P   3488
120,1661,1663,-6.283185308D-2,3.204424507080D0;                     1665P   3489
124,3.296156245087D-1,-9.441152154688D-1,0D0,-4.792474241350D1,     1667P   3490
0D0,0D0,-1D0,4.758337716060D1,9.441152154688D-1,                    1667P   3491
3.296156245087D-1,0D0,3.347621701761D1;                             1667P   3492
100,0D0,0D0,0D0,2.58D1,0D0,-2.58D1,-1.058332545389D-8;              1669P   3493
124,-3.296156237342D-1,-9.441152157392D-1,0D0,-4.792474241350D1,    1671P   3494
0D0,0D0,1D0,4.778337716060D1,-9.441152157392D-1,                    1671P   3495
3.296156237342D-1,0D0,3.347621701761D1;                             1671P   3496
100,0D0,0D0,0D0,2.6D1,0D0,-2.6D1,-1.066536673648D-8;                1673P   3497
102,4,1669,1221,1673,1215;                                          1675P   3498
110,1.936749602588D-1,3.141592654D0,0D0,1.936749602588D-1,0D0,      1677P   3499
0D0;                                                                1677P   3500
110,1.936749602588D-1,0D0,0D0,8.063250397412D-1,0D0,0D0;            1679P   3501
110,8.063250397412D-1,0D0,0D0,8.063250397412D-1,3.141592654D0,      1681P   3502
0D0;                                                                1681P   3503
110,8.063250397412D-1,3.141592654D0,0D0,1.936749602588D-1,          1683P   3504
3.141592654D0,0D0;                                                  1683P   3505
102,4,1677,1679,1681,1683;                                          1685P   3506
142,0,1665,1685,1675,1;                                             1687P   3507
144,1665,1,0,1687;                                                  1689P   3508
110,-4.792474241350D1,2.178337716060D1,3.347621701761D1,            1691P   3509
-4.792474241350D1,2.278337716060D1,3.347621701761D1;                1691P   3510
110,-5.640798546536D1,4.752015184921D1,9.177736433524D0,            1693P   3511
-5.651558869113D1,4.784660247200D1,8.869529433403D0;                1693P   3512
120,1691,1693,3.078760800936D0,6.346017160243D0;                    1695P   3513
110,-3.942065930617D1,4.758337716060D1,5.783438957845D1,            1697P   3514
-3.935473618131D1,4.778337716060D1,5.802321262155D1;                1697P   3515
124,3.296156241215D-1,9.441152156040D-1,0D0,-4.792474241350D1,      1699P   3516
0D0,0D0,1D0,4.778337716060D1,9.441152156040D-1,                     1699P   3517
-3.296156241215D-1,0D0,3.347621701761D1;                            1699P   3518
100,0D0,0D0,0D0,2.6D1,0D0,-2.6D1,1.066537310464D-8;                 1701P   3519
110,-5.649474863562D1,4.778337716060D1,8.929221410145D0,            1703P   3520
-5.642882551084D1,4.758337716060D1,9.118044453280D0;                1703P   3521
102,4,1697,1701,1703,1357;                                          1705P   3522
110,1.936749602588D-1,3.141592654D0,0D0,8.063250397412D-1,          1707P   3523
3.141592654D0,0D0;                                                  1707P   3524
110,8.063250397412D-1,3.141592654D0,0D0,8.063250397412D-1,          1709P   3525
6.283185307180D0,0D0;                                               1709P   3526
110,8.063250397412D-1,6.283185307180D0,0D0,1.936749602588D-1,       1711P   3527
6.283185307180D0,0D0;                                               1711P   3528
110,1.936749602588D-1,6.283185307180D0,0D0,1.936749602588D-1,       1713P   3529
3.141592654D0,0D0;                                                  1713P   3530
102,4,1707,1709,1711,1713;                                          1715P   3531
142,0,1695,1715,1705,1;                                             1717P   3532
144,1695,1,0,1717;                                                  1719P   3533
110,-4.792474241350D1,5.338337716060D1,3.347621701761D1,            1721P   3534
-4.792474241350D1,5.238337716060D1,3.347621701761D1;                1721P   3535
110,-3.935473618634D1,5.349537716060D1,5.802321262331D1,            1723P   3536
-3.935473618634D1,4.767137716060D1,5.802321262331D1;                1723P   3537
120,1721,1723,3.078760800936D0,6.346017160243D0;                    1725P   3538
110,-5.649474863562D1,5.338337714673D1,8.929221410151D0,            1727P   3539
-5.649474863382D1,5.258337716007D1,8.929221410335D0;                1727P   3540
110,-5.649474863393D1,4.858337716114D1,8.929221410374D0,            1729P   3541
-5.649474863562D1,4.778337716060D1,8.929221410145D0;                1729P   3542
110,-3.935473618131D1,4.778337716060D1,5.802321262155D1,            1731P   3543
-3.935473618635D1,4.858337716114D1,5.802321262250D1;                1731P   3544
110,-3.935473618647D1,5.258337716007D1,5.802321262254D1,            1733P   3545
-3.935473618634D1,5.338337716079D1,5.802321262331D1;                1733P   3546
102,10,1727,1417,1411,1729,1219,1731,1409,1395,1733,1245;           1735P   3547
110,1.923076923077D-2,3.141592654D0,0D0,1.565934067308D-1,          1737P   3548
3.141592654D0,0D0;                                                  1737P   3549
126,9,3,0,0,1,0,0D0,0D0,0D0,0D0,1.480395794344D-1,                  1739P   3550
2.947424563397D-1,4.463013929836D-1,5.903361705088D-1,              1739P   3551
7.215724373798D-1,8.556566887791D-1,1D0,1D0,1D0,1D0,1D0,1D0,1D0,    1739P   3552
1D0,1D0,1D0,1D0,1D0,1D0,1D0,1.565934067308D-1,3.141592654D0,0D0,    1739P   3553
1.565368456318D-1,3.147562221303D0,0D0,1.628176349653D-1,           1739P   3554
3.159434073181D0,0D0,1.903286567346D-1,3.176454713985D0,0D0,        1739P   3555
2.343789221986D-1,3.191454277357D0,0D0,2.905342697269D-1,           1739P   3556
3.203343060024D0,0D0,3.539404902307D-1,3.211885973210D0,0D0,        1739P   3557
4.239551368875D-1,3.217304351843D0,0D0,4.740177150069D-1,           1739P   3558
3.218602955963D0,0D0,5D-1,3.218591794D0,0D0,0D0,1D0,0D0,0D0,1D0;    1739P   3559
126,9,3,0,0,1,0,0D0,0D0,0D0,0D0,1.477873896777D-1,                  1741P   3560
2.935692412792D-1,4.443551942570D-1,5.883548891181D-1,              1741P   3561
7.204084005367D-1,8.556371266859D-1,1D0,1D0,1D0,1D0,1D0,1D0,1D0,    1741P   3562
1D0,1D0,1D0,1D0,1D0,1D0,1D0,5D-1,3.218591794D0,0D0,                 1741P   3563
5.266052922053D-1,3.218604450756D0,0D0,5.793922383424D-1,           1741P   3564
3.217201097838D0,0D0,6.550440520454D-1,3.211068441351D0,0D0,        1741P   3565
7.217848948468D-1,3.201256281501D0,0D0,7.749525233162D-1,           1741P   3566
3.188696690063D0,0D0,8.133434747668D-1,3.174435201008D0,0D0,        1741P   3567
8.376527283930D-1,3.158674440705D0,0D0,8.434569870546D-1,           1741P   3568
3.147413258802D0,0D0,8.434065932692D-1,3.141592654D0,0D0,0D0,       1741P   3569
1D0,0D0,0D0,1D0;                                                    1741P   3570
110,8.434065932692D-1,3.141592654D0,0D0,9.807692307692D-1,          1743P   3571
3.141592654D0,0D0;                                                  1743P   3572
110,9.807692307692D-1,3.141592654D0,0D0,9.807692307692D-1,          1745P   3573
6.283185307180D0,0D0;                                               1745P   3574
110,9.807692307692D-1,6.283185307180D0,0D0,8.434065932692D-1,       1747P   3575
6.283185307180D0,0D0;                                               1747P   3576
126,9,3,0,0,1,0,0D0,0D0,0D0,0D0,1.480050890968D-1,                  1749P   3577
2.946874520481D-1,4.462326532835D-1,5.902479864085D-1,              1749P   3578
7.215367668877D-1,8.556694926119D-1,1D0,1D0,1D0,1D0,1D0,1D0,1D0,    1749P   3579
1D0,1D0,1D0,1D0,1D0,1D0,1D0,8.434065932692D-1,6.283185307180D0,     1749P   3580
0D0,8.434631054406D-1,6.277217140488D0,0D0,8.371850139474D-1,       1749P   3581
6.265347510375D0,0D0,8.096836419417D-1,6.248329096838D0,0D0,        1749P   3582
7.656452984155D-1,6.233330414224D0,0D0,7.094941400137D-1,           1749P   3583
6.221439572015D0,0D0,6.460786126261D-1,6.212893513899D0,0D0,        1749P   3584
5.760489351459D-1,6.207473655603D0,0D0,5.259799418680D-1,           1749P   3585
6.206175000866D0,0D0,5D-1,6.206186167D0,0D0,0D0,1D0,0D0,0D0,1D0;    1749P   3586
126,9,3,0,0,1,0,0D0,0D0,0D0,0D0,1.478829904776D-1,                  1751P   3587
2.939101329053D-1,4.449286599835D-1,5.889340223733D-1,              1751P   3588
7.207264701301D-1,8.556289522852D-1,1D0,1D0,1D0,1D0,1D0,1D0,1D0,    1751P   3589
1D0,1D0,1D0,1D0,1D0,1D0,1D0,5D-1,6.206186167D0,0D0,                 1751P   3590
4.733774801115D-1,6.206173458434D0,0D0,4.205291538995D-1,           1751P   3591
6.207579399512D0,0D0,3.447869046327D-1,6.213725968328D0,0D0,        1751P   3592
2.780024625454D-1,6.223559983926D0,0D0,2.248886415220D-1,           1751P   3593
6.236129721810D0,0D0,1.865981469131D-1,6.250376690542D0,0D0,        1751P   3594
1.623410490744D-1,6.266115984701D0,0D0,1.565431706580D-1,           1751P   3595
6.277364327809D0,0D0,1.565934067308D-1,6.283185307180D0,0D0,0D0,    1751P   3596
1D0,0D0,0D0,1D0;                                                    1751P   3597
110,1.565934067308D-1,6.283185307180D0,0D0,1.923076923077D-2,       1753P   3598
6.283185307180D0,0D0;                                               1753P   3599
110,1.923076923077D-2,6.283185307180D0,0D0,1.923076923077D-2,       1755P   3600
3.141592654D0,0D0;                                                  1755P   3601
102,10,1737,1739,1741,1743,1745,1747,1749,1751,1753,1755;           1757P   3602
142,0,1725,1757,1735,1;                                             1759P   3603
102,2,1463,1467;                                                    1761P   3604
126,15,3,0,0,1,0,0D0,0D0,0D0,0D0,7.961703864948D-2,                 1763P   3605
1.580738720995D-1,2.396669377925D-1,3.155062967435D-1,              1763P   3606
3.853763416622D-1,4.612515772104D-1,5.400378477880D-1,              1763P   3607
6.196216798752D-1,6.995725960467D-1,7.789274439694D-1,              1763P   3608
8.512385131802D-1,9.224049301218D-1,1D0,1D0,1D0,1D0,1D0,1D0,1D0,    1763P   3609
1D0,1D0,1D0,1D0,1D0,1D0,1D0,1D0,1D0,1D0,1D0,1D0,1D0,5D-1,           1763P   3610
5.312986897D0,0D0,5.286734526579D-1,5.313003734048D0,0D0,           1763P   3611
5.855119232917D-1,5.311370911846D0,0D0,6.663835507437D-1,           1763P   3612
5.304263138050D0,0D0,7.357516464786D-1,5.293028072815D0,0D0,        1763P   3613
7.886687433839D-1,5.278896349614D0,0D0,8.249401107181D-1,           1763P   3614
5.262888011211D0,0D0,8.443624693484D-1,5.245192346010D0,0D0,        1763P   3615
8.441902179504D-1,5.226168281347D0,0D0,8.227322373693D-1,           1763P   3616
5.207415920837D0,0D0,7.811019684773D-1,5.190397598886D0,0D0,        1763P   3617
7.237780726027D-1,5.176646611708D0,0D0,6.564021768760D-1,           1763P   3618
5.166716935205D0,0D0,5.814295438058D-1,5.160469633361D0,0D0,        1763P   3619
5.279433256666D-1,5.158974203049D0,0D0,5D-1,5.158988615D0,0D0,      1763P   3620
0D0,1D0,0D0,0D0,1D0;                                                1763P   3621
126,15,3,0,0,1,0,0D0,0D0,0D0,0D0,7.966350725311D-2,                 1765P   3622
1.583538120096D-1,2.400296873488D-1,3.158568890668D-1,              1765P   3623
3.854943379883D-1,4.612364896276D-1,5.400790934359D-1,              1765P   3624
6.197202523728D-1,6.998064015149D-1,7.791578449386D-1,              1765P   3625
8.513727471798D-1,9.223995377527D-1,1D0,1D0,1D0,1D0,1D0,1D0,1D0,    1765P   3626
1D0,1D0,1D0,1D0,1D0,1D0,1D0,1D0,1D0,1D0,1D0,1D0,1D0,5D-1,           1765P   3627
5.158988615D0,0D0,4.713100616218D-1,5.158971654252D0,0D0,           1765P   3628
4.143706717036D-1,5.160608431950D0,0D0,3.333877990320D-1,           1765P   3629
5.167736721707D0,0D0,2.639799975249D-1,5.179002282006D0,0D0,        1765P   3630
2.111715924574D-1,5.193137251279D0,0D0,1.750170292475D-1,           1765P   3631
5.209123358308D0,0D0,1.556347304678D-1,5.226794708693D0,0D0,        1765P   3632
1.558104355586D-1,5.245817534959D0,0D0,1.773095098630D-1,           1765P   3633
5.264588626025D0,0D0,2.190142312399D-1,5.281616201321D0,0D0,        1765P   3634
2.763917746203D-1,5.295359830793D0,0D0,3.437192164659D-1,           1765P   3635
5.305269939098D0,0D0,4.186167149896D-1,5.311507108775D0,0D0,        1765P   3636
4.720545341977D-1,5.313001261347D0,0D0,5D-1,5.312986897D0,0D0,      1765P   3637
0D0,1D0,0D0,0D0,1D0;                                                1765P   3638
102,2,1763,1765;                                                    1767P   3639
142,0,1725,1767,1761,1;                                             1769P   3640
102,2,1479,1483;                                                    1771P   3641
126,15,3,0,0,1,0,0D0,0D0,0D0,0D0,7.961703827315D-2,                 1773P   3642
1.580738717637D-1,2.396669374955D-1,3.155062964814D-1,              1773P   3643
3.853763414379D-1,4.612515770251D-1,5.400378476381D-1,              1773P   3644
6.196216797625D-1,6.995725959761D-1,7.789274439351D-1,              1773P   3645
8.512385131817D-1,9.224049301622D-1,1D0,1D0,1D0,1D0,1D0,1D0,1D0,    1773P   3646
1D0,1D0,1D0,1D0,1D0,1D0,1D0,1D0,1D0,1D0,1D0,1D0,1D0,5D-1,           1773P   3647
4.265789345D0,0D0,5.286734527841D-1,4.265806182550D0,0D0,           1773P   3648
5.855119234721D-1,4.264173360758D0,0D0,6.663835506635D-1,           1773P   3649
4.257065586811D0,0D0,7.357516463995D-1,4.245830521626D0,0D0,        1773P   3650
7.886687432807D-1,4.231698798419D0,0D0,8.249401106051D-1,           1773P   3651
4.215690460023D0,0D0,8.443624692283D-1,4.197994794828D0,0D0,        1773P   3652
8.441902178305D-1,4.178970730172D0,0D0,8.227322372577D-1,           1773P   3653
4.160218369668D0,0D0,7.811019683805D-1,4.143200047724D0,0D0,        1773P   3654
7.237780725272D-1,4.129449060548D0,0D0,6.564021768196D-1,           1773P   3655
4.119519384056D0,0D0,5.814295438160D-1,4.113272082188D0,0D0,        1773P   3656
5.279433256829D-1,4.111776651951D0,0D0,5D-1,4.111791064D0,0D0,      1773P   3657
0D0,1D0,0D0,0D0,1D0;                                                1773P   3658
126,15,3,0,0,1,0,0D0,0D0,0D0,0D0,7.966350721137D-2,                 1775P   3659
1.583538120084D-1,2.400296873849D-1,3.158568891355D-1,              1775P   3660
3.854943380956D-1,4.612364897739D-1,5.400790936153D-1,              1775P   3661
6.197202525860D-1,6.998064017698D-1,7.791578452273D-1,              1775P   3662
8.513727475036D-1,9.223995381161D-1,1D0,1D0,1D0,1D0,1D0,1D0,1D0,    1775P   3663
1D0,1D0,1D0,1D0,1D0,1D0,1D0,1D0,1D0,1D0,1D0,1D0,1D0,5D-1,           1775P   3664
4.111791064D0,0D0,4.713100616115D-1,4.111774103161D0,0D0,           1775P   3665
4.143706717059D-1,4.113410880783D0,0D0,3.333877991135D-1,           1775P   3666
4.120539170566D0,0D0,2.639799976333D-1,4.131804730851D0,0D0,        1775P   3667
2.111715925897D-1,4.145939700119D0,0D0,1.750170293940D-1,           1775P   3668
4.161925807141D0,0D0,1.556347306230D-1,4.179597157519D0,0D0,        1775P   3669
1.558104357140D-1,4.198619983775D0,0D0,1.773095100071D-1,           1775P   3670
4.217391074834D0,0D0,2.190142313657D-1,4.234418650118D0,0D0,        1775P   3671
2.763917747137D-1,4.248162279596D0,0D0,3.437192165507D-1,           1775P   3672
4.258072387857D0,0D0,4.186167148282D-1,4.264309557666D0,0D0,        1775P   3673
4.720545340733D-1,4.265803709854D0,0D0,5D-1,4.265789345D0,0D0,      1775P   3674
0D0,1D0,0D0,0D0,1D0;                                                1775P   3675
102,2,1773,1775;                                                    1777P   3676
142,0,1725,1777,1771,1;                                             1779P   3677
144,1725,1,2,1759,1769,1779;                                        1781P   3678
110,-4.792474241350D1,5.338337716060D1,3.347621701761D1,            1783P   3679
-4.792474241350D1,5.238337716060D1,3.347621701761D1;                1783P   3680
110,-3.935473618634D1,5.349537716060D1,5.802321262331D1,            1785P   3681
-3.935473618634D1,4.767137716060D1,5.802321262331D1;                1785P   3682
120,1783,1785,-6.283185308D-2,3.204424507080D0;                     1787P   3683
124,-3.296156237342D-1,-9.441152157392D-1,0D0,-4.792474241350D1,    1789P   3684
0D0,0D0,1D0,5.338337716060D1,-9.441152157392D-1,                    1789P   3685
3.296156237342D-1,0D0,3.347621701761D1;                             1789P   3686
100,0D0,0D0,0D0,2.6D1,0D0,-2.6D1,-1.066536673648D-8;                1791P   3687
102,10,1791,1229,1393,1407,1227,1213,1225,1413,1419,1223;           1793P   3688
110,1.923076923077D-2,3.141592654D0,0D0,1.923076923077D-2,0D0,      1795P   3689
0D0;                                                                1795P   3690
110,1.923076923077D-2,0D0,0D0,1.565934067308D-1,0D0,0D0;            1797P   3691
126,9,3,0,0,1,0,0D0,0D0,0D0,0D0,1.479410209014D-1,                  1799P   3692
2.943914531824D-1,4.457222252428D-1,5.897539799067D-1,              1799P   3693
7.212616638391D-1,8.556678061700D-1,1D0,1D0,1D0,1D0,1D0,1D0,1D0,    1799P   3694
1D0,1D0,1D0,1D0,1D0,1D0,1D0,1.565934067308D-1,0D0,0D0,              1799P   3695
1.565370715570D-1,5.965592274054D-3,0D0,1.628059822039D-1,          1799P   3696
1.782328464831D-2,0D0,1.902537648241D-1,3.482349100990D-2,0D0,      1799P   3697
2.342055021761D-1,4.981343935825D-2,0D0,2.903175160917D-1,          1799P   3698
6.171486142200D-2,0D0,3.537902275355D-1,7.028037809348D-2,0D0,      1799P   3699
4.239013324600D-1,7.571036362173D-2,0D0,4.740198980280D-1,          1799P   3700
7.701034356144D-2,0D0,5D-1,7.6999141D-2,0D0,0D0,1D0,0D0,0D0,1D0;    1799P   3701
126,9,3,0,0,1,0,0D0,0D0,0D0,0D0,1.477997129744D-1,                  1801P   3702
2.937034603837D-1,4.446260488512D-1,5.886027927297D-1,              1801P   3703
7.205559960268D-1,8.556495372320D-1,1D0,1D0,1D0,1D0,1D0,1D0,1D0,    1801P   3704
1D0,1D0,1D0,1D0,1D0,1D0,1D0,5D-1,7.6999141D-2,0D0,                  1801P   3705
5.266074683168D-1,7.701181415895D-2,0D0,5.794185556937D-1,          1801P   3706
7.560769149669D-2,0D0,6.551144318027D-1,6.946926004945D-2,0D0,      1801P   3707
7.218781728427D-1,5.964689204421D-2,0D0,7.750243092318D-1,          1801P   3708
4.708208577544D-2,0D0,8.133708692583D-1,3.282703718459D-2,0D0,      1801P   3709
8.376562770402D-1,1.707533986549D-2,0D0,8.434569004249D-1,          1801P   3710
5.820118039443D-3,0D0,8.434065932692D-1,0D0,0D0,0D0,1D0,0D0,0D0,    1801P   3711
1D0;                                                                1801P   3712
110,8.434065932692D-1,0D0,0D0,9.807692307692D-1,0D0,0D0;            1803P   3713
110,9.807692307692D-1,0D0,0D0,9.807692307692D-1,3.141592654D0,      1805P   3714
0D0;                                                                1805P   3715
110,9.807692307692D-1,3.141592654D0,0D0,8.434065932692D-1,          1807P   3716
3.141592654D0,0D0;                                                  1807P   3717
126,9,3,0,0,1,0,0D0,0D0,0D0,0D0,1.479545162377D-1,                  1809P   3718
2.945317181309D-1,4.459945349550D-1,5.900023196027D-1,              1809P   3719
7.214074587001D-1,8.556794106577D-1,1D0,1D0,1D0,1D0,1D0,1D0,1D0,    1809P   3720
1D0,1D0,1D0,1D0,1D0,1D0,1D0,8.434065932692D-1,3.141592654D0,0D0,    1809P   3721
8.434629961102D-1,3.135626529577D0,0D0,8.371904796293D-1,           1809P   3722
3.123763183939D0,0D0,8.097164084718D-1,3.106753070945D0,0D0,        1809P   3723
7.657187276975D-1,3.091758098055D0,0D0,7.095844015683D-1,           1809P   3724
3.079861734053D0,0D0,6.461409003980D-1,3.071306178587D0,0D0,        1809P   3725
5.760703555201D-1,3.065881508767D0,0D0,5.259780692203D-1,           1809P   3726
3.064582330479D0,0D0,5D-1,3.064593513D0,0D0,0D0,1D0,0D0,0D0,1D0;    1809P   3727
126,9,3,0,0,1,0,0D0,0D0,0D0,0D0,1.478490346596D-1,                  1811P   3728
2.938557931976D-1,4.448615672237D-1,5.888469527186D-1,              1811P   3729
7.206884914221D-1,8.556408729519D-1,1D0,1D0,1D0,1D0,1D0,1D0,1D0,    1811P   3730
1D0,1D0,1D0,1D0,1D0,1D0,1D0,5D-1,3.064593513D0,0D0,                 1811P   3731
4.733836356887D-1,3.064580815175D0,0D0,4.205451081606D-1,           1811P   3732
3.065986159923D0,0D0,3.448125477902D-1,3.072130607563D0,0D0,        1811P   3733
2.780320293833D-1,3.081961996652D0,0D0,2.249095146373D-1,           1811P   3734
3.094530732788D0,0D0,1.866051383491D-1,3.108779680147D0,0D0,        1811P   3735
1.623413455817D-1,3.124522290906D0,0D0,1.565431622706D-1,           1811P   3736
3.135772165122D0,0D0,1.565934067308D-1,3.141592654D0,0D0,0D0,       1811P   3737
1D0,0D0,0D0,1D0;                                                    1811P   3738
110,1.565934067308D-1,3.141592654D0,0D0,1.923076923077D-2,          1813P   3739
3.141592654D0,0D0;                                                  1813P   3740
102,10,1795,1797,1799,1801,1803,1805,1807,1809,1811,1813;           1815P   3741
142,0,1787,1815,1793,1;                                             1817P   3742
102,2,1431,1435;                                                    1819P   3743
126,15,3,0,0,1,0,0D0,0D0,0D0,0D0,7.961703847730D-2,                 1821P   3744
1.580738719674D-1,2.396669377021D-1,3.155062966919D-1,              1821P   3745
3.853763416463D-1,4.612515772333D-1,5.400378478511D-1,              1821P   3746
6.196216799791D-1,6.995725961914D-1,7.789274441547D-1,              1821P   3747
8.512385134024D-1,9.224049303805D-1,1D0,1D0,1D0,1D0,1D0,1D0,1D0,    1821P   3748
1D0,1D0,1D0,1D0,1D0,1D0,1D0,1D0,1D0,1D0,1D0,1D0,1D0,5D-1,           1821P   3749
2.171394243D0,0D0,5.286734527288D-1,2.171411080307D0,0D0,           1821P   3750
5.855119234010D-1,2.169778258317D0,0D0,6.663835507332D-1,           1821P   3751
2.162670484441D0,0D0,7.357516464812D-1,2.151435419230D0,0D0,        1821P   3752
7.886687433832D-1,2.137303696023D0,0D0,8.249401107183D-1,           1821P   3753
2.121295357621D0,0D0,8.443624693484D-1,2.103599692420D0,0D0,        1821P   3754
8.441902179504D-1,2.084575627757D0,0D0,8.227322373696D-1,           1821P   3755
2.065823267247D0,0D0,7.811019684763D-1,2.048804945298D0,0D0,        1821P   3756
7.237780726064D-1,2.035053958111D0,0D0,6.564021768636D-1,           1821P   3757
2.025124281638D0,0D0,5.814295439542D-1,2.018876979693D0,0D0,        1821P   3758
5.279433257699D-1,2.017381549669D0,0D0,5D-1,2.017395962D0,0D0,      1821P   3759
0D0,1D0,0D0,0D0,1D0;                                                1821P   3760
126,15,3,0,0,1,0,0D0,0D0,0D0,0D0,7.966350698778D-2,                 1823P   3761
1.583538117847D-1,2.400296871659D-1,3.158568889228D-1,              1823P   3762
3.854943378801D-1,4.612364895583D-1,5.400790934071D-1,              1823P   3763
6.197202523849D-1,6.998064015682D-1,7.791578450326D-1,              1823P   3764
8.513727473109D-1,9.223995379203D-1,1D0,1D0,1D0,1D0,1D0,1D0,1D0,    1823P   3765
1D0,1D0,1D0,1D0,1D0,1D0,1D0,1D0,1D0,1D0,1D0,1D0,1D0,5D-1,           1823P   3766
2.017395962D0,0D0,4.713100615199D-1,2.017379000879D0,0D0,           1823P   3767
4.143706715461D-1,2.019015778272D0,0D0,3.333877990471D-1,           1823P   3768
2.026144068145D0,0D0,2.639799975211D-1,2.037409628410D0,0D0,        1823P   3769
2.111715924583D-1,2.051544597691D0,0D0,1.750170292472D-1,           1823P   3770
2.067530704717D0,0D0,1.556347304679D-1,2.085202055104D0,0D0,        1823P   3771
1.558104355586D-1,2.104224881369D0,0D0,1.773095098628D-1,           1823P   3772
2.122995972436D0,0D0,2.190142312406D-1,2.140023547729D0,0D0,        1823P   3773
2.763917746178D-1,2.153767177208D0,0D0,3.437192164745D-1,           1823P   3774
2.163677285492D0,0D0,4.186167148866D-1,2.169914455239D0,0D0,        1823P   3775
4.720545341258D-1,2.171408607611D0,0D0,5D-1,2.171394243D0,0D0,      1823P   3776
0D0,1D0,0D0,0D0,1D0;                                                1823P   3777
102,2,1821,1823;                                                    1825P   3778
142,0,1787,1825,1819,1;                                             1827P   3779
102,2,1447,1451;                                                    1829P   3780
126,15,3,0,0,1,0,0D0,0D0,0D0,0D0,7.961703857862D-2,                 1831P   3781
1.580738720685D-1,2.396669377998D-1,3.155062967850D-1,              1831P   3782
3.853763417410D-1,4.612515773276D-1,5.400378479400D-1,              1831P   3783
6.196216800638D-1,6.995725962767D-1,7.789274442351D-1,              1831P   3784
8.512385134812D-1,9.224049304611D-1,1D0,1D0,1D0,1D0,1D0,1D0,1D0,    1831P   3785
1D0,1D0,1D0,1D0,1D0,1D0,1D0,1D0,1D0,1D0,1D0,1D0,1D0,5D-1,           1831P   3786
1.124196692D0,0D0,5.286734526821D-1,1.124213529177D0,0D0,           1831P   3787
5.855119233149D-1,1.122580707081D0,0D0,6.663835506786D-1,           1831P   3788
1.115472933248D0,0D0,7.357516463957D-1,1.104237868029D0,0D0,        1831P   3789
7.886687432816D-1,1.090106144830D0,0D0,8.249401106048D-1,           1831P   3790
1.074097806433D0,0D0,8.443624692284D-1,1.056402141238D0,0D0,        1831P   3791
8.441902178304D-1,1.037378076582D0,0D0,8.227322372579D-1,           1831P   3792
1.018625716078D0,0D0,7.811019683794D-1,1.001607394137D0,0D0,        1831P   3793
7.237780725309D-1,9.878564069515D-1,0D0,6.564021768073D-1,          1831P   3794
9.779267304889D-1,0D0,5.814295439643D-1,9.716794285206D-1,0D0,      1831P   3795
5.279433257861D-1,9.701839985710D-1,0D0,5D-1,9.70198411D-1,0D0,     1831P   3796
0D0,1D0,0D0,0D0,1D0;                                                1831P   3797
126,15,3,0,0,1,0,0D0,0D0,0D0,0D0,7.966350690574D-2,                 1833P   3798
1.583538117034D-1,2.400296870805D-1,3.158568888317D-1,              1833P   3799
3.854943377924D-1,4.612364894713D-1,5.400790933133D-1,              1833P   3800
6.197202522846D-1,6.998064014691D-1,7.791578449272D-1,              1833P   3801
8.513727472040D-1,9.223995378172D-1,1D0,1D0,1D0,1D0,1D0,1D0,1D0,    1833P   3802
1D0,1D0,1D0,1D0,1D0,1D0,1D0,1D0,1D0,1D0,1D0,1D0,1D0,5D-1,           1833P   3803
9.70198411D-1,0D0,4.713100615096D-1,9.701814497882D-1,0D0,          1833P   3804
4.143706715484D-1,9.718182271062D-1,0D0,3.333877991286D-1,          1833P   3805
9.789465170028D-1,0D0,2.639799976295D-1,9.902120772544D-1,0D0,      1833P   3806
2.111715925906D-1,1.004347046531D0,0D0,1.750170293938D-1,           1833P   3807
1.020333153550D0,0D0,1.556347306231D-1,1.038004503929D0,0D0,        1833P   3808
1.558104357139D-1,1.057027330186D0,0D0,1.773095100074D-1,           1833P   3809
1.075798421243D0,0D0,2.190142313647D-1,1.092825996530D0,0D0,        1833P   3810
2.763917747174D-1,1.106569625999D0,0D0,3.437192165384D-1,           1833P   3811
1.116479734290D0,0D0,4.186167149764D-1,1.122716903998D0,0D0,        1833P   3812
4.720545341767D-1,1.124211056473D0,0D0,5D-1,1.124196692D0,0D0,      1833P   3813
0D0,1D0,0D0,0D0,1D0;                                                1833P   3814
102,2,1831,1833;                                                    1835P   3815
142,0,1787,1835,1829,1;                                             1837P   3816
144,1787,1,2,1817,1827,1837;                                        1839P   3817
110,-4.792474241346D1,5.338337713285D1,3.347621701759D1,            1841P   3818
-4.792474241561D1,5.238337713285D1,3.347621701835D1;                1841P   3819
124,1.425013341722D-1,-2.972201699632D-1,-9.441152155993D-1,        1843P   3820
-5.642882551631D1,9.017174828267D-1,4.323257812862D-1,              1843P   3821
2.283468249422D-9,5.338337713285D1,4.081653475295D-1,               1843P   3822
-8.513251960340D-1,3.296156241349D-1,9.118044454628D0;              1843P   3823
100,0D0,0D0,0D0,1.999999994571D-1,0D0,-1.559342872789D-1,           1845P   3824
1.252377652054D-1;                                                  1845P   3825
120,1841,1845,-3.204424506646D0,6.283185308418D-2;                  1847P   3826
102,4,1233,1241,1249,1237;                                          1849P   3827
110,2.017866652472D0,-3.141592653574D0,0D0,2.017866793101D0,        1851P   3828
1.245243777169D-11,0D0;                                             1851P   3829
110,2.017866793101D0,1.245243777169D-11,0D0,4.470704655176D-1,      1853P   3830
-5.262464926936D-12,0D0;                                            1853P   3831
110,4.470704655176D-1,-5.262464926936D-12,0D0,4.470704655175D-1,    1855P   3832
-3.141592653556D0,0D0;                                              1855P   3833
110,4.470704655175D-1,-3.141592653556D0,0D0,2.017866652472D0,       1857P   3834
-3.141592653574D0,0D0;                                              1857P   3835
102,4,1851,1853,1855,1857;                                          1859P   3836
142,0,1847,1859,1849,1;                                             1861P   3837
144,1847,1,0,1861;                                                  1863P   3838
110,-4.792474241354D1,5.338337713285D1,3.347621701762D1,            1865P   3839
-4.792474241139D1,5.238337713285D1,3.347621701687D1;                1865P   3840
124,-1.425013341722D-1,2.972201699632D-1,9.441152155993D-1,         1867P   3841
-3.942065931069D1,9.017174828267D-1,4.323257812862D-1,              1867P   3842
2.283468249422D-9,5.338337713285D1,-4.081653475295D-1,              1867P   3843
8.513251960340D-1,-3.296156241349D-1,5.783438958059D1;              1867P   3844
100,0D0,0D0,0D0,1.999999994571D-1,0D0,-1.559342872789D-1,           1869P   3845
1.252377652054D-1;                                                  1869P   3846
120,1865,1869,-3.204424506646D0,6.283185308418D-2;                  1871P   3847
124,3.296156241398D-1,-4.850930903066D-8,-9.441152155976D-1,        1873P   3848
-3.942065931056D1,1.406288067594D-7,1D0,-2.283468249422D-9,         1873P   3849
5.338337713285D1,9.441152155976D-1,-1.320171294007D-7,              1873P   3850
3.296156241398D-1,5.783438958054D1;                                 1873P   3851
100,0D0,0D0,0D0,1.999999994571D-1,0D0,2.796804879096D-8,            1875P   3852
1.999999994571D-1;                                                  1875P   3853
124,-1.895941186975D-9,-3.296156241198D-1,-9.441152156046D-1,       1877P   3854
-5.642882551601D1,1D0,7.885661553742D-10,-2.283468249422D-9,        1877P   3855
5.338337713285D1,1.497166839016D-9,-9.441152156046D-1,              1877P   3856
3.296156241198D-1,9.118044454522D0;                                 1877P   3857
100,0D0,0D0,0D0,1.999999994571D-1,0D0,-1.577128967242D-10,          1879P   3858
1.999999994571D-1;                                                  1879P   3859
124,-3.296156237325D-1,9.441152157398D-1,2.155857118628D-9,         1881P   3860
-4.792474241354D1,0D0,2.283468249422D-9,-1D0,5.338337713285D1,      1881P   3861
-9.441152157398D-1,-3.296156237325D-1,-7.526668121946D-10,          1881P   3862
3.347621701762D1;                                                   1881P   3863
100,0D0,0D0,0D0,2.599999999999D1,0D0,-2.599999999999D1,             1883P   3864
1.075658902834D-8;                                                  1883P   3865
102,4,1875,1253,1879,1883;                                          1885P   3866
110,2.017866652472D0,1.245226144420D-11,0D0,4.470704655176D-1,      1887P   3867
-5.262464926936D-12,0D0;                                            1887P   3868
110,4.470704655176D-1,-5.262464926936D-12,0D0,4.470704655175D-1,    1889P   3869
-3.141592653556D0,0D0;                                              1889P   3870
110,4.470704655175D-1,-3.141592653556D0,0D0,2.017866793101D0,       1891P   3871
-3.141592653574D0,0D0;                                              1891P   3872
110,2.017866793101D0,-3.141592653574D0,0D0,2.017866652472D0,        1893P   3873
1.245226144420D-11,0D0;                                             1893P   3874
102,4,1887,1889,1891,1893;                                          1895P   3875
142,0,1871,1895,1885,1;                                             1897P   3876
144,1871,1,0,1897;                                                  1899P   3877
128,1,1,1,1,0,0,1,0,0,-2.683199998669D1,-2.683199998669D1,          1901P   3878
2.683199998669D1,2.683199998669D1,-2.685046620040D1,                1901P   3879
-2.685046620040D1,2.685046620040D1,2.685046620040D1,1D0,1D0,1D0,    1901P   3880
1D0,-1.373056230560D1,5.358337716060D1,4.995838329553D1,            1901P   3881
-3.141905514968D1,5.358337716060D1,-7.066156095109D-1,              1901P   3882
-6.443042967732D1,5.358337716060D1,6.765904964473D1,                1901P   3883
-8.211892252140D1,5.358337716060D1,1.699405073968D1,                1901P   3884
-2.683199998669D1,2.683199998669D1,-2.685046620040D1,               1901P   3885
2.685046620040D1;                                                   1901P   3886
102,2,1249,1253;                                                    1903P   3887
126,25,3,0,0,1,0,0D0,0D0,0D0,0D0,4.347831570253D-2,                 1905P   3888
8.695872204546D-2,1.304370607861D-1,1.739157259130D-1,              1905P   3889
2.173944765887D-1,2.608731350835D-1,3.043518185536D-1,              1905P   3890
3.478305007207D-1,3.913091820516D-1,4.347878638160D-1,              1905P   3891
4.782665417571D-1,5.217452280730D-1,5.652239063934D-1,              1905P   3892
6.087025884072D-1,6.521812696325D-1,6.956599516734D-1,              1905P   3893
7.391386356118D-1,7.826172857138D-1,8.260960597460D-1,              1905P   3894
8.695748359141D-1,9.130523347906D-1,9.565349976352D-1,1D0,1D0,      1905P   3895
1D0,1D0,1D0,1D0,1D0,1D0,1D0,1D0,1D0,1D0,1D0,1D0,1D0,1D0,1D0,1D0,    1905P   3896
1D0,1D0,1D0,1D0,1D0,1D0,1D0,1D0,1D0,1D0,1D0,1D0,                    1905P   3897
2.579999998720D1,0D0,0D0,2.580051225350D1,1.174752050182D0,0D0,     1905P   3898
2.563902370848D1,3.524064866989D0,0D0,2.492067959719D1,             1905P   3899
6.982566389635D0,0D0,2.373765356622D1,1.031093684020D1,0D0,         1905P   3900
2.211255604436D1,1.344719998658D1,0D0,2.007552133154D1,             1905P   3901
1.633297957934D1,0D0,1.766449696240D1,1.891448576241D1,0D0,         1905P   3902
1.492442148934D1,2.114365251036D1,0D0,1.190632619171D1,             1905P   3903
2.297894904419D1,0D0,8.666427494014D0,2.438616619820D1,0D0,         1905P   3904
5.265094985948D0,2.533913087361D1,0D0,1.765675836734D0,             1905P   3905
2.582004435344D1,0D0,-1.766632056505D0,2.581997896250D1,0D0,        1905P   3906
-5.266033407818D0,2.533893585539D1,0D0,-8.667330634177D0,           1905P   3907
2.438584521681D1,0D0,-1.190717722165D1,2.297850808680D1,0D0,        1905P   3908
-1.492520453503D1,2.114309974848D1,0D0,-1.766519729787D1,           1905P   3909
1.891383168529D1,0D0,-2.007612635954D1,1.633223591588D1,0D0,        1905P   3910
-2.211305613064D1,1.344637809587D1,0D0,-2.373802807653D1,           1905P   3911
1.031007121365D1,0D0,-2.492094754673D1,6.981619734532D0,0D0,        1905P   3912
-2.563909391896D1,3.523404490307D0,0D0,-2.580051193174D1,           1905P   3913
1.174391050107D0,0D0,-2.579999998720D1,0D0,0D0,0D0,1D0,0D0,0D0,     1905P   3914
1D0;                                                                1905P   3915
126,25,3,0,0,1,0,0D0,0D0,0D0,0D0,4.347831570253D-2,                 1907P   3916
8.695872204546D-2,1.304370607861D-1,1.739157259130D-1,              1907P   3917
2.173944765887D-1,2.608731350835D-1,3.043518185536D-1,              1907P   3918
3.478305007207D-1,3.913091820516D-1,4.347878638160D-1,              1907P   3919
4.782665417571D-1,5.217452280730D-1,5.652239063934D-1,              1907P   3920
6.087025884072D-1,6.521812696325D-1,6.956599516734D-1,              1907P   3921
7.391386356118D-1,7.826172857138D-1,8.260960597460D-1,              1907P   3922
8.695748359141D-1,9.130523347906D-1,9.565349976352D-1,1D0,1D0,      1907P   3923
1D0,1D0,1D0,1D0,1D0,1D0,1D0,1D0,1D0,1D0,1D0,1D0,1D0,1D0,1D0,1D0,    1907P   3924
1D0,1D0,1D0,1D0,1D0,1D0,1D0,1D0,1D0,1D0,1D0,1D0,                    1907P   3925
-2.579999998720D1,0D0,0D0,-2.580051225350D1,-1.174752050182D0,      1907P   3926
0D0,-2.563902370848D1,-3.524064866989D0,0D0,-2.492067959719D1,      1907P   3927
-6.982566389635D0,0D0,-2.373765356622D1,-1.031093684020D1,0D0,      1907P   3928
-2.211255604436D1,-1.344719998658D1,0D0,-2.007552133154D1,          1907P   3929
-1.633297957934D1,0D0,-1.766449696240D1,-1.891448576241D1,0D0,      1907P   3930
-1.492442148934D1,-2.114365251036D1,0D0,-1.190632619171D1,          1907P   3931
-2.297894904419D1,0D0,-8.666427494014D0,-2.438616619820D1,0D0,      1907P   3932
-5.265094985948D0,-2.533913087361D1,0D0,-1.765675836734D0,          1907P   3933
-2.582004435344D1,0D0,1.766632056505D0,-2.581997896250D1,0D0,       1907P   3934
5.266033407818D0,-2.533893585539D1,0D0,8.667330634177D0,            1907P   3935
-2.438584521681D1,0D0,1.190717722165D1,-2.297850808680D1,0D0,       1907P   3936
1.492520453503D1,-2.114309974848D1,0D0,1.766519729787D1,            1907P   3937
-1.891383168529D1,0D0,2.007612635954D1,-1.633223591588D1,0D0,       1907P   3938
2.211305613064D1,-1.344637809587D1,0D0,2.373802807653D1,            1907P   3939
-1.031007121365D1,0D0,2.492094754673D1,-6.981619734532D0,0D0,       1907P   3940
2.563909391896D1,-3.523404490307D0,0D0,2.580051193174D1,            1907P   3941
-1.174391050107D0,0D0,2.579999998720D1,0D0,0D0,0D0,1D0,0D0,0D0,     1907P   3942
1D0;                                                                1907P   3943
102,2,1905,1907;                                                    1909P   3944
142,0,1901,1909,1903,1;                                             1911P   3945
102,2,1257,1261;                                                    1913P   3946
126,23,3,0,0,1,0,0D0,0D0,0D0,0D0,4.762019942220D-2,                 1915P   3947
9.524001301165D-2,1.428596949331D-1,1.904790395829D-1,              1915P   3948
2.380985793567D-1,2.857180892566D-1,3.333376058818D-1,              1915P   3949
3.809571061114D-1,4.285766210535D-1,4.761961240928D-1,              1915P   3950
5.238156418672D-1,5.714351435409D-1,6.190546588666D-1,              1915P   3951
6.666741598186D-1,7.142936760032D-1,7.619131881431D-1,              1915P   3952
8.095327453763D-1,8.571520157903D-1,9.047712644895D-1,              1915P   3953
9.523934534934D-1,1D0,1D0,1D0,1D0,1D0,1D0,1D0,1D0,1D0,1D0,1D0,      1915P   3954
1D0,1D0,1D0,1D0,1D0,1D0,1D0,1D0,1D0,1D0,1D0,1D0,1D0,1D0,1D0,1D0,    1915P   3955
1D0,1.699999998550D1,0D0,0D0,1.700048964755D1,                      1915P   3956
-8.478231019663D-1,0D0,1.687268718133D1,-2.543204512523D0,0D0,      1915P   3957
1.630548328280D1,-5.029671759929D0,0D0,1.537362850013D1,            1915P   3958
-7.403701452304D0,0D0,1.409846794219D1,-9.612360433641D0,0D0,       1915P   3959
1.250832434146D1,-1.160627480314D1,0D0,1.063877787258D1,            1915P   3960
-1.334093358324D1,0D0,8.531563345058D0,-1.477756054154D1,0D0,       1915P   3961
6.233770763932D0,-1.588408458534D1,0D0,3.796719865070D0,            1915P   3962
-1.663576999216D1,0D0,1.274856331607D0,-1.701583740211D1,0D0,       1915P   3963
-1.275486454108D0,-1.701579019247D1,0D0,-3.797335889737D0,          1915P   3964
-1.663562937220D1,0D0,-6.234358956011D0,-1.588385375046D1,0D0,      1915P   3965
-8.532110560238D0,-1.477724458970D1,0D0,-1.063927193585D1,          1915P   3966
-1.334053959442D1,0D0,-1.250875440046D1,-1.160581132489D1,0D0,      1915P   3967
-1.409882350551D1,-9.611838798327D0,0D0,-1.537389800220D1,          1915P   3968
-7.403140202339D0,0D0,-1.630567899763D1,-5.029046118196D0,0D0,      1915P   3969
-1.687273914678D1,-2.542759116818D0,0D0,-1.700048934026D1,          1915P   3970
-8.475789824184D-1,0D0,-1.699999998550D1,0D0,0D0,0D0,1D0,0D0,       1915P   3971
0D0,1D0;                                                            1915P   3972
126,23,3,0,0,1,0,0D0,0D0,0D0,0D0,4.762019942220D-2,                 1917P   3973
9.524001301166D-2,1.428596949331D-1,1.904790395829D-1,              1917P   3974
2.380985793567D-1,2.857180892566D-1,3.333376058818D-1,              1917P   3975
3.809571061114D-1,4.285766210535D-1,4.761961240928D-1,              1917P   3976
5.238156418672D-1,5.714351435409D-1,6.190546588666D-1,              1917P   3977
6.666741598186D-1,7.142936760032D-1,7.619131881431D-1,              1917P   3978
8.095327453763D-1,8.571520157903D-1,9.047712644895D-1,              1917P   3979
9.523934534934D-1,1D0,1D0,1D0,1D0,1D0,1D0,1D0,1D0,1D0,1D0,1D0,      1917P   3980
1D0,1D0,1D0,1D0,1D0,1D0,1D0,1D0,1D0,1D0,1D0,1D0,1D0,1D0,1D0,1D0,    1917P   3981
1D0,-1.699999998550D1,0D0,0D0,-1.700048964755D1,                    1917P   3982
8.478231019663D-1,0D0,-1.687268718133D1,2.543204512523D0,0D0,       1917P   3983
-1.630548328280D1,5.029671759929D0,0D0,-1.537362850013D1,           1917P   3984
7.403701452304D0,0D0,-1.409846794219D1,9.612360433641D0,0D0,        1917P   3985
-1.250832434146D1,1.160627480314D1,0D0,-1.063877787258D1,           1917P   3986
1.334093358324D1,0D0,-8.531563345058D0,1.477756054154D1,0D0,        1917P   3987
-6.233770763932D0,1.588408458534D1,0D0,-3.796719865070D0,           1917P   3988
1.663576999216D1,0D0,-1.274856331607D0,1.701583740211D1,0D0,        1917P   3989
1.275486454108D0,1.701579019247D1,0D0,3.797335889737D0,             1917P   3990
1.663562937220D1,0D0,6.234358956011D0,1.588385375046D1,0D0,         1917P   3991
8.532110560238D0,1.477724458970D1,0D0,1.063927193585D1,             1917P   3992
1.334053959442D1,0D0,1.250875440046D1,1.160581132489D1,0D0,         1917P   3993
1.409882350551D1,9.611838798327D0,0D0,1.537389800220D1,             1917P   3994
7.403140202339D0,0D0,1.630567899763D1,5.029046118196D0,0D0,         1917P   3995
1.687273914678D1,2.542759116818D0,0D0,1.700048934026D1,             1917P   3996
8.475789824184D-1,0D0,1.699999998550D1,0D0,0D0,0D0,1D0,0D0,0D0,     1917P   3997
1D0;                                                                1917P   3998
102,2,1915,1917;                                                    1919P   3999
142,0,1901,1919,1913,1;                                             1921P   4000
144,1901,1,1,1911,1921;                                             1923P   4001
110,-4.792474241350D1,5.358337716060D1,3.347621701761D1,            1925P   4002
-4.792474241350D1,5.258337716060D1,3.347621701761D1;                1925P   4003
110,-4.232127680343D1,5.382337716060D1,4.952617568288D1,            1927P   4004
-4.232127680343D1,4.134337716060D1,4.952617568288D1;                1927P   4005
120,1925,1927,3.078760800936D0,6.346017160243D0;                    1929P   4006
124,3.296156241215D-1,9.441152156040D-1,0D0,-4.792474241350D1,      1931P   4007
0D0,0D0,1D0,5.358337716060D1,9.441152156040D-1,                     1931P   4008
-3.296156241215D-1,0D0,3.347621701761D1;                            1931P   4009
100,0D0,0D0,0D0,1.7D1,0D0,-1.7D1,0D0;                               1933P   4010
102,4,1263,1933,1265,1281;                                          1935P   4011
110,9.807692307692D-1,6.283185307180D0,0D0,1.923076923077D-2,       1937P   4012
6.283185307180D0,0D0;                                               1937P   4013
110,1.923076923077D-2,6.283185307180D0,0D0,1.923076923077D-2,       1939P   4014
3.141592654D0,0D0;                                                  1939P   4015
110,1.923076923077D-2,3.141592654D0,0D0,9.807692307692D-1,          1941P   4016
3.141592654D0,0D0;                                                  1941P   4017
110,9.807692307692D-1,3.141592654D0,0D0,9.807692307692D-1,          1943P   4018
6.283185307180D0,0D0;                                               1943P   4019
102,4,1937,1939,1941,1943;                                          1945P   4020
142,0,1929,1945,1935,1;                                             1947P   4021
144,1929,1,0,1947;                                                  1949P   4022
110,-4.792474241350D1,5.358337716060D1,3.347621701761D1,            1951P   4023
-4.792474241350D1,5.258337716060D1,3.347621701761D1;                1951P   4024
110,-4.232127680343D1,5.382337716060D1,4.952617568288D1,            1953P   4025
-4.232127680343D1,4.134337716060D1,4.952617568288D1;                1953P   4026
120,1951,1953,-6.283185308D-2,3.204424507080D0;                     1955P   4027
110,-5.352820801758D1,4.158337716060D1,1.742625835537D1,            1957P   4028
-5.352820801758D1,5.358337716060D1,1.742625835537D1;                1957P   4029
124,-3.296156241215D-1,-9.441152156040D-1,0D0,-4.792474241350D1,    1959P   4030
0D0,0D0,1D0,5.358337716060D1,-9.441152156040D-1,                    1959P   4031
3.296156241215D-1,0D0,3.347621701761D1;                             1959P   4032
100,0D0,0D0,0D0,1.7D1,0D0,-1.7D1,0D0;                               1961P   4033
110,-4.232127680503D1,5.358337716060D1,4.952617567831D1,            1963P   4034
-4.232127680503D1,4.158337716060D1,4.952617567831D1;                1963P   4035
102,4,1277,1957,1961,1963;                                          1965P   4036
110,9.807692307692D-1,0D0,0D0,9.807692307692D-1,3.141592654D0,      1967P   4037
0D0;                                                                1967P   4038
110,9.807692307692D-1,3.141592654D0,0D0,1.923076923077D-2,          1969P   4039
3.141592654D0,0D0;                                                  1969P   4040
110,1.923076923077D-2,3.141592654D0,0D0,1.923076923077D-2,0D0,      1971P   4041
0D0;                                                                1971P   4042
110,1.923076923077D-2,0D0,0D0,9.807692307692D-1,0D0,0D0;            1973P   4043
102,4,1967,1969,1971,1973;                                          1975P   4044
142,0,1955,1975,1965,1;                                             1977P   4045
144,1955,1,0,1977;                                                  1979P   4046
128,1,1,1,1,0,0,1,0,0,-2.683199998669D1,-2.683199998669D1,          1981P   4047
2.683199998669D1,2.683199998669D1,-2.685046620040D1,                1981P   4048
-2.685046620040D1,2.685046620040D1,2.685046620040D1,1D0,1D0,1D0,    1981P   4049
1D0,-1.373056230560D1,4.158337716060D1,4.995838329553D1,            1981P   4050
-3.141905514968D1,4.158337716060D1,-7.066156095109D-1,              1981P   4051
-6.443042967732D1,4.158337716060D1,6.765904964473D1,                1981P   4052
-8.211892252140D1,4.158337716060D1,1.699405073968D1,                1981P   4053
-2.683199998669D1,2.683199998669D1,-2.685046620040D1,               1981P   4054
2.685046620040D1;                                                   1981P   4055
102,2,1269,1273;                                                    1983P   4056
126,25,3,0,0,1,0,0D0,0D0,0D0,0D0,4.347831570253D-2,                 1985P   4057
8.695872204546D-2,1.304370607861D-1,1.739157259130D-1,              1985P   4058
2.173944765887D-1,2.608731350835D-1,3.043518185536D-1,              1985P   4059
3.478305007207D-1,3.913091820516D-1,4.347878638160D-1,              1985P   4060
4.782665417571D-1,5.217452280730D-1,5.652239063934D-1,              1985P   4061
6.087025884072D-1,6.521812696325D-1,6.956599516734D-1,              1985P   4062
7.391386356118D-1,7.826172857138D-1,8.260960597460D-1,              1985P   4063
8.695748359141D-1,9.130523347906D-1,9.565349976352D-1,1D0,1D0,      1985P   4064
1D0,1D0,1D0,1D0,1D0,1D0,1D0,1D0,1D0,1D0,1D0,1D0,1D0,1D0,1D0,1D0,    1985P   4065
1D0,1D0,1D0,1D0,1D0,1D0,1D0,1D0,1D0,1D0,1D0,1D0,                    1985P   4066
2.579999998720D1,0D0,0D0,2.580051225350D1,1.174752050182D0,0D0,     1985P   4067
2.563902370848D1,3.524064866989D0,0D0,2.492067959719D1,             1985P   4068
6.982566389635D0,0D0,2.373765356622D1,1.031093684020D1,0D0,         1985P   4069
2.211255604436D1,1.344719998658D1,0D0,2.007552133154D1,             1985P   4070
1.633297957934D1,0D0,1.766449696240D1,1.891448576241D1,0D0,         1985P   4071
1.492442148934D1,2.114365251036D1,0D0,1.190632619171D1,             1985P   4072
2.297894904419D1,0D0,8.666427494014D0,2.438616619820D1,0D0,         1985P   4073
5.265094985948D0,2.533913087361D1,0D0,1.765675836734D0,             1985P   4074
2.582004435344D1,0D0,-1.766632056505D0,2.581997896250D1,0D0,        1985P   4075
-5.266033407818D0,2.533893585539D1,0D0,-8.667330634177D0,           1985P   4076
2.438584521681D1,0D0,-1.190717722165D1,2.297850808680D1,0D0,        1985P   4077
-1.492520453503D1,2.114309974848D1,0D0,-1.766519729787D1,           1985P   4078
1.891383168529D1,0D0,-2.007612635954D1,1.633223591588D1,0D0,        1985P   4079
-2.211305613064D1,1.344637809587D1,0D0,-2.373802807653D1,           1985P   4080
1.031007121365D1,0D0,-2.492094754673D1,6.981619734532D0,0D0,        1985P   4081
-2.563909391896D1,3.523404490307D0,0D0,-2.580051193174D1,           1985P   4082
1.174391050107D0,0D0,-2.579999998720D1,0D0,0D0,0D0,1D0,0D0,0D0,     1985P   4083
1D0;                                                                1985P   4084
126,25,3,0,0,1,0,0D0,0D0,0D0,0D0,4.347831570253D-2,                 1987P   4085
8.695872204546D-2,1.304370607861D-1,1.739157259130D-1,              1987P   4086
2.173944765887D-1,2.608731350835D-1,3.043518185536D-1,              1987P   4087
3.478305007207D-1,3.913091820516D-1,4.347878638160D-1,              1987P   4088
4.782665417571D-1,5.217452280730D-1,5.652239063934D-1,              1987P   4089
6.087025884072D-1,6.521812696325D-1,6.956599516734D-1,              1987P   4090
7.391386356118D-1,7.826172857138D-1,8.260960597460D-1,              1987P   4091
8.695748359141D-1,9.130523347906D-1,9.565349976352D-1,1D0,1D0,      1987P   4092
1D0,1D0,1D0,1D0,1D0,1D0,1D0,1D0,1D0,1D0,1D0,1D0,1D0,1D0,1D0,1D0,    1987P   4093
1D0,1D0,1D0,1D0,1D0,1D0,1D0,1D0,1D0,1D0,1D0,1D0,                    1987P   4094
-2.579999998720D1,0D0,0D0,-2.580051225350D1,-1.174752050182D0,      1987P   4095
0D0,-2.563902370848D1,-3.524064866989D0,0D0,-2.492067959719D1,      1987P   4096
-6.982566389635D0,0D0,-2.373765356622D1,-1.031093684020D1,0D0,      1987P   4097
-2.211255604436D1,-1.344719998658D1,0D0,-2.007552133154D1,          1987P   4098
-1.633297957934D1,0D0,-1.766449696240D1,-1.891448576241D1,0D0,      1987P   4099
-1.492442148934D1,-2.114365251036D1,0D0,-1.190632619171D1,          1987P   4100
-2.297894904419D1,0D0,-8.666427494014D0,-2.438616619820D1,0D0,      1987P   4101
-5.265094985948D0,-2.533913087361D1,0D0,-1.765675836734D0,          1987P   4102
-2.582004435344D1,0D0,1.766632056505D0,-2.581997896250D1,0D0,       1987P   4103
5.266033407818D0,-2.533893585539D1,0D0,8.667330634177D0,            1987P   4104
-2.438584521681D1,0D0,1.190717722165D1,-2.297850808680D1,0D0,       1987P   4105
1.492520453503D1,-2.114309974848D1,0D0,1.766519729787D1,            1987P   4106
-1.891383168529D1,0D0,2.007612635954D1,-1.633223591588D1,0D0,       1987P   4107
2.211305613064D1,-1.344637809587D1,0D0,2.373802807653D1,            1987P   4108
-1.031007121365D1,0D0,2.492094754673D1,-6.981619734532D0,0D0,       1987P   4109
2.563909391896D1,-3.523404490307D0,0D0,2.580051193174D1,            1987P   4110
-1.174391050107D0,0D0,2.579999998720D1,0D0,0D0,0D0,1D0,0D0,0D0,     1987P   4111
1D0;                                                                1987P   4112
102,2,1985,1987;                                                    1989P   4113
142,0,1981,1989,1983,1;                                             1991P   4114
102,2,1277,1281;                                                    1993P   4115
126,23,3,0,0,1,0,0D0,0D0,0D0,0D0,4.762019942220D-2,                 1995P   4116
9.524001301166D-2,1.428596949331D-1,1.904790395829D-1,              1995P   4117
2.380985793567D-1,2.857180892566D-1,3.333376058818D-1,              1995P   4118
3.809571061114D-1,4.285766210535D-1,4.761961240928D-1,              1995P   4119
5.238156418672D-1,5.714351435409D-1,6.190546588666D-1,              1995P   4120
6.666741598186D-1,7.142936760032D-1,7.619131881431D-1,              1995P   4121
8.095327453763D-1,8.571520157903D-1,9.047712644895D-1,              1995P   4122
9.523934534934D-1,1D0,1D0,1D0,1D0,1D0,1D0,1D0,1D0,1D0,1D0,1D0,      1995P   4123
1D0,1D0,1D0,1D0,1D0,1D0,1D0,1D0,1D0,1D0,1D0,1D0,1D0,1D0,1D0,1D0,    1995P   4124
1D0,-1.699999998550D1,0D0,0D0,-1.700048964755D1,                    1995P   4125
8.478231019663D-1,0D0,-1.687268718133D1,2.543204512523D0,0D0,       1995P   4126
-1.630548328280D1,5.029671759929D0,0D0,-1.537362850013D1,           1995P   4127
7.403701452304D0,0D0,-1.409846794219D1,9.612360433641D0,0D0,        1995P   4128
-1.250832434146D1,1.160627480314D1,0D0,-1.063877787258D1,           1995P   4129
1.334093358324D1,0D0,-8.531563345058D0,1.477756054154D1,0D0,        1995P   4130
-6.233770763932D0,1.588408458534D1,0D0,-3.796719865070D0,           1995P   4131
1.663576999216D1,0D0,-1.274856331607D0,1.701583740211D1,0D0,        1995P   4132
1.275486454108D0,1.701579019247D1,0D0,3.797335889737D0,             1995P   4133
1.663562937220D1,0D0,6.234358956011D0,1.588385375046D1,0D0,         1995P   4134
8.532110560238D0,1.477724458970D1,0D0,1.063927193585D1,             1995P   4135
1.334053959442D1,0D0,1.250875440046D1,1.160581132489D1,0D0,         1995P   4136
1.409882350551D1,9.611838798327D0,0D0,1.537389800220D1,             1995P   4137
7.403140202339D0,0D0,1.630567899763D1,5.029046118196D0,0D0,         1995P   4138
1.687273914678D1,2.542759116818D0,0D0,1.700048934026D1,             1995P   4139
8.475789824184D-1,0D0,1.699999998550D1,0D0,0D0,0D0,1D0,0D0,0D0,     1995P   4140
1D0;                                                                1995P   4141
126,23,3,0,0,1,0,0D0,0D0,0D0,0D0,4.762019942220D-2,                 1997P   4142
9.524001301165D-2,1.428596949331D-1,1.904790395829D-1,              1997P   4143
2.380985793567D-1,2.857180892566D-1,3.333376058818D-1,              1997P   4144
3.809571061114D-1,4.285766210535D-1,4.761961240928D-1,              1997P   4145
5.238156418672D-1,5.714351435409D-1,6.190546588666D-1,              1997P   4146
6.666741598186D-1,7.142936760032D-1,7.619131881431D-1,              1997P   4147
8.095327453763D-1,8.571520157903D-1,9.047712644895D-1,              1997P   4148
9.523934534934D-1,1D0,1D0,1D0,1D0,1D0,1D0,1D0,1D0,1D0,1D0,1D0,      1997P   4149
1D0,1D0,1D0,1D0,1D0,1D0,1D0,1D0,1D0,1D0,1D0,1D0,1D0,1D0,1D0,1D0,    1997P   4150
1D0,1.699999998550D1,0D0,0D0,1.700048964755D1,                      1997P   4151
-8.478231019663D-1,0D0,1.687268718133D1,-2.543204512523D0,0D0,      1997P   4152
1.630548328280D1,-5.029671759929D0,0D0,1.537362850013D1,            1997P   4153
-7.403701452304D0,0D0,1.409846794219D1,-9.612360433641D0,0D0,       1997P   4154
1.250832434146D1,-1.160627480314D1,0D0,1.063877787258D1,            1997P   4155
-1.334093358324D1,0D0,8.531563345058D0,-1.477756054154D1,0D0,       1997P   4156
6.233770763932D0,-1.588408458534D1,0D0,3.796719865070D0,            1997P   4157
-1.663576999216D1,0D0,1.274856331607D0,-1.701583740211D1,0D0,       1997P   4158
-1.275486454108D0,-1.701579019247D1,0D0,-3.797335889737D0,          1997P   4159
-1.663562937220D1,0D0,-6.234358956011D0,-1.588385375046D1,0D0,      1997P   4160
-8.532110560238D0,-1.477724458970D1,0D0,-1.063927193585D1,          1997P   4161
-1.334053959442D1,0D0,-1.250875440046D1,-1.160581132489D1,0D0,      1997P   4162
-1.409882350551D1,-9.611838798327D0,0D0,-1.537389800220D1,          1997P   4163
-7.403140202339D0,0D0,-1.630567899763D1,-5.029046118196D0,0D0,      1997P   4164
-1.687273914678D1,-2.542759116818D0,0D0,-1.700048934026D1,          1997P   4165
-8.475789824184D-1,0D0,-1.699999998550D1,0D0,0D0,0D0,1D0,0D0,       1997P   4166
0D0,1D0;                                                            1997P   4167
102,2,1995,1997;                                                    1999P   4168
142,0,1981,1999,1993,1;                                             2001P   4169
144,1981,1,1,1991,2001;                                             2003P   4170
110,-4.792474241346D1,4.178337718835D1,3.347621701759D1,            2005P   4171
-4.792474241130D1,4.078337718835D1,3.347621701684D1;                2005P   4172
124,-2.972201719397D-1,-1.425013300499D-1,-9.441152155993D-1,       2007P   4173
-5.642882551631D1,4.323257805751D-1,-9.017174831676D-1,             2007P   4174
-2.283468249422D-9,4.178337718835D1,-8.513251957051D-1,             2007P   4175
-4.081653482155D-1,3.296156241349D-1,9.118044454628D0;              2007P   4176
100,0D0,0D0,0D0,1.999999994571D-1,0D0,-1.559342855829D-1,           2009P   4177
1.252377673171D-1;                                                  2009P   4178
120,2005,2009,-3.204424506646D0,6.283185308418D-2;                  2011P   4179
124,3.296156241031D-1,-9.441152156104D-1,2.155857118628D-9,         2013P   4180
-4.792474241303D1,0D0,-2.283468249422D-9,-1D0,4.158337718890D1,     2013P   4181
9.441152156104D-1,3.296156241031D-1,-7.526668121946D-10,            2013P   4182
3.347621701744D1;                                                   2013P   4183
100,0D0,0D0,0D0,2.580000000048D1,0D0,-2.580000000048D1,             2015P   4184
1.004608358636D-9;                                                  2015P   4185
124,-3.296156237358D-1,-9.441152157387D-1,-2.155857118628D-9,       2017P   4186
-4.792474241346D1,0D0,-2.283468249422D-9,1D0,4.178337718835D1,      2017P   4187
-9.441152157387D-1,3.296156237358D-1,7.526668121946D-10,            2017P   4188
3.347621701759D1;                                                   2017P   4189
100,0D0,0D0,0D0,2.599999999999D1,0D0,-2.599999999999D1,             2019P   4190
-1.057415081277D-8;                                                 2019P   4191
102,4,2015,1297,2019,1289;                                          2021P   4192
110,2.017866793101D0,-3.141592653556D0,0D0,2.017866793101D0,        2023P   4193
-5.262464926936D-12,0D0;                                            2023P   4194
110,2.017866793101D0,-5.262464926936D-12,0D0,4.470704655175D-1,     2025P   4195
1.245243777169D-11,0D0;                                             2025P   4196
110,4.470704655175D-1,1.245243777169D-11,0D0,4.470704655175D-1,     2027P   4197
-3.141592653574D0,0D0;                                              2027P   4198
110,4.470704655175D-1,-3.141592653574D0,0D0,2.017866793101D0,       2029P   4199
-3.141592653556D0,0D0;                                              2029P   4200
102,4,2023,2025,2027,2029;                                          2031P   4201
142,0,2011,2031,2021,1;                                             2033P   4202
144,2011,1,0,2033;                                                  2035P   4203
110,-4.792474241354D1,4.178337718835D1,3.347621701762D1,            2037P   4204
-4.792474241570D1,4.078337718835D1,3.347621701838D1;                2037P   4205
124,2.972201719396D-1,1.425013300499D-1,9.441152155993D-1,          2039P   4206
-3.942065931069D1,4.323257805751D-1,-9.017174831676D-1,             2039P   4207
-2.283468249422D-9,4.178337718835D1,8.513251957051D-1,              2039P   4208
4.081653482155D-1,-3.296156241349D-1,5.783438958059D1;              2039P   4209
100,0D0,0D0,0D0,1.999999994571D-1,0D0,-1.559342855829D-1,           2041P   4210
1.252377673171D-1;                                                  2041P   4211
120,2037,2041,-3.204424506646D0,6.283185308418D-2;                  2043P   4212
124,-2.415774253869D-9,3.296156241231D-1,-9.441152156034D-1,        2045P   4213
-3.942065931099D1,-1D0,-7.885623450146D-10,2.283468249422D-9,       2045P   4214
4.178337718835D1,8.171241483423D-12,9.441152156034D-1,              2045P   4215
3.296156241231D-1,5.783438958069D1;                                 2045P   4216
100,0D0,0D0,0D0,1.999999994571D-1,0D0,-1.577117865012D-10,          2047P   4217
1.999999994571D-1;                                                  2047P   4218
124,3.296156241231D-1,9.441152156034D-1,2.155857118628D-9,          2049P   4219
-4.792474241354D1,0D0,-2.283468249422D-9,1D0,4.178337718835D1,      2049P   4220
9.441152156034D-1,-3.296156241231D-1,-7.526668121946D-10,           2049P   4221
3.347621701762D1;                                                   2049P   4222
100,0D0,0D0,0D0,2.599999999999D1,0D0,-2.599999999999D1,             2051P   4223
1.075658902834D-8;                                                  2051P   4224
124,-3.296156241031D-1,-2.155857118642D-9,-9.441152156104D-1,       2053P   4225
-5.642882551558D1,0D0,-1D0,2.283468249422D-9,4.178337718835D1,      2053P   4226
-9.441152156104D-1,7.526668121527D-10,3.296156241031D-1,            2053P   4227
9.118044454371D0;                                                   2053P   4228
100,0D0,0D0,0D0,1.999999994571D-1,0D0,-1.577098769176D-10,          2055P   4229
1.999999994571D-1;                                                  2055P   4230
124,-3.296156241031D-1,9.441152156104D-1,-2.155857118628D-9,        2057P   4231
-4.792474241397D1,0D0,-2.283468249422D-9,-1D0,4.158337718890D1,     2057P   4232
-9.441152156104D-1,-3.296156241031D-1,7.526668121946D-10,           2057P   4233
3.347621701777D1;                                                   2057P   4234
100,0D0,0D0,0D0,2.580000000048D1,0D0,-2.580000000048D1,             2059P   4235
1.004608358636D-9;                                                  2059P   4236
102,4,2047,2051,2055,2059;                                          2061P   4237
110,2.017866793101D0,-5.262464926936D-12,0D0,4.470704655175D-1,     2063P   4238
1.245243777169D-11,0D0;                                             2063P   4239
110,4.470704655175D-1,1.245243777169D-11,0D0,4.470704655175D-1,     2065P   4240
-3.141592653574D0,0D0;                                              2065P   4241
110,4.470704655175D-1,-3.141592653574D0,0D0,2.017866793101D0,       2067P   4242
-3.141592653556D0,0D0;                                              2067P   4243
110,2.017866793101D0,-3.141592653556D0,0D0,2.017866793101D0,        2069P   4244
-5.262464926936D-12,0D0;                                            2069P   4245
102,4,2063,2065,2067,2069;                                          2071P   4246
142,0,2043,2071,2061,1;                                             2073P   4247
144,2043,1,0,2073;                                                  2075P   4248
110,-4.792474241350D1,4.738337716060D1,3.347621701761D1,            2077P   4249
-4.792474241350D1,4.638337716060D1,3.347621701761D1;                2077P   4250
110,-3.935473618634D1,4.749537716060D1,5.802321262331D1,            2079P   4251
-3.935473618634D1,4.167137716060D1,5.802321262331D1;                2079P   4252
120,2077,2079,3.078760800936D0,6.346017160243D0;                    2081P   4253
110,-5.649474863059D1,4.738337716060D1,8.929221408388D0,            2083P   4254
-5.649474863382D1,4.658337716007D1,8.929221410335D0;                2083P   4255
110,-5.649474863393D1,4.258337716114D1,8.929221410374D0,            2085P   4256
-5.649474863562D1,4.178337717448D1,8.929221410151D0;                2085P   4257
110,-3.935473618634D1,4.178337717448D1,5.802321262331D1,            2087P   4258
-3.935473618635D1,4.258337716114D1,5.802321262250D1;                2087P   4259
110,-3.935473618647D1,4.658337716007D1,5.802321262254D1,            2089P   4260
-3.935473618634D1,4.738337716060D1,5.802321262331D1;                2089P   4261
102,10,2083,1309,1323,2085,1293,2087,1329,1335,2089,1351;           2091P   4262
110,1.923076923077D-2,3.141592654D0,0D0,1.565934067308D-1,          2093P   4263
3.141592654D0,0D0;                                                  2093P   4264
126,9,3,0,0,1,0,0D0,0D0,0D0,0D0,1.480395794344D-1,                  2095P   4265
2.947424563397D-1,4.463013929836D-1,5.903361705088D-1,              2095P   4266
7.215724373798D-1,8.556566887791D-1,1D0,1D0,1D0,1D0,1D0,1D0,1D0,    2095P   4267
1D0,1D0,1D0,1D0,1D0,1D0,1D0,1.565934067308D-1,3.141592654D0,0D0,    2095P   4268
1.565368456318D-1,3.147562221303D0,0D0,1.628176349653D-1,           2095P   4269
3.159434073181D0,0D0,1.903286567346D-1,3.176454713985D0,0D0,        2095P   4270
2.343789221986D-1,3.191454277357D0,0D0,2.905342697269D-1,           2095P   4271
3.203343060024D0,0D0,3.539404902307D-1,3.211885973210D0,0D0,        2095P   4272
4.239551368875D-1,3.217304351843D0,0D0,4.740177150069D-1,           2095P   4273
3.218602955963D0,0D0,5D-1,3.218591794D0,0D0,0D0,1D0,0D0,0D0,1D0;    2095P   4274
126,9,3,0,0,1,0,0D0,0D0,0D0,0D0,1.477873896777D-1,                  2097P   4275
2.935692412792D-1,4.443551942569D-1,5.883548891181D-1,              2097P   4276
7.204084005367D-1,8.556371266859D-1,1D0,1D0,1D0,1D0,1D0,1D0,1D0,    2097P   4277
1D0,1D0,1D0,1D0,1D0,1D0,1D0,5D-1,3.218591794D0,0D0,                 2097P   4278
5.266052922053D-1,3.218604450756D0,0D0,5.793922383424D-1,           2097P   4279
3.217201097838D0,0D0,6.550440520454D-1,3.211068441351D0,0D0,        2097P   4280
7.217848948468D-1,3.201256281501D0,0D0,7.749525233162D-1,           2097P   4281
3.188696690063D0,0D0,8.133434747668D-1,3.174435201008D0,0D0,        2097P   4282
8.376527283930D-1,3.158674440705D0,0D0,8.434569870546D-1,           2097P   4283
3.147413258802D0,0D0,8.434065932692D-1,3.141592654D0,0D0,0D0,       2097P   4284
1D0,0D0,0D0,1D0;                                                    2097P   4285
110,8.434065932692D-1,3.141592654D0,0D0,9.807692307692D-1,          2099P   4286
3.141592654D0,0D0;                                                  2099P   4287
110,9.807692307692D-1,3.141592654D0,0D0,9.807692307692D-1,          2101P   4288
6.283185307180D0,0D0;                                               2101P   4289
110,9.807692307692D-1,6.283185307180D0,0D0,8.434065932692D-1,       2103P   4290
6.283185307180D0,0D0;                                               2103P   4291
126,9,3,0,0,1,0,0D0,0D0,0D0,0D0,1.480050890968D-1,                  2105P   4292
2.946874520481D-1,4.462326532835D-1,5.902479864085D-1,              2105P   4293
7.215367668877D-1,8.556694926119D-1,1D0,1D0,1D0,1D0,1D0,1D0,1D0,    2105P   4294
1D0,1D0,1D0,1D0,1D0,1D0,1D0,8.434065932692D-1,6.283185307180D0,     2105P   4295
0D0,8.434631054406D-1,6.277217140488D0,0D0,8.371850139474D-1,       2105P   4296
6.265347510375D0,0D0,8.096836419417D-1,6.248329096838D0,0D0,        2105P   4297
7.656452984155D-1,6.233330414224D0,0D0,7.094941400137D-1,           2105P   4298
6.221439572015D0,0D0,6.460786126261D-1,6.212893513899D0,0D0,        2105P   4299
5.760489351459D-1,6.207473655603D0,0D0,5.259799418680D-1,           2105P   4300
6.206175000866D0,0D0,5D-1,6.206186167D0,0D0,0D0,1D0,0D0,0D0,1D0;    2105P   4301
126,9,3,0,0,1,0,0D0,0D0,0D0,0D0,1.478829904776D-1,                  2107P   4302
2.939101329053D-1,4.449286599835D-1,5.889340223733D-1,              2107P   4303
7.207264701301D-1,8.556289522852D-1,1D0,1D0,1D0,1D0,1D0,1D0,1D0,    2107P   4304
1D0,1D0,1D0,1D0,1D0,1D0,1D0,5D-1,6.206186167D0,0D0,                 2107P   4305
4.733774801115D-1,6.206173458434D0,0D0,4.205291538995D-1,           2107P   4306
6.207579399512D0,0D0,3.447869046327D-1,6.213725968328D0,0D0,        2107P   4307
2.780024625454D-1,6.223559983926D0,0D0,2.248886415220D-1,           2107P   4308
6.236129721810D0,0D0,1.865981469131D-1,6.250376690542D0,0D0,        2107P   4309
1.623410490744D-1,6.266115984701D0,0D0,1.565431706580D-1,           2107P   4310
6.277364327809D0,0D0,1.565934067308D-1,6.283185307180D0,0D0,0D0,    2107P   4311
1D0,0D0,0D0,1D0;                                                    2107P   4312
110,1.565934067308D-1,6.283185307180D0,0D0,1.923076923077D-2,       2109P   4313
6.283185307180D0,0D0;                                               2109P   4314
110,1.923076923077D-2,6.283185307180D0,0D0,1.923076923077D-2,       2111P   4315
3.141592654D0,0D0;                                                  2111P   4316
102,10,2093,2095,2097,2099,2101,2103,2105,2107,2109,2111;           2113P   4317
142,0,2081,2113,2091,1;                                             2115P   4318
102,2,1359,1363;                                                    2117P   4319
126,15,3,0,0,1,0,0D0,0D0,0D0,0D0,7.961703827315D-2,                 2119P   4320
1.580738717637D-1,2.396669374955D-1,3.155062964814D-1,              2119P   4321
3.853763414379D-1,4.612515770251D-1,5.400378476381D-1,              2119P   4322
6.196216797625D-1,6.995725959761D-1,7.789274439351D-1,              2119P   4323
8.512385131817D-1,9.224049301622D-1,1D0,1D0,1D0,1D0,1D0,1D0,1D0,    2119P   4324
1D0,1D0,1D0,1D0,1D0,1D0,1D0,1D0,1D0,1D0,1D0,1D0,1D0,5D-1,           2119P   4325
4.265789345D0,0D0,5.286734527841D-1,4.265806182550D0,0D0,           2119P   4326
5.855119234721D-1,4.264173360758D0,0D0,6.663835506635D-1,           2119P   4327
4.257065586811D0,0D0,7.357516463995D-1,4.245830521626D0,0D0,        2119P   4328
7.886687432807D-1,4.231698798419D0,0D0,8.249401106051D-1,           2119P   4329
4.215690460023D0,0D0,8.443624692283D-1,4.197994794828D0,0D0,        2119P   4330
8.441902178305D-1,4.178970730172D0,0D0,8.227322372577D-1,           2119P   4331
4.160218369668D0,0D0,7.811019683805D-1,4.143200047724D0,0D0,        2119P   4332
7.237780725272D-1,4.129449060548D0,0D0,6.564021768196D-1,           2119P   4333
4.119519384056D0,0D0,5.814295438160D-1,4.113272082188D0,0D0,        2119P   4334
5.279433256829D-1,4.111776651951D0,0D0,5D-1,4.111791064D0,0D0,      2119P   4335
0D0,1D0,0D0,0D0,1D0;                                                2119P   4336
126,15,3,0,0,1,0,0D0,0D0,0D0,0D0,7.966350721137D-2,                 2121P   4337
1.583538120084D-1,2.400296873849D-1,3.158568891355D-1,              2121P   4338
3.854943380956D-1,4.612364897739D-1,5.400790936153D-1,              2121P   4339
6.197202525860D-1,6.998064017698D-1,7.791578452273D-1,              2121P   4340
8.513727475036D-1,9.223995381161D-1,1D0,1D0,1D0,1D0,1D0,1D0,1D0,    2121P   4341
1D0,1D0,1D0,1D0,1D0,1D0,1D0,1D0,1D0,1D0,1D0,1D0,1D0,5D-1,           2121P   4342
4.111791064D0,0D0,4.713100616115D-1,4.111774103161D0,0D0,           2121P   4343
4.143706717059D-1,4.113410880783D0,0D0,3.333877991135D-1,           2121P   4344
4.120539170566D0,0D0,2.639799976333D-1,4.131804730851D0,0D0,        2121P   4345
2.111715925897D-1,4.145939700119D0,0D0,1.750170293940D-1,           2121P   4346
4.161925807141D0,0D0,1.556347306230D-1,4.179597157519D0,0D0,        2121P   4347
1.558104357140D-1,4.198619983775D0,0D0,1.773095100072D-1,           2121P   4348
4.217391074834D0,0D0,2.190142313657D-1,4.234418650118D0,0D0,        2121P   4349
2.763917747137D-1,4.248162279596D0,0D0,3.437192165507D-1,           2121P   4350
4.258072387857D0,0D0,4.186167148282D-1,4.264309557666D0,0D0,        2121P   4351
4.720545340733D-1,4.265803709854D0,0D0,5D-1,4.265789345D0,0D0,      2121P   4352
0D0,1D0,0D0,0D0,1D0;                                                2121P   4353
102,2,2119,2121;                                                    2123P   4354
142,0,2081,2123,2117,1;                                             2125P   4355
102,2,1375,1379;                                                    2127P   4356
126,15,3,0,0,1,0,0D0,0D0,0D0,0D0,7.961703864948D-2,                 2129P   4357
1.580738720995D-1,2.396669377925D-1,3.155062967435D-1,              2129P   4358
3.853763416622D-1,4.612515772104D-1,5.400378477879D-1,              2129P   4359
6.196216798752D-1,6.995725960467D-1,7.789274439694D-1,              2129P   4360
8.512385131802D-1,9.224049301218D-1,1D0,1D0,1D0,1D0,1D0,1D0,1D0,    2129P   4361
1D0,1D0,1D0,1D0,1D0,1D0,1D0,1D0,1D0,1D0,1D0,1D0,1D0,5D-1,           2129P   4362
5.312986897D0,0D0,5.286734526579D-1,5.313003734048D0,0D0,           2129P   4363
5.855119232917D-1,5.311370911846D0,0D0,6.663835507437D-1,           2129P   4364
5.304263138050D0,0D0,7.357516464786D-1,5.293028072815D0,0D0,        2129P   4365
7.886687433839D-1,5.278896349614D0,0D0,8.249401107181D-1,           2129P   4366
5.262888011211D0,0D0,8.443624693484D-1,5.245192346010D0,0D0,        2129P   4367
8.441902179504D-1,5.226168281347D0,0D0,8.227322373693D-1,           2129P   4368
5.207415920837D0,0D0,7.811019684773D-1,5.190397598886D0,0D0,        2129P   4369
7.237780726027D-1,5.176646611708D0,0D0,6.564021768760D-1,           2129P   4370
5.166716935205D0,0D0,5.814295438058D-1,5.160469633361D0,0D0,        2129P   4371
5.279433256666D-1,5.158974203049D0,0D0,5D-1,5.158988615D0,0D0,      2129P   4372
0D0,1D0,0D0,0D0,1D0;                                                2129P   4373
126,15,3,0,0,1,0,0D0,0D0,0D0,0D0,7.966350725311D-2,                 2131P   4374
1.583538120096D-1,2.400296873488D-1,3.158568890668D-1,              2131P   4375
3.854943379883D-1,4.612364896276D-1,5.400790934359D-1,              2131P   4376
6.197202523728D-1,6.998064015149D-1,7.791578449386D-1,              2131P   4377
8.513727471798D-1,9.223995377527D-1,1D0,1D0,1D0,1D0,1D0,1D0,1D0,    2131P   4378
1D0,1D0,1D0,1D0,1D0,1D0,1D0,1D0,1D0,1D0,1D0,1D0,1D0,5D-1,           2131P   4379
5.158988615D0,0D0,4.713100616218D-1,5.158971654252D0,0D0,           2131P   4380
4.143706717036D-1,5.160608431950D0,0D0,3.333877990320D-1,           2131P   4381
5.167736721707D0,0D0,2.639799975249D-1,5.179002282006D0,0D0,        2131P   4382
2.111715924574D-1,5.193137251279D0,0D0,1.750170292475D-1,           2131P   4383
5.209123358308D0,0D0,1.556347304678D-1,5.226794708693D0,0D0,        2131P   4384
1.558104355586D-1,5.245817534959D0,0D0,1.773095098630D-1,           2131P   4385
5.264588626025D0,0D0,2.190142312399D-1,5.281616201321D0,0D0,        2131P   4386
2.763917746203D-1,5.295359830793D0,0D0,3.437192164659D-1,           2131P   4387
5.305269939098D0,0D0,4.186167149896D-1,5.311507108775D0,0D0,        2131P   4388
4.720545341977D-1,5.313001261347D0,0D0,5D-1,5.312986897D0,0D0,      2131P   4389
0D0,1D0,0D0,0D0,1D0;                                                2131P   4390
102,2,2129,2131;                                                    2133P   4391
142,0,2081,2133,2127,1;                                             2135P   4392
144,2081,1,2,2115,2125,2135;                                        2137P   4393
110,-5.651057019062D1,4.458337716060D1,8.883903881554D0,            2139P   4394
-5.618095456649D1,4.458337716060D1,9.828019097158D0;                2139P   4395
110,-5.465925670853D1,4.458337716060D1,8.118931731398D0,            2141P   4396
-5.191685471663D1,4.458337716060D1,1.597397032295D1;                2141P   4397
120,2139,2141,-6.283185308D-2,3.204424507080D0;                     2143P   4398
124,9.441152156040D-1,0D0,3.296156241215D-1,-5.385782364769D1,      2145P   4399
0D0,1D0,0D0,4.458337716060D1,-3.296156241215D-1,0D0,                2145P   4400
9.441152156040D-1,1.648214313674D1;                                 2145P   4401
100,0D0,0D0,0D0,2D0,0D0,-2D0,0D0;                                   2147P   4402
110,-5.574605407858D1,4.458337716006D1,1.714137438487D1,            2149P   4403
-5.835758640483D1,4.458337716006D1,9.661184657586D0;                2149P   4404
110,-5.458112554502D1,4.458337716060D1,8.342722161880D0,            2151P   4405
-5.196959321679D1,4.458337716060D1,1.582291188860D1;                2151P   4406
102,5,2147,2149,1311,1309,2151;                                     2153P   4407
110,9.807692307692D-1,0D0,0D0,9.807692307692D-1,3.141592654D0,      2155P   4408
0D0;                                                                2155P   4409
110,9.807692307692D-1,3.141592654D0,0D0,2.849004836999D-2,          2157P   4410
3.141592654D0,0D0;                                                  2157P   4411
126,9,3,0,0,1,0,0D0,0D0,0D0,0D0,1.478491117829D-1,                  2159P   4412
2.938559804170D-1,4.448619414178D-1,5.888473254239D-1,              2159P   4413
7.206886504849D-1,8.556409171517D-1,1D0,1D0,1D0,1D0,1D0,1D0,1D0,    2159P   4414
1D0,1D0,1D0,1D0,1D0,1D0,1D0,2.849004836999D-2,3.141592654D0,0D0,    2159P   4415
2.849879866809D-2,3.064124154550D0,0D0,2.814184401152D-2,           2159P   4416
2.910196621545D0,0D0,2.672770751028D-2,2.677243322923D0,0D0,        2159P   4417
2.470034453449D-2,2.446329335526D0,0D0,2.262149106642D-2,           2159P   4418
2.222913436437D0,0D0,2.079899154511D-2,2.007977618105D0,0D0,        2159P   4419
1.955329146749D-2,1.792729705644D0,0D0,1.922820700432D-2,           2159P   4420
1.646428483527D0,0D0,1.923076923077D-2,1.570796327D0,0D0,0D0,       2159P   4421
1D0,0D0,0D0,1D0;                                                    2159P   4422
126,9,3,0,0,1,0,0D0,0D0,0D0,0D0,1.480395314790D-1,                  2161P   4423
2.947421929955D-1,4.463009399513D-1,5.903358710357D-1,              2161P   4424
7.215722975359D-1,8.556566262141D-1,1D0,1D0,1D0,1D0,1D0,1D0,1D0,    2161P   4425
1D0,1D0,1D0,1D0,1D0,1D0,1D0,1.923076923077D-2,1.570796327D0,0D0,    2161P   4426
1.922185076492D-2,1.493228900575D0,0D0,1.957932467698D-2,           2161P   4427
1.338835976575D0,0D0,2.099807583642D-2,1.105123893265D0,0D0,        2161P   4428
2.303187892310D-2,8.735262205428D-1,0D0,2.511038602235D-2,          2161P   4429
6.501115039561D-1,0D0,2.692643876609D-2,4.359245075502D-1,0D0,      2161P   4430
2.816741815981D-2,2.214627053007D-1,0D0,2.849218770504D-2,          2161P   4431
7.562564492215D-2,0D0,2.849004836999D-2,0D0,0D0,0D0,1D0,0D0,0D0,    2161P   4432
1D0;                                                                2161P   4433
110,2.849004836999D-2,0D0,0D0,9.807692307692D-1,0D0,0D0;            2163P   4434
102,5,2155,2157,2159,2161,2163;                                     2165P   4435
142,0,2143,2165,2153,1;                                             2167P   4436
144,2143,1,0,2167;                                                  2169P   4437
128,1,1,1,1,0,0,1,0,0,-2.089414091869D0,-2.089414091869D0,          2171P   4438
2.089414091869D0,2.089414091869D0,-2.089414096997D0,                2171P   4439
-2.089414096997D0,2.089414096997D0,2.089414096997D0,1D0,1D0,1D0,    2171P   4440
1D0,-5.188517601186D1,4.249396306361D1,1.579343960680D1,            2171P   4441
-5.583047128352D1,4.249396306361D1,1.717084666667D1,                2171P   4442
-5.188517601186D1,4.667279125760D1,1.579343960680D1,                2171P   4443
-5.583047128352D1,4.667279125760D1,1.717084666667D1,                2171P   4444
-2.089414091869D0,2.089414091869D0,-2.089414096997D0,               2171P   4445
2.089414096997D0;                                                   2171P   4446
102,2,1317,1321;                                                    2173P   4447
126,14,3,0,0,1,0,0D0,0D0,0D0,0D0,8.333235740440D-2,                 2175P   4448
1.666912088279D-1,2.500263155649D-1,3.333673276290D-1,              2175P   4449
4.167074264949D-1,5.000471665189D-1,5.833868347070D-1,              2175P   4450
6.667268318272D-1,7.500696256613D-1,8.333975980384D-1,              2175P   4451
9.167723747386D-1,1D0,1D0,1D0,1D0,1D0,1D0,1D0,1D0,1D0,1D0,1D0,      2175P   4452
1D0,1D0,1D0,1D0,1D0,1D0,1D0,1D0,-1.999999999008D0,0D0,0D0,          2175P   4453
-2.000521859632D0,-1.746659696572D-1,0D0,-1.953760414555D0,         2175P   4454
-5.235606805722D-1,0D0,-1.751973816152D0,-1.011607141925D0,0D0,     2175P   4455
-1.430315875442D0,-1.430587410136D0,0D0,-1.011304088572D0,          2175P   4456
-1.752055616829D0,0D0,-5.233315960317D-1,-1.954108239572D0,0D0,     2175P   4457
3.013404632958D-4,-2.022984811945D0,0D0,5.239134983905D-1,          2175P   4458
-1.953952183482D0,0D0,1.011828951890D0,-1.751753207619D0,0D0,       2175P   4459
1.430735318697D0,-1.430165710492D0,0D0,1.752283643933D0,            2175P   4460
-1.011075255022D0,0D0,1.953845106486D0,-5.231513038610D-1,0D0,      2175P   4461
2.000520541029D0,-1.744433271990D-1,0D0,1.999999999008D0,0D0,       2175P   4462
0D0,0D0,1D0,0D0,0D0,1D0;                                            2175P   4463
126,14,3,0,0,1,0,0D0,0D0,0D0,0D0,8.333235740440D-2,                 2177P   4464
1.666912088279D-1,2.500263155649D-1,3.333673276290D-1,              2177P   4465
4.167074264949D-1,5.000471665189D-1,5.833868347070D-1,              2177P   4466
6.667268318272D-1,7.500696256613D-1,8.333975980384D-1,              2177P   4467
9.167723747386D-1,1D0,1D0,1D0,1D0,1D0,1D0,1D0,1D0,1D0,1D0,1D0,      2177P   4468
1D0,1D0,1D0,1D0,1D0,1D0,1D0,1D0,1.999999999008D0,0D0,0D0,           2177P   4469
2.000521859632D0,1.746659696572D-1,0D0,1.953760414555D0,            2177P   4470
5.235606805722D-1,0D0,1.751973816152D0,1.011607141925D0,0D0,        2177P   4471
1.430315875442D0,1.430587410136D0,0D0,1.011304088572D0,             2177P   4472
1.752055616829D0,0D0,5.233315960317D-1,1.954108239572D0,0D0,        2177P   4473
-3.013404632914D-4,2.022984811945D0,0D0,-5.239134983905D-1,         2177P   4474
1.953952183482D0,0D0,-1.011828951890D0,1.751753207619D0,0D0,        2177P   4475
-1.430735318697D0,1.430165710492D0,0D0,-1.752283643933D0,           2177P   4476
1.011075255022D0,0D0,-1.953845106486D0,5.231513038610D-1,0D0,       2177P   4477
-2.000520541029D0,1.744433271990D-1,0D0,-1.999999999008D0,0D0,      2177P   4478
0D0,0D0,1D0,0D0,0D0,1D0;                                            2177P   4479
102,2,2175,2177;                                                    2179P   4480
142,0,2171,2179,2173,1;                                             2181P   4481
144,2171,1,0,2181;                                                  2183P   4482
110,-5.651057019062D1,4.458337716060D1,8.883903881554D0,            2185P   4483
-5.618095456649D1,4.458337716060D1,9.828019097158D0;                2185P   4484
110,-5.465925670853D1,4.458337716060D1,8.118931731398D0,            2187P   4485
-5.191685471663D1,4.458337716060D1,1.597397032295D1;                2187P   4486
120,2185,2187,3.078760800936D0,6.346017160243D0;                    2189P   4487
124,-9.441152156040D-1,0D0,3.296156241215D-1,-5.385782364769D1,     2191P   4488
0D0,-1D0,0D0,4.458337716060D1,3.296156241215D-1,0D0,                2191P   4489
9.441152156040D-1,1.648214313674D1;                                 2191P   4490
100,0D0,0D0,0D0,2D0,0D0,-2D0,0D0;                                   2193P   4491
102,5,1323,1325,1313,2193,1307;                                     2195P   4492
126,9,3,0,0,1,0,0D0,0D0,0D0,0D0,1.477874649102D-1,                  2197P   4493
2.935694243810D-1,4.443555627095D-1,5.883552596642D-1,              2197P   4494
7.204085570296D-1,8.556371647597D-1,1D0,1D0,1D0,1D0,1D0,1D0,1D0,    2197P   4495
1D0,1D0,1D0,1D0,1D0,1D0,1D0,2.849004836999D-2,6.283185307180D0,     2197P   4496
0D0,2.849860893818D-2,6.205748940997D0,0D0,2.814227084096D-2,       2197P   4497
6.051971785060D0,0D0,2.673109485534D-2,5.819285082891D0,0D0,        2197P   4498
2.470645878958D-2,5.588598236358D0,0D0,2.262731888613D-2,           2197P   4499
5.365178602474D0,0D0,2.080191816639D-2,5.149978497934D0,0D0,        2197P   4500
1.955356053485D-2,4.934470899663D0,0D0,1.922798217289D-2,           2197P   4501
4.788022582412D0,0D0,1.923076923077D-2,4.71238898D0,0D0,0D0,1D0,    2197P   4502
0D0,0D0,1D0;                                                        2197P   4503
126,9,3,0,0,1,0,0D0,0D0,0D0,0D0,1.479544629212D-1,                  2199P   4504
2.945314509747D-1,4.459940773811D-1,5.900020151547D-1,              2199P   4505
7.214073161393D-1,8.556793471303D-1,1D0,1D0,1D0,1D0,1D0,1D0,1D0,    2199P   4506
1D0,1D0,1D0,1D0,1D0,1D0,1D0,1.923076923077D-2,4.71238898D0,0D0,     2199P   4507
1.922187719891D-2,4.634866189660D0,0D0,1.957884861430D-2,           2199P   4508
4.480584041255D0,0D0,2.099579107759D-2,4.247033443443D0,0D0,        2199P   4509
2.302778471041D-2,4.015566507672D0,0D0,2.510665959893D-2,           2199P   4510
3.792128221115D0,0D0,2.692448765700D-2,3.577767518950D0,0D0,        2199P   4511
2.816740511204D-2,3.363129594958D0,0D0,2.849246824966D-2,           2199P   4512
3.217205999646D0,0D0,2.849004836999D-2,3.141592654D0,0D0,0D0,       2199P   4513
1D0,0D0,0D0,1D0;                                                    2199P   4514
110,2.849004836999D-2,3.141592654D0,0D0,9.807692307692D-1,          2201P   4515
3.141592654D0,0D0;                                                  2201P   4516
110,9.807692307692D-1,3.141592654D0,0D0,9.807692307692D-1,          2203P   4517
6.283185307180D0,0D0;                                               2203P   4518
110,9.807692307692D-1,6.283185307180D0,0D0,2.849004836999D-2,       2205P   4519
6.283185307180D0,0D0;                                               2205P   4520
102,5,2197,2199,2201,2203,2205;                                     2207P   4521
142,0,2189,2207,2195,1;                                             2209P   4522
144,2189,1,0,2209;                                                  2211P   4523
110,-3.933891463638D1,4.458337716060D1,5.806853015366D1,            2213P   4524
-3.966853026051D1,4.458337716060D1,5.712441493806D1;                2213P   4525
110,-4.119022811847D1,4.458337716060D1,5.883350230382D1,            2215P   4526
-4.393263011037D1,4.458337716060D1,5.097846371227D1;                2215P   4527
120,2213,2215,3.078760800936D0,6.346017160243D0;                    2217P   4528
102,5,1327,1329,1337,1341,1331;                                     2219P   4529
126,9,3,0,0,1,0,0D0,0D0,0D0,0D0,1.477997887430D-1,                  2221P   4530
2.937036454540D-1,4.446264206800D-1,5.886031647283D-1,              2221P   4531
7.205561533310D-1,8.556495776089D-1,1D0,1D0,1D0,1D0,1D0,1D0,1D0,    2221P   4532
1D0,1D0,1D0,1D0,1D0,1D0,1D0,2.849004836999D-2,6.283185307180D0,     2221P   4533
0D0,2.849875826527D-2,6.205742630879D0,0D0,2.814214663656D-2,       2221P   4534
6.051895129045D0,0D0,2.672937996465D-2,5.819065833890D0,0D0,        2221P   4535
2.470336644239D-2,5.588254385699D0,0D0,2.262429545531D-2,           2221P   4536
5.364828196279D0,0D0,2.080043451639D-2,5.149763855652D0,0D0,        2221P   4537
1.955336475505D-2,4.934387069870D0,0D0,1.922805061056D-2,           2221P   4538
4.788016303528D0,0D0,1.923076923077D-2,4.71238898D0,0D0,0D0,1D0,    2221P   4539
0D0,0D0,1D0;                                                        2221P   4540
126,9,3,0,0,1,0,0D0,0D0,0D0,0D0,1.480050381673D-1,                  2223P   4541
2.946871860565D-1,4.462321974617D-1,5.902476846856D-1,              2223P   4542
7.215366259607D-1,8.556694296067D-1,1D0,1D0,1D0,1D0,1D0,1D0,1D0,    2223P   4543
1D0,1D0,1D0,1D0,1D0,1D0,1D0,1.923076923077D-2,4.71238898D0,0D0,     2223P   4544
1.922183706072D-2,4.634839716494D0,0D0,1.957915786037D-2,           2223P   4545
4.480475748107D0,0D0,2.099749169537D-2,4.246799761661D0,0D0,        2223P   4546
2.303084931404D-2,4.015230171754D0,0D0,2.510946540017D-2,           2223P   4547
3.791805622552D0,0D0,2.692591672483D-2,3.577575506584D0,0D0,        2223P   4548
2.816747192944D-2,3.363067213019D0,0D0,2.849231029535D-2,           2223P   4549
3.217211481501D0,0D0,2.849004836999D-2,3.141592654D0,0D0,0D0,       2223P   4550
1D0,0D0,0D0,1D0;                                                    2223P   4551
110,2.849004836999D-2,3.141592654D0,0D0,9.807692307692D-1,          2225P   4552
3.141592654D0,0D0;                                                  2225P   4553
110,9.807692307692D-1,3.141592654D0,0D0,9.807692307692D-1,          2227P   4554
6.283185307180D0,0D0;                                               2227P   4555
110,9.807692307692D-1,6.283185307180D0,0D0,2.849004836999D-2,       2229P   4556
6.283185307180D0,0D0;                                               2229P   4557
102,5,2221,2223,2225,2227,2229;                                     2231P   4558
142,0,2217,2231,2219,1;                                             2233P   4559
144,2217,1,0,2233;                                                  2235P   4560
110,-3.933891463638D1,4.458337716060D1,5.806853015366D1,            2237P   4561
-3.966853026051D1,4.458337716060D1,5.712441493806D1;                2237P   4562
110,-4.119022811847D1,4.458337716060D1,5.883350230382D1,            2239P   4563
-4.393263011037D1,4.458337716060D1,5.097846371227D1;                2239P   4564
120,2237,2239,-6.283185308D-2,3.204424507080D0;                     2241P   4565
110,-4.010343074842D1,4.458337716006D1,4.981105965035D1,            2243P   4566
-3.749189842542D1,4.458337716006D1,5.729124937906D1;                2243P   4567
110,-4.126835928692D1,4.458337716060D1,5.860971187464D1,            2245P   4568
-4.387989161021D1,4.458337716060D1,5.112952214661D1;                2245P   4569
102,5,1345,2243,1335,1333,2245;                                     2247P   4570
110,9.807692307692D-1,0D0,0D0,9.807692307692D-1,3.141592654D0,      2249P   4571
0D0;                                                                2249P   4572
110,9.807692307692D-1,3.141592654D0,0D0,2.849004836999D-2,          2251P   4573
3.141592654D0,0D0;                                                  2251P   4574
126,9,3,0,0,1,0,0D0,0D0,0D0,0D0,1.478830671556D-1,                  2253P   4575
2.939103188223D-1,4.449290317568D-1,5.889343917351D-1,              2253P   4576
7.207266269669D-1,8.556289947556D-1,1D0,1D0,1D0,1D0,1D0,1D0,1D0,    2253P   4577
1D0,1D0,1D0,1D0,1D0,1D0,1D0,2.849004836999D-2,3.141592654D0,0D0,    2253P   4578
2.849878447536D-2,3.064106275892D0,0D0,2.814167887456D-2,           2253P   4579
2.910150137461D0,0D0,2.672713410849D-2,2.677161604560D0,0D0,        2253P   4580
2.469933191264D-2,2.446219847552D0,0D0,2.262057385811D-2,           2253P   4581
2.222812223904D0,0D0,2.079845855427D-2,2.007918167922D0,0D0,        2253P   4582
1.955334020135D-2,1.792716180216D0,0D0,1.922832909840D-2,           2253P   4583
1.646434845489D0,0D0,1.923076923077D-2,1.570796327D0,0D0,0D0,       2253P   4584
1D0,0D0,0D0,1D0;                                                    2253P   4585
126,9,3,0,0,1,0,0D0,0D0,0D0,0D0,1.479409702830D-1,                  2255P   4586
2.943911901183D-1,4.457217715564D-1,5.897536765376D-1,              2255P   4587
7.212615216651D-1,8.556677429717D-1,1D0,1D0,1D0,1D0,1D0,1D0,1D0,    2255P   4588
1D0,1D0,1D0,1D0,1D0,1D0,1D0,1.923076923077D-2,1.570796327D0,0D0,    2255P   4589
1.922202499091D-2,1.493280437552D0,0D0,1.957871418622D-2,           2255P   4590
1.339071817607D0,0D0,2.099404197584D-2,1.105664633086D0,0D0,        2255P   4591
2.302464645230D-2,8.743218459809D-1,0D0,2.510364164918D-2,          2255P   4592
6.508860188689D-1,0D0,2.692301364086D-2,4.363883462809D-1,0D0,      2255P   4593
2.816721297639D-2,2.216194042328D-1,0D0,2.849253791246D-2,          2255P   4594
7.561920677693D-2,0D0,2.849004836999D-2,0D0,0D0,0D0,1D0,0D0,0D0,    2255P   4595
1D0;                                                                2255P   4596
110,2.849004836999D-2,0D0,0D0,9.807692307692D-1,0D0,0D0;            2257P   4597
102,5,2249,2251,2253,2255,2257;                                     2259P   4598
142,0,2241,2259,2247,1;                                             2261P   4599
144,2241,1,0,2261;                                                  2263P   4600
128,1,1,1,1,0,0,1,0,0,-2.089414091869D0,-2.089414091869D0,          2265P   4601
2.089414091869D0,2.089414091869D0,-2.089414096997D0,                2265P   4602
-2.089414096997D0,2.089414096997D0,2.089414096997D0,1D0,1D0,1D0,    2265P   4603
1D0,-4.396430881514D1,4.667279125760D1,5.115899442842D1,            2265P   4604
-4.001901354348D1,4.667279125760D1,4.978158736854D1,                2265P   4605
-4.396430881514D1,4.249396306361D1,5.115899442842D1,                2265P   4606
-4.001901354348D1,4.249396306361D1,4.978158736854D1,                2265P   4607
-2.089414091869D0,2.089414091869D0,-2.089414096997D0,               2265P   4608
2.089414096997D0;                                                   2265P   4609
102,2,1341,1345;                                                    2267P   4610
126,14,3,0,0,1,0,0D0,0D0,0D0,0D0,8.322762526140D-2,                 2269P   4611
1.666024019616D-1,2.499303743387D-1,3.332731681728D-1,              2269P   4612
4.166131652930D-1,4.999528334811D-1,5.832925735051D-1,              2269P   4613
6.666326723710D-1,7.499736844351D-1,8.333087911721D-1,              2269P   4614
9.166676425956D-1,1D0,1D0,1D0,1D0,1D0,1D0,1D0,1D0,1D0,1D0,1D0,      2269P   4615
1D0,1D0,1D0,1D0,1D0,1D0,1D0,1D0,1.999999999008D0,0D0,0D0,           2269P   4616
2.000520541029D0,1.744433271990D-1,0D0,1.953845106486D0,            2269P   4617
5.231513038610D-1,0D0,1.752283643933D0,1.011075255022D0,0D0,        2269P   4618
1.430735318697D0,1.430165710492D0,0D0,1.011828951890D0,             2269P   4619
1.751753207619D0,0D0,5.239134983905D-1,1.953952183482D0,0D0,        2269P   4620
3.013404632947D-4,2.022984811945D0,0D0,-5.233315960317D-1,          2269P   4621
1.954108239572D0,0D0,-1.011304088572D0,1.752055616829D0,0D0,        2269P   4622
-1.430315875442D0,1.430587410136D0,0D0,-1.751973816152D0,           2269P   4623
1.011607141925D0,0D0,-1.953760414555D0,5.235606805722D-1,0D0,       2269P   4624
-2.000521859632D0,1.746659696572D-1,0D0,-1.999999999008D0,0D0,      2269P   4625
0D0,0D0,1D0,0D0,0D0,1D0;                                            2269P   4626
126,14,3,0,0,1,0,0D0,0D0,0D0,0D0,8.322762526140D-2,                 2271P   4627
1.666024019616D-1,2.499303743387D-1,3.332731681728D-1,              2271P   4628
4.166131652930D-1,4.999528334811D-1,5.832925735051D-1,              2271P   4629
6.666326723710D-1,7.499736844351D-1,8.333087911721D-1,              2271P   4630
9.166676425956D-1,1D0,1D0,1D0,1D0,1D0,1D0,1D0,1D0,1D0,1D0,1D0,      2271P   4631
1D0,1D0,1D0,1D0,1D0,1D0,1D0,1D0,-1.999999999008D0,0D0,0D0,          2271P   4632
-2.000520541029D0,-1.744433271990D-1,0D0,-1.953845106486D0,         2271P   4633
-5.231513038610D-1,0D0,-1.752283643933D0,-1.011075255022D0,0D0,     2271P   4634
-1.430735318697D0,-1.430165710492D0,0D0,-1.011828951890D0,          2271P   4635
-1.751753207619D0,0D0,-5.239134983905D-1,-1.953952183482D0,0D0,     2271P   4636
-3.013404632906D-4,-2.022984811945D0,0D0,5.233315960317D-1,         2271P   4637
-1.954108239572D0,0D0,1.011304088572D0,-1.752055616829D0,0D0,       2271P   4638
1.430315875442D0,-1.430587410136D0,0D0,1.751973816152D0,            2271P   4639
-1.011607141925D0,0D0,1.953760414555D0,-5.235606805722D-1,0D0,      2271P   4640
2.000521859632D0,-1.746659696572D-1,0D0,1.999999999008D0,0D0,       2271P   4641
0D0,0D0,1D0,0D0,0D0,1D0;                                            2271P   4642
102,2,2269,2271;                                                    2273P   4643
142,0,2265,2273,2267,1;                                             2275P   4644
144,2265,1,0,2275;                                                  2277P   4645
110,-4.792474241350D1,7.338337716060D1,3.347621701761D1,            2279P   4646
-4.792474241350D1,7.238337716060D1,3.347621701761D1;                2279P   4647
110,-3.944149936164D1,4.764660247200D1,5.777469760169D1,            2281P   4648
-3.933389613587D1,4.732015184921D1,5.808290460181D1;                2281P   4649
120,2279,2281,3.078760800936D0,6.346017160243D0;                    2283P   4650
110,-5.642882551084D1,4.758337716060D1,9.118044453280D0,            2285P   4651
-5.649474863059D1,4.738337716060D1,8.929221408388D0;                2285P   4652
124,-3.296156237342D-1,9.441152157392D-1,0D0,-4.792474241350D1,     2287P   4653
0D0,0D0,-1D0,4.738337716060D1,-9.441152157392D-1,                   2287P   4654
-3.296156237342D-1,0D0,3.347621701761D1;                            2287P   4655
100,0D0,0D0,0D0,2.6D1,0D0,-2.6D1,1.066537310464D-8;                 2289P   4656
110,-3.935473618634D1,4.738337716060D1,5.802321262331D1,            2291P   4657
-3.942065930617D1,4.758337716060D1,5.783438957845D1;                2291P   4658
124,3.296156241215D-1,9.441152156040D-1,0D0,-4.792474241350D1,      2293P   4659
0D0,0D0,1D0,4.758337716060D1,9.441152156040D-1,                     2293P   4660
-3.296156241215D-1,0D0,3.347621701761D1;                            2293P   4661
100,0D0,0D0,0D0,2.58D1,0D0,-2.58D1,1.058333177307D-8;               2295P   4662
102,4,2285,2289,2291,2295;                                          2297P   4663
110,1.936749602588D-1,3.141592654D0,0D0,8.063250397412D-1,          2299P   4664
3.141592654D0,0D0;                                                  2299P   4665
110,8.063250397412D-1,3.141592654D0,0D0,8.063250397412D-1,          2301P   4666
6.283185307180D0,0D0;                                               2301P   4667
110,8.063250397412D-1,6.283185307180D0,0D0,1.936749602588D-1,       2303P   4668
6.283185307180D0,0D0;                                               2303P   4669
110,1.936749602588D-1,6.283185307180D0,0D0,1.936749602588D-1,       2305P   4670
3.141592654D0,0D0;                                                  2305P   4671
102,4,2299,2301,2303,2305;                                          2307P   4672
142,0,2283,2307,2297,1;                                             2309P   4673
144,2283,1,0,2309;                                                  2311P   4674
110,-3.091946519539D1,4.458337716060D1,1.374379234754D1,            2313P   4675
-3.157228514414D1,4.458337716060D1,1.450130545932D1;                2313P   4676
110,-2.933181121971D1,4.458337716060D1,1.496515713242D1,            2315P   4677
-3.476341095363D1,4.458337716060D1,2.126782607540D1;                2315P   4678
120,2313,2315,3.078760800936D0,6.346017160243D0;                    2317P   4679
102,4,1361,1359,1365,1369;                                          2319P   4680
110,9.807692307692D-1,6.283185307180D0,0D0,2.851420132707D-2,       2321P   4681
6.283185307180D0,0D0;                                               2321P   4682
126,15,3,0,0,1,0,0D0,0D0,0D0,0D0,7.961707887417D-2,                 2323P   4683
1.580739824967D-1,2.396671593479D-1,3.155064423825D-1,              2323P   4684
3.853763607208D-1,4.612515847202D-1,5.400377890842D-1,              2323P   4685
6.196216119661D-1,6.995724180034D-1,7.789272555133D-1,              2323P   4686
8.512384192825D-1,9.224048910094D-1,1D0,1D0,1D0,1D0,1D0,1D0,1D0,    2323P   4687
1D0,1D0,1D0,1D0,1D0,1D0,1D0,1D0,1D0,1D0,1D0,1D0,1D0,                2323P   4688
2.851420132707D-2,6.283185307180D0,0D0,2.853175510156D-2,           2323P   4689
6.199741991015D0,0D0,2.811105757869D-2,6.034140797772D0,0D0,        2323P   4690
2.647590959525D-2,5.783154380635D0,0D0,2.423997930087D-2,           2323P   4691
5.536103265679D0,0D0,2.204792405121D-2,5.298179278243D0,0D0,        2323P   4692
2.023271103479D-2,5.066320172461D0,0D0,1.921169566105D-2,           2323P   4693
4.831128635664D0,0D0,1.922094864403D-2,4.585695606477D0,0D0,        2323P   4694
2.035015782739D-2,4.336024540407D0,0D0,2.240378869033D-2,           2323P   4695
4.085871651591D0,0D0,2.466828699978D-2,3.843351660816D0,0D0,        2323P   4696
2.671024321306D-2,3.610165598401D0,0D0,2.814443615668D-2,           2323P   4697
3.378744066833D0,0D0,2.852532237992D-2,3.222916084155D0,0D0,        2323P   4698
2.851420132707D-2,3.141592654D0,0D0,0D0,1D0,0D0,0D0,1D0;            2323P   4699
110,2.851420132707D-2,3.141592654D0,0D0,9.807692307692D-1,          2325P   4700
3.141592654D0,0D0;                                                  2325P   4701
110,9.807692307692D-1,3.141592654D0,0D0,9.807692307692D-1,          2327P   4702
6.283185307180D0,0D0;                                               2327P   4703
102,4,2321,2323,2325,2327;                                          2329P   4704
142,0,2317,2329,2319,1;                                             2331P   4705
144,2317,1,0,2331;                                                  2333P   4706
110,-3.092002118410D1,4.458337716060D1,1.374443750052D1,            2335P   4707
-3.157284113285D1,4.458337716060D1,1.450195061229D1;                2335P   4708
110,-2.933181292831D1,4.458337716060D1,1.496515911486D1,            2337P   4709
-3.476341092021D1,4.458337716060D1,2.126782603646D1;                2337P   4710
120,2335,2337,-6.283185308D-2,3.204424507080D0;                     2339P   4711
110,-3.768900955918D1,4.458337716006D1,1.853534110882D1,            2341P   4712
-3.251674139616D1,4.458337716006D1,1.253359290842D1;                2341P   4713
110,-2.948668895110D1,4.458337716060D1,1.514487270115D1,            2343P   4714
-3.465895711288D1,4.458337716060D1,2.114662090303D1;                2343P   4715
102,4,1373,2341,1363,2343;                                          2345P   4716
110,9.807692307692D-1,0D0,0D0,9.807692307692D-1,3.141592654D0,      2347P   4717
0D0;                                                                2347P   4718
110,9.807692307692D-1,3.141592654D0,0D0,2.851389619435D-2,          2349P   4719
3.141592654D0,0D0;                                                  2349P   4720
126,15,3,0,0,1,0,0D0,0D0,0D0,0D0,7.966354767428D-2,                 2351P   4721
1.583539230324D-1,2.400299097687D-1,3.158570335622D-1,              2351P   4722
3.854943547988D-1,4.612364944014D-1,5.400790315949D-1,              2351P   4723
6.197201810313D-1,6.998062217439D-1,7.791576572083D-1,              2351P   4724
8.513726534989D-1,9.223994984830D-1,1D0,1D0,1D0,1D0,1D0,1D0,1D0,    2351P   4725
1D0,1D0,1D0,1D0,1D0,1D0,1D0,1D0,1D0,1D0,1D0,1D0,1D0,                2351P   4726
2.851389619435D-2,3.141592654D0,0D0,2.853165241207D-2,              2351P   4727
3.058101776039D0,0D0,2.810984803967D-2,2.892206119348D0,0D0,        2351P   4728
2.646988182964D-2,2.640835271806D0,0D0,2.422976879287D-2,           2351P   4729
2.393465479449D0,0D0,2.204017326353D-2,2.155710294870D0,0D0,        2351P   4730
2.023012539053D-2,1.924250599502D0,0D0,1.921124296472D-2,           2351P   4731
1.689385580140D0,0D0,1.922071089998D-2,1.443971125935D0,0D0,        2351P   4732
2.035209760521D-2,1.194039561244D0,0D0,2.240867219320D-2,           2351P   4733
9.436855027526D-1,0D0,2.467363446251D-2,7.011289842097D-1,0D0,      2351P   4734
2.671301554151D-2,4.681945957948D-1,0D0,2.814429870216D-2,          2351P   4735
2.370166847291D-1,0D0,2.852466672306D-2,8.132978427354D-2,0D0,      2351P   4736
2.851389619435D-2,0D0,0D0,0D0,1D0,0D0,0D0,1D0;                      2351P   4737
110,2.851389619435D-2,0D0,0D0,9.807692307692D-1,0D0,0D0;            2353P   4738
102,4,2347,2349,2351,2353;                                          2355P   4739
142,0,2339,2355,2345,1;                                             2357P   4740
144,2339,1,0,2357;                                                  2359P   4741
128,1,1,1,1,0,0,1,0,0,-2.089414091647D0,-2.089414091647D0,          2361P   4742
2.089414091647D0,2.089414091647D0,-2.089414096997D0,                2361P   4743
-2.089414096997D0,2.089414096997D0,2.089414096997D0,1D0,1D0,1D0,    2361P   4744
1D0,-3.459122476564D1,4.667279125760D1,2.120499220582D1,            2361P   4745
-3.775674190652D1,4.667279125760D1,1.847696980556D1,                2361P   4746
-3.459122476564D1,4.249396306361D1,2.120499220582D1,                2361P   4747
-3.775674190652D1,4.249396306361D1,1.847696980556D1,                2361P   4748
-2.089414091647D0,2.089414091647D0,-2.089414096997D0,               2361P   4749
2.089414096997D0;                                                   2361P   4750
102,2,1369,1373;                                                    2363P   4751
126,14,3,0,0,1,0,0D0,0D0,0D0,0D0,8.322762527099D-2,                 2365P   4752
1.666024019777D-1,2.499303743567D-1,3.332731681872D-1,              2365P   4753
4.166131652997D-1,4.999528334777D-1,5.832925734922D-1,              2365P   4754
6.666326723516D-1,7.499736844137D-1,8.333087911542D-1,              2365P   4755
9.166676425856D-1,1D0,1D0,1D0,1D0,1D0,1D0,1D0,1D0,1D0,1D0,1D0,      2365P   4756
1D0,1D0,1D0,1D0,1D0,1D0,1D0,1D0,1.999999998786D0,0D0,0D0,           2365P   4757
2.000520540807D0,1.744433272090D-1,0D0,1.953845106264D0,            2365P   4758
5.231513038859D-1,0D0,1.752283643718D0,1.011075255058D0,0D0,        2365P   4759
1.430735318507D0,1.430165710523D0,0D0,1.011828951749D0,             2365P   4760
1.751753207633D0,0D0,5.239134983241D-1,1.953952183481D0,0D0,        2365P   4761
3.013404838786D-4,2.022984811943D0,0D0,-5.233315959282D-1,          2365P   4762
1.954108239581D0,0D0,-1.011304088404D0,1.752055616860D0,0D0,        2365P   4763
-1.430315875238D0,1.430587410182D0,0D0,-1.751973815933D0,           2365P   4764
1.011607141972D0,0D0,-1.953760414333D0,5.235606806016D-1,0D0,       2365P   4765
-2.000521859409D0,1.746659696682D-1,0D0,-1.999999998786D0,0D0,      2365P   4766
0D0,0D0,1D0,0D0,0D0,1D0;                                            2365P   4767
126,14,3,0,0,1,0,0D0,0D0,0D0,0D0,8.322762527099D-2,                 2367P   4768
1.666024019777D-1,2.499303743567D-1,3.332731681872D-1,              2367P   4769
4.166131652997D-1,4.999528334777D-1,5.832925734922D-1,              2367P   4770
6.666326723516D-1,7.499736844137D-1,8.333087911542D-1,              2367P   4771
9.166676425856D-1,1D0,1D0,1D0,1D0,1D0,1D0,1D0,1D0,1D0,1D0,1D0,      2367P   4772
1D0,1D0,1D0,1D0,1D0,1D0,1D0,1D0,-1.999999998786D0,0D0,0D0,          2367P   4773
-2.000520540807D0,-1.744433272090D-1,0D0,-1.953845106264D0,         2367P   4774
-5.231513038859D-1,0D0,-1.752283643718D0,-1.011075255058D0,0D0,     2367P   4775
-1.430735318507D0,-1.430165710523D0,0D0,-1.011828951749D0,          2367P   4776
-1.751753207633D0,0D0,-5.239134983241D-1,-1.953952183481D0,0D0,     2367P   4777
-3.013404838874D-4,-2.022984811943D0,0D0,5.233315959282D-1,         2367P   4778
-1.954108239581D0,0D0,1.011304088404D0,-1.752055616860D0,0D0,       2367P   4779
1.430315875238D0,-1.430587410182D0,0D0,1.751973815933D0,            2367P   4780
-1.011607141972D0,0D0,1.953760414333D0,-5.235606806016D-1,0D0,      2367P   4781
2.000521859409D0,-1.746659696682D-1,0D0,1.999999998786D0,0D0,       2367P   4782
0D0,0D0,1D0,0D0,0D0,1D0;                                            2367P   4783
102,2,2365,2367;                                                    2369P   4784
142,0,2361,2369,2363,1;                                             2371P   4785
144,2361,1,0,2371;                                                  2373P   4786
110,-2.233332276189D1,4.458337716060D1,3.833700675138D1,            2375P   4787
-2.331575833476D1,4.458337716060D1,3.815040464756D1;                2375P   4788
110,-2.259722870517D1,4.458337716060D1,4.032263781986D1,            2377P   4789
-3.077129998789D1,4.458337716060D1,3.877006893869D1;                2377P   4790
120,2375,2377,3.078760800936D0,6.346017160243D0;                    2379P   4791
102,4,1377,1375,1381,1385;                                          2381P   4792
110,9.807692307692D-1,6.283185307180D0,0D0,2.851420132706D-2,       2383P   4793
6.283185307180D0,0D0;                                               2383P   4794
126,15,3,0,0,1,0,0D0,0D0,0D0,0D0,7.961707887729D-2,                 2385P   4795
1.580739824978D-1,2.396671593500D-1,3.155064423869D-1,              2385P   4796
3.853763607214D-1,4.612515847188D-1,5.400377890857D-1,              2385P   4797
6.196216119694D-1,6.995724180036D-1,7.789272555162D-1,              2385P   4798
8.512384192848D-1,9.224048910078D-1,1D0,1D0,1D0,1D0,1D0,1D0,1D0,    2385P   4799
1D0,1D0,1D0,1D0,1D0,1D0,1D0,1D0,1D0,1D0,1D0,1D0,1D0,                2385P   4800
2.851420132706D-2,6.283185307180D0,0D0,2.853175510155D-2,           2385P   4801
6.199741991012D0,0D0,2.811105757866D-2,6.034140797768D0,0D0,        2385P   4802
2.647590959519D-2,5.783154380629D0,0D0,2.423997930078D-2,           2385P   4803
5.536103265671D0,0D0,2.204792405114D-2,5.298179278235D0,0D0,        2385P   4804
2.023271103477D-2,5.066320172457D0,0D0,1.921169566103D-2,           2385P   4805
4.831128635663D0,0D0,1.922094864402D-2,4.585695606474D0,0D0,        2385P   4806
2.035015782742D-2,4.336024540402D0,0D0,2.240378869038D-2,           2385P   4807
4.085871651585D0,0D0,2.466828699983D-2,3.843351660810D0,0D0,        2385P   4808
2.671024321308D-2,3.610165598397D0,0D0,2.814443615667D-2,           2385P   4809
3.378744066832D0,0D0,2.852532237991D-2,3.222916084157D0,0D0,        2385P   4810
2.851420132706D-2,3.141592654D0,0D0,0D0,1D0,0D0,0D0,1D0;            2385P   4811
110,2.851420132706D-2,3.141592654D0,0D0,9.807692307692D-1,          2387P   4812
3.141592654D0,0D0;                                                  2387P   4813
110,9.807692307692D-1,3.141592654D0,0D0,9.807692307692D-1,          2389P   4814
6.283185307180D0,0D0;                                               2389P   4815
102,4,2383,2385,2387,2389;                                          2391P   4816
142,0,2379,2391,2381,1;                                             2393P   4817
144,2379,1,0,2393;                                                  2395P   4818
110,-2.233415947511D1,4.458337716060D1,3.833684782753D1,            2397P   4819
-2.331659504798D1,4.458337716060D1,3.815024572370D1;                2397P   4820
110,-2.259723127636D1,4.458337716060D1,4.032263733160D1,            2399P   4821
-3.077129993750D1,4.458337716060D1,3.877006894837D1;                2399P   4822
120,2397,2399,-6.283185308D-2,3.204424507080D0;                     2401P   4823
110,-2.986769789403D1,4.458337716006D1,3.487018374069D1,            2403P   4824
-2.208389740406D1,4.458337716006D1,3.634862526304D1;                2403P   4825
110,-2.283030582064D1,4.458337716060D1,4.027836756108D1,            2405P   4826
-3.061410630941D1,4.458337716060D1,3.879992603210D1;                2405P   4827
102,4,1389,2403,1379,2405;                                          2407P   4828
110,9.807692307692D-1,0D0,0D0,9.807692307692D-1,3.141592654D0,      2409P   4829
0D0;                                                                2409P   4830
110,9.807692307692D-1,3.141592654D0,0D0,2.851389619434D-2,          2411P   4831
3.141592654D0,0D0;                                                  2411P   4832
126,15,3,0,0,1,0,0D0,0D0,0D0,0D0,7.966354767896D-2,                 2413P   4833
1.583539230339D-1,2.400299097715D-1,3.158570335683D-1,              2413P   4834
3.854943547992D-1,4.612364943985D-1,5.400790315961D-1,              2413P   4835
6.197201810362D-1,6.998062217448D-1,7.791576572129D-1,              2413P   4836
8.513726535026D-1,9.223994984807D-1,1D0,1D0,1D0,1D0,1D0,1D0,1D0,    2413P   4837
1D0,1D0,1D0,1D0,1D0,1D0,1D0,1D0,1D0,1D0,1D0,1D0,1D0,                2413P   4838
2.851389619434D-2,3.141592654D0,0D0,2.853165241207D-2,              2413P   4839
3.058101776034D0,0D0,2.810984803963D-2,2.892206119342D0,0D0,        2413P   4840
2.646988182956D-2,2.640835271797D0,0D0,2.422976879276D-2,           2413P   4841
2.393465479438D0,0D0,2.204017326344D-2,2.155710294860D0,0D0,        2413P   4842
2.023012539052D-2,1.924250599498D0,0D0,1.921124296472D-2,           2413P   4843
1.689385580141D0,0D0,1.922071089996D-2,1.443971125932D0,0D0,        2413P   4844
2.035209760525D-2,1.194039561237D0,0D0,2.240867219329D-2,           2413P   4845
9.436855027419D-1,0D0,2.467363446260D-2,7.011289842001D-1,0D0,      2413P   4846
2.671301554154D-2,4.681945957885D-1,0D0,2.814429870215D-2,          2413P   4847
2.370166847277D-1,0D0,2.852466672305D-2,8.132978427603D-2,0D0,      2413P   4848
2.851389619434D-2,0D0,0D0,0D0,1D0,0D0,0D0,1D0;                      2413P   4849
110,2.851389619434D-2,0D0,0D0,9.807692307692D-1,0D0,0D0;            2415P   4850
102,4,2409,2411,2413,2415;                                          2417P   4851
142,0,2401,2417,2407,1;                                             2419P   4852
144,2401,1,0,2419;                                                  2421P   4853
128,1,1,1,1,0,0,1,0,0,-2.089414091647D0,-2.089414091647D0,          2423P   4854
2.089414091647D0,2.089414091647D0,-2.089414096997D0,                2423P   4855
-2.089414096997D0,2.089414096997D0,2.089414096997D0,1D0,1D0,1D0,    2423P   4856
1D0,-3.063079116730D1,4.667279125760D1,3.888776961663D1,            2423P   4857
-2.985101303649D1,4.667279125760D1,3.478234015649D1,                2423P   4858
-3.063079116730D1,4.249396306361D1,3.888776961663D1,                2423P   4859
-2.985101303649D1,4.249396306361D1,3.478234015649D1,                2423P   4860
-2.089414091647D0,2.089414091647D0,-2.089414096997D0,               2423P   4861
2.089414096997D0;                                                   2423P   4862
102,2,1385,1389;                                                    2425P   4863
126,14,3,0,0,1,0,0D0,0D0,0D0,0D0,8.322762527099D-2,                 2427P   4864
1.666024019777D-1,2.499303743567D-1,3.332731681872D-1,              2427P   4865
4.166131652997D-1,4.999528334777D-1,5.832925734922D-1,              2427P   4866
6.666326723516D-1,7.499736844137D-1,8.333087911542D-1,              2427P   4867
9.166676425856D-1,1D0,1D0,1D0,1D0,1D0,1D0,1D0,1D0,1D0,1D0,1D0,      2427P   4868
1D0,1D0,1D0,1D0,1D0,1D0,1D0,1D0,1.999999998786D0,0D0,0D0,           2427P   4869
2.000520540807D0,1.744433272090D-1,0D0,1.953845106264D0,            2427P   4870
5.231513038859D-1,0D0,1.752283643718D0,1.011075255058D0,0D0,        2427P   4871
1.430735318507D0,1.430165710523D0,0D0,1.011828951749D0,             2427P   4872
1.751753207633D0,0D0,5.239134983241D-1,1.953952183481D0,0D0,        2427P   4873
3.013404838848D-4,2.022984811943D0,0D0,-5.233315959282D-1,          2427P   4874
1.954108239581D0,0D0,-1.011304088404D0,1.752055616860D0,0D0,        2427P   4875
-1.430315875238D0,1.430587410182D0,0D0,-1.751973815933D0,           2427P   4876
1.011607141972D0,0D0,-1.953760414333D0,5.235606806016D-1,0D0,       2427P   4877
-2.000521859409D0,1.746659696682D-1,0D0,-1.999999998786D0,0D0,      2427P   4878
0D0,0D0,1D0,0D0,0D0,1D0;                                            2427P   4879
126,14,3,0,0,1,0,0D0,0D0,0D0,0D0,8.322762527099D-2,                 2429P   4880
1.666024019777D-1,2.499303743567D-1,3.332731681872D-1,              2429P   4881
4.166131652997D-1,4.999528334777D-1,5.832925734922D-1,              2429P   4882
6.666326723516D-1,7.499736844137D-1,8.333087911542D-1,              2429P   4883
9.166676425856D-1,1D0,1D0,1D0,1D0,1D0,1D0,1D0,1D0,1D0,1D0,1D0,      2429P   4884
1D0,1D0,1D0,1D0,1D0,1D0,1D0,1D0,-1.999999998786D0,0D0,0D0,          2429P   4885
-2.000520540807D0,-1.744433272090D-1,0D0,-1.953845106264D0,         2429P   4886
-5.231513038859D-1,0D0,-1.752283643718D0,-1.011075255058D0,0D0,     2429P   4887
-1.430735318507D0,-1.430165710523D0,0D0,-1.011828951749D0,          2429P   4888
-1.751753207633D0,0D0,-5.239134983241D-1,-1.953952183481D0,0D0,     2429P   4889
-3.013404838766D-4,-2.022984811943D0,0D0,5.233315959282D-1,         2429P   4890
-1.954108239581D0,0D0,1.011304088404D0,-1.752055616860D0,0D0,       2429P   4891
1.430315875238D0,-1.430587410182D0,0D0,1.751973815933D0,            2429P   4892
-1.011607141972D0,0D0,1.953760414333D0,-5.235606806016D-1,0D0,      2429P   4893
2.000521859409D0,-1.746659696682D-1,0D0,1.999999998786D0,0D0,       2429P   4894
0D0,0D0,1D0,0D0,0D0,1D0;                                            2429P   4895
102,2,2427,2429;                                                    2431P   4896
142,0,2423,2431,2425,1;                                             2433P   4897
144,2423,1,0,2433;                                                  2435P   4898
110,-3.933891463638D1,5.058337716060D1,5.806853015366D1,            2437P   4899
-3.966853026051D1,5.058337716060D1,5.712441493806D1;                2437P   4900
110,-4.119022811847D1,5.058337716060D1,5.883350230382D1,            2439P   4901
-4.393263011037D1,5.058337716060D1,5.097846371227D1;                2439P   4902
120,2437,2439,-6.283185308D-2,3.204424507080D0;                     2441P   4903
110,-4.010343074842D1,5.058337716006D1,4.981105965035D1,            2443P   4904
-3.749189842542D1,5.058337716006D1,5.729124937906D1;                2443P   4905
110,-4.126835928692D1,5.058337716060D1,5.860971187464D1,            2445P   4906
-4.387989161021D1,5.058337716060D1,5.112952214661D1;                2445P   4907
102,5,1405,2443,1395,1393,2445;                                     2447P   4908
110,9.807692307692D-1,0D0,0D0,9.807692307692D-1,3.141592654D0,      2449P   4909
0D0;                                                                2449P   4910
110,9.807692307692D-1,3.141592654D0,0D0,2.849004836999D-2,          2451P   4911
3.141592654D0,0D0;                                                  2451P   4912
126,9,3,0,0,1,0,0D0,0D0,0D0,0D0,1.478830671556D-1,                  2453P   4913
2.939103188223D-1,4.449290317568D-1,5.889343917351D-1,              2453P   4914
7.207266269669D-1,8.556289947556D-1,1D0,1D0,1D0,1D0,1D0,1D0,1D0,    2453P   4915
1D0,1D0,1D0,1D0,1D0,1D0,1D0,2.849004836999D-2,3.141592654D0,0D0,    2453P   4916
2.849878447536D-2,3.064106275892D0,0D0,2.814167887456D-2,           2453P   4917
2.910150137461D0,0D0,2.672713410849D-2,2.677161604560D0,0D0,        2453P   4918
2.469933191264D-2,2.446219847552D0,0D0,2.262057385811D-2,           2453P   4919
2.222812223904D0,0D0,2.079845855427D-2,2.007918167922D0,0D0,        2453P   4920
1.955334020135D-2,1.792716180216D0,0D0,1.922832909840D-2,           2453P   4921
1.646434845489D0,0D0,1.923076923077D-2,1.570796327D0,0D0,0D0,       2453P   4922
1D0,0D0,0D0,1D0;                                                    2453P   4923
126,9,3,0,0,1,0,0D0,0D0,0D0,0D0,1.479409702830D-1,                  2455P   4924
2.943911901183D-1,4.457217715564D-1,5.897536765376D-1,              2455P   4925
7.212615216651D-1,8.556677429717D-1,1D0,1D0,1D0,1D0,1D0,1D0,1D0,    2455P   4926
1D0,1D0,1D0,1D0,1D0,1D0,1D0,1.923076923077D-2,1.570796327D0,0D0,    2455P   4927
1.922202499091D-2,1.493280437552D0,0D0,1.957871418622D-2,           2455P   4928
1.339071817607D0,0D0,2.099404197584D-2,1.105664633086D0,0D0,        2455P   4929
2.302464645230D-2,8.743218459809D-1,0D0,2.510364164918D-2,          2455P   4930
6.508860188689D-1,0D0,2.692301364086D-2,4.363883462809D-1,0D0,      2455P   4931
2.816721297639D-2,2.216194042328D-1,0D0,2.849253791246D-2,          2455P   4932
7.561920677693D-2,0D0,2.849004836999D-2,0D0,0D0,0D0,1D0,0D0,0D0,    2455P   4933
1D0;                                                                2455P   4934
110,2.849004836999D-2,0D0,0D0,9.807692307692D-1,0D0,0D0;            2457P   4935
102,5,2449,2451,2453,2455,2457;                                     2459P   4936
142,0,2441,2459,2447,1;                                             2461P   4937
144,2441,1,0,2461;                                                  2463P   4938
128,1,1,1,1,0,0,1,0,0,-2.089414091869D0,-2.089414091869D0,          2465P   4939
2.089414091869D0,2.089414091869D0,-2.089414096997D0,                2465P   4940
-2.089414096997D0,2.089414096997D0,2.089414096997D0,1D0,1D0,1D0,    2465P   4941
1D0,-4.396430881514D1,5.267279125760D1,5.115899442842D1,            2465P   4942
-4.001901354348D1,5.267279125760D1,4.978158736854D1,                2465P   4943
-4.396430881514D1,4.849396306361D1,5.115899442842D1,                2465P   4944
-4.001901354348D1,4.849396306361D1,4.978158736854D1,                2465P   4945
-2.089414091869D0,2.089414091869D0,-2.089414096997D0,               2465P   4946
2.089414096997D0;                                                   2465P   4947
102,2,1401,1405;                                                    2467P   4948
126,14,3,0,0,1,0,0D0,0D0,0D0,0D0,8.322762526140D-2,                 2469P   4949
1.666024019616D-1,2.499303743387D-1,3.332731681728D-1,              2469P   4950
4.166131652930D-1,4.999528334811D-1,5.832925735051D-1,              2469P   4951
6.666326723710D-1,7.499736844351D-1,8.333087911721D-1,              2469P   4952
9.166676425956D-1,1D0,1D0,1D0,1D0,1D0,1D0,1D0,1D0,1D0,1D0,1D0,      2469P   4953
1D0,1D0,1D0,1D0,1D0,1D0,1D0,1D0,1.999999999008D0,0D0,0D0,           2469P   4954
2.000520541029D0,1.744433271990D-1,0D0,1.953845106486D0,            2469P   4955
5.231513038610D-1,0D0,1.752283643933D0,1.011075255022D0,0D0,        2469P   4956
1.430735318697D0,1.430165710492D0,0D0,1.011828951890D0,             2469P   4957
1.751753207619D0,0D0,5.239134983905D-1,1.953952183482D0,0D0,        2469P   4958
3.013404632908D-4,2.022984811945D0,0D0,-5.233315960317D-1,          2469P   4959
1.954108239572D0,0D0,-1.011304088572D0,1.752055616829D0,0D0,        2469P   4960
-1.430315875442D0,1.430587410136D0,0D0,-1.751973816152D0,           2469P   4961
1.011607141925D0,0D0,-1.953760414555D0,5.235606805722D-1,0D0,       2469P   4962
-2.000521859632D0,1.746659696572D-1,0D0,-1.999999999008D0,0D0,      2469P   4963
0D0,0D0,1D0,0D0,0D0,1D0;                                            2469P   4964
126,14,3,0,0,1,0,0D0,0D0,0D0,0D0,8.322762526140D-2,                 2471P   4965
1.666024019616D-1,2.499303743387D-1,3.332731681728D-1,              2471P   4966
4.166131652930D-1,4.999528334811D-1,5.832925735051D-1,              2471P   4967
6.666326723710D-1,7.499736844351D-1,8.333087911721D-1,              2471P   4968
9.166676425956D-1,1D0,1D0,1D0,1D0,1D0,1D0,1D0,1D0,1D0,1D0,1D0,      2471P   4969
1D0,1D0,1D0,1D0,1D0,1D0,1D0,1D0,-1.999999999008D0,0D0,0D0,          2471P   4970
-2.000520541029D0,-1.744433271990D-1,0D0,-1.953845106486D0,         2471P   4971
-5.231513038610D-1,0D0,-1.752283643933D0,-1.011075255022D0,0D0,     2471P   4972
-1.430735318697D0,-1.430165710492D0,0D0,-1.011828951890D0,          2471P   4973
-1.751753207619D0,0D0,-5.239134983905D-1,-1.953952183482D0,0D0,     2471P   4974
-3.013404632926D-4,-2.022984811945D0,0D0,5.233315960317D-1,         2471P   4975
-1.954108239572D0,0D0,1.011304088572D0,-1.752055616829D0,0D0,       2471P   4976
1.430315875442D0,-1.430587410136D0,0D0,1.751973816152D0,            2471P   4977
-1.011607141925D0,0D0,1.953760414555D0,-5.235606805722D-1,0D0,      2471P   4978
2.000521859632D0,-1.746659696572D-1,0D0,1.999999999008D0,0D0,       2471P   4979
0D0,0D0,1D0,0D0,0D0,1D0;                                            2471P   4980
102,2,2469,2471;                                                    2473P   4981
142,0,2465,2473,2467,1;                                             2475P   4982
144,2465,1,0,2475;                                                  2477P   4983
110,-3.933891463638D1,5.058337716060D1,5.806853015366D1,            2479P   4984
-3.966853026051D1,5.058337716060D1,5.712441493806D1;                2479P   4985
110,-4.119022811847D1,5.058337716060D1,5.883350230382D1,            2481P   4986
-4.393263011037D1,5.058337716060D1,5.097846371227D1;                2481P   4987
120,2479,2481,3.078760800936D0,6.346017160243D0;                    2483P   4988
102,5,1407,1409,1397,1401,1391;                                     2485P   4989
126,9,3,0,0,1,0,0D0,0D0,0D0,0D0,1.477997887430D-1,                  2487P   4990
2.937036454540D-1,4.446264206800D-1,5.886031647283D-1,              2487P   4991
7.205561533310D-1,8.556495776089D-1,1D0,1D0,1D0,1D0,1D0,1D0,1D0,    2487P   4992
1D0,1D0,1D0,1D0,1D0,1D0,1D0,2.849004836999D-2,6.283185307180D0,     2487P   4993
0D0,2.849875826527D-2,6.205742630879D0,0D0,2.814214663656D-2,       2487P   4994
6.051895129045D0,0D0,2.672937996465D-2,5.819065833890D0,0D0,        2487P   4995
2.470336644239D-2,5.588254385699D0,0D0,2.262429545531D-2,           2487P   4996
5.364828196279D0,0D0,2.080043451639D-2,5.149763855652D0,0D0,        2487P   4997
1.955336475505D-2,4.934387069870D0,0D0,1.922805061056D-2,           2487P   4998
4.788016303528D0,0D0,1.923076923077D-2,4.71238898D0,0D0,0D0,1D0,    2487P   4999
0D0,0D0,1D0;                                                        2487P   5000
126,9,3,0,0,1,0,0D0,0D0,0D0,0D0,1.480050381673D-1,                  2489P   5001
2.946871860565D-1,4.462321974617D-1,5.902476846856D-1,              2489P   5002
7.215366259607D-1,8.556694296067D-1,1D0,1D0,1D0,1D0,1D0,1D0,1D0,    2489P   5003
1D0,1D0,1D0,1D0,1D0,1D0,1D0,1.923076923077D-2,4.71238898D0,0D0,     2489P   5004
1.922183706072D-2,4.634839716494D0,0D0,1.957915786037D-2,           2489P   5005
4.480475748107D0,0D0,2.099749169537D-2,4.246799761661D0,0D0,        2489P   5006
2.303084931404D-2,4.015230171754D0,0D0,2.510946540017D-2,           2489P   5007
3.791805622552D0,0D0,2.692591672483D-2,3.577575506584D0,0D0,        2489P   5008
2.816747192944D-2,3.363067213019D0,0D0,2.849231029535D-2,           2489P   5009
3.217211481501D0,0D0,2.849004836999D-2,3.141592654D0,0D0,0D0,       2489P   5010
1D0,0D0,0D0,1D0;                                                    2489P   5011
110,2.849004836999D-2,3.141592654D0,0D0,9.807692307692D-1,          2491P   5012
3.141592654D0,0D0;                                                  2491P   5013
110,9.807692307692D-1,3.141592654D0,0D0,9.807692307692D-1,          2493P   5014
6.283185307180D0,0D0;                                               2493P   5015
110,9.807692307692D-1,6.283185307180D0,0D0,2.849004836999D-2,       2495P   5016
6.283185307180D0,0D0;                                               2495P   5017
102,5,2487,2489,2491,2493,2495;                                     2497P   5018
142,0,2483,2497,2485,1;                                             2499P   5019
144,2483,1,0,2499;                                                  2501P   5020
110,-5.651057019062D1,5.058337716060D1,8.883903881554D0,            2503P   5021
-5.618095456649D1,5.058337716060D1,9.828019097158D0;                2503P   5022
110,-5.465925670853D1,5.058337716060D1,8.118931731398D0,            2505P   5023
-5.191685471663D1,5.058337716060D1,1.597397032295D1;                2505P   5024
120,2503,2505,3.078760800936D0,6.346017160243D0;                    2507P   5025
124,-9.441152156040D-1,0D0,3.296156241215D-1,-5.385782364769D1,     2509P   5026
0D0,-1D0,0D0,5.058337716060D1,3.296156241215D-1,0D0,                2509P   5027
9.441152156040D-1,1.648214313674D1;                                 2509P   5028
100,0D0,0D0,0D0,2D0,0D0,-2D0,0D0;                                   2511P   5029
102,5,1411,1413,1421,2511,1415;                                     2513P   5030
126,9,3,0,0,1,0,0D0,0D0,0D0,0D0,1.477874649102D-1,                  2515P   5031
2.935694243810D-1,4.443555627095D-1,5.883552596642D-1,              2515P   5032
7.204085570296D-1,8.556371647597D-1,1D0,1D0,1D0,1D0,1D0,1D0,1D0,    2515P   5033
1D0,1D0,1D0,1D0,1D0,1D0,1D0,2.849004836999D-2,6.283185307180D0,     2515P   5034
0D0,2.849860893818D-2,6.205748940997D0,0D0,2.814227084096D-2,       2515P   5035
6.051971785060D0,0D0,2.673109485534D-2,5.819285082891D0,0D0,        2515P   5036
2.470645878958D-2,5.588598236358D0,0D0,2.262731888613D-2,           2515P   5037
5.365178602474D0,0D0,2.080191816639D-2,5.149978497934D0,0D0,        2515P   5038
1.955356053485D-2,4.934470899663D0,0D0,1.922798217289D-2,           2515P   5039
4.788022582412D0,0D0,1.923076923077D-2,4.71238898D0,0D0,0D0,1D0,    2515P   5040
0D0,0D0,1D0;                                                        2515P   5041
126,9,3,0,0,1,0,0D0,0D0,0D0,0D0,1.479544629212D-1,                  2517P   5042
2.945314509747D-1,4.459940773811D-1,5.900020151547D-1,              2517P   5043
7.214073161393D-1,8.556793471303D-1,1D0,1D0,1D0,1D0,1D0,1D0,1D0,    2517P   5044
1D0,1D0,1D0,1D0,1D0,1D0,1D0,1.923076923077D-2,4.71238898D0,0D0,     2517P   5045
1.922187719891D-2,4.634866189660D0,0D0,1.957884861430D-2,           2517P   5046
4.480584041255D0,0D0,2.099579107759D-2,4.247033443443D0,0D0,        2517P   5047
2.302778471041D-2,4.015566507672D0,0D0,2.510665959893D-2,           2517P   5048
3.792128221115D0,0D0,2.692448765700D-2,3.577767518950D0,0D0,        2517P   5049
2.816740511204D-2,3.363129594958D0,0D0,2.849246824966D-2,           2517P   5050
3.217205999646D0,0D0,2.849004836999D-2,3.141592654D0,0D0,0D0,       2517P   5051
1D0,0D0,0D0,1D0;                                                    2517P   5052
110,2.849004836999D-2,3.141592654D0,0D0,9.807692307692D-1,          2519P   5053
3.141592654D0,0D0;                                                  2519P   5054
110,9.807692307692D-1,3.141592654D0,0D0,9.807692307692D-1,          2521P   5055
6.283185307180D0,0D0;                                               2521P   5056
110,9.807692307692D-1,6.283185307180D0,0D0,2.849004836999D-2,       2523P   5057
6.283185307180D0,0D0;                                               2523P   5058
102,5,2515,2517,2519,2521,2523;                                     2525P   5059
142,0,2507,2525,2513,1;                                             2527P   5060
144,2507,1,0,2527;                                                  2529P   5061
110,-5.651057019062D1,5.058337716060D1,8.883903881554D0,            2531P   5062
-5.618095456649D1,5.058337716060D1,9.828019097158D0;                2531P   5063
110,-5.465925670853D1,5.058337716060D1,8.118931731398D0,            2533P   5064
-5.191685471663D1,5.058337716060D1,1.597397032295D1;                2533P   5065
120,2531,2533,-6.283185308D-2,3.204424507080D0;                     2535P   5066
124,9.441152156040D-1,0D0,3.296156241215D-1,-5.385782364769D1,      2537P   5067
0D0,1D0,0D0,5.058337716060D1,-3.296156241215D-1,0D0,                2537P   5068
9.441152156040D-1,1.648214313674D1;                                 2537P   5069
100,0D0,0D0,0D0,2D0,0D0,-2D0,0D0;                                   2539P   5070
110,-5.574605407858D1,5.058337716006D1,1.714137438487D1,            2541P   5071
-5.835758640483D1,5.058337716006D1,9.661184657586D0;                2541P   5072
110,-5.458112554502D1,5.058337716060D1,8.342722161880D0,            2543P   5073
-5.196959321679D1,5.058337716060D1,1.582291188860D1;                2543P   5074
102,5,2539,2541,1419,1417,2543;                                     2545P   5075
110,9.807692307692D-1,0D0,0D0,9.807692307692D-1,3.141592654D0,      2547P   5076
0D0;                                                                2547P   5077
110,9.807692307692D-1,3.141592654D0,0D0,2.849004836999D-2,          2549P   5078
3.141592654D0,0D0;                                                  2549P   5079
126,9,3,0,0,1,0,0D0,0D0,0D0,0D0,1.478491117829D-1,                  2551P   5080
2.938559804170D-1,4.448619414178D-1,5.888473254239D-1,              2551P   5081
7.206886504849D-1,8.556409171517D-1,1D0,1D0,1D0,1D0,1D0,1D0,1D0,    2551P   5082
1D0,1D0,1D0,1D0,1D0,1D0,1D0,2.849004836999D-2,3.141592654D0,0D0,    2551P   5083
2.849879866809D-2,3.064124154550D0,0D0,2.814184401152D-2,           2551P   5084
2.910196621545D0,0D0,2.672770751028D-2,2.677243322923D0,0D0,        2551P   5085
2.470034453449D-2,2.446329335526D0,0D0,2.262149106642D-2,           2551P   5086
2.222913436437D0,0D0,2.079899154511D-2,2.007977618105D0,0D0,        2551P   5087
1.955329146749D-2,1.792729705644D0,0D0,1.922820700432D-2,           2551P   5088
1.646428483527D0,0D0,1.923076923077D-2,1.570796327D0,0D0,0D0,       2551P   5089
1D0,0D0,0D0,1D0;                                                    2551P   5090
126,9,3,0,0,1,0,0D0,0D0,0D0,0D0,1.480395314790D-1,                  2553P   5091
2.947421929955D-1,4.463009399513D-1,5.903358710357D-1,              2553P   5092
7.215722975359D-1,8.556566262141D-1,1D0,1D0,1D0,1D0,1D0,1D0,1D0,    2553P   5093
1D0,1D0,1D0,1D0,1D0,1D0,1D0,1.923076923077D-2,1.570796327D0,0D0,    2553P   5094
1.922185076492D-2,1.493228900575D0,0D0,1.957932467698D-2,           2553P   5095
1.338835976575D0,0D0,2.099807583642D-2,1.105123893265D0,0D0,        2553P   5096
2.303187892310D-2,8.735262205428D-1,0D0,2.511038602235D-2,          2553P   5097
6.501115039561D-1,0D0,2.692643876609D-2,4.359245075502D-1,0D0,      2553P   5098
2.816741815981D-2,2.214627053007D-1,0D0,2.849218770504D-2,          2553P   5099
7.562564492215D-2,0D0,2.849004836999D-2,0D0,0D0,0D0,1D0,0D0,0D0,    2553P   5100
1D0;                                                                2553P   5101
110,2.849004836999D-2,0D0,0D0,9.807692307692D-1,0D0,0D0;            2555P   5102
102,5,2547,2549,2551,2553,2555;                                     2557P   5103
142,0,2535,2557,2545,1;                                             2559P   5104
144,2535,1,0,2559;                                                  2561P   5105
128,1,1,1,1,0,0,1,0,0,-2.089414091869D0,-2.089414091869D0,          2563P   5106
2.089414091869D0,2.089414091869D0,-2.089414096997D0,                2563P   5107
-2.089414096997D0,2.089414096997D0,2.089414096997D0,1D0,1D0,1D0,    2563P   5108
1D0,-5.188517601186D1,4.849396306361D1,1.579343960680D1,            2563P   5109
-5.583047128352D1,4.849396306361D1,1.717084666667D1,                2563P   5110
-5.188517601186D1,5.267279125760D1,1.579343960680D1,                2563P   5111
-5.583047128352D1,5.267279125760D1,1.717084666667D1,                2563P   5112
-2.089414091869D0,2.089414091869D0,-2.089414096997D0,               2563P   5113
2.089414096997D0;                                                   2563P   5114
102,2,1425,1429;                                                    2565P   5115
126,14,3,0,0,1,0,0D0,0D0,0D0,0D0,8.333235740440D-2,                 2567P   5116
1.666912088279D-1,2.500263155649D-1,3.333673276290D-1,              2567P   5117
4.167074264949D-1,5.000471665189D-1,5.833868347070D-1,              2567P   5118
6.667268318272D-1,7.500696256613D-1,8.333975980384D-1,              2567P   5119
9.167723747386D-1,1D0,1D0,1D0,1D0,1D0,1D0,1D0,1D0,1D0,1D0,1D0,      2567P   5120
1D0,1D0,1D0,1D0,1D0,1D0,1D0,1D0,-1.999999999008D0,0D0,0D0,          2567P   5121
-2.000521859632D0,-1.746659696572D-1,0D0,-1.953760414555D0,         2567P   5122
-5.235606805722D-1,0D0,-1.751973816152D0,-1.011607141925D0,0D0,     2567P   5123
-1.430315875442D0,-1.430587410136D0,0D0,-1.011304088572D0,          2567P   5124
-1.752055616829D0,0D0,-5.233315960317D-1,-1.954108239572D0,0D0,     2567P   5125
3.013404632908D-4,-2.022984811945D0,0D0,5.239134983905D-1,          2567P   5126
-1.953952183482D0,0D0,1.011828951890D0,-1.751753207619D0,0D0,       2567P   5127
1.430735318697D0,-1.430165710492D0,0D0,1.752283643933D0,            2567P   5128
-1.011075255022D0,0D0,1.953845106486D0,-5.231513038610D-1,0D0,      2567P   5129
2.000520541029D0,-1.744433271990D-1,0D0,1.999999999008D0,0D0,       2567P   5130
0D0,0D0,1D0,0D0,0D0,1D0;                                            2567P   5131
126,14,3,0,0,1,0,0D0,0D0,0D0,0D0,8.333235740440D-2,                 2569P   5132
1.666912088279D-1,2.500263155649D-1,3.333673276290D-1,              2569P   5133
4.167074264949D-1,5.000471665189D-1,5.833868347070D-1,              2569P   5134
6.667268318272D-1,7.500696256613D-1,8.333975980384D-1,              2569P   5135
9.167723747386D-1,1D0,1D0,1D0,1D0,1D0,1D0,1D0,1D0,1D0,1D0,1D0,      2569P   5136
1D0,1D0,1D0,1D0,1D0,1D0,1D0,1D0,1.999999999008D0,0D0,0D0,           2569P   5137
2.000521859632D0,1.746659696572D-1,0D0,1.953760414555D0,            2569P   5138
5.235606805722D-1,0D0,1.751973816152D0,1.011607141925D0,0D0,        2569P   5139
1.430315875442D0,1.430587410136D0,0D0,1.011304088572D0,             2569P   5140
1.752055616829D0,0D0,5.233315960317D-1,1.954108239572D0,0D0,        2569P   5141
-3.013404632923D-4,2.022984811945D0,0D0,-5.239134983905D-1,         2569P   5142
1.953952183482D0,0D0,-1.011828951890D0,1.751753207619D0,0D0,        2569P   5143
-1.430735318697D0,1.430165710492D0,0D0,-1.752283643933D0,           2569P   5144
1.011075255022D0,0D0,-1.953845106486D0,5.231513038610D-1,0D0,       2569P   5145
-2.000520541029D0,1.744433271990D-1,0D0,-1.999999999008D0,0D0,      2569P   5146
0D0,0D0,1D0,0D0,0D0,1D0;                                            2569P   5147
102,2,2567,2569;                                                    2571P   5148
142,0,2563,2571,2565,1;                                             2573P   5149
144,2563,1,0,2573;                                                  2575P   5150
110,-7.351616206511D1,5.058337716060D1,2.861542728383D1,            2577P   5151
-7.253372649224D1,5.058337716060D1,2.880202938766D1;                2577P   5152
110,-7.325225612183D1,5.058337716060D1,2.662979621535D1,            2579P   5153
-6.507818483910D1,5.058337716060D1,2.818236509652D1;                2579P   5154
120,2577,2579,3.078760800936D0,6.346017160243D0;                    2581P   5155
124,-1.866021038283D-1,0D0,9.824355728733D-1,-6.560858272537D1,     2583P   5156
0D0,-1D0,0D0,5.058337716060D1,9.824355728733D-1,0D0,                2583P   5157
1.866021038283D-1,3.011737914890D1;                                 2583P   5158
100,0D0,0D0,0D0,2.000000000506D0,0D0,-2.000000000506D0,0D0;         2585P   5159
102,4,1433,1431,1437,2585;                                          2587P   5160
110,9.807692307692D-1,6.283185307180D0,0D0,2.851420132706D-2,       2589P   5161
6.283185307180D0,0D0;                                               2589P   5162
126,15,3,0,0,1,0,0D0,0D0,0D0,0D0,7.961707887729D-2,                 2591P   5163
1.580739824978D-1,2.396671593499D-1,3.155064423869D-1,              2591P   5164
3.853763607214D-1,4.612515847188D-1,5.400377890857D-1,              2591P   5165
6.196216119694D-1,6.995724180036D-1,7.789272555162D-1,              2591P   5166
8.512384192848D-1,9.224048910078D-1,1D0,1D0,1D0,1D0,1D0,1D0,1D0,    2591P   5167
1D0,1D0,1D0,1D0,1D0,1D0,1D0,1D0,1D0,1D0,1D0,1D0,1D0,                2591P   5168
2.851420132706D-2,6.283185307180D0,0D0,2.853175510155D-2,           2591P   5169
6.199741991012D0,0D0,2.811105757866D-2,6.034140797768D0,0D0,        2591P   5170
2.647590959519D-2,5.783154380629D0,0D0,2.423997930078D-2,           2591P   5171
5.536103265671D0,0D0,2.204792405114D-2,5.298179278235D0,0D0,        2591P   5172
2.023271103477D-2,5.066320172457D0,0D0,1.921169566103D-2,           2591P   5173
4.831128635663D0,0D0,1.922094864402D-2,4.585695606474D0,0D0,        2591P   5174
2.035015782742D-2,4.336024540402D0,0D0,2.240378869038D-2,           2591P   5175
4.085871651585D0,0D0,2.466828699983D-2,3.843351660810D0,0D0,        2591P   5176
2.671024321308D-2,3.610165598397D0,0D0,2.814443615667D-2,           2591P   5177
3.378744066832D0,0D0,2.852532237991D-2,3.222916084157D0,0D0,        2591P   5178
2.851420132706D-2,3.141592654D0,0D0,0D0,1D0,0D0,0D0,1D0;            2591P   5179
110,2.851420132706D-2,3.141592654D0,0D0,9.807692307692D-1,          2593P   5180
3.141592654D0,0D0;                                                  2593P   5181
110,9.807692307692D-1,3.141592654D0,0D0,9.807692307692D-1,          2595P   5182
6.283185307180D0,0D0;                                               2595P   5183
102,4,2589,2591,2593,2595;                                          2597P   5184
142,0,2581,2597,2587,1;                                             2599P   5185
144,2581,1,0,2599;                                                  2601P   5186
110,-7.351532535189D1,5.058337716060D1,2.861558620769D1,            2603P   5187
-7.253288977902D1,5.058337716060D1,2.880218831151D1;                2603P   5188
110,-7.325225355064D1,5.058337716060D1,2.662979670361D1,            2605P   5189
-6.507818488950D1,5.058337716060D1,2.818236508685D1;                2605P   5190
120,2603,2605,-6.283185308D-2,3.204424507080D0;                     2607P   5191
124,1.866021038283D-1,0D0,9.824355728733D-1,-6.560858272537D1,      2609P   5192
0D0,1D0,0D0,5.058337716060D1,-9.824355728733D-1,0D0,                2609P   5193
1.866021038283D-1,3.011737914890D1;                                 2609P   5194
100,0D0,0D0,0D0,2.000000000609D0,0D0,-2.000000000609D0,0D0;         2611P   5195
110,-6.598178693297D1,5.058337716006D1,3.208225029452D1,            2613P   5196
-7.376558742238D1,5.058337716006D1,3.060380876710D1;                2613P   5197
110,-7.301917900729D1,5.058337716060D1,2.667406647756D1,            2615P   5198
-6.523537851759D1,5.058337716060D1,2.815250800311D1;                2615P   5199
102,4,2611,2613,1435,2615;                                          2617P   5200
110,9.807692307692D-1,0D0,0D0,9.807692307692D-1,3.141592654D0,      2619P   5201
0D0;                                                                2619P   5202
110,9.807692307692D-1,3.141592654D0,0D0,2.851389619434D-2,          2621P   5203
3.141592654D0,0D0;                                                  2621P   5204
126,15,3,0,0,1,0,0D0,0D0,0D0,0D0,7.966354767896D-2,                 2623P   5205
1.583539230339D-1,2.400299097715D-1,3.158570335683D-1,              2623P   5206
3.854943547992D-1,4.612364943985D-1,5.400790315961D-1,              2623P   5207
6.197201810362D-1,6.998062217448D-1,7.791576572129D-1,              2623P   5208
8.513726535026D-1,9.223994984807D-1,1D0,1D0,1D0,1D0,1D0,1D0,1D0,    2623P   5209
1D0,1D0,1D0,1D0,1D0,1D0,1D0,1D0,1D0,1D0,1D0,1D0,1D0,                2623P   5210
2.851389619434D-2,3.141592654D0,0D0,2.853165241207D-2,              2623P   5211
3.058101776034D0,0D0,2.810984803963D-2,2.892206119342D0,0D0,        2623P   5212
2.646988182956D-2,2.640835271797D0,0D0,2.422976879276D-2,           2623P   5213
2.393465479438D0,0D0,2.204017326344D-2,2.155710294860D0,0D0,        2623P   5214
2.023012539052D-2,1.924250599498D0,0D0,1.921124296472D-2,           2623P   5215
1.689385580141D0,0D0,1.922071089996D-2,1.443971125932D0,0D0,        2623P   5216
2.035209760525D-2,1.194039561237D0,0D0,2.240867219329D-2,           2623P   5217
9.436855027419D-1,0D0,2.467363446260D-2,7.011289842001D-1,0D0,      2623P   5218
2.671301554154D-2,4.681945957885D-1,0D0,2.814429870215D-2,          2623P   5219
2.370166847277D-1,0D0,2.852466672305D-2,8.132978427603D-2,0D0,      2623P   5220
2.851389619434D-2,0D0,0D0,0D0,1D0,0D0,0D0,1D0;                      2623P   5221
110,2.851389619434D-2,0D0,0D0,9.807692307692D-1,0D0,0D0;            2625P   5222
102,4,2619,2621,2623,2625;                                          2627P   5223
142,0,2607,2627,2617,1;                                             2629P   5224
144,2607,1,0,2629;                                                  2631P   5225
128,1,1,1,1,0,0,1,0,0,-2.089414091647D0,-2.089414091647D0,          2633P   5226
2.089414091647D0,2.089414091647D0,-2.089414096997D0,                2633P   5227
-2.089414096997D0,2.089414096997D0,2.089414096997D0,1D0,1D0,1D0,    2633P   5228
1D0,-6.521869365970D1,4.849396306361D1,2.806466441858D1,            2633P   5229
-6.599847179051D1,4.849396306361D1,3.217009387873D1,                2633P   5230
-6.521869365970D1,5.267279125760D1,2.806466441858D1,                2633P   5231
-6.599847179051D1,5.267279125760D1,3.217009387873D1,                2633P   5232
-2.089414091647D0,2.089414091647D0,-2.089414096997D0,               2633P   5233
2.089414096997D0;                                                   2633P   5234
102,2,1441,1445;                                                    2635P   5235
126,14,3,0,0,1,0,0D0,0D0,0D0,0D0,8.333235741444D-2,                 2637P   5236
1.666912088458D-1,2.500263155863D-1,3.333673276484D-1,              2637P   5237
4.167074265078D-1,5.000471665223D-1,5.833868347003D-1,              2637P   5238
6.667268318128D-1,7.500696256433D-1,8.333975980223D-1,              2637P   5239
9.167723747290D-1,1D0,1D0,1D0,1D0,1D0,1D0,1D0,1D0,1D0,1D0,1D0,      2637P   5240
1D0,1D0,1D0,1D0,1D0,1D0,1D0,1D0,-1.999999998786D0,0D0,0D0,          2637P   5241
-2.000521859409D0,-1.746659696682D-1,0D0,-1.953760414333D0,         2637P   5242
-5.235606806016D-1,0D0,-1.751973815933D0,-1.011607141972D0,0D0,     2637P   5243
-1.430315875238D0,-1.430587410182D0,0D0,-1.011304088404D0,          2637P   5244
-1.752055616860D0,0D0,-5.233315959282D-1,-1.954108239581D0,0D0,     2637P   5245
3.013404838812D-4,-2.022984811943D0,0D0,5.239134983241D-1,          2637P   5246
-1.953952183481D0,0D0,1.011828951749D0,-1.751753207633D0,0D0,       2637P   5247
1.430735318507D0,-1.430165710523D0,0D0,1.752283643718D0,            2637P   5248
-1.011075255058D0,0D0,1.953845106264D0,-5.231513038859D-1,0D0,      2637P   5249
2.000520540807D0,-1.744433272090D-1,0D0,1.999999998786D0,0D0,       2637P   5250
0D0,0D0,1D0,0D0,0D0,1D0;                                            2637P   5251
126,14,3,0,0,1,0,0D0,0D0,0D0,0D0,8.333235741444D-2,                 2639P   5252
1.666912088458D-1,2.500263155863D-1,3.333673276484D-1,              2639P   5253
4.167074265078D-1,5.000471665223D-1,5.833868347003D-1,              2639P   5254
6.667268318128D-1,7.500696256433D-1,8.333975980223D-1,              2639P   5255
9.167723747290D-1,1D0,1D0,1D0,1D0,1D0,1D0,1D0,1D0,1D0,1D0,1D0,      2639P   5256
1D0,1D0,1D0,1D0,1D0,1D0,1D0,1D0,1.999999998786D0,0D0,0D0,           2639P   5257
2.000521859409D0,1.746659696682D-1,0D0,1.953760414333D0,            2639P   5258
5.235606806016D-1,0D0,1.751973815933D0,1.011607141972D0,0D0,        2639P   5259
1.430315875238D0,1.430587410182D0,0D0,1.011304088404D0,             2639P   5260
1.752055616860D0,0D0,5.233315959282D-1,1.954108239581D0,0D0,        2639P   5261
-3.013404838806D-4,2.022984811943D0,0D0,-5.239134983241D-1,         2639P   5262
1.953952183481D0,0D0,-1.011828951749D0,1.751753207633D0,0D0,        2639P   5263
-1.430735318507D0,1.430165710523D0,0D0,-1.752283643718D0,           2639P   5264
1.011075255058D0,0D0,-1.953845106264D0,5.231513038859D-1,0D0,       2639P   5265
-2.000520540807D0,1.744433272090D-1,0D0,-1.999999998786D0,0D0,      2639P   5266
0D0,0D0,1D0,0D0,0D0,1D0;                                            2639P   5267
102,2,2637,2639;                                                    2641P   5268
142,0,2633,2641,2635,1;                                             2643P   5269
144,2633,1,0,2643;                                                  2645P   5270
110,-6.493001963161D1,5.058337716060D1,5.320864168767D1,            2647P   5271
-6.427719968286D1,5.058337716060D1,5.245112857590D1;                2647P   5272
110,-6.651767360729D1,5.058337716060D1,5.198727690280D1,            2649P   5273
-6.108607387337D1,5.058337716060D1,4.568460795981D1;                2649P   5274
120,2647,2649,3.078760800936D0,6.346017160243D0;                    2651P   5275
124,7.575131117753D-1,0D0,6.528199487520D-1,-5.967550149100D1,      2653P   5276
0D0,-1D0,0D0,5.058337716060D1,6.528199487520D-1,0D0,                2653P   5277
-7.575131117753D-1,4.711145302917D1;                                2653P   5278
100,0D0,0D0,0D0,1.999999999810D0,0D0,-1.999999999810D0,0D0;         2655P   5279
102,4,1449,1447,1453,2655;                                          2657P   5280
110,9.807692307692D-1,6.283185307180D0,0D0,2.851420132707D-2,       2659P   5281
6.283185307180D0,0D0;                                               2659P   5282
126,15,3,0,0,1,0,0D0,0D0,0D0,0D0,7.961707887417D-2,                 2661P   5283
1.580739824967D-1,2.396671593479D-1,3.155064423825D-1,              2661P   5284
3.853763607208D-1,4.612515847202D-1,5.400377890842D-1,              2661P   5285
6.196216119661D-1,6.995724180034D-1,7.789272555133D-1,              2661P   5286
8.512384192825D-1,9.224048910094D-1,1D0,1D0,1D0,1D0,1D0,1D0,1D0,    2661P   5287
1D0,1D0,1D0,1D0,1D0,1D0,1D0,1D0,1D0,1D0,1D0,1D0,1D0,                2661P   5288
2.851420132707D-2,6.283185307180D0,0D0,2.853175510156D-2,           2661P   5289
6.199741991015D0,0D0,2.811105757869D-2,6.034140797772D0,0D0,        2661P   5290
2.647590959525D-2,5.783154380635D0,0D0,2.423997930086D-2,           2661P   5291
5.536103265679D0,0D0,2.204792405121D-2,5.298179278243D0,0D0,        2661P   5292
2.023271103479D-2,5.066320172461D0,0D0,1.921169566105D-2,           2661P   5293
4.831128635664D0,0D0,1.922094864403D-2,4.585695606478D0,0D0,        2661P   5294
2.035015782739D-2,4.336024540407D0,0D0,2.240378869033D-2,           2661P   5295
4.085871651591D0,0D0,2.466828699978D-2,3.843351660816D0,0D0,        2661P   5296
2.671024321306D-2,3.610165598401D0,0D0,2.814443615668D-2,           2661P   5297
3.378744066833D0,0D0,2.852532237992D-2,3.222916084155D0,0D0,        2661P   5298
2.851420132707D-2,3.141592654D0,0D0,0D0,1D0,0D0,0D0,1D0;            2661P   5299
110,2.851420132707D-2,3.141592654D0,0D0,9.807692307692D-1,          2663P   5300
3.141592654D0,0D0;                                                  2663P   5301
110,9.807692307692D-1,3.141592654D0,0D0,9.807692307692D-1,          2665P   5302
6.283185307180D0,0D0;                                               2665P   5303
102,4,2659,2661,2663,2665;                                          2667P   5304
142,0,2651,2667,2657,1;                                             2669P   5305
144,2651,1,0,2669;                                                  2671P   5306
110,-6.492946364290D1,5.058337716060D1,5.320799653470D1,            2673P   5307
-6.427664369415D1,5.058337716060D1,5.245048342292D1;                2673P   5308
110,-6.651767189869D1,5.058337716060D1,5.198727492035D1,            2675P   5309
-6.108607390679D1,5.058337716060D1,4.568460799875D1;                2675P   5310
120,2673,2675,-6.283185308D-2,3.204424507080D0;                     2677P   5311
124,-7.575131117753D-1,0D0,6.528199487520D-1,-5.967550149100D1,     2679P   5312
0D0,1D0,0D0,5.058337716060D1,-6.528199487520D-1,0D0,                2679P   5313
-7.575131117753D-1,4.711145302917D1;                                2679P   5314
100,0D0,0D0,0D0,1.999999999707D0,0D0,-1.999999999707D0,0D0;         2681P   5315
110,-5.816047526782D1,5.058337716006D1,4.841709292639D1,            2683P   5316
-6.333274343496D1,5.058337716006D1,5.441884112377D1;                2683P   5317
110,-6.636279587950D1,5.058337716060D1,5.180756133044D1,            2685P   5318
-6.119052771412D1,5.058337716060D1,4.580581313219D1;                2685P   5319
102,4,2681,2683,1451,2685;                                          2687P   5320
110,9.807692307692D-1,0D0,0D0,9.807692307692D-1,3.141592654D0,      2689P   5321
0D0;                                                                2689P   5322
110,9.807692307692D-1,3.141592654D0,0D0,2.851389619435D-2,          2691P   5323
3.141592654D0,0D0;                                                  2691P   5324
126,15,3,0,0,1,0,0D0,0D0,0D0,0D0,7.966354767428D-2,                 2693P   5325
1.583539230324D-1,2.400299097687D-1,3.158570335622D-1,              2693P   5326
3.854943547988D-1,4.612364944014D-1,5.400790315949D-1,              2693P   5327
6.197201810313D-1,6.998062217439D-1,7.791576572083D-1,              2693P   5328
8.513726534989D-1,9.223994984830D-1,1D0,1D0,1D0,1D0,1D0,1D0,1D0,    2693P   5329
1D0,1D0,1D0,1D0,1D0,1D0,1D0,1D0,1D0,1D0,1D0,1D0,1D0,                2693P   5330
2.851389619435D-2,3.141592654D0,0D0,2.853165241207D-2,              2693P   5331
3.058101776039D0,0D0,2.810984803967D-2,2.892206119348D0,0D0,        2693P   5332
2.646988182964D-2,2.640835271806D0,0D0,2.422976879287D-2,           2693P   5333
2.393465479449D0,0D0,2.204017326353D-2,2.155710294870D0,0D0,        2693P   5334
2.023012539053D-2,1.924250599502D0,0D0,1.921124296472D-2,           2693P   5335
1.689385580140D0,0D0,1.922071089998D-2,1.443971125935D0,0D0,        2693P   5336
2.035209760521D-2,1.194039561244D0,0D0,2.240867219320D-2,           2693P   5337
9.436855027526D-1,0D0,2.467363446251D-2,7.011289842097D-1,0D0,      2693P   5338
2.671301554151D-2,4.681945957948D-1,0D0,2.814429870216D-2,          2693P   5339
2.370166847291D-1,0D0,2.852466672306D-2,8.132978427354D-2,0D0,      2693P   5340
2.851389619435D-2,0D0,0D0,0D0,1D0,0D0,0D0,1D0;                      2693P   5341
110,2.851389619435D-2,0D0,0D0,9.807692307692D-1,0D0,0D0;            2695P   5342
102,4,2689,2691,2693,2695;                                          2697P   5343
142,0,2677,2697,2687,1;                                             2699P   5344
144,2677,1,0,2699;                                                  2701P   5345
128,1,1,1,1,0,0,1,0,0,-2.089414091647D0,-2.089414091647D0,          2703P   5346
2.089414091647D0,2.089414091647D0,-2.089414096997D0,                2703P   5347
-2.089414096997D0,2.089414096997D0,2.089414096997D0,1D0,1D0,1D0,    2703P   5348
1D0,-6.125826006136D1,4.849396306361D1,4.574744182940D1,            2703P   5349
-5.809274292048D1,4.849396306361D1,4.847546422965D1,                2703P   5350
-6.125826006136D1,5.267279125760D1,4.574744182940D1,                2703P   5351
-5.809274292048D1,5.267279125760D1,4.847546422965D1,                2703P   5352
-2.089414091647D0,2.089414091647D0,-2.089414096997D0,               2703P   5353
2.089414096997D0;                                                   2703P   5354
102,2,1457,1461;                                                    2705P   5355
126,14,3,0,0,1,0,0D0,0D0,0D0,0D0,8.333235741444D-2,                 2707P   5356
1.666912088458D-1,2.500263155863D-1,3.333673276484D-1,              2707P   5357
4.167074265078D-1,5.000471665223D-1,5.833868347003D-1,              2707P   5358
6.667268318128D-1,7.500696256433D-1,8.333975980223D-1,              2707P   5359
9.167723747290D-1,1D0,1D0,1D0,1D0,1D0,1D0,1D0,1D0,1D0,1D0,1D0,      2707P   5360
1D0,1D0,1D0,1D0,1D0,1D0,1D0,1D0,-1.999999998786D0,0D0,0D0,          2707P   5361
-2.000521859409D0,-1.746659696682D-1,0D0,-1.953760414333D0,         2707P   5362
-5.235606806016D-1,0D0,-1.751973815933D0,-1.011607141972D0,0D0,     2707P   5363
-1.430315875238D0,-1.430587410182D0,0D0,-1.011304088404D0,          2707P   5364
-1.752055616860D0,0D0,-5.233315959282D-1,-1.954108239581D0,0D0,     2707P   5365
3.013404838828D-4,-2.022984811943D0,0D0,5.239134983241D-1,          2707P   5366
-1.953952183481D0,0D0,1.011828951749D0,-1.751753207633D0,0D0,       2707P   5367
1.430735318507D0,-1.430165710523D0,0D0,1.752283643718D0,            2707P   5368
-1.011075255058D0,0D0,1.953845106264D0,-5.231513038859D-1,0D0,      2707P   5369
2.000520540807D0,-1.744433272090D-1,0D0,1.999999998786D0,0D0,       2707P   5370
0D0,0D0,1D0,0D0,0D0,1D0;                                            2707P   5371
126,14,3,0,0,1,0,0D0,0D0,0D0,0D0,8.333235741444D-2,                 2709P   5372
1.666912088458D-1,2.500263155863D-1,3.333673276484D-1,              2709P   5373
4.167074265078D-1,5.000471665223D-1,5.833868347003D-1,              2709P   5374
6.667268318128D-1,7.500696256433D-1,8.333975980223D-1,              2709P   5375
9.167723747290D-1,1D0,1D0,1D0,1D0,1D0,1D0,1D0,1D0,1D0,1D0,1D0,      2709P   5376
1D0,1D0,1D0,1D0,1D0,1D0,1D0,1D0,1.999999998786D0,0D0,0D0,           2709P   5377
2.000521859409D0,1.746659696682D-1,0D0,1.953760414333D0,            2709P   5378
5.235606806016D-1,0D0,1.751973815933D0,1.011607141972D0,0D0,        2709P   5379
1.430315875238D0,1.430587410182D0,0D0,1.011304088404D0,             2709P   5380
1.752055616860D0,0D0,5.233315959282D-1,1.954108239581D0,0D0,        2709P   5381
-3.013404838839D-4,2.022984811943D0,0D0,-5.239134983241D-1,         2709P   5382
1.953952183481D0,0D0,-1.011828951749D0,1.751753207633D0,0D0,        2709P   5383
-1.430735318507D0,1.430165710523D0,0D0,-1.752283643718D0,           2709P   5384
1.011075255058D0,0D0,-1.953845106264D0,5.231513038859D-1,0D0,       2709P   5385
-2.000520540807D0,1.744433272090D-1,0D0,-1.999999998786D0,0D0,      2709P   5386
0D0,0D0,1D0,0D0,0D0,1D0;                                            2709P   5387
102,2,2707,2709;                                                    2711P   5388
142,0,2703,2711,2705,1;                                             2713P   5389
144,2703,1,0,2713;                                                  2715P   5390
110,-2.233332276189D1,5.058337716060D1,3.833700675138D1,            2717P   5391
-2.331575833476D1,5.058337716060D1,3.815040464756D1;                2717P   5392
110,-2.259722870517D1,5.058337716060D1,4.032263781986D1,            2719P   5393
-3.077129998789D1,5.058337716060D1,3.877006893869D1;                2719P   5394
120,2717,2719,3.078760800936D0,6.346017160243D0;                    2721P   5395
102,4,1465,1463,1469,1473;                                          2723P   5396
110,9.807692307692D-1,6.283185307180D0,0D0,2.851420132706D-2,       2725P   5397
6.283185307180D0,0D0;                                               2725P   5398
126,15,3,0,0,1,0,0D0,0D0,0D0,0D0,7.961707887729D-2,                 2727P   5399
1.580739824978D-1,2.396671593500D-1,3.155064423869D-1,              2727P   5400
3.853763607214D-1,4.612515847188D-1,5.400377890857D-1,              2727P   5401
6.196216119694D-1,6.995724180036D-1,7.789272555162D-1,              2727P   5402
8.512384192848D-1,9.224048910078D-1,1D0,1D0,1D0,1D0,1D0,1D0,1D0,    2727P   5403
1D0,1D0,1D0,1D0,1D0,1D0,1D0,1D0,1D0,1D0,1D0,1D0,1D0,                2727P   5404
2.851420132706D-2,6.283185307180D0,0D0,2.853175510155D-2,           2727P   5405
6.199741991012D0,0D0,2.811105757866D-2,6.034140797768D0,0D0,        2727P   5406
2.647590959519D-2,5.783154380629D0,0D0,2.423997930078D-2,           2727P   5407
5.536103265671D0,0D0,2.204792405114D-2,5.298179278235D0,0D0,        2727P   5408
2.023271103477D-2,5.066320172457D0,0D0,1.921169566103D-2,           2727P   5409
4.831128635663D0,0D0,1.922094864402D-2,4.585695606474D0,0D0,        2727P   5410
2.035015782742D-2,4.336024540402D0,0D0,2.240378869038D-2,           2727P   5411
4.085871651585D0,0D0,2.466828699983D-2,3.843351660810D0,0D0,        2727P   5412
2.671024321308D-2,3.610165598397D0,0D0,2.814443615667D-2,           2727P   5413
3.378744066832D0,0D0,2.852532237991D-2,3.222916084157D0,0D0,        2727P   5414
2.851420132706D-2,3.141592654D0,0D0,0D0,1D0,0D0,0D0,1D0;            2727P   5415
110,2.851420132706D-2,3.141592654D0,0D0,9.807692307692D-1,          2729P   5416
3.141592654D0,0D0;                                                  2729P   5417
110,9.807692307692D-1,3.141592654D0,0D0,9.807692307692D-1,          2731P   5418
6.283185307180D0,0D0;                                               2731P   5419
102,4,2725,2727,2729,2731;                                          2733P   5420
142,0,2721,2733,2723,1;                                             2735P   5421
144,2721,1,0,2735;                                                  2737P   5422
110,-2.233415947511D1,5.058337716060D1,3.833684782753D1,            2739P   5423
-2.331659504798D1,5.058337716060D1,3.815024572370D1;                2739P   5424
110,-2.259723127636D1,5.058337716060D1,4.032263733160D1,            2741P   5425
-3.077129993750D1,5.058337716060D1,3.877006894837D1;                2741P   5426
120,2739,2741,-6.283185308D-2,3.204424507080D0;                     2743P   5427
110,-2.986769789403D1,5.058337716006D1,3.487018374069D1,            2745P   5428
-2.208389740406D1,5.058337716006D1,3.634862526304D1;                2745P   5429
110,-2.283030582064D1,5.058337716060D1,4.027836756108D1,            2747P   5430
-3.061410630941D1,5.058337716060D1,3.879992603210D1;                2747P   5431
102,4,1477,2745,1467,2747;                                          2749P   5432
110,9.807692307692D-1,0D0,0D0,9.807692307692D-1,3.141592654D0,      2751P   5433
0D0;                                                                2751P   5434
110,9.807692307692D-1,3.141592654D0,0D0,2.851389619434D-2,          2753P   5435
3.141592654D0,0D0;                                                  2753P   5436
126,15,3,0,0,1,0,0D0,0D0,0D0,0D0,7.966354767896D-2,                 2755P   5437
1.583539230339D-1,2.400299097715D-1,3.158570335683D-1,              2755P   5438
3.854943547992D-1,4.612364943985D-1,5.400790315961D-1,              2755P   5439
6.197201810362D-1,6.998062217448D-1,7.791576572129D-1,              2755P   5440
8.513726535026D-1,9.223994984807D-1,1D0,1D0,1D0,1D0,1D0,1D0,1D0,    2755P   5441
1D0,1D0,1D0,1D0,1D0,1D0,1D0,1D0,1D0,1D0,1D0,1D0,1D0,                2755P   5442
2.851389619434D-2,3.141592654D0,0D0,2.853165241207D-2,              2755P   5443
3.058101776034D0,0D0,2.810984803963D-2,2.892206119342D0,0D0,        2755P   5444
2.646988182956D-2,2.640835271797D0,0D0,2.422976879276D-2,           2755P   5445
2.393465479438D0,0D0,2.204017326344D-2,2.155710294860D0,0D0,        2755P   5446
2.023012539052D-2,1.924250599498D0,0D0,1.921124296472D-2,           2755P   5447
1.689385580141D0,0D0,1.922071089996D-2,1.443971125932D0,0D0,        2755P   5448
2.035209760525D-2,1.194039561237D0,0D0,2.240867219329D-2,           2755P   5449
9.436855027419D-1,0D0,2.467363446260D-2,7.011289842001D-1,0D0,      2755P   5450
2.671301554154D-2,4.681945957885D-1,0D0,2.814429870215D-2,          2755P   5451
2.370166847277D-1,0D0,2.852466672305D-2,8.132978427603D-2,0D0,      2755P   5452
2.851389619434D-2,0D0,0D0,0D0,1D0,0D0,0D0,1D0;                      2755P   5453
110,2.851389619434D-2,0D0,0D0,9.807692307692D-1,0D0,0D0;            2757P   5454
102,4,2751,2753,2755,2757;                                          2759P   5455
142,0,2743,2759,2749,1;                                             2761P   5456
144,2743,1,0,2761;                                                  2763P   5457
128,1,1,1,1,0,0,1,0,0,-2.089414091647D0,-2.089414091647D0,          2765P   5458
2.089414091647D0,2.089414091647D0,-2.089414096997D0,                2765P   5459
-2.089414096997D0,2.089414096997D0,2.089414096997D0,1D0,1D0,1D0,    2765P   5460
1D0,-3.063079116730D1,5.267279125760D1,3.888776961663D1,            2765P   5461
-2.985101303649D1,5.267279125760D1,3.478234015649D1,                2765P   5462
-3.063079116730D1,4.849396306361D1,3.888776961663D1,                2765P   5463
-2.985101303649D1,4.849396306361D1,3.478234015649D1,                2765P   5464
-2.089414091647D0,2.089414091647D0,-2.089414096997D0,               2765P   5465
2.089414096997D0;                                                   2765P   5466
102,2,1473,1477;                                                    2767P   5467
126,14,3,0,0,1,0,0D0,0D0,0D0,0D0,8.322762527099D-2,                 2769P   5468
1.666024019777D-1,2.499303743567D-1,3.332731681872D-1,              2769P   5469
4.166131652997D-1,4.999528334777D-1,5.832925734922D-1,              2769P   5470
6.666326723516D-1,7.499736844137D-1,8.333087911542D-1,              2769P   5471
9.166676425856D-1,1D0,1D0,1D0,1D0,1D0,1D0,1D0,1D0,1D0,1D0,1D0,      2769P   5472
1D0,1D0,1D0,1D0,1D0,1D0,1D0,1D0,1.999999998786D0,0D0,0D0,           2769P   5473
2.000520540807D0,1.744433272090D-1,0D0,1.953845106264D0,            2769P   5474
5.231513038859D-1,0D0,1.752283643718D0,1.011075255058D0,0D0,        2769P   5475
1.430735318507D0,1.430165710523D0,0D0,1.011828951749D0,             2769P   5476
1.751753207633D0,0D0,5.239134983241D-1,1.953952183481D0,0D0,        2769P   5477
3.013404838836D-4,2.022984811943D0,0D0,-5.233315959282D-1,          2769P   5478
1.954108239581D0,0D0,-1.011304088404D0,1.752055616860D0,0D0,        2769P   5479
-1.430315875238D0,1.430587410182D0,0D0,-1.751973815933D0,           2769P   5480
1.011607141972D0,0D0,-1.953760414333D0,5.235606806016D-1,0D0,       2769P   5481
-2.000521859409D0,1.746659696682D-1,0D0,-1.999999998786D0,0D0,      2769P   5482
0D0,0D0,1D0,0D0,0D0,1D0;                                            2769P   5483
126,14,3,0,0,1,0,0D0,0D0,0D0,0D0,8.322762527099D-2,                 2771P   5484
1.666024019777D-1,2.499303743567D-1,3.332731681872D-1,              2771P   5485
4.166131652997D-1,4.999528334777D-1,5.832925734922D-1,              2771P   5486
6.666326723516D-1,7.499736844137D-1,8.333087911542D-1,              2771P   5487
9.166676425856D-1,1D0,1D0,1D0,1D0,1D0,1D0,1D0,1D0,1D0,1D0,1D0,      2771P   5488
1D0,1D0,1D0,1D0,1D0,1D0,1D0,1D0,-1.999999998786D0,0D0,0D0,          2771P   5489
-2.000520540807D0,-1.744433272090D-1,0D0,-1.953845106264D0,         2771P   5490
-5.231513038859D-1,0D0,-1.752283643718D0,-1.011075255058D0,0D0,     2771P   5491
-1.430735318507D0,-1.430165710523D0,0D0,-1.011828951749D0,          2771P   5492
-1.751753207633D0,0D0,-5.239134983241D-1,-1.953952183481D0,0D0,     2771P   5493
-3.013404838772D-4,-2.022984811943D0,0D0,5.233315959282D-1,         2771P   5494
-1.954108239581D0,0D0,1.011304088404D0,-1.752055616860D0,0D0,       2771P   5495
1.430315875238D0,-1.430587410182D0,0D0,1.751973815933D0,            2771P   5496
-1.011607141972D0,0D0,1.953760414333D0,-5.235606806016D-1,0D0,      2771P   5497
2.000521859409D0,-1.746659696682D-1,0D0,1.999999998786D0,0D0,       2771P   5498
0D0,0D0,1D0,0D0,0D0,1D0;                                            2771P   5499
102,2,2769,2771;                                                    2773P   5500
142,0,2765,2773,2767,1;                                             2775P   5501
144,2765,1,0,2775;                                                  2777P   5502
110,-3.091946519539D1,5.058337716060D1,1.374379234754D1,            2779P   5503
-3.157228514414D1,5.058337716060D1,1.450130545932D1;                2779P   5504
110,-2.933181121971D1,5.058337716060D1,1.496515713242D1,            2781P   5505
-3.476341095363D1,5.058337716060D1,2.126782607540D1;                2781P   5506
120,2779,2781,3.078760800936D0,6.346017160243D0;                    2783P   5507
102,4,1481,1479,1485,1489;                                          2785P   5508
110,9.807692307692D-1,6.283185307180D0,0D0,2.851420132707D-2,       2787P   5509
6.283185307180D0,0D0;                                               2787P   5510
126,15,3,0,0,1,0,0D0,0D0,0D0,0D0,7.961707887417D-2,                 2789P   5511
1.580739824967D-1,2.396671593479D-1,3.155064423825D-1,              2789P   5512
3.853763607208D-1,4.612515847202D-1,5.400377890842D-1,              2789P   5513
6.196216119661D-1,6.995724180034D-1,7.789272555133D-1,              2789P   5514
8.512384192825D-1,9.224048910094D-1,1D0,1D0,1D0,1D0,1D0,1D0,1D0,    2789P   5515
1D0,1D0,1D0,1D0,1D0,1D0,1D0,1D0,1D0,1D0,1D0,1D0,1D0,                2789P   5516
2.851420132707D-2,6.283185307180D0,0D0,2.853175510156D-2,           2789P   5517
6.199741991015D0,0D0,2.811105757869D-2,6.034140797772D0,0D0,        2789P   5518
2.647590959525D-2,5.783154380635D0,0D0,2.423997930086D-2,           2789P   5519
5.536103265679D0,0D0,2.204792405121D-2,5.298179278243D0,0D0,        2789P   5520
2.023271103479D-2,5.066320172461D0,0D0,1.921169566105D-2,           2789P   5521
4.831128635664D0,0D0,1.922094864403D-2,4.585695606477D0,0D0,        2789P   5522
2.035015782739D-2,4.336024540407D0,0D0,2.240378869033D-2,           2789P   5523
4.085871651591D0,0D0,2.466828699978D-2,3.843351660816D0,0D0,        2789P   5524
2.671024321306D-2,3.610165598401D0,0D0,2.814443615668D-2,           2789P   5525
3.378744066833D0,0D0,2.852532237992D-2,3.222916084155D0,0D0,        2789P   5526
2.851420132707D-2,3.141592654D0,0D0,0D0,1D0,0D0,0D0,1D0;            2789P   5527
110,2.851420132707D-2,3.141592654D0,0D0,9.807692307692D-1,          2791P   5528
3.141592654D0,0D0;                                                  2791P   5529
110,9.807692307692D-1,3.141592654D0,0D0,9.807692307692D-1,          2793P   5530
6.283185307180D0,0D0;                                               2793P   5531
102,4,2787,2789,2791,2793;                                          2795P   5532
142,0,2783,2795,2785,1;                                             2797P   5533
144,2783,1,0,2797;                                                  2799P   5534
110,-3.092002118410D1,5.058337716060D1,1.374443750052D1,            2801P   5535
-3.157284113285D1,5.058337716060D1,1.450195061229D1;                2801P   5536
110,-2.933181292831D1,5.058337716060D1,1.496515911486D1,            2803P   5537
-3.476341092021D1,5.058337716060D1,2.126782603646D1;                2803P   5538
120,2801,2803,-6.283185308D-2,3.204424507080D0;                     2805P   5539
110,-3.768900955918D1,5.058337716006D1,1.853534110882D1,            2807P   5540
-3.251674139616D1,5.058337716006D1,1.253359290842D1;                2807P   5541
110,-2.948668895110D1,5.058337716060D1,1.514487270115D1,            2809P   5542
-3.465895711288D1,5.058337716060D1,2.114662090303D1;                2809P   5543
102,4,1493,2807,1483,2809;                                          2811P   5544
110,9.807692307692D-1,0D0,0D0,9.807692307692D-1,3.141592654D0,      2813P   5545
0D0;                                                                2813P   5546
110,9.807692307692D-1,3.141592654D0,0D0,2.851389619435D-2,          2815P   5547
3.141592654D0,0D0;                                                  2815P   5548
126,15,3,0,0,1,0,0D0,0D0,0D0,0D0,7.966354767428D-2,                 2817P   5549
1.583539230324D-1,2.400299097687D-1,3.158570335622D-1,              2817P   5550
3.854943547988D-1,4.612364944014D-1,5.400790315949D-1,              2817P   5551
6.197201810313D-1,6.998062217439D-1,7.791576572083D-1,              2817P   5552
8.513726534989D-1,9.223994984830D-1,1D0,1D0,1D0,1D0,1D0,1D0,1D0,    2817P   5553
1D0,1D0,1D0,1D0,1D0,1D0,1D0,1D0,1D0,1D0,1D0,1D0,1D0,                2817P   5554
2.851389619435D-2,3.141592654D0,0D0,2.853165241207D-2,              2817P   5555
3.058101776039D0,0D0,2.810984803967D-2,2.892206119348D0,0D0,        2817P   5556
2.646988182964D-2,2.640835271806D0,0D0,2.422976879287D-2,           2817P   5557
2.393465479449D0,0D0,2.204017326353D-2,2.155710294870D0,0D0,        2817P   5558
2.023012539053D-2,1.924250599502D0,0D0,1.921124296472D-2,           2817P   5559
1.689385580140D0,0D0,1.922071089998D-2,1.443971125935D0,0D0,        2817P   5560
2.035209760521D-2,1.194039561244D0,0D0,2.240867219320D-2,           2817P   5561
9.436855027526D-1,0D0,2.467363446251D-2,7.011289842097D-1,0D0,      2817P   5562
2.671301554151D-2,4.681945957948D-1,0D0,2.814429870216D-2,          2817P   5563
2.370166847291D-1,0D0,2.852466672306D-2,8.132978427354D-2,0D0,      2817P   5564
2.851389619435D-2,0D0,0D0,0D0,1D0,0D0,0D0,1D0;                      2817P   5565
110,2.851389619435D-2,0D0,0D0,9.807692307692D-1,0D0,0D0;            2819P   5566
102,4,2813,2815,2817,2819;                                          2821P   5567
142,0,2805,2821,2811,1;                                             2823P   5568
144,2805,1,0,2823;                                                  2825P   5569
128,1,1,1,1,0,0,1,0,0,-2.089414091647D0,-2.089414091647D0,          2827P   5570
2.089414091647D0,2.089414091647D0,-2.089414096997D0,                2827P   5571
-2.089414096997D0,2.089414096997D0,2.089414096997D0,1D0,1D0,1D0,    2827P   5572
1D0,-3.459122476564D1,5.267279125760D1,2.120499220582D1,            2827P   5573
-3.775674190652D1,5.267279125760D1,1.847696980556D1,                2827P   5574
-3.459122476564D1,4.849396306361D1,2.120499220582D1,                2827P   5575
-3.775674190652D1,4.849396306361D1,1.847696980556D1,                2827P   5576
-2.089414091647D0,2.089414091647D0,-2.089414096997D0,               2827P   5577
2.089414096997D0;                                                   2827P   5578
102,2,1489,1493;                                                    2829P   5579
126,14,3,0,0,1,0,0D0,0D0,0D0,0D0,8.322762527099D-2,                 2831P   5580
1.666024019777D-1,2.499303743567D-1,3.332731681872D-1,              2831P   5581
4.166131652997D-1,4.999528334777D-1,5.832925734922D-1,              2831P   5582
6.666326723516D-1,7.499736844137D-1,8.333087911542D-1,              2831P   5583
9.166676425856D-1,1D0,1D0,1D0,1D0,1D0,1D0,1D0,1D0,1D0,1D0,1D0,      2831P   5584
1D0,1D0,1D0,1D0,1D0,1D0,1D0,1D0,1.999999998786D0,0D0,0D0,           2831P   5585
2.000520540807D0,1.744433272090D-1,0D0,1.953845106264D0,            2831P   5586
5.231513038859D-1,0D0,1.752283643718D0,1.011075255058D0,0D0,        2831P   5587
1.430735318507D0,1.430165710523D0,0D0,1.011828951749D0,             2831P   5588
1.751753207633D0,0D0,5.239134983241D-1,1.953952183481D0,0D0,        2831P   5589
3.013404838830D-4,2.022984811943D0,0D0,-5.233315959282D-1,          2831P   5590
1.954108239581D0,0D0,-1.011304088404D0,1.752055616860D0,0D0,        2831P   5591
-1.430315875238D0,1.430587410182D0,0D0,-1.751973815933D0,           2831P   5592
1.011607141972D0,0D0,-1.953760414333D0,5.235606806016D-1,0D0,       2831P   5593
-2.000521859409D0,1.746659696682D-1,0D0,-1.999999998786D0,0D0,      2831P   5594
0D0,0D0,1D0,0D0,0D0,1D0;                                            2831P   5595
126,14,3,0,0,1,0,0D0,0D0,0D0,0D0,8.322762527099D-2,                 2833P   5596
1.666024019777D-1,2.499303743567D-1,3.332731681872D-1,              2833P   5597
4.166131652997D-1,4.999528334777D-1,5.832925734922D-1,              2833P   5598
6.666326723516D-1,7.499736844137D-1,8.333087911542D-1,              2833P   5599
9.166676425856D-1,1D0,1D0,1D0,1D0,1D0,1D0,1D0,1D0,1D0,1D0,1D0,      2833P   5600
1D0,1D0,1D0,1D0,1D0,1D0,1D0,1D0,-1.999999998786D0,0D0,0D0,          2833P   5601
-2.000520540807D0,-1.744433272090D-1,0D0,-1.953845106264D0,         2833P   5602
-5.231513038859D-1,0D0,-1.752283643718D0,-1.011075255058D0,0D0,     2833P   5603
-1.430735318507D0,-1.430165710523D0,0D0,-1.011828951749D0,          2833P   5604
-1.751753207633D0,0D0,-5.239134983241D-1,-1.953952183481D0,0D0,     2833P   5605
-3.013404838871D-4,-2.022984811943D0,0D0,5.233315959282D-1,         2833P   5606
-1.954108239581D0,0D0,1.011304088404D0,-1.752055616860D0,0D0,       2833P   5607
1.430315875238D0,-1.430587410182D0,0D0,1.751973815933D0,            2833P   5608
-1.011607141972D0,0D0,1.953760414333D0,-5.235606806016D-1,0D0,      2833P   5609
2.000521859409D0,-1.746659696682D-1,0D0,1.999999998786D0,0D0,       2833P   5610
0D0,0D0,1D0,0D0,0D0,1D0;                                            2833P   5611
102,2,2831,2833;                                                    2835P   5612
142,0,2827,2835,2829,1;                                             2837P   5613
144,2827,1,0,2837;                                                  2839P   5614
110,-7.351616206511D1,4.458337716060D1,2.861542728383D1,            2841P   5615
-7.253372649224D1,4.458337716060D1,2.880202938766D1;                2841P   5616
110,-7.325225612183D1,4.458337716060D1,2.662979621535D1,            2843P   5617
-6.507818483910D1,4.458337716060D1,2.818236509652D1;                2843P   5618
120,2841,2843,3.078760800936D0,6.346017160243D0;                    2845P   5619
124,-1.866021038283D-1,0D0,9.824355728733D-1,-6.560858272537D1,     2847P   5620
0D0,-1D0,0D0,4.458337716060D1,9.824355728733D-1,0D0,                2847P   5621
1.866021038283D-1,3.011737914890D1;                                 2847P   5622
100,0D0,0D0,0D0,2.000000000506D0,0D0,-2.000000000506D0,0D0;         2849P   5623
102,4,1497,1495,1501,2849;                                          2851P   5624
110,9.807692307692D-1,6.283185307180D0,0D0,2.851420132706D-2,       2853P   5625
6.283185307180D0,0D0;                                               2853P   5626
126,15,3,0,0,1,0,0D0,0D0,0D0,0D0,7.961707887729D-2,                 2855P   5627
1.580739824978D-1,2.396671593500D-1,3.155064423869D-1,              2855P   5628
3.853763607214D-1,4.612515847188D-1,5.400377890857D-1,              2855P   5629
6.196216119694D-1,6.995724180036D-1,7.789272555162D-1,              2855P   5630
8.512384192848D-1,9.224048910078D-1,1D0,1D0,1D0,1D0,1D0,1D0,1D0,    2855P   5631
1D0,1D0,1D0,1D0,1D0,1D0,1D0,1D0,1D0,1D0,1D0,1D0,1D0,                2855P   5632
2.851420132706D-2,6.283185307180D0,0D0,2.853175510155D-2,           2855P   5633
6.199741991012D0,0D0,2.811105757866D-2,6.034140797768D0,0D0,        2855P   5634
2.647590959519D-2,5.783154380629D0,0D0,2.423997930078D-2,           2855P   5635
5.536103265671D0,0D0,2.204792405114D-2,5.298179278235D0,0D0,        2855P   5636
2.023271103477D-2,5.066320172457D0,0D0,1.921169566103D-2,           2855P   5637
4.831128635663D0,0D0,1.922094864402D-2,4.585695606474D0,0D0,        2855P   5638
2.035015782742D-2,4.336024540402D0,0D0,2.240378869038D-2,           2855P   5639
4.085871651585D0,0D0,2.466828699983D-2,3.843351660810D0,0D0,        2855P   5640
2.671024321308D-2,3.610165598397D0,0D0,2.814443615667D-2,           2855P   5641
3.378744066832D0,0D0,2.852532237991D-2,3.222916084157D0,0D0,        2855P   5642
2.851420132706D-2,3.141592654D0,0D0,0D0,1D0,0D0,0D0,1D0;            2855P   5643
110,2.851420132706D-2,3.141592654D0,0D0,9.807692307692D-1,          2857P   5644
3.141592654D0,0D0;                                                  2857P   5645
110,9.807692307692D-1,3.141592654D0,0D0,9.807692307692D-1,          2859P   5646
6.283185307180D0,0D0;                                               2859P   5647
102,4,2853,2855,2857,2859;                                          2861P   5648
142,0,2845,2861,2851,1;                                             2863P   5649
144,2845,1,0,2863;                                                  2865P   5650
110,-7.351532535189D1,4.458337716060D1,2.861558620769D1,            2867P   5651
-7.253288977902D1,4.458337716060D1,2.880218831151D1;                2867P   5652
110,-7.325225355064D1,4.458337716060D1,2.662979670361D1,            2869P   5653
-6.507818488950D1,4.458337716060D1,2.818236508685D1;                2869P   5654
120,2867,2869,-6.283185308D-2,3.204424507080D0;                     2871P   5655
124,1.866021038283D-1,0D0,9.824355728733D-1,-6.560858272537D1,      2873P   5656
0D0,1D0,0D0,4.458337716060D1,-9.824355728733D-1,0D0,                2873P   5657
1.866021038283D-1,3.011737914890D1;                                 2873P   5658
100,0D0,0D0,0D0,2.000000000609D0,0D0,-2.000000000609D0,0D0;         2875P   5659
110,-6.598178693297D1,4.458337716006D1,3.208225029452D1,            2877P   5660
-7.376558742238D1,4.458337716006D1,3.060380876710D1;                2877P   5661
110,-7.301917900729D1,4.458337716060D1,2.667406647756D1,            2879P   5662
-6.523537851759D1,4.458337716060D1,2.815250800311D1;                2879P   5663
102,4,2875,2877,1499,2879;                                          2881P   5664
110,9.807692307692D-1,0D0,0D0,9.807692307692D-1,3.141592654D0,      2883P   5665
0D0;                                                                2883P   5666
110,9.807692307692D-1,3.141592654D0,0D0,2.851389619434D-2,          2885P   5667
3.141592654D0,0D0;                                                  2885P   5668
126,15,3,0,0,1,0,0D0,0D0,0D0,0D0,7.966354767896D-2,                 2887P   5669
1.583539230339D-1,2.400299097715D-1,3.158570335683D-1,              2887P   5670
3.854943547992D-1,4.612364943985D-1,5.400790315961D-1,              2887P   5671
6.197201810362D-1,6.998062217448D-1,7.791576572129D-1,              2887P   5672
8.513726535026D-1,9.223994984807D-1,1D0,1D0,1D0,1D0,1D0,1D0,1D0,    2887P   5673
1D0,1D0,1D0,1D0,1D0,1D0,1D0,1D0,1D0,1D0,1D0,1D0,1D0,                2887P   5674
2.851389619434D-2,3.141592654D0,0D0,2.853165241207D-2,              2887P   5675
3.058101776034D0,0D0,2.810984803963D-2,2.892206119342D0,0D0,        2887P   5676
2.646988182956D-2,2.640835271797D0,0D0,2.422976879276D-2,           2887P   5677
2.393465479438D0,0D0,2.204017326344D-2,2.155710294860D0,0D0,        2887P   5678
2.023012539052D-2,1.924250599498D0,0D0,1.921124296472D-2,           2887P   5679
1.689385580141D0,0D0,1.922071089996D-2,1.443971125932D0,0D0,        2887P   5680
2.035209760525D-2,1.194039561237D0,0D0,2.240867219329D-2,           2887P   5681
9.436855027419D-1,0D0,2.467363446260D-2,7.011289842001D-1,0D0,      2887P   5682
2.671301554154D-2,4.681945957885D-1,0D0,2.814429870215D-2,          2887P   5683
2.370166847277D-1,0D0,2.852466672305D-2,8.132978427603D-2,0D0,      2887P   5684
2.851389619434D-2,0D0,0D0,0D0,1D0,0D0,0D0,1D0;                      2887P   5685
110,2.851389619434D-2,0D0,0D0,9.807692307692D-1,0D0,0D0;            2889P   5686
102,4,2883,2885,2887,2889;                                          2891P   5687
142,0,2871,2891,2881,1;                                             2893P   5688
144,2871,1,0,2893;                                                  2895P   5689
128,1,1,1,1,0,0,1,0,0,-2.089414091647D0,-2.089414091647D0,          2897P   5690
2.089414091647D0,2.089414091647D0,-2.089414096997D0,                2897P   5691
-2.089414096997D0,2.089414096997D0,2.089414096997D0,1D0,1D0,1D0,    2897P   5692
1D0,-6.521869365970D1,4.249396306361D1,2.806466441858D1,            2897P   5693
-6.599847179051D1,4.249396306361D1,3.217009387873D1,                2897P   5694
-6.521869365970D1,4.667279125760D1,2.806466441858D1,                2897P   5695
-6.599847179051D1,4.667279125760D1,3.217009387873D1,                2897P   5696
-2.089414091647D0,2.089414091647D0,-2.089414096997D0,               2897P   5697
2.089414096997D0;                                                   2897P   5698
102,2,1505,1509;                                                    2899P   5699
126,14,3,0,0,1,0,0D0,0D0,0D0,0D0,8.333235741444D-2,                 2901P   5700
1.666912088458D-1,2.500263155863D-1,3.333673276484D-1,              2901P   5701
4.167074265078D-1,5.000471665223D-1,5.833868347003D-1,              2901P   5702
6.667268318128D-1,7.500696256433D-1,8.333975980223D-1,              2901P   5703
9.167723747290D-1,1D0,1D0,1D0,1D0,1D0,1D0,1D0,1D0,1D0,1D0,1D0,      2901P   5704
1D0,1D0,1D0,1D0,1D0,1D0,1D0,1D0,-1.999999998786D0,0D0,0D0,          2901P   5705
-2.000521859409D0,-1.746659696682D-1,0D0,-1.953760414333D0,         2901P   5706
-5.235606806016D-1,0D0,-1.751973815933D0,-1.011607141972D0,0D0,     2901P   5707
-1.430315875238D0,-1.430587410182D0,0D0,-1.011304088404D0,          2901P   5708
-1.752055616860D0,0D0,-5.233315959282D-1,-1.954108239581D0,0D0,     2901P   5709
3.013404838829D-4,-2.022984811943D0,0D0,5.239134983241D-1,          2901P   5710
-1.953952183481D0,0D0,1.011828951749D0,-1.751753207633D0,0D0,       2901P   5711
1.430735318507D0,-1.430165710523D0,0D0,1.752283643718D0,            2901P   5712
-1.011075255058D0,0D0,1.953845106264D0,-5.231513038859D-1,0D0,      2901P   5713
2.000520540807D0,-1.744433272090D-1,0D0,1.999999998786D0,0D0,       2901P   5714
0D0,0D0,1D0,0D0,0D0,1D0;                                            2901P   5715
126,14,3,0,0,1,0,0D0,0D0,0D0,0D0,8.333235741444D-2,                 2903P   5716
1.666912088458D-1,2.500263155863D-1,3.333673276484D-1,              2903P   5717
4.167074265078D-1,5.000471665223D-1,5.833868347003D-1,              2903P   5718
6.667268318128D-1,7.500696256433D-1,8.333975980223D-1,              2903P   5719
9.167723747290D-1,1D0,1D0,1D0,1D0,1D0,1D0,1D0,1D0,1D0,1D0,1D0,      2903P   5720
1D0,1D0,1D0,1D0,1D0,1D0,1D0,1D0,1.999999998786D0,0D0,0D0,           2903P   5721
2.000521859409D0,1.746659696682D-1,0D0,1.953760414333D0,            2903P   5722
5.235606806016D-1,0D0,1.751973815933D0,1.011607141972D0,0D0,        2903P   5723
1.430315875238D0,1.430587410182D0,0D0,1.011304088404D0,             2903P   5724
1.752055616860D0,0D0,5.233315959282D-1,1.954108239581D0,0D0,        2903P   5725
-3.013404838842D-4,2.022984811943D0,0D0,-5.239134983241D-1,         2903P   5726
1.953952183481D0,0D0,-1.011828951749D0,1.751753207633D0,0D0,        2903P   5727
-1.430735318507D0,1.430165710523D0,0D0,-1.752283643718D0,           2903P   5728
1.011075255058D0,0D0,-1.953845106264D0,5.231513038859D-1,0D0,       2903P   5729
-2.000520540807D0,1.744433272090D-1,0D0,-1.999999998786D0,0D0,      2903P   5730
0D0,0D0,1D0,0D0,0D0,1D0;                                            2903P   5731
102,2,2901,2903;                                                    2905P   5732
142,0,2897,2905,2899,1;                                             2907P   5733
144,2897,1,0,2907;                                                  2909P   5734
406,1,6HINTF_3;                                                     2911P   5735
402,652,1187,1189,1191,1193,1197,1201,1205,1209,1213,1215,1219,     2913P   5736
1221,1223,1225,1227,1229,1233,1237,1241,1245,1249,1253,1257,        2913P   5737
1261,1263,1265,1269,1273,1277,1281,1285,1289,1293,1297,1299,        2913P   5738
1301,1303,1305,1307,1309,1311,1313,1317,1321,1323,1325,1327,        2913P   5739
1329,1331,1333,1335,1337,1341,1345,1347,1351,1353,1357,1359,        2913P   5740
1361,1363,1365,1369,1373,1375,1377,1379,1381,1385,1389,1391,        2913P   5741
1393,1395,1397,1401,1405,1407,1409,1411,1413,1415,1417,1419,        2913P   5742
1421,1425,1429,1431,1433,1435,1437,1441,1445,1447,1449,1451,        2913P   5743
1453,1457,1461,1463,1465,1467,1469,1473,1477,1479,1481,1483,        2913P   5744
1485,1489,1493,1495,1497,1499,1501,1505,1509,1511,1513,1515,        2913P   5745
1521,1523,1525,1527,1529,1531,1535,1537,1539,1541,1551,1553,        2913P   5746
1555,1557,1559,1561,1565,1567,1569,1571,1573,1575,1579,1581,        2913P   5747
1583,1585,1587,1589,1591,1593,1595,1597,1599,1601,1603,1605,        2913P   5748
1607,1609,1613,1615,1617,1619,1623,1625,1627,1629,1633,1635,        2913P   5749
1637,1639,1645,1647,1649,1651,1653,1655,1659,1661,1663,1665,        2913P   5750
1675,1677,1679,1681,1683,1685,1689,1691,1693,1695,1705,1707,        2913P   5751
1709,1711,1713,1715,1719,1721,1723,1725,1735,1737,1739,1741,        2913P   5752
1743,1745,1747,1749,1751,1753,1755,1757,1761,1763,1765,1767,        2913P   5753
1771,1773,1775,1777,1781,1783,1785,1787,1793,1795,1797,1799,        2913P   5754
1801,1803,1805,1807,1809,1811,1813,1815,1819,1821,1823,1825,        2913P   5755
1829,1831,1833,1835,1839,1841,1845,1847,1849,1851,1853,1855,        2913P   5756
1857,1859,1863,1865,1869,1871,1885,1887,1889,1891,1893,1895,        2913P   5757
1899,1901,1903,1905,1907,1909,1913,1915,1917,1919,1923,1925,        2913P   5758
1927,1929,1935,1937,1939,1941,1943,1945,1949,1951,1953,1955,        2913P   5759
1965,1967,1969,1971,1973,1975,1979,1981,1983,1985,1987,1989,        2913P   5760
1993,1995,1997,1999,2003,2005,2009,2011,2021,2023,2025,2027,        2913P   5761
2029,2031,2035,2037,2041,2043,2061,2063,2065,2067,2069,2071,        2913P   5762
2075,2077,2079,2081,2091,2093,2095,2097,2099,2101,2103,2105,        2913P   5763
2107,2109,2111,2113,2117,2119,2121,2123,2127,2129,2131,2133,        2913P   5764
2137,2139,2141,2143,2153,2155,2157,2159,2161,2163,2165,2169,        2913P   5765
2171,2173,2175,2177,2179,2183,2185,2187,2189,2195,2197,2199,        2913P   5766
2201,2203,2205,2207,2211,2213,2215,2217,2219,2221,2223,2225,        2913P   5767
2227,2229,2231,2235,2237,2239,2241,2247,2249,2251,2253,2255,        2913P   5768
2257,2259,2263,2265,2267,2269,2271,2273,2277,2279,2281,2283,        2913P   5769
2297,2299,2301,2303,2305,2307,2311,2313,2315,2317,2319,2321,        2913P   5770
2323,2325,2327,2329,2333,2335,2337,2339,2345,2347,2349,2351,        2913P   5771
2353,2355,2359,2361,2363,2365,2367,2369,2373,2375,2377,2379,        2913P   5772
2381,2383,2385,2387,2389,2391,2395,2397,2399,2401,2407,2409,        2913P   5773
2411,2413,2415,2417,2421,2423,2425,2427,2429,2431,2435,2437,        2913P   5774
2439,2441,2447,2449,2451,2453,2455,2457,2459,2463,2465,2467,        2913P   5775
2469,2471,2473,2477,2479,2481,2483,2485,2487,2489,2491,2493,        2913P   5776
2495,2497,2501,2503,2505,2507,2513,2515,2517,2519,2521,2523,        2913P   5777
2525,2529,2531,2533,2535,2545,2547,2549,2551,2553,2555,2557,        2913P   5778
2561,2563,2565,2567,2569,2571,2575,2577,2579,2581,2587,2589,        2913P   5779
2591,2593,2595,2597,2601,2603,2605,2607,2617,2619,2621,2623,        2913P   5780
2625,2627,2631,2633,2635,2637,2639,2641,2645,2647,2649,2651,        2913P   5781
2657,2659,2661,2663,2665,2667,2671,2673,2675,2677,2687,2689,        2913P   5782
2691,2693,2695,2697,2701,2703,2705,2707,2709,2711,2715,2717,        2913P   5783
2719,2721,2723,2725,2727,2729,2731,2733,2737,2739,2741,2743,        2913P   5784
2749,2751,2753,2755,2757,2759,2763,2765,2767,2769,2771,2773,        2913P   5785
2777,2779,2781,2783,2785,2787,2789,2791,2793,2795,2799,2801,        2913P   5786
2803,2805,2811,2813,2815,2817,2819,2821,2825,2827,2829,2831,        2913P   5787
2833,2835,2839,2841,2843,2845,2851,2853,2855,2857,2859,2861,        2913P   5788
2865,2867,2869,2871,2881,2883,2885,2887,2889,2891,2895,2897,        2913P   5789
2899,2901,2903,2905,2909,0,1,2911;                                  2913P   5790
406,1,8HINTF_RED;                                                   2915P   5791
402,652,1187,1189,1191,1193,1197,1201,1205,1209,1213,1215,1219,     2917P   5792
1221,1223,1225,1227,1229,1233,1237,1241,1245,1249,1253,1257,        2917P   5793
1261,1263,1265,1269,1273,1277,1281,1285,1289,1293,1297,1299,        2917P   5794
1301,1303,1305,1307,1309,1311,1313,1317,1321,1323,1325,1327,        2917P   5795
1329,1331,1333,1335,1337,1341,1345,1347,1351,1353,1357,1359,        2917P   5796
1361,1363,1365,1369,1373,1375,1377,1379,1381,1385,1389,1391,        2917P   5797
1393,1395,1397,1401,1405,1407,1409,1411,1413,1415,1417,1419,        2917P   5798
1421,1425,1429,1431,1433,1435,1437,1441,1445,1447,1449,1451,        2917P   5799
1453,1457,1461,1463,1465,1467,1469,1473,1477,1479,1481,1483,        2917P   5800
1485,1489,1493,1495,1497,1499,1501,1505,1509,1511,1513,1515,        2917P   5801
1521,1523,1525,1527,1529,1531,1535,1537,1539,1541,1551,1553,        2917P   5802
1555,1557,1559,1561,1565,1567,1569,1571,1573,1575,1579,1581,        2917P   5803
1583,1585,1587,1589,1591,1593,1595,1597,1599,1601,1603,1605,        2917P   5804
1607,1609,1613,1615,1617,1619,1623,1625,1627,1629,1633,1635,        2917P   5805
1637,1639,1645,1647,1649,1651,1653,1655,1659,1661,1663,1665,        2917P   5806
1675,1677,1679,1681,1683,1685,1689,1691,1693,1695,1705,1707,        2917P   5807
1709,1711,1713,1715,1719,1721,1723,1725,1735,1737,1739,1741,        2917P   5808
1743,1745,1747,1749,1751,1753,1755,1757,1761,1763,1765,1767,        2917P   5809
1771,1773,1775,1777,1781,1783,1785,1787,1793,1795,1797,1799,        2917P   5810
1801,1803,1805,1807,1809,1811,1813,1815,1819,1821,1823,1825,        2917P   5811
1829,1831,1833,1835,1839,1841,1845,1847,1849,1851,1853,1855,        2917P   5812
1857,1859,1863,1865,1869,1871,1885,1887,1889,1891,1893,1895,        2917P   5813
1899,1901,1903,1905,1907,1909,1913,1915,1917,1919,1923,1925,        2917P   5814
1927,1929,1935,1937,1939,1941,1943,1945,1949,1951,1953,1955,        2917P   5815
1965,1967,1969,1971,1973,1975,1979,1981,1983,1985,1987,1989,        2917P   5816
1993,1995,1997,1999,2003,2005,2009,2011,2021,2023,2025,2027,        2917P   5817
2029,2031,2035,2037,2041,2043,2061,2063,2065,2067,2069,2071,        2917P   5818
2075,2077,2079,2081,2091,2093,2095,2097,2099,2101,2103,2105,        2917P   5819
2107,2109,2111,2113,2117,2119,2121,2123,2127,2129,2131,2133,        2917P   5820
2137,2139,2141,2143,2153,2155,2157,2159,2161,2163,2165,2169,        2917P   5821
2171,2173,2175,2177,2179,2183,2185,2187,2189,2195,2197,2199,        2917P   5822
2201,2203,2205,2207,2211,2213,2215,2217,2219,2221,2223,2225,        2917P   5823
2227,2229,2231,2235,2237,2239,2241,2247,2249,2251,2253,2255,        2917P   5824
2257,2259,2263,2265,2267,2269,2271,2273,2277,2279,2281,2283,        2917P   5825
2297,2299,2301,2303,2305,2307,2311,2313,2315,2317,2319,2321,        2917P   5826
2323,2325,2327,2329,2333,2335,2337,2339,2345,2347,2349,2351,        2917P   5827
2353,2355,2359,2361,2363,2365,2367,2369,2373,2375,2377,2379,        2917P   5828
2381,2383,2385,2387,2389,2391,2395,2397,2399,2401,2407,2409,        2917P   5829
2411,2413,2415,2417,2421,2423,2425,2427,2429,2431,2435,2437,        2917P   5830
2439,2441,2447,2449,2451,2453,2455,2457,2459,2463,2465,2467,        2917P   5831
2469,2471,2473,2477,2479,2481,2483,2485,2487,2489,2491,2493,        2917P   5832
2495,2497,2501,2503,2505,2507,2513,2515,2517,2519,2521,2523,        2917P   5833
2525,2529,2531,2533,2535,2545,2547,2549,2551,2553,2555,2557,        2917P   5834
2561,2563,2565,2567,2569,2571,2575,2577,2579,2581,2587,2589,        2917P   5835
2591,2593,2595,2597,2601,2603,2605,2607,2617,2619,2621,2623,        2917P   5836
2625,2627,2631,2633,2635,2637,2639,2641,2645,2647,2649,2651,        2917P   5837
2657,2659,2661,2663,2665,2667,2671,2673,2675,2677,2687,2689,        2917P   5838
2691,2693,2695,2697,2701,2703,2705,2707,2709,2711,2715,2717,        2917P   5839
2719,2721,2723,2725,2727,2729,2731,2733,2737,2739,2741,2743,        2917P   5840
2749,2751,2753,2755,2757,2759,2763,2765,2767,2769,2771,2773,        2917P   5841
2777,2779,2781,2783,2785,2787,2789,2791,2793,2795,2799,2801,        2917P   5842
2803,2805,2811,2813,2815,2817,2819,2821,2825,2827,2829,2831,        2917P   5843
2833,2835,2839,2841,2843,2845,2851,2853,2855,2857,2859,2861,        2917P   5844
2865,2867,2869,2871,2881,2883,2885,2887,2889,2891,2895,2897,        2917P   5845
2899,2901,2903,2905,2909,0,1,2915;                                  2917P   5846
126,12,3,0,0,1,0,0D0,0D0,0D0,0D0,1D-1,2D-1,3D-1,4D-1,5D-1,6D-1,     2919P   5847
7D-1,8D-1,9D-1,1D0,1D0,1D0,1D0,1D0,1D0,1D0,1D0,1D0,1D0,1D0,1D0,     2919P   5848
1D0,1D0,1D0,1D0,1D0,-4.748879710973D1,1.775347882220D2,             2919P   5849
3.347622287508D1,-4.726862935008D1,1.775199884046D2,                2919P   5850
3.366545219763D1,-4.731522167908D1,1.774743198736D2,                2919P   5851
3.452501447813D1,-4.620071996659D1,1.771757101810D2,                2919P   5852
3.492465721467D1,-4.587855063876D1,1.768423464228D2,                2919P   5853
3.564404009038D1,-4.561579113270D1,1.764719396763D2,                2919P   5854
3.624889284707D1,-4.561258760492D1,1.761256808161D2,                2919P   5855
3.683378899875D1,-4.578876562516D1,1.758252509599D2,                2919P   5856
3.734888808761D1,-4.611999816571D1,1.755881177301D2,                2919P   5857
3.777889059413D1,-4.659966154098D1,1.754011339224D2,                2919P   5858
3.813410757288D1,-4.721195229034D1,1.752791392342D2,                2919P   5859
3.837608608114D1,-4.768105075743D1,1.752506678499D2,                2919P   5860
3.843601046955D1,-4.792474241159D1,1.752494238512D2,                2919P   5861
3.843706367581D1,0D0,1D0,0D0,0D0,1D0;                               2919P   5862
126,12,3,0,0,1,0,0D0,0D0,0D0,0D0,1D-1,2D-1,3D-1,4D-1,5D-1,6D-1,     2921P   5863
7D-1,8D-1,9D-1,1D0,1D0,1D0,1D0,1D0,1D0,1D0,1D0,1D0,1D0,1D0,1D0,     2921P   5864
1D0,1D0,1D0,1D0,1D0,-4.792474241159D1,1.752494238512D2,             2921P   5865
3.843706367581D1,-4.818221076292D1,1.752498066018D2,                2921P   5866
3.843673962792D1,-4.868240887320D1,1.752824549957D2,                2921P   5867
3.836945064731D1,-4.935109100499D1,1.754267463142D2,                2921P   5868
3.808359799277D1,-4.984922568528D1,1.756527033799D2,                2921P   5869
3.765906656398D1,-5.014505102064D1,1.759260441019D2,                2921P   5870
3.717409097243D1,-5.025965320772D1,1.762511423646D2,                2921P   5871
3.661885745066D1,-5.016357439558D1,1.765990111114D2,                2921P   5872
3.605156447553D1,-4.989901855055D1,1.769617682211D2,                2921P   5873
3.537284634398D1,-4.925642018240D1,1.772728619870D2,                2921P   5874
3.492241733201D1,-4.902902925169D1,1.775396531859D2,                2921P   5875
3.349773349659D1,-4.745944655047D1,1.775328147436D2,                2921P   5876
3.407172854327D1,-4.748879710973D1,1.775347882220D2,                2921P   5877
3.347622287508D1,0D0,1D0,0D0,0D0,1D0;                               2921P   5878
126,12,3,0,0,1,0,0D0,0D0,0D0,0D0,1D-1,2D-1,3D-1,4D-1,5D-1,6D-1,     2923P   5879
7D-1,8D-1,9D-1,1D0,1D0,1D0,1D0,1D0,1D0,1D0,1D0,1D0,1D0,1D0,1D0,     2923P   5880
1D0,1D0,1D0,1D0,1D0,-4.792474241541D1,1.752494237491D2,             2923P   5881
2.851537027293D1,-4.818221084969D1,1.752498065016D2,                2923P   5882
2.851569432263D1,-4.868240911842D1,1.752824549201D2,                2923P   5883
2.858298334638D1,-4.935109146613D1,1.754267463311D2,                2923P   5884
2.886883618882D1,-4.984922614973D1,1.756527035462D2,                2923P   5885
2.929336785786D1,-5.014505137163D1,1.759260444213D2,                2923P   5886
2.977834368632D1,-5.025965331937D1,1.762511428725D2,                2923P   5887
3.033357746715D1,-5.016357408773D1,1.765990117831D2,                2923P   5888
3.090087077457D1,-4.989901773463D1,1.769617690031D2,                2923P   5889
3.157958891075D1,-4.925641839249D1,1.772728627788D2,                2923P   5890
3.203001932425D1,-4.902902768200D1,1.775396535508D2,                2923P   5891
3.345469930691D1,-4.745944005656D1,1.775328148453D2,                2923P   5892
3.288070918540D1,-4.748879718069D1,1.775347882268D2,                2923P   5893
3.347621701761D1,0D0,1D0,0D0,0D0,1D0;                               2923P   5894
126,12,3,0,0,1,0,0D0,0D0,0D0,0D0,1D-1,2D-1,3D-1,4D-1,5D-1,6D-1,     2925P   5895
7D-1,8D-1,9D-1,1D0,1D0,1D0,1D0,1D0,1D0,1D0,1D0,1D0,1D0,1D0,1D0,     2925P   5896
1D0,1D0,1D0,1D0,1D0,-4.748879922085D1,1.775347883640D2,             2925P   5897
3.347621701761D1,-4.726863003940D1,1.775199886939D2,                2925P   5898
3.328698820137D1,-4.731522792959D1,1.774743207629D2,                2925P   5899
3.242741894795D1,-4.620072036901D1,1.771757109817D2,                2925P   5900
3.202777934830D1,-4.587855168432D1,1.768423473075D2,                2925P   5901
3.130839528568D1,-4.561579121447D1,1.764719403763D2,                2925P   5902
3.070354244663D1,-4.561258737983D1,1.761256813209D2,                2925P   5903
3.011864593172D1,-4.578876519048D1,1.758252512423D2,                2925P   5904
2.960354652336D1,-4.611999767311D1,1.755881178688D2,                2925P   5905
2.917354378596D1,-4.659966109373D1,1.754011339273D2,                2925P   5906
2.881832658323D1,-4.721195204953D1,1.752791391564D2,                2925P   5907
2.857634790985D1,-4.768105067681D1,1.752506677498D2,                2925P   5908
2.851642348071D1,-4.792474241541D1,1.752494237491D2,                2925P   5909
2.851537027293D1,0D0,1D0,0D0,0D0,1D0;                               2925P   5910
124,0D0,1D0,0D0,-4.792474241350D1,-1D0,0D0,0D0,1.710494237996D2,    2927P   5911
0D0,0D0,1D0,3.347621701761D1;                                       2927P   5912
100,0D0,0D0,0D0,6.5D0,0D0,-6.485364564370D0,4.359431926468D-1;      2929P   5913
124,0D0,-1D0,0D0,-4.792474241350D1,1D0,0D0,0D0,1.710494237996D2,    2931P   5914
0D0,0D0,1D0,3.347621701761D1;                                       2931P   5915
100,0D0,0D0,0D0,6.5D0,0D0,-6.5D0,0D0;                               2933P   5916
124,6.706849735553D-2,-9.977483734201D-1,0D0,-4.792474241350D1,     2935P   5917
9.977483734201D-1,6.706849735553D-2,0D0,1.710494237996D2,0D0,       2935P   5918
0D0,1D0,3.347621701761D1;                                           2935P   5919
100,0D0,0D0,0D0,6.5D0,0D0,6.485364427231D0,4.359452328110D-1;       2937P   5920
110,-4.792474241350D1,1.710494237996D2,3.347621701761D1,            2939P   5921
-4.792474241350D1,1.700494237996D2,3.347621701761D1;                2939P   5922
124,0D0,-1D0,0D0,-4.792474241350D1,1D0,0D0,0D0,1.710494237996D2,    2941P   5923
0D0,0D0,1D0,3.347621701761D1;                                       2941P   5924
100,0D0,0D0,0D0,6.5D0,0D0,-6.5D0,0D0;                               2943P   5925
120,2939,2943,-1.193682308552D-1,6.087779773613D0;                  2945P   5926
102,2,2919,2921;                                                    2947P   5927
126,12,3,0,0,1,0,0D0,0D0,0D0,0D0,1.309629603175D-1,                 2949P   5928
2.679535457814D-1,3.820549691728D-1,4.828397310660D-1,              2949P   5929
5.725968733871D-1,6.551578037301D-1,7.346026352787D-1,              2949P   5930
8.174252286835D-1,9.057914521286D-1,1D0,1D0,1D0,1D0,1D0,1D0,1D0,    2949P   5931
1D0,1D0,1D0,1D0,1D0,1D0,1D0,1D0,1D0,1D0,6.711889142032D-2,          2949P   5932
3.141606089856D0,0D0,9.822922646888D-2,3.725879168045D0,0D0,        2949P   5933
1.841611284981D-1,4.144586637124D0,0D0,3.358423230148D-1,           2949P   5934
3.825880257146D0,0D0,4.683532185530D-1,3.960992553302D0,0D0,        2949P   5935
5.805259783682D-1,4.016356208588D0,0D0,6.726080799373D-1,           2949P   5936
4.108659634110D0,0D0,7.449624079022D-1,4.208222104580D0,0D0,        2949P   5937
7.993537061901D-1,4.319525908928D0,0D0,8.384766842399D-1,           2949P   5938
4.440648746921D0,0D0,8.627642405748D-1,4.572886475302D0,0D0,        2949P   5939
8.681461718622D-1,4.665028269430D0,0D0,8.682621602051D-1,           2949P   5940
4.71238898D0,0D0,0D0,1D0,0D0,0D0,1D0;                               2949P   5941
126,12,3,0,0,1,0,0D0,0D0,0D0,0D0,9.232077903519D-2,                 2951P   5942
1.812631160450D-1,2.645779609768D-1,3.423545579883D-1,              2951P   5943
4.211608486701D-1,5.052128960885D-1,6.003192134881D-1,              2951P   5944
7.088387632926D-1,8.462192101856D-1,1D0,1D0,1D0,1D0,1D0,1D0,1D0,    2951P   5945
1D0,1D0,1D0,1D0,1D0,1D0,1D0,1D0,1D0,1D0,8.682621602051D-1,          2951P   5946
4.71238898D0,0D0,8.681412633931D-1,4.762989167528D0,0D0,            2951P   5947
8.619528660416D-1,4.862761712236D0,0D0,8.333512208503D-1,           2951P   5948
5.006217564204D0,0D0,7.865723472352D-1,5.136900208633D0,0D0,        2951P   5949
7.227428409040D-1,5.251367690204D0,0D0,6.420920077502D-1,           2951P   5950
5.351322289610D0,0D0,5.436990334866D-1,5.426710213761D0,0D0,        2951P   5951
4.262334519922D-1,5.524315536474D0,0D0,2.867112288650D-1,           2951P   5952
5.424575214871D0,0D0,1.077236594456D-1,6.211860288043D0,0D0,        2951P   5953
5.022715512484D-2,5.038101915662D0,0D0,6.711889142032D-2,           2951P   5954
3.141606089856D0,0D0,0D0,1D0,0D0,0D0,1D0;                           2951P   5955
102,2,2949,2951;                                                    2953P   5956
142,0,2945,2953,2947,1;                                             2955P   5957
144,2945,1,0,2955;                                                  2957P   5958
110,-4.792474241350D1,1.710494237996D2,3.347621701761D1,            2959P   5959
-4.792474241350D1,1.700494237996D2,3.347621701761D1;                2959P   5960
124,0D0,-1D0,0D0,-4.792474241350D1,1D0,0D0,0D0,1.710494237996D2,    2961P   5961
0D0,0D0,1D0,3.347621701761D1;                                       2961P   5962
100,0D0,0D0,0D0,6.5D0,0D0,-6.5D0,0D0;                               2963P   5963
120,2959,2963,-1.193682308552D-1,6.087779773613D0;                  2965P   5964
102,5,2923,2937,2933,2929,2925;                                     2967P   5965
126,12,3,0,0,1,0,0D0,0D0,0D0,0D0,9.232079417590D-2,                 2969P   5966
1.812631475874D-1,2.645780034216D-1,3.423546122133D-1,              2969P   5967
4.211609236562D-1,5.052130014661D-1,6.003193649185D-1,              2969P   5968
7.088389708904D-1,8.462193689748D-1,1D0,1D0,1D0,1D0,1D0,1D0,1D0,    2969P   5969
1D0,1D0,1D0,1D0,1D0,1D0,1D0,1D0,1D0,1D0,8.682621807949D-1,          2969P   5970
1.570796326410D0,0D0,8.681412826195D-1,1.520196123607D0,0D0,        2969P   5971
8.619528815496D-1,1.420423546297D0,0D0,8.333512195809D-1,           2969P   5972
1.276967650608D0,0D0,7.865723128597D-1,1.146284972716D0,0D0,        2969P   5973
7.227427633242D-1,1.031817469972D0,0D0,6.420918738053D-1,           2969P   5974
9.318628539450D-1,0D0,5.436988307459D-1,8.564749529041D-1,0D0,      2969P   5975
4.262331570720D-1,7.588695432235D-1,0D0,2.867109257830D-1,          2969P   5976
8.586103483676D-1,0D0,1.077231954477D-1,7.132403757732D-2,0D0,      2969P   5977
5.022687437497D-2,1.245089647809D0,0D0,6.711888047314D-2,           2969P   5978
3.141592653590D0,0D0,0D0,1D0,0D0,0D0,1D0;                           2969P   5979
110,6.711888047314D-2,3.141592653590D0,0D0,0D0,3.141592653590D0,    2971P   5980
0D0;                                                                2971P   5981
110,0D0,3.141592653590D0,0D0,0D0,0D0,0D0;                           2973P   5982
110,0D0,0D0,0D0,3.141592653590D0,0D0,0D0;                           2975P   5983
110,3.141592653590D0,0D0,0D0,3.141592653590D0,3.141592653590D0,     2977P   5984
0D0;                                                                2977P   5985
110,3.141592653590D0,3.141592653590D0,0D0,6.711856589343D-2,        2979P   5986
3.141592653590D0,0D0;                                               2979P   5987
126,12,3,0,0,1,0,0D0,0D0,0D0,0D0,1.309632478282D-1,                 2981P   5988
2.679539264679D-1,3.820553125337D-1,4.828400406292D-1,              2981P   5989
5.725971431429D-1,6.551580309081D-1,7.346028098619D-1,              2981P   5990
8.174253469983D-1,9.057915138852D-1,1D0,1D0,1D0,1D0,1D0,1D0,1D0,    2981P   5991
1D0,1D0,1D0,1D0,1D0,1D0,1D0,1D0,1D0,1D0,6.711856589343D-2,          2981P   5992
3.141592653590D0,0D0,9.822859576838D-2,2.557308961333D0,0D0,        2981P   5993
1.841603421982D-1,2.138594589091D0,0D0,3.358418978559D-1,           2981P   5994
2.457306039014D0,0D0,4.683529268626D-1,2.322192746696D0,0D0,        2981P   5995
5.805257762885D-1,2.266829316453D0,0D0,6.726079532640D-1,           2981P   5996
2.174525839811D0,0D0,7.449623386880D-1,2.074963359065D0,0D0,        2981P   5997
7.993536778482D-1,1.963659522588D0,0D0,8.384766847947D-1,           2981P   5998
1.842536650191D0,0D0,8.627642566879D-1,1.710298878373D0,0D0,        2981P   5999
8.681461914675D-1,1.618157052321D0,0D0,8.682621807949D-1,           2981P   6000
1.570796326410D0,0D0,0D0,1D0,0D0,0D0,1D0;                           2981P   6001
102,7,2969,2971,2973,2975,2977,2979,2981;                           2983P   6002
142,0,2965,2983,2967,1;                                             2985P   6003
144,2965,1,0,2985;                                                  2987P   6004
124,1D0,0D0,0D0,-4.792474241350D1,0D0,0D0,1D0,1.369494237996D2,     2989P   6005
0D0,-1D0,0D0,3.347621701761D1;                                      2989P   6006
100,0D0,0D0,0D0,1.775D1,0D0,-1.775D1,0D0;                           2991P   6007
124,-1D0,0D0,0D0,-4.792474241350D1,0D0,0D0,1D0,1.369494237996D2,    2993P   6008
0D0,1D0,0D0,3.347621701761D1;                                       2993P   6009
100,0D0,0D0,0D0,1.775D1,0D0,-1.775D1,0D0;                           2995P   6010
124,-1D0,0D0,0D0,-4.792474241350D1,0D0,0D0,-1D0,                    2997P   6011
1.369494237996D2,0D0,-1D0,0D0,3.347621701761D1;                     2997P   6012
100,0D0,0D0,0D0,5.5D0,0D0,-5.5D0,0D0;                               2999P   6013
124,1D0,0D0,0D0,-4.792474241350D1,0D0,0D0,-1D0,1.369494237996D2,    3001P   6014
0D0,1D0,0D0,3.347621701761D1;                                       3001P   6015
100,0D0,0D0,0D0,5.5D0,0D0,-5.5D0,0D0;                               3003P   6016
110,-6.567474241057D1,1.369494237996D2,3.347621701275D1,            3005P   6017
-6.567474240652D1,1.457494237996D2,3.347621701275D1;                3005P   6018
110,-3.017474242048D1,1.457494237996D2,3.347621701761D1,            3007P   6019
-3.017474241643D1,1.369494237996D2,3.347621701761D1;                3007P   6020
124,1D0,0D0,0D0,-4.792474241350D1,0D0,0D0,1D0,1.457494237996D2,     3009P   6021
0D0,-1D0,0D0,3.347621701761D1;                                      3009P   6022
100,0D0,0D0,0D0,2.575D1,0D0,-2.575D1,0D0;                           3011P   6023
124,-1D0,0D0,0D0,-4.792474241350D1,0D0,0D0,1D0,1.457494237996D2,    3013P   6024
0D0,1D0,0D0,3.347621701761D1;                                       3013P   6025
100,0D0,0D0,0D0,2.575D1,0D0,-2.575D1,0D0;                           3015P   6026
124,-1D0,0D0,0D0,-4.792474241350D1,0D0,0D0,-1D0,                    3017P   6027
1.457494237996D2,0D0,-1D0,0D0,3.347621701761D1;                     3017P   6028
100,0D0,0D0,0D0,1.775D1,0D0,-1.775D1,0D0;                           3019P   6029
124,1D0,0D0,0D0,-4.792474241350D1,0D0,0D0,-1D0,1.457494237996D2,    3021P   6030
0D0,1D0,0D0,3.347621701761D1;                                       3021P   6031
100,0D0,0D0,0D0,1.775D1,0D0,-1.775D1,0D0;                           3023P   6032
110,-7.367474240924D1,1.457494237996D2,3.347621701057D1,            3025P   6033
-7.367474241350D1,1.472494237996D2,3.347621700704D1;                3025P   6034
110,-2.217474241350D1,1.472494237996D2,3.347621701761D1,            3027P   6035
-2.217474241776D1,1.457494237996D2,3.347621701761D1;                3027P   6036
124,1D0,0D0,0D0,-4.792474241350D1,0D0,0D0,-1D0,1.510494237996D2,    3029P   6037
0D0,1D0,0D0,3.347621701761D1;                                       3029P   6038
100,0D0,0D0,0D0,1.7D1,0D0,-1.7D1,-6.973501470488D-9;                3031P   6039
124,-1D0,-4.102063931251D-10,0D0,-4.792474241350D1,0D0,0D0,1D0,     3033P   6040
1.472494237996D2,-4.102063931251D-10,1D0,0D0,3.347621701761D1;      3033P   6041
100,0D0,0D0,0D0,2.575D1,0D0,-2.575D1,-1.056280369795D-8;            3035P   6042
126,9,3,0,0,1,0,0D0,0D0,0D0,0D0,1.428571428571D-1,                  3037P   6043
2.857142857143D-1,4.285714285714D-1,5.714285714286D-1,              3037P   6044
7.142857142857D-1,8.571428571429D-1,1D0,1D0,1D0,1D0,1D0,1D0,1D0,    3037P   6045
1D0,1D0,1D0,1D0,1D0,1D0,1D0,-6.307204433707D1,1.580494237975D2,     3037P   6046
3.767621701645D1,-6.317853005556D1,1.576489619504D2,                3037P   6047
3.767621701645D1,-6.336194626693D1,1.568602409126D2,                3037P   6048
3.777224132686D1,-6.353771486136D1,1.557663641110D2,                3037P   6049
3.817927807539D1,-6.359381089874D1,1.548317713144D2,                3037P   6050
3.879681716388D1,-6.351696012073D1,1.540732220473D2,                3037P   6051
3.958127634739D1,-6.328904284533D1,1.535052359826D2,                3037P   6052
4.049927896036D1,-6.288385356472D1,1.531389765641D2,                3037P   6053
4.153393534749D1,-6.246694550033D1,1.530494237994D2,                3037P   6054
4.229280476560D1,-6.222019623625D1,1.530494237996D2,                3037P   6055
4.267621701683D1,0D0,1D0,0D0,0D0,1D0;                               3037P   6056
124,-1D0,-4.102063525459D-10,0D0,-4.792474241350D1,0D0,0D0,1D0,     3039P   6057
1.530494237996D2,-4.102063525459D-10,1D0,0D0,3.347621701761D1;      3039P   6058
100,0D0,0D0,0D0,1.7D1,0D0,1.429545382066D1,9.200000003337D0;        3041P   6059
124,-8.409090485933D-1,-5.411764702886D-1,0D0,-4.792474241350D1,    3043P   6060
0D0,0D0,1D0,1.530494237996D2,-5.411764702886D-1,                    3043P   6061
8.409090485933D-1,0D0,3.347621701761D1;                             3043P   6062
100,0D0,0D0,0D0,1.7D1,0D0,1.429545382986D1,9.199999989042D0;        3045P   6063
126,9,3,0,0,1,0,0D0,0D0,0D0,0D0,1.428571428571D-1,                  3047P   6064
2.857142857143D-1,4.285714285714D-1,5.714285714286D-1,              3047P   6065
7.142857142857D-1,8.571428571429D-1,1D0,1D0,1D0,1D0,1D0,1D0,1D0,    3047P   6066
1D0,1D0,1D0,1D0,1D0,1D0,1D0,-6.222019623328D1,1.530494237996D2,     3047P   6067
2.427621702064D1,-6.246074502003D1,1.530494237997D2,                3047P   6068
2.464999463764D1,-6.286921517683D1,1.531351208846D2,                3047P   6069
2.539083991148D1,-6.327013124636D1,1.534806787855D2,                3047P   6070
2.639745797283D1,-6.350782581686D1,1.540324419142D2,                3047P   6071
2.731859029889D1,-6.359399925876D1,1.547879066432D2,                3047P   6072
2.812043616279D1,-6.354208408487D1,1.557339680921D2,                3047P   6073
2.875835350522D1,-6.336569252016D1,1.568434077239D2,                3047P   6074
2.917749889865D1,-6.317998847565D1,1.576434772373D2,                3047P   6075
2.927621701951D1,-6.307204433226D1,1.580494237968D2,                3047P   6076
2.927621701968D1,0D0,1D0,0D0,0D0,1D0;                               3047P   6077
126,5,3,0,0,1,0,0D0,0D0,0D0,0D0,3.333333333333D-1,                  3049P   6078
6.666666666667D-1,1D0,1D0,1D0,1D0,1D0,1D0,1D0,1D0,1D0,1D0,          3049P   6079
-5.876391650516D1,1.740280652675D2,2.927621701894D1,                3049P   6080
-5.917810436195D1,1.725208498488D2,2.927621701894D1,                3049P   6081
-6.004899251531D1,1.693284323963D2,2.927621701726D1,                3049P   6082
-6.146481250510D1,1.640769429947D2,2.927621701682D1,                3049P   6083
-6.251992845814D1,1.601257711783D2,2.927621701968D1,                3049P   6084
-6.307204433226D1,1.580494237968D2,2.927621701968D1,0D0,1D0,0D0,    3049P   6085
0D0,1D0;                                                            3049P   6086
126,14,3,0,0,1,0,0D0,0D0,0D0,0D0,8.333333333333D-2,                 3051P   6087
1.666666666667D-1,2.5D-1,3.333333333333D-1,4.166666666667D-1,       3051P   6088
5D-1,5.833333333333D-1,6.666666666667D-1,7.5D-1,                    3051P   6089
8.333333333333D-1,9.166666666667D-1,1D0,1D0,1D0,1D0,1D0,1D0,1D0,    3051P   6090
1D0,1D0,1D0,1D0,1D0,1D0,1D0,1D0,1D0,1D0,1D0,1D0,                    3051P   6091
-4.792474241350D1,1.760102704995D2,2.927621701761D1,                3051P   6092
-4.748224503620D1,1.760083521405D2,2.927621701761D1,                3051P   6093
-4.663066563681D1,1.758971590961D2,2.927621701761D1,                3051P   6094
-4.541413949380D1,1.753945350001D2,2.927621701761D1,                3051P   6095
-4.437666563562D1,1.745973730233D2,2.927621701761D1,                3051P   6096
-4.357879965379D1,1.735578430272D2,2.927621701761D1,                3051P   6097
-4.307775524282D1,1.723475140694D2,2.927621701761D1,                3051P   6098
-4.290686738468D1,1.710486768901D2,2.927621701761D1,                3051P   6099
-4.307814978282D1,1.697498855773D2,2.927621701761D1,                3051P   6100
-4.357951640698D1,1.685397278476D2,2.927621701761D1,                3051P   6101
-4.437783148414D1,1.675003607639D2,2.927621701761D1,                3051P   6102
-4.541513991768D1,1.667036650978D2,2.927621701761D1,                3051P   6103
-4.663273116007D1,1.662012170008D2,2.927621701761D1,                3051P   6104
-4.748310123466D1,1.660903282614D2,2.927621701761D1,                3051P   6105
-4.792474241350D1,1.660885770885D2,2.927621701761D1,0D0,1D0,0D0,    3051P   6106
0D0,1D0;                                                            3051P   6107
126,14,3,0,0,1,0,0D0,0D0,0D0,0D0,8.333333333333D-2,                 3053P   6108
1.666666666667D-1,2.5D-1,3.333333333333D-1,4.166666666667D-1,       3053P   6109
5D-1,5.833333333333D-1,6.666666666667D-1,7.5D-1,                    3053P   6110
8.333333333333D-1,9.166666666667D-1,1D0,1D0,1D0,1D0,1D0,1D0,1D0,    3053P   6111
1D0,1D0,1D0,1D0,1D0,1D0,1D0,1D0,1D0,1D0,1D0,1D0,                    3053P   6112
-4.792474241350D1,1.660885770885D2,2.927621701761D1,                3053P   6113
-4.836723979738D1,1.660904954494D2,2.927621701761D1,                3053P   6114
-4.921881920802D1,1.662016885023D2,2.927621701761D1,                3053P   6115
-5.043534545719D1,1.667043126560D2,2.927621701761D1,                3053P   6116
-5.147281922597D1,1.675014746418D2,2.927621701761D1,                3053P   6117
-5.227068524702D1,1.685410046669D2,2.927621701761D1,                3053P   6118
-5.277172959422D1,1.697513336123D2,2.927621701761D1,                3053P   6119
-5.294261743625D1,1.710501707848D2,2.927621701761D1,                3053P   6120
-5.277133505838D1,1.723489619954D2,2.927621701761D1,                3053P   6121
-5.226996840361D1,1.735591197518D2,2.927621701761D1,                3053P   6122
-5.147165337373D1,1.745984868355D2,2.927621701761D1,                3053P   6123
-5.043434486653D1,1.753951825151D2,2.927621701761D1,                3053P   6124
-4.921675367741D1,1.758976305944D2,2.927621701761D1,                3053P   6125
-4.836638359585D1,1.760085193294D2,2.927621701761D1,                3053P   6126
-4.792474241350D1,1.760102704995D2,2.927621701761D1,0D0,1D0,0D0,    3053P   6127
0D0,1D0;                                                            3053P   6128
110,-6.307204433226D1,1.580494237968D2,2.927621701968D1,            3055P   6129
-3.277744049076D1,1.580494237968D2,2.927621701579D1;                3055P   6130
110,-6.222019623328D1,1.530494237996D2,2.427621702064D1,            3057P   6131
-3.362928859347D1,1.530494237996D2,2.427621701514D1;                3057P   6132
126,5,3,0,0,1,0,0D0,0D0,0D0,0D0,3.333333333333D-1,                  3059P   6133
6.666666666667D-1,1D0,1D0,1D0,1D0,1D0,1D0,1D0,1D0,1D0,1D0,          3059P   6134
-3.277744049076D1,1.580494237968D2,2.927621701579D1,                3059P   6135
-3.328177323893D1,1.599460727249D2,2.927621701579D1,                3059P   6136
-3.427297165599D1,1.636606510356D2,2.927621701886D1,                3059P   6137
-3.575115645332D1,1.691477340277D2,2.927621701597D1,                3059P   6138
-3.665043238540D1,1.724446205070D2,2.927621702061D1,                3059P   6139
-3.708556832119D1,1.740280652675D2,2.927621702061D1,0D0,1D0,0D0,    3059P   6140
0D0,1D0;                                                            3059P   6141
126,9,3,0,0,1,0,0D0,0D0,0D0,0D0,1.428571428571D-1,                  3061P   6142
2.857142857143D-1,4.285714285714D-1,5.714285714286D-1,              3061P   6143
7.142857142857D-1,8.571428571429D-1,1D0,1D0,1D0,1D0,1D0,1D0,1D0,    3061P   6144
1D0,1D0,1D0,1D0,1D0,1D0,1D0,-3.277744049076D1,1.580494237968D2,     3061P   6145
2.927621701579D1,-3.267095476208D1,1.576489619113D2,                3061P   6146
2.927621701563D1,-3.248753853646D1,1.568602408203D2,                3061P   6147
2.918019268811D1,-3.231176996715D1,1.557663640642D2,                3061P   6148
2.877315593189D1,-3.225567392459D1,1.548317712904D2,                3061P   6149
2.815561684984D1,-3.233252471496D1,1.540732220299D2,                3061P   6150
2.737115766920D1,-3.256044199992D1,1.535052359527D2,                3061P   6151
2.645315501228D1,-3.296563127541D1,1.531389765618D2,                3061P   6152
2.541849866513D1,-3.338253933626D1,1.530494237997D2,                3061P   6153
2.465962925531D1,-3.362928859347D1,1.530494237996D2,                3061P   6154
2.427621701514D1,0D0,1D0,0D0,0D0,1D0;                               3061P   6155
124,1D0,0D0,0D0,-4.792474241350D1,0D0,0D0,1D0,1.530494237996D2,     3063P   6156
0D0,-1D0,0D0,3.347621701761D1;                                      3063P   6157
100,0D0,0D0,0D0,1.7D1,0D0,1.429545381901D1,9.200000005904D0;        3065P   6158
124,-9.687036532362D-1,2.482201285288D-1,4.101994299788D-10,        3067P   6159
-4.792474241350D1,2.482201285288D-1,9.687036532362D-1,0D0,          3067P   6160
1.710494237996D2,-3.973615510707D-10,1.018197552318D-10,-1D0,       3067P   6161
3.347621701761D1;                                                   3067P   6162
100,0D0,0D0,0D0,1.2D1,0D0,2.978641542346D0,1.162444383883D1;        3069P   6163
124,-9.324466808952D-1,-3.613076075694D-1,0D0,-4.792474241350D1,    3071P   6164
0D0,0D0,1D0,1.740280653419D2,-3.613076075694D-1,                    3071P   6165
9.324466808952D-1,0D0,3.347621701761D1;                             3071P   6166
100,0D0,0D0,0D0,1.162444383883D1,0D0,1.083917407650D1,              3073P   6167
4.199999988287D0;                                                   3073P   6168
124,9.642538543040D-1,-2.649801963541D-1,0D0,-4.792474241350D1,     3075P   6169
2.649801963541D-1,9.642538543040D-1,0D0,1.710494237996D2,0D0,       3075P   6170
0D0,1D0,2.927621701761D1;                                           3075P   6171
100,0D0,0D0,0D0,1.124099639712D1,0D0,-9.662434413800D0,             3077P   6172
5.744332963802D0;                                                   3077P   6173
124,1D0,0D0,0D0,-4.792474241350D1,0D0,0D0,1D0,1.740280653419D2,     3079P   6174
0D0,-1D0,0D0,3.347621701761D1;                                      3079P   6175
100,0D0,0D0,0D0,1.162444383883D1,0D0,1.083917407574D1,              3081P   6176
4.199999990234D0;                                                   3081P   6177
124,0D0,1D0,0D0,-4.792474241350D1,1D0,0D0,0D0,1.710494237996D2,     3083P   6178
0D0,0D0,-1D0,3.347621701761D1;                                      3083P   6179
100,0D0,0D0,0D0,1.2D1,0D0,2.978641542346D0,1.162444383883D1;        3085P   6180
124,9.324466810434D-1,3.613076071869D-1,0D0,-4.792474241350D1,      3087P   6181
0D0,0D0,1D0,1.740280653419D2,3.613076071869D-1,                     3087P   6182
-9.324466810434D-1,0D0,3.347621701761D1;                            3087P   6183
100,0D0,0D0,0D0,1.162444383883D1,0D0,1.083917407650D1,              3089P   6184
4.199999988287D0;                                                   3089P   6185
124,9.642538543040D-1,-2.649801963541D-1,0D0,-4.792474241350D1,     3091P   6186
2.649801963541D-1,9.642538543040D-1,0D0,1.710494237996D2,0D0,       3091P   6187
0D0,1D0,3.767621701761D1;                                           3091P   6188
100,0D0,0D0,0D0,1.124099639712D1,0D0,-9.662434413800D0,             3093P   6189
5.744332963802D0;                                                   3093P   6190
124,-1D0,-4.102066252879D-10,0D0,-4.792474241350D1,0D0,0D0,1D0,     3095P   6191
1.740280653419D2,-4.102066252879D-10,1D0,0D0,3.347621701761D1;      3095P   6192
100,0D0,0D0,0D0,1.162444383883D1,0D0,1.083917407230D1,              3097P   6193
4.199999999127D0;                                                   3097P   6194
110,-3.092474241350D1,1.530494237996D2,3.347621701761D1,            3099P   6195
-3.630029856008D1,1.740280652858D2,3.347621701761D1;                3099P   6196
124,8.409090482741D-1,5.411764707845D-1,0D0,-4.792474241350D1,      3101P   6197
0D0,0D0,1D0,1.530494237996D2,5.411764707845D-1,                     3101P   6198
-8.409090482741D-1,0D0,3.347621701761D1;                            3101P   6199
100,0D0,0D0,0D0,1.7D1,0D0,1.429545382066D1,9.200000003337D0;        3103P   6200
126,9,3,0,0,1,0,0D0,0D0,0D0,0D0,1.428571428571D-1,                  3105P   6201
2.857142857143D-1,4.285714285714D-1,5.714285714286D-1,              3105P   6202
7.142857142857D-1,8.571428571429D-1,1D0,1D0,1D0,1D0,1D0,1D0,1D0,    3105P   6203
1D0,1D0,1D0,1D0,1D0,1D0,1D0,-3.362928859643D1,1.530494237996D2,     3105P   6204
4.267621701976D1,-3.338873980557D1,1.530494237994D2,                3105P   6205
4.230243939698D1,-3.298026964271D1,1.531351208873D2,                3105P   6206
4.156159410879D1,-3.257935357410D1,1.534806787912D2,                3105P   6207
4.055497605063D1,-3.234165900524D1,1.540324419296D2,                3105P   6208
3.963384371024D1,-3.225548556723D1,1.547879067074D2,                3105P   6209
3.883199781555D1,-3.230740074675D1,1.557339681650D2,                3105P   6210
3.819408049127D1,-3.248379232494D1,1.568434078281D2,                3105P   6211
3.777493511134D1,-3.266949636307D1,1.576434772792D2,                3105P   6212
3.767621701852D1,-3.277744049557D1,1.580494237975D2,                3105P   6213
3.767621701852D1,0D0,1D0,0D0,0D0,1D0;                               3105P   6214
110,-6.307204433707D1,1.580494237975D2,3.767621701645D1,            3107P   6215
-3.277744049557D1,1.580494237975D2,3.767621701852D1;                3107P   6216
110,-3.362928859643D1,1.530494237996D2,4.267621701976D1,            3109P   6217
-6.222019623625D1,1.530494237996D2,4.267621701683D1;                3109P   6218
126,5,3,0,0,1,0,0D0,0D0,0D0,0D0,3.333333333333D-1,                  3111P   6219
6.666666666667D-1,1D0,1D0,1D0,1D0,1D0,1D0,1D0,1D0,1D0,1D0,          3111P   6220
-5.876391650466D1,1.740280652675D2,3.767621701757D1,                3111P   6221
-5.917240141955D1,1.725416026591D2,3.767621701757D1,                3111P   6222
-6.003641018141D1,1.693752092964D2,3.767621701747D1,                3111P   6223
-6.149173327259D1,1.639767812204D2,3.767621701815D1,                3111P   6224
-6.253154702737D1,1.600820771339D2,3.767621701645D1,                3111P   6225
-6.307204433707D1,1.580494237975D2,3.767621701645D1,0D0,1D0,0D0,    3111P   6226
0D0,1D0;                                                            3111P   6227
126,5,3,0,0,1,0,0D0,0D0,0D0,0D0,3.333333333333D-1,                  3113P   6228
6.666666666667D-1,1D0,1D0,1D0,1D0,1D0,1D0,1D0,1D0,1D0,1D0,          3113P   6229
-3.277744049557D1,1.580494237975D2,3.767621701852D1,                3113P   6230
-3.332955636977D1,1.601257711789D2,3.767621701852D1,                3113P   6231
-3.438467232133D1,1.640769429944D2,3.767621701661D1,                3113P   6232
-3.580049231232D1,1.693284323964D2,3.767621701973D1,                3113P   6233
-3.667138046396D1,1.725208498488D2,3.767621701331D1,                3113P   6234
-3.708556832069D1,1.740280652675D2,3.767621701331D1,0D0,1D0,0D0,    3113P   6235
0D0,1D0;                                                            3113P   6236
126,14,3,0,0,1,0,0D0,0D0,0D0,0D0,8.333333333333D-2,                 3115P   6237
1.666666666667D-1,2.5D-1,3.333333333333D-1,4.166666666667D-1,       3115P   6238
5D-1,5.833333333333D-1,6.666666666667D-1,7.5D-1,                    3115P   6239
8.333333333333D-1,9.166666666667D-1,1D0,1D0,1D0,1D0,1D0,1D0,1D0,    3115P   6240
1D0,1D0,1D0,1D0,1D0,1D0,1D0,1D0,1D0,1D0,1D0,1D0,                    3115P   6241
-4.792474241350D1,1.760102704995D2,3.767621701761D1,                3115P   6242
-4.748310123114D1,1.760085193294D2,3.767621701761D1,                3115P   6243
-4.663273114959D1,1.758976305944D2,3.767621701761D1,                3115P   6244
-4.541513996047D1,1.753951825151D2,3.767621701761D1,                3115P   6245
-4.437783145327D1,1.745984868355D2,3.767621701761D1,                3115P   6246
-4.357951642338D1,1.735591197518D2,3.767621701761D1,                3115P   6247
-4.307814976862D1,1.723489619954D2,3.767621701761D1,                3115P   6248
-4.290686739075D1,1.710501707848D2,3.767621701761D1,                3115P   6249
-4.307775523278D1,1.697513336123D2,3.767621701761D1,                3115P   6250
-4.357879957998D1,1.685410046669D2,3.767621701761D1,                3115P   6251
-4.437666560103D1,1.675014746418D2,3.767621701761D1,                3115P   6252
-4.541413936981D1,1.667043126560D2,3.767621701761D1,                3115P   6253
-4.663066561898D1,1.662016885023D2,3.767621701761D1,                3115P   6254
-4.748224502962D1,1.660904954494D2,3.767621701761D1,                3115P   6255
-4.792474241350D1,1.660885770885D2,3.767621701761D1,0D0,1D0,0D0,    3115P   6256
0D0,1D0;                                                            3115P   6257
126,14,3,0,0,1,0,0D0,0D0,0D0,0D0,8.333333333333D-2,                 3117P   6258
1.666666666667D-1,2.5D-1,3.333333333333D-1,4.166666666667D-1,       3117P   6259
5D-1,5.833333333333D-1,6.666666666667D-1,7.5D-1,                    3117P   6260
8.333333333333D-1,9.166666666667D-1,1D0,1D0,1D0,1D0,1D0,1D0,1D0,    3117P   6261
1D0,1D0,1D0,1D0,1D0,1D0,1D0,1D0,1D0,1D0,1D0,1D0,                    3117P   6262
-4.792474241350D1,1.660885770885D2,3.767621701761D1,                3117P   6263
-4.836638359234D1,1.660903282614D2,3.767621701761D1,                3117P   6264
-4.921675366693D1,1.662012170008D2,3.767621701761D1,                3117P   6265
-5.043434490932D1,1.667036650978D2,3.767621701761D1,                3117P   6266
-5.147165334286D1,1.675003607639D2,3.767621701761D1,                3117P   6267
-5.226996842002D1,1.685397278476D2,3.767621701761D1,                3117P   6268
-5.277133504418D1,1.697498855773D2,3.767621701761D1,                3117P   6269
-5.294261744232D1,1.710486768901D2,3.767621701761D1,                3117P   6270
-5.277172958418D1,1.723475140694D2,3.767621701761D1,                3117P   6271
-5.227068517321D1,1.735578430272D2,3.767621701761D1,                3117P   6272
-5.147281919138D1,1.745973730233D2,3.767621701761D1,                3117P   6273
-5.043534533320D1,1.753945350001D2,3.767621701761D1,                3117P   6274
-4.921881919019D1,1.758971590961D2,3.767621701761D1,                3117P   6275
-4.836723979080D1,1.760083521405D2,3.767621701761D1,                3117P   6276
-4.792474241350D1,1.760102704995D2,3.767621701761D1,0D0,1D0,0D0,    3117P   6277
0D0,1D0;                                                            3117P   6278
124,-8.409090482837D-1,5.411764707696D-1,0D0,-4.792474241350D1,     3119P   6279
0D0,0D0,1D0,1.530494237996D2,5.411764707696D-1,                     3119P   6280
8.409090482837D-1,0D0,3.347621701761D1;                             3119P   6281
100,0D0,0D0,0D0,1.7D1,0D0,-7.042352934503D0,1.547272649360D1;       3121P   6282
110,-6.492474241350D1,1.510494237996D2,3.347621701063D1,            3123P   6283
-6.492474241350D1,1.530494237996D2,3.347621701063D1;                3123P   6284
110,-3.092474241350D1,1.530494237996D2,3.347621701761D1,            3125P   6285
-3.092474241350D1,1.510494237996D2,3.347621701761D1;                3125P   6286
110,-7.367474241350D1,1.472494237996D2,3.347621700704D1,            3127P   6287
-6.492474241350D1,1.510494237996D2,3.347621701063D1;                3127P   6288
124,1D0,0D0,0D0,-4.792474241350D1,0D0,0D0,1D0,1.472494237996D2,     3129P   6289
0D0,-1D0,0D0,3.347621701761D1;                                      3129P   6290
100,0D0,0D0,0D0,2.575D1,0D0,-2.575D1,1.056282144017D-8;             3131P   6291
110,-3.092474241350D1,1.510494237996D2,3.347621701761D1,            3133P   6292
-2.217474241350D1,1.472494237996D2,3.347621701761D1;                3133P   6293
124,-1D0,4.102063525459D-10,0D0,-4.792474241350D1,0D0,0D0,-1D0,     3135P   6294
1.510494237996D2,-4.102063525459D-10,-1D0,0D0,3.347621701761D1;     3135P   6295
100,0D0,0D0,0D0,1.7D1,0D0,-1.7D1,6.973513183804D-9;                 3137P   6296
124,8.409090482837D-1,-5.411764707696D-1,0D0,-4.792474241350D1,     3139P   6297
0D0,0D0,1D0,1.530494237996D2,-5.411764707696D-1,                    3139P   6298
-8.409090482837D-1,0D0,3.347621701761D1;                            3139P   6299
100,0D0,0D0,0D0,1.7D1,0D0,-7.042352934503D0,1.547272649360D1;       3141P   6300
110,-5.342474241259D1,2.104942379959D1,3.347621701610D1,            3143P   6301
-5.342474241529D1,1.369494237996D2,3.347621701610D1;                3143P   6302
110,-4.242474241171D1,1.369494237996D2,3.347621701761D1,            3145P   6303
-4.242474241441D1,2.104942379959D1,3.347621701761D1;                3145P   6304
124,1D0,0D0,0D0,-4.792474241350D1,0D0,0D0,1D0,2.104942379959D1,     3147P   6305
0D0,-1D0,0D0,3.347621701761D1;                                      3147P   6306
100,0D0,0D0,0D0,5.5D0,0D0,-5.5D0,0D0;                               3149P   6307
124,-1D0,0D0,0D0,-4.792474241350D1,0D0,0D0,1D0,2.104942379959D1,    3151P   6308
0D0,1D0,0D0,3.347621701761D1;                                       3151P   6309
100,0D0,0D0,0D0,5.5D0,0D0,-5.5D0,0D0;                               3153P   6310
110,-4.792474241350D1,1.369494237996D2,3.347621701761D1,            3155P   6311
-4.792474241350D1,1.359494237996D2,3.347621701761D1;                3155P   6312
110,-4.242474241350D1,1.392674237996D2,3.347621701761D1,            3157P   6313
-4.242474241350D1,1.873142379959D1,3.347621701761D1;                3157P   6314
120,3155,3157,-6.283185308D-2,3.204424507080D0;                     3159P   6315
124,-1D0,0D0,0D0,-4.792474241350D1,0D0,0D0,1D0,1.369494237996D2,    3161P   6316
0D0,1D0,0D0,3.347621701761D1;                                       3161P   6317
100,0D0,0D0,0D0,5.5D0,0D0,-5.5D0,0D0;                               3163P   6318
124,1D0,0D0,0D0,-4.792474241350D1,0D0,0D0,-1D0,2.104942379959D1,    3165P   6319
0D0,1D0,0D0,3.347621701761D1;                                       3165P   6320
100,0D0,0D0,0D0,5.5D0,0D0,-5.5D0,0D0;                               3167P   6321
102,4,3163,3145,3167,3143;                                          3169P   6322
110,1.923076923077D-2,3.141592654D0,0D0,1.923076923077D-2,0D0,      3171P   6323
0D0;                                                                3171P   6324
110,1.923076923077D-2,0D0,0D0,9.807692307692D-1,0D0,0D0;            3173P   6325
110,9.807692307692D-1,0D0,0D0,9.807692307692D-1,3.141592654D0,      3175P   6326
0D0;                                                                3175P   6327
110,9.807692307692D-1,3.141592654D0,0D0,1.923076923077D-2,          3177P   6328
3.141592654D0,0D0;                                                  3177P   6329
102,4,3171,3173,3175,3177;                                          3179P   6330
142,0,3159,3179,3169,1;                                             3181P   6331
144,3159,1,0,3181;                                                  3183P   6332
128,1,1,1,1,0,0,1,0,0,-1.845999999084D1,-1.845999999084D1,          3185P   6333
1.845999999084D1,1.845999999084D1,-1.848296097432D1,                3185P   6334
-1.848296097432D1,1.848296097432D1,1.848296097432D1,1D0,1D0,1D0,    3185P   6335
1D0,-2.946474242266D1,1.369494237996D2,1.499325604329D1,            3185P   6336
-6.638474240434D1,1.369494237996D2,1.499325604329D1,                3185P   6337
-2.946474242266D1,1.369494237996D2,5.195917799193D1,                3185P   6338
-6.638474240434D1,1.369494237996D2,5.195917799193D1,                3185P   6339
-1.845999999084D1,1.845999999084D1,-1.848296097432D1,               3185P   6340
1.848296097432D1;                                                   3185P   6341
102,2,2991,2995;                                                    3187P   6342
126,19,3,0,0,1,0,0D0,0D0,0D0,0D0,5.882588241911D-2,                 3189P   6343
1.176489892408D-1,1.764732964860D-1,2.352974383225D-1,              3189P   6344
2.941215306819D-1,3.529456256962D-1,4.117697215348D-1,              3189P   6345
4.705938231795D-1,5.294179315210D-1,5.882420336695D-1,              3189P   6346
6.470661295634D-1,7.058902241059D-1,7.647143175333D-1,              3189P   6347
8.235384801539D-1,8.823630174946D-1,9.411874121076D-1,1D0,1D0,      3189P   6348
1D0,1D0,1D0,1D0,1D0,1D0,1D0,1D0,1D0,1D0,1D0,1D0,1D0,1D0,1D0,1D0,    3189P   6349
1D0,1D0,1D0,1D0,1D0,1D0,-1.774999999120D1,0D0,0D0,                  3189P   6350
-1.775121570728D1,-1.093661611823D0,0D0,-1.754678430831D1,          3189P   6351
-3.280144511679D0,0D0,-1.664596029107D1,-6.448789126855D0,0D0,      3189P   6352
-1.517737564831D1,-9.397626329712D0,0D0,-1.319216658440D1,          3189P   6353
-1.202649279448D1,0D0,-1.075764323451D1,-1.424578853984D1,0D0,      3189P   6354
-7.956792646209D0,-1.597995514138D1,0D0,-4.884972939104D0,          3189P   6355
-1.716993281296D1,0D0,-1.646798785371D0,-1.777519799478D1,0D0,      3189P   6356
1.647457076503D0,-1.777513699878D1,0D0,4.885608823609D0,            3189P   6357
-1.716975189275D1,0D0,7.957384458557D0,-1.597966045551D1,0D0,       3189P   6358
1.075817083018D1,-1.424539011537D1,0D0,1.319261227609D1,            3189P   6359
-1.202600394667D1,0D0,1.517772673521D1,-9.397060088572D0,0D0,       3189P   6360
1.664621372849D1,-6.448142195771D0,0D0,1.754685172498D1,            3189P   6361
-3.279671840566D0,0D0,1.775121505924D1,-1.093412874045D0,0D0,       3189P   6362
1.774999999120D1,0D0,0D0,0D0,1D0,0D0,0D0,1D0;                       3189P   6363
126,19,3,0,0,1,0,0D0,0D0,0D0,0D0,5.882588241911D-2,                 3191P   6364
1.176489892408D-1,1.764732964860D-1,2.352974383225D-1,              3191P   6365
2.941215306819D-1,3.529456256962D-1,4.117697215348D-1,              3191P   6366
4.705938231795D-1,5.294179315210D-1,5.882420336695D-1,              3191P   6367
6.470661295634D-1,7.058902241059D-1,7.647143175333D-1,              3191P   6368
8.235384801539D-1,8.823630174946D-1,9.411874121076D-1,1D0,1D0,      3191P   6369
1D0,1D0,1D0,1D0,1D0,1D0,1D0,1D0,1D0,1D0,1D0,1D0,1D0,1D0,1D0,1D0,    3191P   6370
1D0,1D0,1D0,1D0,1D0,1D0,1.774999999120D1,0D0,0D0,                   3191P   6371
1.775121570728D1,1.093661611823D0,0D0,1.754678430831D1,             3191P   6372
3.280144511679D0,0D0,1.664596029107D1,6.448789126855D0,0D0,         3191P   6373
1.517737564831D1,9.397626329712D0,0D0,1.319216658440D1,             3191P   6374
1.202649279448D1,0D0,1.075764323451D1,1.424578853984D1,0D0,         3191P   6375
7.956792646209D0,1.597995514138D1,0D0,4.884972939104D0,             3191P   6376
1.716993281296D1,0D0,1.646798785371D0,1.777519799478D1,0D0,         3191P   6377
-1.647457076503D0,1.777513699878D1,0D0,-4.885608823609D0,           3191P   6378
1.716975189275D1,0D0,-7.957384458557D0,1.597966045551D1,0D0,        3191P   6379
-1.075817083018D1,1.424539011537D1,0D0,-1.319261227609D1,           3191P   6380
1.202600394667D1,0D0,-1.517772673521D1,9.397060088572D0,0D0,        3191P   6381
-1.664621372849D1,6.448142195771D0,0D0,-1.754685172498D1,           3191P   6382
3.279671840566D0,0D0,-1.775121505924D1,1.093412874045D0,0D0,        3191P   6383
-1.774999999120D1,0D0,0D0,0D0,1D0,0D0,0D0,1D0;                      3191P   6384
102,2,3189,3191;                                                    3193P   6385
142,0,3185,3193,3187,1;                                             3195P   6386
102,2,2999,3003;                                                    3197P   6387
126,15,3,0,0,1,0,0D0,0D0,0D0,0D0,7.691537990818D-2,                 3199P   6388
1.538716645990D-1,2.307929592330D-1,3.077252731027D-1,              3199P   6389
3.846533307609D-1,4.615826281297D-1,5.385117439359D-1,              3199P   6390
6.154411777696D-1,6.923685134950D-1,7.693032606022D-1,              3199P   6391
8.462195900590D-1,9.231849810371D-1,1D0,1D0,1D0,1D0,1D0,1D0,1D0,    3199P   6392
1D0,1D0,1D0,1D0,1D0,1D0,1D0,1D0,1D0,1D0,1D0,1D0,1D0,                3199P   6393
5.500000005368D0,0D0,0D0,5.501040281300D0,-4.432445481838D-1,       3199P   6394
0D0,5.391841746904D0,-1.329074701928D0,0D0,4.917697845791D0,        3199P   6395
-2.581251363082D0,0D0,4.156693434859D0,-3.683178634769D0,0D0,       3199P   6396
3.154479089108D0,-4.571015149029D0,0D0,1.968770752130D0,            3199P   6397
-5.193128869659D0,0D0,6.686677798657D-1,-5.513380581059D0,0D0,      3199P   6398
-6.703111763064D-1,-5.513181202152D0,0D0,-1.970315442346D0,         3199P   6399
-5.192542675203D0,0D0,-3.155847857875D0,-4.570071687897D0,0D0,      3199P   6400
-4.157782585066D0,-3.681946077226D0,0D0,-4.918481171414D0,          3199P   6401
-2.579764763283D0,0D0,-5.392051193423D0,-1.327962000941D0,0D0,      3199P   6402
-5.501037420926D0,-4.426595530635D-1,0D0,-5.500000005368D0,0D0,     3199P   6403
0D0,0D0,1D0,0D0,0D0,1D0;                                            3199P   6404
126,15,3,0,0,1,0,0D0,0D0,0D0,0D0,7.691537990818D-2,                 3201P   6405
1.538716645990D-1,2.307929592330D-1,3.077252731027D-1,              3201P   6406
3.846533307609D-1,4.615826281297D-1,5.385117439359D-1,              3201P   6407
6.154411777696D-1,6.923685134950D-1,7.693032606022D-1,              3201P   6408
8.462195900590D-1,9.231849810371D-1,1D0,1D0,1D0,1D0,1D0,1D0,1D0,    3201P   6409
1D0,1D0,1D0,1D0,1D0,1D0,1D0,1D0,1D0,1D0,1D0,1D0,1D0,                3201P   6410
-5.500000005368D0,0D0,0D0,-5.501040281300D0,4.432445481838D-1,      3201P   6411
0D0,-5.391841746904D0,1.329074701928D0,0D0,-4.917697845791D0,       3201P   6412
2.581251363082D0,0D0,-4.156693434859D0,3.683178634769D0,0D0,        3201P   6413
-3.154479089108D0,4.571015149029D0,0D0,-1.968770752130D0,           3201P   6414
5.193128869659D0,0D0,-6.686677798657D-1,5.513380581059D0,0D0,       3201P   6415
6.703111763064D-1,5.513181202152D0,0D0,1.970315442346D0,            3201P   6416
5.192542675203D0,0D0,3.155847857875D0,4.570071687897D0,0D0,         3201P   6417
4.157782585066D0,3.681946077226D0,0D0,4.918481171414D0,             3201P   6418
2.579764763283D0,0D0,5.392051193423D0,1.327962000941D0,0D0,         3201P   6419
5.501037420926D0,4.426595530635D-1,0D0,5.500000005368D0,0D0,0D0,    3201P   6420
0D0,1D0,0D0,0D0,1D0;                                                3201P   6421
102,2,3199,3201;                                                    3203P   6422
142,0,3185,3203,3197,1;                                             3205P   6423
144,3185,1,1,3195,3205;                                             3207P   6424
110,-4.792474241350D1,1.457494237996D2,3.347621701761D1,            3209P   6425
-4.792474241350D1,1.447494237996D2,3.347621701761D1;                3209P   6426
110,-3.017474241350D1,1.459625845215D2,3.347621701761D1,            3211P   6427
-3.017474241350D1,1.367362630777D2,3.347621701761D1;                3211P   6428
120,3209,3211,3.078760800936D0,6.346017160243D0;                    3213P   6429
110,-6.567474240652D1,1.457494237996D2,3.347621701275D1,            3215P   6430
-6.567474241057D1,1.369494237996D2,3.347621701275D1;                3215P   6431
124,-1D0,0D0,0D0,-4.792474241350D1,0D0,0D0,-1D0,                    3217P   6432
1.369494237996D2,0D0,-1D0,0D0,3.347621701761D1;                     3217P   6433
100,0D0,0D0,0D0,1.775D1,0D0,-1.775D1,0D0;                           3219P   6434
110,-3.017474241643D1,1.369494237996D2,3.347621701761D1,            3221P   6435
-3.017474242048D1,1.457494237996D2,3.347621701761D1;                3221P   6436
124,1D0,0D0,0D0,-4.792474241350D1,0D0,0D0,1D0,1.457494237996D2,     3223P   6437
0D0,-1D0,0D0,3.347621701761D1;                                      3223P   6438
100,0D0,0D0,0D0,1.775D1,0D0,-1.775D1,0D0;                           3225P   6439
102,4,3215,3219,3221,3225;                                          3227P   6440
110,2.310354383664D-2,3.141592654D0,0D0,9.768964561634D-1,          3229P   6441
3.141592654D0,0D0;                                                  3229P   6442
110,9.768964561634D-1,3.141592654D0,0D0,9.768964561634D-1,          3231P   6443
6.283185307180D0,0D0;                                               3231P   6444
110,9.768964561634D-1,6.283185307180D0,0D0,2.310354383664D-2,       3233P   6445
6.283185307180D0,0D0;                                               3233P   6446
110,2.310354383664D-2,6.283185307180D0,0D0,2.310354383664D-2,       3235P   6447
3.141592654D0,0D0;                                                  3235P   6448
102,4,3229,3231,3233,3235;                                          3237P   6449
142,0,3213,3237,3227,1;                                             3239P   6450
144,3213,1,0,3239;                                                  3241P   6451
110,-4.792474241350D1,1.457494237996D2,3.347621701761D1,            3243P   6452
-4.792474241350D1,1.447494237996D2,3.347621701761D1;                3243P   6453
110,-3.017474241350D1,1.459625845215D2,3.347621701761D1,            3245P   6454
-3.017474241350D1,1.367362630777D2,3.347621701761D1;                3245P   6455
120,3243,3245,-6.283185308D-2,3.204424507080D0;                     3247P   6456
124,-1D0,0D0,0D0,-4.792474241350D1,0D0,0D0,1D0,1.457494237996D2,    3249P   6457
0D0,1D0,0D0,3.347621701761D1;                                       3249P   6458
100,0D0,0D0,0D0,1.775D1,0D0,-1.775D1,0D0;                           3251P   6459
124,1D0,0D0,0D0,-4.792474241350D1,0D0,0D0,-1D0,1.369494237996D2,    3253P   6460
0D0,1D0,0D0,3.347621701761D1;                                       3253P   6461
100,0D0,0D0,0D0,1.775D1,0D0,-1.775D1,0D0;                           3255P   6462
102,4,3251,3007,3255,3005;                                          3257P   6463
110,2.310354383664D-2,3.141592654D0,0D0,2.310354383664D-2,0D0,      3259P   6464
0D0;                                                                3259P   6465
110,2.310354383664D-2,0D0,0D0,9.768964561634D-1,0D0,0D0;            3261P   6466
110,9.768964561634D-1,0D0,0D0,9.768964561634D-1,3.141592654D0,      3263P   6467
0D0;                                                                3263P   6468
110,9.768964561634D-1,3.141592654D0,0D0,2.310354383664D-2,          3265P   6469
3.141592654D0,0D0;                                                  3265P   6470
102,4,3259,3261,3263,3265;                                          3267P   6471
142,0,3247,3267,3257,1;                                             3269P   6472
144,3247,1,0,3269;                                                  3271P   6473
128,1,1,1,1,0,0,1,0,0,-2.677999998672D1,-2.677999998672D1,          3273P   6474
2.677999998672D1,2.677999998672D1,-2.680681878626D1,                3273P   6475
-2.680681878626D1,2.680681878626D1,2.680681878626D1,1D0,1D0,1D0,    3273P   6476
1D0,-2.114474242678D1,1.457494237996D2,6.669398231352D0,            3273P   6477
-7.470474240022D1,1.457494237996D2,6.669398231352D0,                3273P   6478
-2.114474242678D1,1.457494237996D2,6.028303580386D1,                3273P   6479
-7.470474240022D1,1.457494237996D2,6.028303580386D1,                3273P   6480
-2.677999998672D1,2.677999998672D1,-2.680681878626D1,               3273P   6481
2.680681878626D1;                                                   3273P   6482
102,2,3011,3015;                                                    3275P   6483
126,21,3,0,0,1,0,0D0,0D0,0D0,0D0,5.263330015256D-2,                 3277P   6484
1.052649337965D-1,1.578973783235D-1,2.105294218680D-1,              3277P   6485
2.631614802232D-1,3.157935677880D-1,3.684256652334D-1,              3277P   6486
4.210577475962D-1,4.736898314989D-1,5.263219298583D-1,              3277P   6487
5.789540142359D-1,6.315860967670D-1,6.842181939802D-1,              3277P   6488
7.368502816150D-1,7.894823318967D-1,8.421143187387D-1,              3277P   6489
8.947468046483D-1,9.473803874290D-1,1D0,1D0,1D0,1D0,1D0,1D0,1D0,    3277P   6490
1D0,1D0,1D0,1D0,1D0,1D0,1D0,1D0,1D0,1D0,1D0,1D0,1D0,1D0,1D0,1D0,    3277P   6491
1D0,1D0,1D0,-2.574999998723D1,0D0,0D0,-2.575112569545D1,            3277P   6492
-1.419457535850D0,0D0,-2.551424298278D1,-4.257671297011D0,0D0,      3277P   6493
-2.446610401374D1,-8.399376155046D0,0D0,-2.274974427838D1,          3277P   6494
-1.231179404597D1,0D0,-2.041302320745D1,-1.588841027734D1,0D0,      3277P   6495
-1.751942606925D1,-1.903160593887D1,0D0,-1.414795901509D1,          3277P   6496
-2.165567362723D1,0D0,-1.039055207163D1,-2.368900921914D1,0D0,      3277P   6497
-6.349714652235D0,-2.507615460586D1,0D0,-2.135673038727D0,          3277P   6498
-2.577928886200D1,0D0,2.136627753380D0,-2.577920976559D1,0D0,       3277P   6499
6.350643341619D0,-2.507591943070D1,0D0,1.039142938848D1,            3277P   6500
-2.368862437247D1,0D0,1.414876103508D1,-2.165514964813D1,0D0,       3277P   6501
1.752013072755D1,-1.903095722542D1,0D0,2.041361028865D1,            3277P   6502
-1.588765573461D1,0D0,2.275019896347D1,-1.231095374359D1,0D0,       3277P   6503
2.446643533287D1,-8.398424853368D0,0D0,2.551433137425D1,            3277P   6504
-4.256982784912D0,0D0,2.575112502350D1,-1.419086489903D0,0D0,       3277P   6505
2.574999998723D1,0D0,0D0,0D0,1D0,0D0,0D0,1D0;                       3277P   6506
126,21,3,0,0,1,0,0D0,0D0,0D0,0D0,5.263330015256D-2,                 3279P   6507
1.052649337965D-1,1.578973783235D-1,2.105294218680D-1,              3279P   6508
2.631614802232D-1,3.157935677880D-1,3.684256652334D-1,              3279P   6509
4.210577475962D-1,4.736898314989D-1,5.263219298583D-1,              3279P   6510
5.789540142359D-1,6.315860967670D-1,6.842181939802D-1,              3279P   6511
7.368502816150D-1,7.894823318967D-1,8.421143187387D-1,              3279P   6512
8.947468046483D-1,9.473803874290D-1,1D0,1D0,1D0,1D0,1D0,1D0,1D0,    3279P   6513
1D0,1D0,1D0,1D0,1D0,1D0,1D0,1D0,1D0,1D0,1D0,1D0,1D0,1D0,1D0,1D0,    3279P   6514
1D0,1D0,1D0,2.574999998723D1,0D0,0D0,2.575112569545D1,              3279P   6515
1.419457535850D0,0D0,2.551424298278D1,4.257671297011D0,0D0,         3279P   6516
2.446610401374D1,8.399376155046D0,0D0,2.274974427838D1,             3279P   6517
1.231179404597D1,0D0,2.041302320745D1,1.588841027734D1,0D0,         3279P   6518
1.751942606925D1,1.903160593887D1,0D0,1.414795901509D1,             3279P   6519
2.165567362723D1,0D0,1.039055207163D1,2.368900921914D1,0D0,         3279P   6520
6.349714652235D0,2.507615460586D1,0D0,2.135673038727D0,             3279P   6521
2.577928886200D1,0D0,-2.136627753380D0,2.577920976559D1,0D0,        3279P   6522
-6.350643341619D0,2.507591943070D1,0D0,-1.039142938848D1,           3279P   6523
2.368862437247D1,0D0,-1.414876103508D1,2.165514964813D1,0D0,        3279P   6524
-1.752013072755D1,1.903095722542D1,0D0,-2.041361028865D1,           3279P   6525
1.588765573461D1,0D0,-2.275019896347D1,1.231095374359D1,0D0,        3279P   6526
-2.446643533287D1,8.398424853368D0,0D0,-2.551433137425D1,           3279P   6527
4.256982784912D0,0D0,-2.575112502350D1,1.419086489903D0,0D0,        3279P   6528
-2.574999998723D1,0D0,0D0,0D0,1D0,0D0,0D0,1D0;                      3279P   6529
102,2,3277,3279;                                                    3281P   6530
142,0,3273,3281,3275,1;                                             3283P   6531
102,2,3019,3023;                                                    3285P   6532
126,19,3,0,0,1,0,0D0,0D0,0D0,0D0,5.882588363371D-2,                 3287P   6533
1.176489881003D-1,1.764732980176D-1,2.352974362096D-1,              3287P   6534
2.941215344862D-1,3.529456219993D-1,4.117697250896D-1,              3287P   6535
4.705938215161D-1,5.294179335404D-1,5.882420315610D-1,              3287P   6536
6.470661341588D-1,7.058902202789D-1,7.647143191943D-1,              3287P   6537
8.235384791593D-1,8.823630199036D-1,9.411874119431D-1,1D0,1D0,      3287P   6538
1D0,1D0,1D0,1D0,1D0,1D0,1D0,1D0,1D0,1D0,1D0,1D0,1D0,1D0,1D0,1D0,    3287P   6539
1D0,1D0,1D0,1D0,1D0,1D0,1.774999997905D1,0D0,0D0,                   3287P   6540
1.775121574250D1,-1.093661649459D0,0D0,1.754678432586D1,            3287P   6541
-3.280144516710D0,0D0,1.664596021834D1,-6.448789127861D0,0D0,       3287P   6542
1.517737573031D1,-9.397626343105D0,0D0,1.319216650563D1,            3287P   6543
-1.202649280154D1,0D0,1.075764327416D1,-1.424578853106D1,0D0,       3287P   6544
7.956792569690D0,-1.597995513699D1,0D0,4.884972976849D0,            3287P   6545
-1.716993282881D1,0D0,1.646798711148D0,-1.777519798715D1,0D0,       3287P   6546
-1.647457042517D0,-1.777513698935D1,0D0,-4.885608910624D0,          3287P   6547
-1.716975189553D1,0D0,-7.957384419937D0,-1.597966042945D1,0D0,      3287P   6548
-1.075817087465D1,-1.424539009993D1,0D0,-1.319261219863D1,          3287P   6549
-1.202600395375D1,0D0,-1.517772683312D1,-9.397060081901D0,0D0,      3287P   6550
-1.664621367600D1,-6.448142147022D0,0D0,-1.754685174840D1,          3287P   6551
-3.279671802318D0,0D0,-1.775121509435D1,-1.093412892055D0,0D0,      3287P   6552
-1.774999997905D1,0D0,0D0,0D0,1D0,0D0,0D0,1D0;                      3287P   6553
126,19,3,0,0,1,0,0D0,0D0,0D0,0D0,5.882588363371D-2,                 3289P   6554
1.176489881003D-1,1.764732980175D-1,2.352974362096D-1,              3289P   6555
2.941215344862D-1,3.529456219993D-1,4.117697250896D-1,              3289P   6556
4.705938215161D-1,5.294179335404D-1,5.882420315610D-1,              3289P   6557
6.470661341588D-1,7.058902202789D-1,7.647143191943D-1,              3289P   6558
8.235384791593D-1,8.823630199036D-1,9.411874119431D-1,1D0,1D0,      3289P   6559
1D0,1D0,1D0,1D0,1D0,1D0,1D0,1D0,1D0,1D0,1D0,1D0,1D0,1D0,1D0,1D0,    3289P   6560
1D0,1D0,1D0,1D0,1D0,1D0,-1.774999997905D1,0D0,0D0,                  3289P   6561
-1.775121574250D1,1.093661649459D0,0D0,-1.754678432586D1,           3289P   6562
3.280144516710D0,0D0,-1.664596021834D1,6.448789127861D0,0D0,        3289P   6563
-1.517737573031D1,9.397626343105D0,0D0,-1.319216650563D1,           3289P   6564
1.202649280154D1,0D0,-1.075764327416D1,1.424578853106D1,0D0,        3289P   6565
-7.956792569690D0,1.597995513699D1,0D0,-4.884972976849D0,           3289P   6566
1.716993282881D1,0D0,-1.646798711148D0,1.777519798715D1,0D0,        3289P   6567
1.647457042517D0,1.777513698935D1,0D0,4.885608910624D0,             3289P   6568
1.716975189553D1,0D0,7.957384419937D0,1.597966042945D1,0D0,         3289P   6569
1.075817087465D1,1.424539009993D1,0D0,1.319261219863D1,             3289P   6570
1.202600395375D1,0D0,1.517772683312D1,9.397060081901D0,0D0,         3289P   6571
1.664621367600D1,6.448142147022D0,0D0,1.754685174840D1,             3289P   6572
3.279671802318D0,0D0,1.775121509435D1,1.093412892055D0,0D0,         3289P   6573
1.774999997905D1,0D0,0D0,0D0,1D0,0D0,0D0,1D0;                       3289P   6574
102,2,3287,3289;                                                    3291P   6575
142,0,3273,3291,3285,1;                                             3293P   6576
144,3273,1,1,3283,3293;                                             3295P   6577
110,-4.792474241350D1,1.472494237996D2,3.347621701761D1,            3297P   6578
-4.792474241350D1,1.462494237996D2,3.347621701761D1;                3297P   6579
110,-2.217474241350D1,1.474625845215D2,3.347621701761D1,            3299P   6580
-2.217474241350D1,1.455362630777D2,3.347621701761D1;                3299P   6581
120,3297,3299,3.078760800936D0,6.346017160243D0;                    3301P   6582
110,-7.367474241350D1,1.472494237996D2,3.347621700704D1,            3303P   6583
-7.367474240924D1,1.457494237996D2,3.347621701057D1;                3303P   6584
124,-1D0,0D0,0D0,-4.792474241350D1,0D0,0D0,-1D0,                    3305P   6585
1.457494237996D2,0D0,-1D0,0D0,3.347621701761D1;                     3305P   6586
100,0D0,0D0,0D0,2.575D1,0D0,-2.575D1,0D0;                           3307P   6587
110,-2.217474241776D1,1.457494237996D2,3.347621701761D1,            3309P   6588
-2.217474241350D1,1.472494237996D2,3.347621701761D1;                3309P   6589
102,4,3303,3307,3309,3131;                                          3311P   6590
110,1.106568805579D-1,3.141592654D0,0D0,8.893431194421D-1,          3313P   6591
3.141592654D0,0D0;                                                  3313P   6592
110,8.893431194421D-1,3.141592654D0,0D0,8.893431194421D-1,          3315P   6593
6.283185307180D0,0D0;                                               3315P   6594
110,8.893431194421D-1,6.283185307180D0,0D0,1.106568805579D-1,       3317P   6595
6.283185307180D0,0D0;                                               3317P   6596
110,1.106568805579D-1,6.283185307180D0,0D0,1.106568805579D-1,       3319P   6597
3.141592654D0,0D0;                                                  3319P   6598
102,4,3313,3315,3317,3319;                                          3321P   6599
142,0,3301,3321,3311,1;                                             3323P   6600
144,3301,1,0,3323;                                                  3325P   6601
110,-4.792474241350D1,1.472494237996D2,3.347621701761D1,            3327P   6602
-4.792474241350D1,1.462494237996D2,3.347621701761D1;                3327P   6603
110,-2.217474241350D1,1.474625845215D2,3.347621701761D1,            3329P   6604
-2.217474241350D1,1.455362630777D2,3.347621701761D1;                3329P   6605
120,3327,3329,-6.283185308D-2,3.204424507080D0;                     3331P   6606
124,1D0,0D0,0D0,-4.792474241350D1,0D0,0D0,-1D0,1.457494237996D2,    3333P   6607
0D0,1D0,0D0,3.347621701761D1;                                       3333P   6608
100,0D0,0D0,0D0,2.575D1,0D0,-2.575D1,0D0;                           3335P   6609
102,4,3035,3027,3335,3025;                                          3337P   6610
110,1.106568805579D-1,3.141592654D0,0D0,1.106568805579D-1,0D0,      3339P   6611
0D0;                                                                3339P   6612
110,1.106568805579D-1,0D0,0D0,8.893431194421D-1,0D0,0D0;            3341P   6613
110,8.893431194421D-1,0D0,0D0,8.893431194421D-1,3.141592654D0,      3343P   6614
0D0;                                                                3343P   6615
110,8.893431194421D-1,3.141592654D0,0D0,1.106568805579D-1,          3345P   6616
3.141592654D0,0D0;                                                  3345P   6617
102,4,3339,3341,3343,3345;                                          3347P   6618
142,0,3331,3347,3337,1;                                             3349P   6619
144,3331,1,0,3349;                                                  3351P   6620
110,-4.792474241350D1,1.584322809424D2,3.347621701761D1,            3353P   6621
-4.792474241350D1,1.574322809424D2,3.347621701761D1;                3353P   6622
110,-3.112026123633D1,1.511343348312D2,3.347621701761D1,            3355P   6623
-2.197922359067D1,1.471645127680D2,3.347621701761D1;                3355P   6624
120,3353,3355,-6.283185308D-2,3.204424507080D0;                     3357P   6625
124,-1D0,-4.102063525459D-10,0D0,-4.792474241350D1,0D0,0D0,1D0,     3359P   6626
1.510494237996D2,-4.102063525459D-10,1D0,0D0,3.347621701761D1;      3359P   6627
100,0D0,0D0,0D0,1.7D1,0D0,-1.7D1,-6.973501470488D-9;                3361P   6628
124,1D0,0D0,0D0,-4.792474241350D1,0D0,0D0,-1D0,1.472494237996D2,    3363P   6629
0D0,1D0,0D0,3.347621701761D1;                                       3363P   6630
100,0D0,0D0,0D0,2.575D1,0D0,-2.575D1,-1.056280369795D-8;            3365P   6631
102,4,3361,3133,3365,3127;                                          3367P   6632
110,2.138912784406D-2,3.141592654D0,0D0,2.138912784406D-2,0D0,      3369P   6633
0D0;                                                                3369P   6634
110,2.138912784406D-2,0D0,0D0,9.786108721559D-1,0D0,0D0;            3371P   6635
110,9.786108721559D-1,0D0,0D0,9.786108721559D-1,3.141592654D0,      3373P   6636
0D0;                                                                3373P   6637
110,9.786108721559D-1,3.141592654D0,0D0,2.138912784406D-2,          3375P   6638
3.141592654D0,0D0;                                                  3375P   6639
102,4,3369,3371,3373,3375;                                          3377P   6640
142,0,3357,3377,3367,1;                                             3379P   6641
144,3357,1,0,3379;                                                  3381P   6642
110,-4.792474241350D1,1.530494237996D2,3.347621701761D1,            3383P   6643
-4.792474241350D1,1.520494237996D2,3.347621701761D1;                3383P   6644
110,-3.092474241350D1,1.532625845215D2,3.347621701761D1,            3385P   6645
-3.092474241350D1,1.508362630777D2,3.347621701761D1;                3385P   6646
120,3383,3385,-6.283185308D-2,3.204424507080D0;                     3387P   6647
102,6,3041,3121,3103,3125,3031,3123;                                3389P   6648
110,8.785345506D-2,3.141592654D0,0D0,8.785345506D-2,                3391P   6649
2.569757127D0,0D0;                                                  3391P   6650
110,8.785345506D-2,2.569757127D0,0D0,8.785345506D-2,                3393P   6651
5.71835527D-1,0D0;                                                  3393P   6652
110,8.785345506D-2,5.71835527D-1,0D0,8.785345506D-2,0D0,0D0;        3395P   6653
110,8.785345506D-2,0D0,0D0,9.121465449400D-1,0D0,0D0;               3397P   6654
110,9.121465449400D-1,0D0,0D0,9.121465449400D-1,3.141592654D0,      3399P   6655
0D0;                                                                3399P   6656
110,9.121465449400D-1,3.141592654D0,0D0,8.785345506D-2,             3401P   6657
3.141592654D0,0D0;                                                  3401P   6658
102,6,3391,3393,3395,3397,3399,3401;                                3403P   6659
142,0,3387,3403,3389,1;                                             3405P   6660
144,3387,1,0,3405;                                                  3407P   6661
110,-4.792474241350D1,2.193936113688D2,3.347621701761D1,            3409P   6662
-4.792474241350D1,2.183936113688D2,3.347621701761D1;                3409P   6663
110,-3.640780966814D1,1.744476380582D2,3.347621701761D1,            3411P   6664
-3.081723129086D1,1.526298509710D2,3.347621701761D1;                3411P   6665
120,3409,3411,2.546883705940D0,3.736301601060D0;                    3413P   6666
126,5,3,0,0,1,0,0D0,0D0,0D0,0D0,3.333333333333D-1,                  3415P   6667
6.666666666667D-1,1D0,1D0,1D0,1D0,1D0,1D0,1D0,1D0,1D0,1D0,          3415P   6668
-6.307204433226D1,1.580494237968D2,2.927621701968D1,                3415P   6669
-6.251992845814D1,1.601257711783D2,2.927621701968D1,                3415P   6670
-6.146481250510D1,1.640769429947D2,2.927621701682D1,                3415P   6671
-6.004899251531D1,1.693284323963D2,2.927621701726D1,                3415P   6672
-5.917810436195D1,1.725208498488D2,2.927621701894D1,                3415P   6673
-5.876391650516D1,1.740280652675D2,2.927621701894D1,0D0,1D0,0D0,    3415P   6674
0D0,1D0;                                                            3415P   6675
124,-8.409090484961D-1,-5.411764704396D-1,0D0,-4.792474241350D1,    3417P   6676
0D0,0D0,-1D0,1.530494237996D2,5.411764704396D-1,                    3417P   6677
-8.409090484961D-1,0D0,3.347621701761D1;                            3417P   6678
100,0D0,0D0,0D0,1.7D1,0D0,1.429545382066D1,9.200000003337D0;        3419P   6679
124,-1D0,4.102063525459D-10,0D0,-4.792474241350D1,0D0,0D0,-1D0,     3421P   6680
1.530494237996D2,-4.102063525459D-10,-1D0,0D0,3.347621701761D1;     3421P   6681
100,0D0,0D0,0D0,1.7D1,0D0,1.429545382986D1,9.199999989042D0;        3423P   6682
102,8,3415,3073,3097,3111,3037,3419,3423,3047;                      3425P   6683
126,5,3,0,0,1,0,0D0,0D0,0D0,0D0,3.699386233446D-1,                  3427P   6684
7.008092143797D-1,1D0,1D0,1D0,1D0,1D0,1D0,1D0,1D0,1D0,1D0,          3427P   6685
7.515984182692D-1,3.412074634D0,0D0,6.612066914533D-1,              3427P   6686
3.421080161175D0,0D0,4.900023098406D-1,3.439519664D0,0D0,           3427P   6687
2.458682769522D-1,3.472203514131D0,0D0,9.217656316449D-2,           3427P   6688
3.497744974608D0,0D0,1.923076923077D-2,3.511262507D0,0D0,0D0,       3427P   6689
1D0,0D0,0D0,1D0;                                                    3427P   6690
110,1.923076923077D-2,3.511262507D0,0D0,1.923076923077D-2,          3429P   6691
3.141592654D0,0D0;                                                  3429P   6692
110,1.923076923077D-2,3.141592654D0,0D0,1.923076923077D-2,          3431P   6693
2.7719228D0,0D0;                                                    3431P   6694
126,5,3,0,0,1,0,0D0,0D0,0D0,0D0,2.982027774907D-1,                  3433P   6695
6.339123650431D-1,1D0,1D0,1D0,1D0,1D0,1D0,1D0,1D0,1D0,1D0,          3433P   6696
1.923076923077D-2,2.7719228D0,0D0,9.193567953135D-2,                3433P   6697
2.785395551409D0,0D0,2.465665067333D-1,2.811103179671D0,0D0,        3433P   6698
4.907015252847D-1,2.843749000269D0,0D0,6.621476274476D-1,           3433P   6699
2.862199783576D0,0D0,7.515984182692D-1,2.871110673D0,0D0,0D0,       3433P   6700
1D0,0D0,0D0,1D0;                                                    3433P   6701
126,9,3,0,0,1,0,0D0,0D0,0D0,0D0,1.489753295408D-1,                  3435P   6702
2.920817054788D-1,4.289518174953D-1,5.625468208390D-1,              3435P   6703
6.976687218323D-1,8.411456223674D-1,1D0,1D0,1D0,1D0,1D0,1D0,1D0,    3435P   6704
1D0,1D0,1D0,1D0,1D0,1D0,1D0,7.515984182692D-1,2.871110673D0,0D0,    3435P   6705
7.695454904842D-1,2.872924599526D0,0D0,8.050867934413D-1,           3435P   6706
2.870305938621D0,0D0,8.551421590450D-1,2.849531025103D0,0D0,        3435P   6707
8.986185563552D-1,2.814610820940D0,0D0,9.340431240448D-1,           3435P   6708
2.768000084782D0,0D0,9.606004456684D-1,2.710901013079D0,0D0,        3435P   6709
9.772634195412D-1,2.643718032942D0,0D0,9.808530038282D-1,           3435P   6710
2.595083455523D0,0D0,9.807692307692D-1,2.569757127D0,0D0,0D0,       3435P   6711
1D0,0D0,0D0,1D0;                                                    3435P   6712
110,9.807692307692D-1,2.569757127D0,0D0,9.807692307692D-1,          3437P   6713
3.141592654D0,0D0;                                                  3437P   6714
110,9.807692307692D-1,3.141592654D0,0D0,9.807692307692D-1,          3439P   6715
3.71342818D0,0D0;                                                   3439P   6716
126,9,3,0,0,1,0,0D0,0D0,0D0,0D0,1.550221224741D-1,                  3441P   6717
2.952407212709D-1,4.296655004667D-1,5.644692476834D-1,              3441P   6718
7.035611979152D-1,8.489068919831D-1,1D0,1D0,1D0,1D0,1D0,1D0,1D0,    3441P   6719
1D0,1D0,1D0,1D0,1D0,1D0,1D0,9.807692307692D-1,3.71342818D0,0D0,     3441P   6720
9.808424724370D-1,3.688708153087D0,0D0,9.774321166245D-1,           3441P   6721
3.641235049940D0,0D0,9.615006116670D-1,3.575106872922D0,0D0,        3441P   6722
9.356900658637D-1,3.517962006633D0,0D0,9.004766050099D-1,           3441P   6723
3.470429123189D0,0D0,8.566376642538D-1,3.434457105471D0,0D0,        3441P   6724
8.058807025940D-1,3.412981776969D0,0D0,7.698010458830D-1,           3441P   6725
3.410232614743D0,0D0,7.515984182692D-1,3.412074634D0,0D0,0D0,       3441P   6726
1D0,0D0,0D0,1D0;                                                    3441P   6727
102,8,3427,3429,3431,3433,3435,3437,3439,3441;                      3443P   6728
142,0,3413,3443,3425,1;                                             3445P   6729
144,3413,1,0,3445;                                                  3447P   6730
128,1,1,1,1,0,0,1,0,0,-1.259716036108D1,-1.259716036108D1,          3449P   6731
1.261347676305D1,1.261347676305D1,-1.575319398895D1,                3449P   6732
-1.575319398895D1,1.575319398895D1,1.575319398895D1,1D0,1D0,1D0,    3449P   6733
1D0,-6.367793640245D1,1.827752409790D2,2.927621701761D1,            3449P   6734
-6.367793640245D1,1.575646038549D2,2.927621701761D1,                3449P   6735
-3.217154842455D1,1.827752409790D2,2.927621701761D1,                3449P   6736
-3.217154842455D1,1.575646038549D2,2.927621701761D1,                3449P   6737
-1.259716036108D1,1.261347676305D1,-1.575319398895D1,               3449P   6738
1.575319398895D1;                                                   3449P   6739
102,4,3049,3055,3059,3077;                                          3451P   6740
126,5,3,0,0,1,0,0D0,0D0,0D0,0D0,2.991907856902D-1,                  3453P   6741
6.300613727499D-1,1D0,1D0,1D0,1D0,1D0,1D0,1D0,1D0,1D0,1D0,          3453P   6742
-3.849984613098D0,-1.083917409824D1,0D0,-2.258457241499D0,          3453P   6743
-1.127630144241D1,0D0,1.094769334931D0,-1.219078113363D1,0D0,       3453P   6744
6.421229537818D0,-1.362598789695D1,0D0,1.015651665546D1,            3453P   6745
-1.462265059952D1,0D0,1.212865681836D1,-1.514730191245D1,0D0,       3453P   6746
0D0,1D0,0D0,0D0,1D0;                                                3453P   6747
110,1.212865681836D1,-1.514730191245D1,0D0,1.212865681836D1,        3455P   6748
1.514730191245D1,0D0;                                               3455P   6749
126,5,3,0,0,1,0,0D0,0D0,0D0,0D0,3.500506972651D-1,                  3457P   6750
6.886718290974D-1,1D0,1D0,1D0,1D0,1D0,1D0,1D0,1D0,1D0,1D0,          3457P   6751
1.212865681836D1,1.514730191245D1,0D0,1.026252604988D1,             3457P   6752
1.465090385981D1,0D0,6.591878000710D0,1.367170308629D1,0D0,         3457P   6753
1.265223891491D0,1.223721437286D1,0D0,-2.193902106429D0,            3457P   6754
1.129406833552D1,0D0,-3.849984613098D0,1.083917409824D1,0D0,0D0,    3457P   6755
1D0,0D0,0D0,1D0;                                                    3457P   6756
126,36,3,0,0,1,0,0D0,0D0,0D0,0D0,4.028833799857D-2,                 3459P   6757
8.031082094756D-2,1.203037860539D-1,1.605620570228D-1,              3459P   6758
2.010368619450D-1,2.404656657891D-1,2.773709889411D-1,              3459P   6759
3.104900217868D-1,3.395721283367D-1,3.650741859494D-1,              3459P   6760
3.877022043414D-1,4.082231289329D-1,4.273663354023D-1,              3459P   6761
4.458152983194D-1,4.639884350181D-1,4.821348650822D-1,              3459P   6762
5.003300110238D-1,5.185013188530D-1,5.366559383109D-1,              3459P   6763
5.548250599892D-1,5.732802141860D-1,5.924625776552D-1,              3459P   6764
6.130005301694D-1,6.356482561520D-1,6.611465941790D-1,              3459P   6765
6.901401038557D-1,7.230771142923D-1,7.598675024697D-1,              3459P   6766
7.991059318615D-1,8.394209198577D-1,8.796764786603D-1,              3459P   6767
9.197296155384D-1,9.597668331069D-1,1D0,1D0,1D0,1D0,1D0,1D0,1D0,    3459P   6768
1D0,1D0,1D0,1D0,1D0,1D0,1D0,1D0,1D0,1D0,1D0,1D0,1D0,1D0,1D0,1D0,    3459P   6769
1D0,1D0,1D0,1D0,1D0,1D0,1D0,1D0,1D0,1D0,1D0,1D0,1D0,1D0,1D0,1D0,    3459P   6770
1D0,1D0,-3.849984613098D0,1.083917409824D1,0D0,                     3459P   6771
-4.229296160409D0,1.073502159241D1,0D0,-4.974394616258D0,           3459P   6772
1.048742392433D1,0D0,-6.045769210371D0,1.000220314264D1,0D0,        3459P   6773
-7.060555724267D0,9.408232155260D0,0D0,-8.011407440546D0,           3459P   6774
8.708979441886D0,0D0,-8.879537987658D0,7.917455505064D0,0D0,        3459P   6775
-9.638850052903D0,7.064573267867D0,0D0,-1.026735047566D1,           3459P   6776
6.198898159072D0,0D0,-1.076252023407D1,5.366729912809D0,0D0,        3459P   6777
-1.113957150523D1,4.597483948501D0,0D0,-1.142251318435D1,           3459P   6778
3.898540893604D0,0D0,-1.163462612899D1,3.262656580612D0,0D0,        3459P   6779
-1.179436502183D1,2.675832521921D0,0D0,-1.191491444568D1,           3459P   6780
2.121447351760D0,0D0,-1.200441830593D1,1.584451350408D0,0D0,        3459P   6781
-1.206707772515D1,1.053468682607D0,0D0,-1.210438743457D1,           3459P   6782
5.225893814292D-1,0D0,-1.211653873121D1,-9.444025395285D-3,0D0,     3459P   6783
-1.210348638318D1,-5.415353542394D-1,0D0,-1.206530413965D1,         3459P   6784
-1.072160452413D0,0D0,-1.200174338080D1,-1.603137757563D0,0D0,      3459P   6785
-1.191127162985D1,-2.140380832300D0,0D0,-1.178962880235D1,          3459P   6786
-2.695151662182D0,0D0,-1.162863193335D1,-3.282400583986D0,0D0,      3459P   6787
-1.141523508895D1,-3.918196018671D0,0D0,-1.113124804196D1,          3459P   6788
-4.615949416527D0,0D0,-1.075403024361D1,-5.382122657716D0,0D0,      3459P   6789
-1.025962928850D1,-6.210347107378D0,0D0,-9.633054831963D0,          3459P   6790
-7.071522765294D0,0D0,-8.876252454689D0,-7.920524120244D0,0D0,      3459P   6791
-8.010555596700D0,-8.709569597876D0,0D0,-7.060543423586D0,          3459P   6792
-9.408275512959D0,0D0,-6.045125711732D0,-1.000257909804D1,0D0,      3459P   6793
-4.973513383545D0,-1.048774646391D1,0D0,-4.228775843497D0,          3459P   6794
-1.073516425268D1,0D0,-3.849984613098D0,-1.083917409824D1,0D0,      3459P   6795
0D0,1D0,0D0,0D0,1D0;                                                3459P   6796
102,4,3453,3455,3457,3459;                                          3461P   6797
142,0,3449,3461,3451,1;                                             3463P   6798
102,2,3051,3053;                                                    3465P   6799
126,14,3,0,0,1,0,0D0,0D0,0D0,0D0,8.333235277493D-2,                 3467P   6800
1.666912061744D-1,2.500263102070D-1,3.333673219401D-1,              3467P   6801
4.167074228672D-1,5.000471627838D-1,5.833868320292D-1,              3467P   6802
6.667268308214D-1,7.500696264058D-1,8.333975950532D-1,              3467P   6803
9.167723765970D-1,1D0,1D0,1D0,1D0,1D0,1D0,1D0,1D0,1D0,1D0,1D0,      3467P   6804
1D0,1D0,1D0,1D0,1D0,1D0,1D0,1D0,-5.832189881513D0,0D0,0D0,          3467P   6805
-5.833484309722D0,4.332455258588D-1,0D0,-5.717496131042D0,          3467P   6806
1.298652097555D0,0D0,-5.216979971281D0,2.509213917495D0,0D0,        3467P   6807
-4.419132140201D0,3.548462381921D0,0D0,-3.379805516422D0,           3467P   6808
4.345839616041D0,0D0,-2.169427161645D0,4.847015702062D0,0D0,        3467P   6809
-8.705957817367D-1,5.017858776715D0,0D0,4.281840556846D-1,          3467P   6810
4.846628635719D0,0D0,1.638420965186D0,4.345089572926D0,0D0,         3467P   6811
2.677486098514D0,3.547416436232D0,0D0,3.475062087845D0,             3467P   6812
2.507894677086D0,0D0,3.975019832481D0,1.297636712445D0,0D0,         3467P   6813
4.090794677950D0,4.326932891870D-1,0D0,4.089503529411D0,0D0,0D0,    3467P   6814
0D0,1D0,0D0,0D0,1D0;                                                3467P   6815
126,14,3,0,0,1,0,0D0,0D0,0D0,0D0,8.333235501176D-2,                 3469P   6816
1.666912129370D-1,2.500263159664D-1,3.333673286832D-1,              3469P   6817
4.167074283877D-1,5.000471666450D-1,5.833868317084D-1,              3469P   6818
6.667268307708D-1,7.500696261427D-1,8.333975966777D-1,              3469P   6819
9.167723766817D-1,1D0,1D0,1D0,1D0,1D0,1D0,1D0,1D0,1D0,1D0,1D0,      3469P   6820
1D0,1D0,1D0,1D0,1D0,1D0,1D0,1D0,4.089503529411D0,0D0,0D0,           3469P   6821
4.090797948592D0,-4.332455338391D-1,0D0,3.974809760570D0,           3469P   6822
-1.298652142968D0,0D0,3.474293580193D0,-2.509213990515D0,0D0,       3469P   6823
2.676445692353D0,-3.548462438063D0,0D0,1.637119079449D0,            3469P   6824
-4.345839675682D0,0D0,4.267407127986D-1,-4.847015712581D0,0D0,      3469P   6825
-8.720906273639D-1,-5.017858772647D0,0D0,-2.170870438290D0,         3469P   6826
-4.846628638099D0,0D0,-3.381107316538D0,-4.345089562543D0,0D0,      3469P   6827
-4.420172480043D0,-3.547416447962D0,0D0,-5.217748446037D0,          3469P   6828
-2.507894666596D0,0D0,-5.717706196282D0,-1.297636705040D0,0D0,      3469P   6829
-5.833481039165D0,-4.326932924156D-1,0D0,-5.832189881513D0,0D0,     3469P   6830
0D0,0D0,1D0,0D0,0D0,1D0;                                            3469P   6831
102,2,3467,3469;                                                    3471P   6832
142,0,3449,3471,3465,1;                                             3473P   6833
144,3449,1,1,3463,3473;                                             3475P   6834
110,-6.376592190250D1,1.580494237996D2,2.427621701761D1,            3477P   6835
-6.276592190250D1,1.580494237996D2,2.427621701761D1;                3477P   6836
110,-6.419851027027D1,1.580494237996D2,1.927621701761D1,            3479P   6837
-3.165117832375D1,1.580494237996D2,1.927621701761D1;                3479P   6838
120,3477,3479,3.098960509614D0,4.755021124386D0;                    3481P   6839
110,-3.362928859347D1,1.530494237996D2,2.427621701514D1,            3483P   6840
-6.222019623328D1,1.530494237996D2,2.427621702064D1;                3483P   6841
102,4,3061,3483,3047,3055;                                          3485P   6842
126,9,3,0,0,1,0,0D0,0D0,0D0,0D0,1.489754735355D-1,                  3487P   6843
2.920820304526D-1,4.289521835082D-1,5.625474137779D-1,              3487P   6844
6.976692615614D-1,8.411459785686D-1,1D0,1D0,1D0,1D0,1D0,1D0,1D0,    3487P   6845
1D0,1D0,1D0,1D0,1D0,1D0,1D0,9.653961757453D-1,3.141592654D0,0D0,    3487P   6846
9.685755968565D-1,3.219930204118D0,0D0,9.741746544060D-1,           3487P   6847
3.374953849919D0,0D0,9.796161844209D-1,3.606017925683D0,0D0,        3487P   6848
9.814450737985D-1,3.831283350919D0,0D0,9.790626114358D-1,           3487P   6849
4.052113743440D0,0D0,9.718057845192D-1,4.272246073922D0,0D0,        3487P   6850
9.587822112790D-1,4.495527453660D0,0D0,9.464363676097D-1,           3487P   6851
4.639920739554D0,0D0,9.392235816161D-1,4.71238898D0,0D0,0D0,1D0,    3487P   6852
0D0,0D0,1D0;                                                        3487P   6853
110,9.392235816161D-1,4.71238898D0,0D0,6.078267948699D-2,           3489P   6854
4.71238898D0,0D0;                                                   3489P   6855
126,9,3,0,0,1,0,0D0,0D0,0D0,0D0,1.550217386763D-1,                  3491P   6856
2.952401107222D-1,4.296648120680D-1,5.644687862657D-1,              3491P   6857
7.035608000816D-1,8.489067392429D-1,1D0,1D0,1D0,1D0,1D0,1D0,1D0,    3491P   6858
1D0,1D0,1D0,1D0,1D0,1D0,1D0,6.078267948699D-2,4.71238898D0,0D0,     3491P   6859
5.374726818675D-2,4.641655001563D0,0D0,4.165800958186D-2,           3491P   6860
4.500833904693D0,0D0,2.868096539683D-2,4.282062184138D0,0D0,        3491P   6861
2.119785793857D-2,4.063802624346D0,0D0,1.855380761868D-2,           3491P   6862
3.841569083509D0,0D0,2.025492092612D-2,3.613120558095D0,0D0,        3491P   6863
2.571184861140D-2,3.378416409261D0,0D0,3.138617681656D-2,           3491P   6864
3.221045667415D0,0D0,3.461008535786D-2,3.141592654D0,0D0,0D0,       3491P   6865
1D0,0D0,0D0,1D0;                                                    3491P   6866
110,3.461008535786D-2,3.141592654D0,0D0,9.653961757453D-1,          3493P   6867
3.141592654D0,0D0;                                                  3493P   6868
102,4,3487,3489,3491,3493;                                          3495P   6869
142,0,3481,3495,3485,1;                                             3497P   6870
144,3481,1,0,3497;                                                  3499P   6871
110,-4.792474241350D1,2.193936113688D2,3.347621701761D1,            3501P   6872
-4.792474241350D1,2.183936113688D2,3.347621701761D1;                3501P   6873
110,-3.640780966814D1,1.744476380582D2,3.347621701761D1,            3503P   6874
-3.081723129086D1,1.526298509710D2,3.347621701761D1;                3503P   6875
120,3501,3503,5.693012496570D0,6.301522590610D0;                    3505P   6876
126,5,3,0,0,1,0,0D0,0D0,0D0,0D0,3.333333333333D-1,                  3507P   6877
6.666666666667D-1,1D0,1D0,1D0,1D0,1D0,1D0,1D0,1D0,1D0,1D0,          3507P   6878
-3.708556832119D1,1.740280652675D2,2.927621702061D1,                3507P   6879
-3.665043238540D1,1.724446205070D2,2.927621702061D1,                3507P   6880
-3.575115645332D1,1.691477340277D2,2.927621701597D1,                3507P   6881
-3.427297165599D1,1.636606510356D2,2.927621701886D1,                3507P   6882
-3.328177323893D1,1.599460727249D2,2.927621701579D1,                3507P   6883
-3.277744049076D1,1.580494237968D2,2.927621701579D1,0D0,1D0,0D0,    3507P   6884
0D0,1D0;                                                            3507P   6885
124,8.409090481769D-1,5.411764709355D-1,0D0,-4.792474241350D1,      3509P   6886
0D0,0D0,-1D0,1.530494237996D2,-5.411764709355D-1,                   3509P   6887
8.409090481769D-1,0D0,3.347621701761D1;                             3509P   6888
100,0D0,0D0,0D0,1.7D1,0D0,1.429545381901D1,9.200000005904D0;        3511P   6889
102,5,3081,3507,3061,3511,3099;                                     3513P   6890
110,1.923076923077D-2,6.283185307180D0,0D0,1.923076923077D-2,       3515P   6891
5.913515454D0,0D0;                                                  3515P   6892
126,5,3,0,0,1,0,0D0,0D0,0D0,0D0,3.113281706385D-1,                  3517P   6893
6.499493023589D-1,1D0,1D0,1D0,1D0,1D0,1D0,1D0,1D0,1D0,1D0,          3517P   6894
1.923076923077D-2,5.913515454D0,0D0,9.513592403508D-2,              3517P   6895
5.927576586271D0,0D0,2.536820673281D-1,5.953803072519D0,0D0,        3517P   6896
4.978247977403D-1,5.986144637179D0,0D0,6.660658771913D-1,           3517P   6897
6.004190530648D0,0D0,7.515984182692D-1,6.012703326D0,0D0,0D0,       3517P   6898
1D0,0D0,0D0,1D0;                                                    3517P   6899
126,9,3,0,0,1,0,0D0,0D0,0D0,0D0,1.489753385738D-1,                  3519P   6900
2.920817121226D-1,4.289518212642D-1,5.625468243549D-1,              3519P   6901
6.976687277463D-1,8.411456250575D-1,1D0,1D0,1D0,1D0,1D0,1D0,1D0,    3519P   6902
1D0,1D0,1D0,1D0,1D0,1D0,1D0,7.515984182692D-1,6.012703326D0,0D0,    3519P   6903
7.695454917786D-1,6.014517253755D0,0D0,8.050867954921D-1,           3519P   6904
6.011898592474D0,0D0,8.551421610338D-1,5.991123676445D0,0D0,        3519P   6905
8.986185581260D-1,5.956203473496D0,0D0,9.340431246962D-1,           3519P   6906
5.909592735817D0,0D0,9.606004465831D-1,5.852493664589D0,0D0,        3519P   6907
9.772634197213D-1,5.785310684621D0,0D0,9.808530036896D-1,           3519P   6908
5.736676107986D0,0D0,9.807692307692D-1,5.71134978D0,0D0,0D0,1D0,    3519P   6909
0D0,0D0,1D0;                                                        3519P   6910
110,9.807692307692D-1,5.71134978D0,0D0,9.807692307692D-1,           3521P   6911
6.283185307180D0,0D0;                                               3521P   6912
110,9.807692307692D-1,6.283185307180D0,0D0,1.923076923077D-2,       3523P   6913
6.283185307180D0,0D0;                                               3523P   6914
102,5,3515,3517,3519,3521,3523;                                     3525P   6915
142,0,3505,3525,3513,1;                                             3527P   6916
144,3505,1,0,3527;                                                  3529P   6917
110,-4.792474241350D1,1.710494237996D2,3.347621701761D1,            3531P   6918
-4.792474241350D1,1.700494237996D2,3.347621701761D1;                3531P   6919
124,0D0,1D0,0D0,-4.792474241350D1,1D0,0D0,0D0,1.710494237996D2,     3533P   6920
0D0,0D0,-1D0,3.347621701761D1;                                      3533P   6921
100,0D0,0D0,0D0,1.2D1,0D0,2.670764726013D0,1.169901772707D1;        3535P   6922
120,3531,3535,3.078760800936D0,6.346017160243D0;                    3537P   6923
124,0D0,-1D0,-4.101994299788D-10,-4.792474241350D1,1D0,0D0,0D0,     3539P   6924
1.710494237996D2,0D0,-4.101994299788D-10,1D0,3.347621701761D1;      3539P   6925
100,0D0,0D0,0D0,1.2D1,0D0,2.978641542346D0,1.162444383883D1;        3541P   6926
124,-1D0,4.102066252879D-10,0D0,-4.792474241350D1,0D0,0D0,-1D0,     3543P   6927
1.740280653419D2,-4.102066252879D-10,-1D0,0D0,3.347621701761D1;     3543P   6928
100,0D0,0D0,0D0,1.162444383883D1,0D0,1.083917407650D1,              3545P   6929
4.199999988287D0;                                                   3545P   6930
124,-9.642538543040D-1,2.649801963541D-1,0D0,-4.792474241350D1,     3547P   6931
2.649801963541D-1,9.642538543040D-1,0D0,1.710494237996D2,0D0,       3547P   6932
0D0,-1D0,2.927621701761D1;                                          3547P   6933
100,0D0,0D0,0D0,1.124099639712D1,0D0,-9.662434413800D0,             3549P   6934
5.744332963802D0;                                                   3549P   6935
124,9.324466809785D-1,3.613076073543D-1,0D0,-4.792474241350D1,      3551P   6936
0D0,0D0,-1D0,1.740280653419D2,-3.613076073543D-1,                   3551P   6937
9.324466809785D-1,0D0,3.347621701761D1;                             3551P   6938
100,0D0,0D0,0D0,1.162444383883D1,0D0,1.083917407574D1,              3553P   6939
4.199999990234D0;                                                   3553P   6940
124,9.687036532362D-1,-2.482201285288D-1,0D0,-4.792474241350D1,     3555P   6941
2.482201285288D-1,9.687036532362D-1,0D0,1.710494237996D2,0D0,       3555P   6942
0D0,1D0,3.347621701761D1;                                           3555P   6943
100,0D0,0D0,0D0,1.2D1,0D0,2.978641542346D0,1.162444383883D1;        3557P   6944
102,5,3541,3545,3549,3553,3557;                                     3559P   6945
110,0D0,3.141592654D0,0D0,1.31995388D0,3.141592654D0,0D0;           3561P   6946
110,1.31995388D0,3.141592654D0,0D0,1.31995388D0,3.511262507D0,      3563P   6947
0D0;                                                                3563P   6948
126,36,3,0,0,1,0,0D0,0D0,0D0,0D0,4.023316335483D-2,                 3565P   6949
8.027038123096D-2,1.203235184168D-1,1.605790775288D-1,              3565P   6950
2.008940658348D-1,2.401324955281D-1,2.769228839882D-1,              3565P   6951
3.098598946780D-1,3.388534045774D-1,3.643517428004D-1,              3565P   6952
3.869994689570D-1,4.075374216290D-1,4.267197852457D-1,              3565P   6953
4.451749395842D-1,4.633440614022D-1,4.814986809996D-1,              3565P   6954
4.996699889684D-1,5.178651350498D-1,5.360115652534D-1,              3565P   6955
5.541847020917D-1,5.726336651506D-1,5.917768717671D-1,              3565P   6956
6.122977965164D-1,6.349258150822D-1,6.604278728909D-1,              3565P   6957
6.895099796643D-1,7.226290127644D-1,7.595343362001D-1,              3565P   6958
7.989631403471D-1,8.394379455803D-1,8.796962168586D-1,              3565P   6959
9.196891822723D-1,9.597116655288D-1,1D0,1D0,1D0,1D0,1D0,1D0,1D0,    3565P   6960
1D0,1D0,1D0,1D0,1D0,1D0,1D0,1D0,1D0,1D0,1D0,1D0,1D0,1D0,1D0,1D0,    3565P   6961
1D0,1D0,1D0,1D0,1D0,1D0,1D0,1D0,1D0,1D0,1D0,1D0,1D0,1D0,1D0,1D0,    3565P   6962
1D0,1D0,1.31995388D0,3.511262507D0,0D0,1.287373532443D0,            3565P   6963
3.514515661369D0,0D0,1.222483125023D0,3.522329841825D0,0D0,         3565P   6964
1.125768726928D0,3.538841589363D0,0D0,1.029809622189D0,             3565P   6965
3.560978884214D0,0D0,9.347158284544D-1,3.590150624695D0,0D0,        3565P   6966
8.417730066389D-1,3.627990049186D0,0D0,7.535602448143D-1,           3565P   6967
3.675912638251D0,0D0,6.735422562298D-1,3.734214982930D0,0D0,        3565P   6968
6.041214225392D-1,3.802018024206D0,0D0,5.460169686048D-1,           3565P   6969
3.877562368724D0,0D0,4.983124543790D-1,3.959465735125D0,0D0,        3565P   6970
4.595275104656D-1,4.046915401485D0,0D0,4.281408568033D-1,           3565P   6971
4.139914021324D0,0D0,4.029241753037D-1,4.239288546860D0,0D0,        3565P   6972
3.831573744135D-1,4.346193538602D0,0D0,3.686650541038D-1,           3565P   6973
4.461242122197D0,0D0,3.596870658755D-1,4.583482901676D0,0D0,        3565P   6974
3.565672587881D-1,4.710127861757D0,0D0,3.594725849085D-1,           3565P   6975
4.836834242630D0,0D0,3.682527255574D-1,4.959337338174D0,0D0,        3565P   6976
3.825582446441D-1,5.074686984016D0,0D0,4.021461954335D-1,           3565P   6977
5.181898384727D0,0D0,4.271855804657D-1,5.281597547347D0,0D0,        3565P   6978
4.583964696824D-1,5.374942787791D0,0D0,4.970389006222D-1,           3565P   6979
5.462815703111D0,0D0,5.446800811560D-1,5.545243165630D0,0D0,        3565P   6980
6.028820394625D-1,5.621404089584D0,0D0,6.725198375223D-1,           3565P   6981
5.689732685495D0,0D0,7.528648379892D-1,5.748452343898D0,0D0,        3565P   6982
8.414172366417D-1,5.796639448112D0,0D0,9.346320356326D-1,           3565P   6983
5.834603616092D0,0D0,1.029807050578D0,5.863796540724D0,0D0,         3565P   6984
1.125708066868D0,5.885922603586D0,0D0,1.222405768267D0,             3565P   6985
5.902437856644D0,0D0,1.287328795756D0,5.910257780204D0,0D0,         3565P   6986
1.31995388D0,5.913515454D0,0D0,0D0,1D0,0D0,0D0,1D0;                 3565P   6987
110,1.31995388D0,5.913515454D0,0D0,1.31995388D0,                    3567P   6988
6.283185307180D0,0D0;                                               3567P   6989
110,1.31995388D0,6.283185307180D0,0D0,0D0,6.283185307180D0,0D0;     3569P   6990
110,0D0,6.283185307180D0,0D0,0D0,3.141592654D0,0D0;                 3571P   6991
102,6,3561,3563,3565,3567,3569,3571;                                3573P   6992
142,0,3537,3573,3559,1;                                             3575P   6993
144,3537,1,0,3575;                                                  3577P   6994
110,-4.792474241350D1,1.710494237996D2,3.347621701761D1,            3579P   6995
-4.792474241350D1,1.700494237996D2,3.347621701761D1;                3579P   6996
124,0D0,1D0,0D0,-4.792474241350D1,1D0,0D0,0D0,1.710494237996D2,     3581P   6997
0D0,0D0,-1D0,3.347621701761D1;                                      3581P   6998
100,0D0,0D0,0D0,1.2D1,0D0,2.670764726013D0,1.169901772707D1;        3583P   6999
120,3579,3583,-6.283185308D-2,3.204424507080D0;                     3585P   7000
124,1D0,0D0,0D0,-4.792474241350D1,0D0,0D0,-1D0,1.740280653419D2,    3587P   7001
0D0,1D0,0D0,3.347621701761D1;                                       3587P   7002
100,0D0,0D0,0D0,1.162444383883D1,0D0,1.083917407650D1,              3589P   7003
4.199999988287D0;                                                   3589P   7004
124,-9.324466808303D-1,-3.613076077368D-1,0D0,-4.792474241350D1,    3591P   7005
0D0,0D0,-1D0,1.740280653419D2,3.613076077368D-1,                    3591P   7006
-9.324466808303D-1,0D0,3.347621701761D1;                            3591P   7007
100,0D0,0D0,0D0,1.162444383883D1,0D0,1.083917407230D1,              3593P   7008
4.199999999127D0;                                                   3593P   7009
102,5,3085,3589,3093,3593,3069;                                     3595P   7010
110,0D0,0D0,0D0,1.31995388D0,0D0,0D0;                               3597P   7011
110,1.31995388D0,0D0,0D0,1.31995388D0,3.69669853D-1,0D0;            3599P   7012
126,36,3,0,0,1,0,0D0,0D0,0D0,0D0,4.023316337661D-2,                 3601P   7013
8.027038125947D-2,1.203235184487D-1,1.605790775652D-1,              3601P   7014
2.008940658772D-1,2.401324955719D-1,2.769228840301D-1,              3601P   7015
3.098598947213D-1,3.388534046157D-1,3.643517428333D-1,              3601P   7016
3.869994689926D-1,4.075374216684D-1,4.267197852822D-1,              3601P   7017
4.451749396204D-1,4.633440614367D-1,4.814986810362D-1,              3601P   7018
4.996699890057D-1,5.178651350869D-1,5.360115652919D-1,              3601P   7019
5.541847021296D-1,5.726336651921D-1,5.917768718131D-1,              3601P   7020
6.122977965639D-1,6.349258151281D-1,6.604278729288D-1,              3601P   7021
6.895099796904D-1,7.226290127807D-1,7.595343362110D-1,              3601P   7022
7.989631403517D-1,8.394379455854D-1,8.796962168678D-1,              3601P   7023
9.196891822874D-1,9.597116655421D-1,1D0,1D0,1D0,1D0,1D0,1D0,1D0,    3601P   7024
1D0,1D0,1D0,1D0,1D0,1D0,1D0,1D0,1D0,1D0,1D0,1D0,1D0,1D0,1D0,1D0,    3601P   7025
1D0,1D0,1D0,1D0,1D0,1D0,1D0,1D0,1D0,1D0,1D0,1D0,1D0,1D0,1D0,1D0,    3601P   7026
1D0,1D0,1.31995388D0,3.69669853D-1,0D0,1.287373532454D0,            3601P   7027
3.729230076308D-1,0D0,1.222483125034D0,3.807371883015D-1,0D0,       3601P   7028
1.125768726905D0,3.972489357594D-1,0D0,1.029809622157D0,            3601P   7029
4.193862306378D-1,0D0,9.347158284112D-1,4.485579711191D-1,0D0,      3601P   7030
8.417730065875D-1,4.863973956201D-1,0D0,7.535602447601D-1,          3601P   7031
5.343199846950D-1,0D0,6.735422561769D-1,5.926223293840D-1,0D0,      3601P   7032
6.041214224926D-1,6.604253706683D-1,0D0,5.460169685671D-1,          3601P   7033
7.359697151915D-1,0D0,4.983124543487D-1,8.178730815948D-1,0D0,      3601P   7034
4.595275104373D-1,9.053227479664D-1,0D0,4.281408567768D-1,          3601P   7035
9.983213678237D-1,0D0,4.029241752814D-1,1.097695893374D0,0D0,       3601P   7036
3.831573743975D-1,1.204600885117D0,0D0,3.686650540926D-1,           3601P   7037
1.319649468720D0,0D0,3.596870658694D-1,1.441890248207D0,0D0,        3601P   7038
3.565672587880D-1,1.568535208297D0,0D0,3.594725849146D-1,           3601P   7039
1.695241589171D0,0D0,3.682527255697D-1,1.817744684711D0,0D0,        3601P   7040
3.825582446632D-1,1.933094330552D0,0D0,4.021461954606D-1,           3601P   7041
2.040305731265D0,0D0,4.271855805027D-1,2.140004893885D0,0D0,        3601P   7042
4.583964697272D-1,2.233350134317D0,0D0,4.970389006674D-1,           3601P   7043
2.321223049609D0,0D0,5.446800811914D-1,2.403650512090D0,0D0,        3601P   7044
6.028820394798D-1,2.479811436011D0,0D0,6.725198375209D-1,           3601P   7045
2.548140031903D0,0D0,7.528648379715D-1,2.606859690297D0,0D0,        3601P   7046
8.414172366148D-1,2.655046794509D0,0D0,9.346320356040D-1,           3601P   7047
2.693010962491D0,0D0,1.029807050556D0,2.722203887133D0,0D0,         3601P   7048
1.125708066856D0,2.744329949975D0,0D0,1.222405768238D0,             3601P   7049
2.760845203117D0,0D0,1.287328795738D0,2.768665126465D0,0D0,         3601P   7050
1.31995388D0,2.7719228D0,0D0,0D0,1D0,0D0,0D0,1D0;                   3601P   7051
110,1.31995388D0,2.7719228D0,0D0,1.31995388D0,3.141592654D0,0D0;    3603P   7052
110,1.31995388D0,3.141592654D0,0D0,0D0,3.141592654D0,0D0;           3605P   7053
110,0D0,3.141592654D0,0D0,0D0,0D0,0D0;                              3607P   7054
102,6,3597,3599,3601,3603,3605,3607;                                3609P   7055
142,0,3585,3609,3595,1;                                             3611P   7056
144,3585,1,0,3611;                                                  3613P   7057
110,-4.792474241350D1,2.193936113688D2,3.347621701761D1,            3615P   7058
-4.792474241350D1,2.183936113688D2,3.347621701761D1;                3615P   7059
110,-3.640780966814D1,1.744476380582D2,3.347621701761D1,            3617P   7060
-3.081723129086D1,1.526298509710D2,3.347621701761D1;                3617P   7061
120,3615,3617,-1.833728343047D-2,5.901728104305D-1;                 3619P   7062
110,-3.630029856008D1,1.740280652858D2,3.347621701761D1,            3621P   7063
-3.092474241350D1,1.530494237996D2,3.347621701761D1;                3621P   7064
124,1D0,0D0,0D0,-4.792474241350D1,0D0,0D0,-1D0,1.530494237996D2,    3623P   7065
0D0,1D0,0D0,3.347621701761D1;                                       3623P   7066
100,0D0,0D0,0D0,1.7D1,0D0,1.429545382066D1,9.200000003337D0;        3625P   7067
102,5,3621,3625,3105,3113,3089;                                     3627P   7068
110,1.923076923077D-2,0D0,0D0,9.807692307692D-1,0D0,0D0;            3629P   7069
110,9.807692307692D-1,0D0,0D0,9.807692307692D-1,5.71835527D-1,      3631P   7070
0D0;                                                                3631P   7071
126,9,3,0,0,1,0,0D0,0D0,0D0,0D0,1.550221249878D-1,                  3633P   7072
2.952407242209D-1,4.296655055460D-1,5.644692572333D-1,              3633P   7073
7.035612086765D-1,8.489069027957D-1,1D0,1D0,1D0,1D0,1D0,1D0,1D0,    3633P   7074
1D0,1D0,1D0,1D0,1D0,1D0,1D0,9.807692307692D-1,5.71835527D-1,0D0,    3633P   7075
9.808424723988D-1,5.471154997096D-1,0D0,9.774321166736D-1,          3633P   7076
4.996423959257D-1,0D0,9.615006115540D-1,4.335142179586D-1,0D0,      3633P   7077
9.356900646114D-1,3.763693510549D-1,0D0,9.004766026432D-1,          3633P   7078
3.288364671613D-1,0D0,8.566376610235D-1,2.928644492719D-1,0D0,      3633P   7079
8.058807000667D-1,2.713891223857D-1,0D0,7.698010445823D-1,          3633P   7080
2.686399613317D-1,0D0,7.515984182692D-1,2.70481981D-1,0D0,0D0,      3633P   7081
1D0,0D0,0D0,1D0;                                                    3633P   7082
126,5,3,0,0,1,0,0D0,0D0,0D0,0D0,3.699386233304D-1,                  3635P   7083
7.008092143874D-1,1D0,1D0,1D0,1D0,1D0,1D0,1D0,1D0,1D0,1D0,          3635P   7084
7.515984182692D-1,2.70481981D-1,0D0,6.612066914415D-1,              3635P   7085
2.794875077341D-1,0D0,4.900023098272D-1,2.979270103286D-1,0D0,      3635P   7086
2.458682769628D-1,3.306108606195D-1,0D0,9.217656317172D-2,          3635P   7087
3.561523208928D-1,0D0,1.923076923077D-2,3.69669853D-1,0D0,0D0,      3635P   7088
1D0,0D0,0D0,1D0;                                                    3635P   7089
110,1.923076923077D-2,3.69669853D-1,0D0,1.923076923077D-2,0D0,      3637P   7090
0D0;                                                                3637P   7091
102,5,3629,3631,3633,3635,3637;                                     3639P   7092
142,0,3619,3639,3627,1;                                             3641P   7093
144,3619,1,0,3641;                                                  3643P   7094
110,-6.376501668350D1,1.580494237996D2,4.267621701761D1,            3645P   7095
-6.276501668350D1,1.580494237996D2,4.267621701761D1;                3645P   7096
110,-6.419830650190D1,1.580494237996D2,3.767621701761D1,            3647P   7097
-3.165097455696D1,1.580494237996D2,3.767621701761D1;                3647P   7098
120,3645,3647,4.669756835614D0,6.325817451565D0;                    3649P   7099
110,-6.222019623625D1,1.530494237996D2,4.267621701683D1,            3651P   7100
-3.362928859643D1,1.530494237996D2,4.267621701976D1;                3651P   7101
110,-3.277744049557D1,1.580494237975D2,3.767621701852D1,            3653P   7102
-6.307204433707D1,1.580494237975D2,3.767621701645D1;                3653P   7103
102,4,3037,3651,3105,3653;                                          3655P   7104
126,9,3,0,0,1,0,0D0,0D0,0D0,0D0,1.489754645138D-1,                  3657P   7105
2.920820235747D-1,4.289521792342D-1,5.625474094673D-1,              3657P   7106
6.976692545296D-1,8.411459745153D-1,1D0,1D0,1D0,1D0,1D0,1D0,1D0,    3657P   7107
1D0,1D0,1D0,1D0,1D0,1D0,1D0,3.460382421506D-2,6.283185307180D0,     3657P   7108
0D0,3.142440343624D-2,6.204847761665D0,0D0,2.582534592887D-2,       3657P   7109
6.049824119526D0,0D0,2.038381554392D-2,5.818760046240D0,0D0,        3657P   7110
1.855492627889D-2,5.593494618250D0,0D0,2.093738815860D-2,           3657P   7111
5.372664225439D0,0D0,2.819421513145D-2,5.152531894730D0,0D0,        3657P   7112
4.121778827493D-2,4.929250512057D0,0D0,5.356363214040D-2,           3657P   7113
4.784857222376D0,0D0,6.077641834546D-2,4.71238898D0,0D0,0D0,1D0,    3657P   7114
0D0,0D0,1D0;                                                        3657P   7115
110,6.077641834546D-2,4.71238898D0,0D0,9.392173205172D-1,           3659P   7116
4.71238898D0,0D0;                                                   3659P   7117
126,9,3,0,0,1,0,0D0,0D0,0D0,0D0,1.550217405029D-1,                  3661P   7118
2.952401130541D-1,4.296648166344D-1,5.644687954668D-1,              3661P   7119
7.035608105452D-1,8.489067497060D-1,1D0,1D0,1D0,1D0,1D0,1D0,1D0,    3661P   7120
1D0,1D0,1D0,1D0,1D0,1D0,1D0,9.392173205172D-1,4.71238898D0,0D0,     3661P   7121
9.462527318481D-1,4.783122959477D0,0D0,9.583419905598D-1,           3661P   7122
4.923944057633D0,0D0,9.713190349008D-1,5.142715780675D0,0D0,        3661P   7123
9.788021422529D-1,5.360975344984D0,0D0,9.814461924057D-1,           3661P   7124
5.583208890536D0,0D0,9.797450789290D-1,5.811657419288D0,0D0,        3661P   7125
9.742881510786D-1,6.046361563088D0,0D0,9.686138229733D-1,           3661P   7126
6.203732299284D0,0D0,9.653899146476D-1,6.283185307180D0,0D0,0D0,    3661P   7127
1D0,0D0,0D0,1D0;                                                    3661P   7128
110,9.653899146476D-1,6.283185307180D0,0D0,3.460382421506D-2,       3663P   7129
6.283185307180D0,0D0;                                               3663P   7130
102,4,3657,3659,3661,3663;                                          3665P   7131
142,0,3649,3665,3655,1;                                             3667P   7132
144,3649,1,0,3667;                                                  3669P   7133
128,1,1,1,1,0,0,1,0,0,-1.261347676305D1,-1.261347676305D1,          3671P   7134
1.259716036108D1,1.259716036108D1,-1.575319398895D1,                3671P   7135
-1.575319398895D1,1.575319398895D1,1.575319398895D1,1D0,1D0,1D0,    3671P   7136
1D0,-3.217154842455D1,1.575646038549D2,3.767621701761D1,            3671P   7137
-3.217154842455D1,1.827752409790D2,3.767621701761D1,                3671P   7138
-6.367793640245D1,1.575646038549D2,3.767621701761D1,                3671P   7139
-6.367793640245D1,1.827752409790D2,3.767621701761D1,                3671P   7140
-1.261347676305D1,1.259716036108D1,-1.575319398895D1,               3671P   7141
1.575319398895D1;                                                   3671P   7142
102,4,3111,3107,3113,3093;                                          3673P   7143
126,5,3,0,0,1,0,0D0,0D0,0D0,0D0,2.982027775397D-1,                  3675P   7144
6.339123611323D-1,1D0,1D0,1D0,1D0,1D0,1D0,1D0,1D0,1D0,1D0,          3675P   7145
3.849984613098D0,1.083917409824D1,0D0,2.263712818413D0,             3675P   7146
1.127485757944D1,0D0,-1.110003217555D0,1.219494766566D1,0D0,        3675P   7147
-6.436484697182D0,1.363007632021D1,0D0,-1.017704563628D1,           3675P   7148
1.462811441045D1,0D0,-1.212865681836D1,1.514730191245D1,0D0,0D0,    3675P   7149
1D0,0D0,0D0,1D0;                                                    3675P   7150
110,-1.212865681836D1,1.514730191245D1,0D0,-1.212865681836D1,       3677P   7151
-1.514730191245D1,0D0;                                              3677P   7152
126,5,3,0,0,1,0,0D0,0D0,0D0,0D0,3.699386272501D-1,                  3679P   7153
7.008092143098D-1,1D0,1D0,1D0,1D0,1D0,1D0,1D0,1D0,1D0,1D0,          3679P   7154
-1.212865681836D1,-1.514730191245D1,0D0,-1.015651665546D1,          3679P   7155
-1.462265059952D1,0D0,-6.421229537818D0,-1.362598789695D1,0D0,      3679P   7156
-1.094769334931D0,-1.219078113363D1,0D0,2.258457241499D0,           3679P   7157
-1.127630144241D1,0D0,3.849984613098D0,-1.083917409824D1,0D0,       3679P   7158
0D0,1D0,0D0,0D0,1D0;                                                3679P   7159
126,36,3,0,0,1,0,0D0,0D0,0D0,0D0,4.023316689634D-2,                 3681P   7160
8.027038447153D-2,1.203235213529D-1,1.605790801601D-1,              3681P   7161
2.008940681623D-1,2.401324975555D-1,2.769228857310D-1,              3681P   7162
3.098598961691D-1,3.388534058407D-1,3.643517438624D-1,              3681P   7163
3.869994698477D-1,4.075374223656D-1,4.267197858320D-1,              3681P   7164
4.451749400284D-1,4.633440617051D-1,4.814986811650D-1,              3681P   7165
4.996699889949D-1,5.178651349363D-1,5.360115650018D-1,              3681P   7166
5.541847017D-1,5.726336646206D-1,5.917768710946D-1,                 3681P   7167
6.122977956876D-1,6.349258140779D-1,6.604278716827D-1,              3681P   7168
6.895099782208D-1,7.226290110566D-1,7.595343342033D-1,              3681P   7169
7.989631380411D-1,8.394379429637D-1,8.796962139368D-1,              3681P   7170
9.196891790490D-1,9.597116619961D-1,1D0,1D0,1D0,1D0,1D0,1D0,1D0,    3681P   7171
1D0,1D0,1D0,1D0,1D0,1D0,1D0,1D0,1D0,1D0,1D0,1D0,1D0,1D0,1D0,1D0,    3681P   7172
1D0,1D0,1D0,1D0,1D0,1D0,1D0,1D0,1D0,1D0,1D0,1D0,1D0,1D0,1D0,1D0,    3681P   7173
1D0,1D0,3.849984613098D0,-1.083917409824D1,0D0,4.228775843527D0,    3681P   7174
-1.073516425267D1,0D0,4.973513383667D0,-1.048774646386D1,0D0,       3681P   7175
6.045125711965D0,-1.000257909792D1,0D0,7.060543423924D0,            3681P   7176
-9.408275512741D0,0D0,8.010555597119D0,-8.709569597539D0,0D0,       3681P   7177
8.876252455153D0,-7.920524119781D0,0D0,9.633054832407D0,            3681P   7178
-7.071522764742D0,0D0,1.025962928890D1,-6.210347106780D0,0D0,       3681P   7179
1.075403024393D1,-5.382122657132D0,0D0,1.113124804219D1,            3681P   7180
-4.615949416D0,0D0,1.141523508912D1,-3.918196018201D0,0D0,          3681P   7181
1.162863193350D1,-3.282400583498D0,0D0,1.178962880248D1,            3681P   7182
-2.695151661651D0,0D0,1.191127162995D1,-2.140380831758D0,0D0,       3681P   7183
1.200174338087D1,-1.603137757064D0,0D0,1.206530413969D1,            3681P   7184
-1.072160451911D0,0D0,1.210348638321D1,-5.415353537239D-1,0D0,      3681P   7185
1.211653873121D1,-9.444024854273D-3,0D0,1.210438743455D1,           3681P   7186
5.225893819872D-1,0D0,1.206707772510D1,1.053468683170D0,0D0,        3681P   7187
1.200441830585D1,1.584451351009D0,0D0,1.191491444556D1,             3681P   7188
2.121447352430D0,0D0,1.179436502165D1,2.675832522674D0,0D0,         3681P   7189
1.163462612875D1,3.262656581395D0,0D0,1.142251318409D1,             3681P   7190
3.898540894296D0,0D0,1.113957150501D1,4.597483948983D0,0D0,         3681P   7191
1.076252023394D1,5.366729913017D0,0D0,1.026735047567D1,             3681P   7192
6.198898159049D0,0D0,9.638850053045D0,7.064573267682D0,0D0,         3681P   7193
8.879537987896D0,7.917455504818D0,0D0,8.011407440826D0,             3681P   7194
8.708979441660D0,0D0,7.060555724484D0,9.408232155123D0,0D0,         3681P   7195
6.045769210529D0,1.000220314256D1,0D0,4.974394616338D0,             3681P   7196
1.048742392430D1,0D0,4.229296160459D0,1.073502159239D1,0D0,         3681P   7197
3.849984613098D0,1.083917409824D1,0D0,0D0,1D0,0D0,0D0,1D0;          3681P   7198
102,4,3675,3677,3679,3681;                                          3683P   7199
142,0,3671,3683,3673,1;                                             3685P   7200
102,2,3115,3117;                                                    3687P   7201
126,14,3,0,0,1,0,0D0,0D0,0D0,0D0,8.322762331832D-2,                 3689P   7202
1.666024033223D-1,2.499303738573D-1,3.332731692292D-1,              3689P   7203
4.166131682916D-1,4.999528333550D-1,5.832925716123D-1,              3689P   7204
6.666326713168D-1,7.499736840336D-1,8.333087870630D-1,              3689P   7205
9.166676449882D-1,1D0,1D0,1D0,1D0,1D0,1D0,1D0,1D0,1D0,1D0,1D0,      3689P   7206
1D0,1D0,1D0,1D0,1D0,1D0,1D0,1D0,5.832189881513D0,0D0,0D0,           3689P   7207
5.833481039165D0,-4.326932924156D-1,0D0,5.717706196282D0,           3689P   7208
-1.297636705040D0,0D0,5.217748446037D0,-2.507894666596D0,0D0,       3689P   7209
4.420172480043D0,-3.547416447962D0,0D0,3.381107316538D0,            3689P   7210
-4.345089562543D0,0D0,2.170870438290D0,-4.846628638099D0,0D0,       3689P   7211
8.720906273639D-1,-5.017858772647D0,0D0,-4.267407127986D-1,         3689P   7212
-4.847015712581D0,0D0,-1.637119079449D0,-4.345839675682D0,0D0,      3689P   7213
-2.676445692353D0,-3.548462438063D0,0D0,-3.474293580193D0,          3689P   7214
-2.509213990515D0,0D0,-3.974809760570D0,-1.298652142968D0,0D0,      3689P   7215
-4.090797948592D0,-4.332455338391D-1,0D0,-4.089503529411D0,0D0,     3689P   7216
0D0,0D0,1D0,0D0,0D0,1D0;                                            3689P   7217
126,14,3,0,0,1,0,0D0,0D0,0D0,0D0,8.322762340302D-2,                 3691P   7218
1.666024049468D-1,2.499303735942D-1,3.332731691786D-1,              3691P   7219
4.166131679708D-1,4.999528372162D-1,5.832925771328D-1,              3691P   7220
6.666326780599D-1,7.499736897930D-1,8.333087938256D-1,              3691P   7221
9.166676472251D-1,1D0,1D0,1D0,1D0,1D0,1D0,1D0,1D0,1D0,1D0,1D0,      3691P   7222
1D0,1D0,1D0,1D0,1D0,1D0,1D0,1D0,-4.089503529411D0,0D0,0D0,          3691P   7223
-4.090794677950D0,4.326932891870D-1,0D0,-3.975019832481D0,          3691P   7224
1.297636712445D0,0D0,-3.475062087845D0,2.507894677086D0,0D0,        3691P   7225
-2.677486098514D0,3.547416436232D0,0D0,-1.638420965186D0,           3691P   7226
4.345089572926D0,0D0,-4.281840556847D-1,4.846628635719D0,0D0,       3691P   7227
8.705957817367D-1,5.017858776715D0,0D0,2.169427161645D0,            3691P   7228
4.847015702062D0,0D0,3.379805516422D0,4.345839616041D0,0D0,         3691P   7229
4.419132140201D0,3.548462381921D0,0D0,5.216979971281D0,             3691P   7230
2.509213917495D0,0D0,5.717496131042D0,1.298652097555D0,0D0,         3691P   7231
5.833484309722D0,4.332455258588D-1,0D0,5.832189881513D0,0D0,0D0,    3691P   7232
0D0,1D0,0D0,0D0,1D0;                                                3691P   7233
102,2,3689,3691;                                                    3693P   7234
142,0,3671,3693,3687,1;                                             3695P   7235
144,3671,1,1,3685,3695;                                             3697P   7236
128,1,1,1,1,0,0,1,0,0,-4.123376043817D0,-4.123376043817D0,          3699P   7237
4.123376043817D0,4.123376043817D0,-1.486727196867D1,                3699P   7238
-1.486727196867D1,1.486727196867D1,1.486727196867D1,1D0,1D0,1D0,    3699P   7239
1D0,-3.305747044483D1,1.530494237996D2,5.070980838331D1,            3699P   7240
-3.305747044483D1,1.530494237996D2,4.246305629568D1,                3699P   7241
-6.279201438217D1,1.530494237996D2,5.070980838331D1,                3699P   7242
-6.279201438217D1,1.530494237996D2,4.246305629568D1,                3699P   7243
-4.123376043817D0,4.123376043817D0,-1.486727196867D1,               3699P   7244
1.486727196867D1;                                                   3699P   7245
102,2,3121,3109;                                                    3701P   7246
126,13,3,0,0,1,0,0D0,0D0,0D0,0D0,9.086879841682D-2,                 3703P   7247
1.817916548894D-1,2.727012104370D-1,3.636127825066D-1,              3703P   7248
4.545249931029D-1,5.454369401721D-1,6.363490532736D-1,              3703P   7249
7.272606226113D-1,8.181723409800D-1,9.090874653756D-1,1D0,1D0,      3703P   7250
1D0,1D0,1D0,1D0,1D0,1D0,1D0,1D0,1D0,1D0,1D0,1D0,1D0,1D0,1D0,1D0,    3703P   7251
3.910215321888D0,1.429545381603D1,0D0,3.044386406548D0,             3703P   7252
1.373948832999D1,0D0,1.416163741901D0,1.246694235155D1,0D0,         3703P   7253
-6.438267781854D-1,1.015024601314D1,0D0,-2.250952177019D0,          3703P   7254
7.498559876289D0,0D0,-3.352825914117D0,4.600461206344D0,0D0,        3703P   7255
-3.913004087328D0,1.550924648007D0,0D0,-3.913122272525D0,           3703P   7256
-1.549625266372D0,0D0,-3.353177243254D0,-4.599203488940D0,0D0,      3703P   7257
-2.251516850840D0,-7.497408130089D0,0D0,-6.446204760951D-1,         3703P   7258
-1.014916068103D1,0D0,1.415470539739D0,-1.246634269140D1,0D0,       3703P   7259
3.043966671171D0,-1.373921945950D1,0D0,3.910215321888D0,            3703P   7260
-1.429545381603D1,0D0,0D0,1D0,0D0,0D0,1D0;                          3703P   7261
110,3.910215321888D0,-1.429545381603D1,0D0,3.910215321888D0,        3705P   7262
1.429545381603D1,0D0;                                               3705P   7263
102,2,3703,3705;                                                    3707P   7264
142,0,3699,3707,3701,1;                                             3709P   7265
144,3699,1,0,3709;                                                  3711P   7266
110,-4.792474241350D1,1.530494237996D2,3.347621701761D1,            3713P   7267
-4.792474241350D1,1.520494237996D2,3.347621701761D1;                3713P   7268
110,-3.092474241350D1,1.532625845215D2,3.347621701761D1,            3715P   7269
-3.092474241350D1,1.508362630777D2,3.347621701761D1;                3715P   7270
120,3713,3715,3.078760800936D0,6.346017160243D0;                    3717P   7271
110,-6.492474241350D1,1.530494237996D2,3.347621701063D1,            3719P   7272
-6.492474241350D1,1.510494237996D2,3.347621701063D1;                3719P   7273
110,-3.092474241350D1,1.510494237996D2,3.347621701761D1,            3721P   7274
-3.092474241350D1,1.530494237996D2,3.347621701761D1;                3721P   7275
102,6,3719,3137,3721,3065,3141,3045;                                3723P   7276
110,8.785345506D-2,3.141592654D0,0D0,9.121465449400D-1,             3725P   7277
3.141592654D0,0D0;                                                  3725P   7278
110,9.121465449400D-1,3.141592654D0,0D0,9.121465449400D-1,          3727P   7279
6.283185307180D0,0D0;                                               3727P   7280
110,9.121465449400D-1,6.283185307180D0,0D0,8.785345506D-2,          3729P   7281
6.283185307180D0,0D0;                                               3729P   7282
110,8.785345506D-2,6.283185307180D0,0D0,8.785345506D-2,             3731P   7283
5.71134978D0,0D0;                                                   3731P   7284
110,8.785345506D-2,5.71134978D0,0D0,8.785345506D-2,3.71342818D0,    3733P   7285
0D0;                                                                3733P   7286
110,8.785345506D-2,3.71342818D0,0D0,8.785345506D-2,                 3735P   7287
3.141592654D0,0D0;                                                  3735P   7288
102,6,3725,3727,3729,3731,3733,3735;                                3737P   7289
142,0,3717,3737,3723,1;                                             3739P   7290
144,3717,1,0,3739;                                                  3741P   7291
110,-4.792474241350D1,1.584322809424D2,3.347621701761D1,            3743P   7292
-4.792474241350D1,1.574322809424D2,3.347621701761D1;                3743P   7293
110,-3.112026123633D1,1.511343348312D2,3.347621701761D1,            3745P   7294
-2.197922359067D1,1.471645127680D2,3.347621701761D1;                3745P   7295
120,3743,3745,3.078760800936D0,6.346017160243D0;                    3747P   7296
110,-6.492474241350D1,1.510494237996D2,3.347621701063D1,            3749P   7297
-7.367474241350D1,1.472494237996D2,3.347621700704D1;                3749P   7298
124,-1D0,4.102063931251D-10,0D0,-4.792474241350D1,0D0,0D0,-1D0,     3751P   7299
1.472494237996D2,-4.102063931251D-10,-1D0,0D0,3.347621701761D1;     3751P   7300
100,0D0,0D0,0D0,2.575D1,0D0,-2.575D1,1.056282144017D-8;             3753P   7301
110,-2.217474241350D1,1.472494237996D2,3.347621701761D1,            3755P   7302
-3.092474241350D1,1.510494237996D2,3.347621701761D1;                3755P   7303
124,1D0,0D0,0D0,-4.792474241350D1,0D0,0D0,1D0,1.510494237996D2,     3757P   7304
0D0,-1D0,0D0,3.347621701761D1;                                      3757P   7305
100,0D0,0D0,0D0,1.7D1,0D0,-1.7D1,6.973513183804D-9;                 3759P   7306
102,4,3749,3753,3755,3759;                                          3761P   7307
110,2.138912784406D-2,3.141592654D0,0D0,9.786108721559D-1,          3763P   7308
3.141592654D0,0D0;                                                  3763P   7309
110,9.786108721559D-1,3.141592654D0,0D0,9.786108721559D-1,          3765P   7310
6.283185307180D0,0D0;                                               3765P   7311
110,9.786108721559D-1,6.283185307180D0,0D0,2.138912784406D-2,       3767P   7312
6.283185307180D0,0D0;                                               3767P   7313
110,2.138912784406D-2,6.283185307180D0,0D0,2.138912784406D-2,       3769P   7314
3.141592654D0,0D0;                                                  3769P   7315
102,4,3763,3765,3767,3769;                                          3771P   7316
142,0,3747,3771,3761,1;                                             3773P   7317
144,3747,1,0,3773;                                                  3775P   7318
128,1,1,1,1,0,0,1,0,0,-4.123376043817D0,-4.123376043817D0,          3777P   7319
4.123376043817D0,4.123376043817D0,-1.486727196867D1,                3777P   7320
-1.486727196867D1,1.486727196867D1,1.486727196867D1,1D0,1D0,1D0,    3777P   7321
1D0,-3.305747044483D1,1.530494237996D2,2.448937773954D1,            3777P   7322
-3.305747044483D1,1.530494237996D2,1.624262565190D1,                3777P   7323
-6.279201438217D1,1.530494237996D2,2.448937773954D1,                3777P   7324
-6.279201438217D1,1.530494237996D2,1.624262565190D1,                3777P   7325
-4.123376043817D0,4.123376043817D0,-1.486727196867D1,               3777P   7326
1.486727196867D1;                                                   3777P   7327
102,2,3141,3057;                                                    3779P   7328
126,13,3,0,0,1,0,0D0,0D0,0D0,0D0,9.086879841682D-2,                 3781P   7329
1.817916548894D-1,2.727012104370D-1,3.636127825066D-1,              3781P   7330
4.545249931029D-1,5.454369401721D-1,6.363490532735D-1,              3781P   7331
7.272606226113D-1,8.181723409800D-1,9.090874653756D-1,1D0,1D0,      3781P   7332
1D0,1D0,1D0,1D0,1D0,1D0,1D0,1D0,1D0,1D0,1D0,1D0,1D0,1D0,1D0,1D0,    3781P   7333
-3.910215321888D0,-1.429545381603D1,0D0,-3.044386406548D0,          3781P   7334
-1.373948832999D1,0D0,-1.416163741901D0,-1.246694235155D1,0D0,      3781P   7335
6.438267781854D-1,-1.015024601314D1,0D0,2.250952177019D0,           3781P   7336
-7.498559876289D0,0D0,3.352825914117D0,-4.600461206344D0,0D0,       3781P   7337
3.913004087328D0,-1.550924648007D0,0D0,3.913122272525D0,            3781P   7338
1.549625266372D0,0D0,3.353177243254D0,4.599203488940D0,0D0,         3781P   7339
2.251516850840D0,7.497408130089D0,0D0,6.446204760951D-1,            3781P   7340
1.014916068103D1,0D0,-1.415470539739D0,1.246634269140D1,0D0,        3781P   7341
-3.043966671171D0,1.373921945950D1,0D0,-3.910215321888D0,           3781P   7342
1.429545381603D1,0D0,0D0,1D0,0D0,0D0,1D0;                           3781P   7343
110,-3.910215321888D0,1.429545381603D1,0D0,-3.910215321888D0,       3783P   7344
-1.429545381603D1,0D0;                                              3783P   7345
102,2,3781,3783;                                                    3785P   7346
142,0,3777,3785,3779,1;                                             3787P   7347
144,3777,1,0,3787;                                                  3789P   7348
110,-4.792474241350D1,1.369494237996D2,3.347621701761D1,            3791P   7349
-4.792474241350D1,1.359494237996D2,3.347621701761D1;                3791P   7350
110,-4.242474241350D1,1.392674237996D2,3.347621701761D1,            3793P   7351
-4.242474241350D1,1.873142379959D1,3.347621701761D1;                3793P   7352
120,3791,3793,3.078760800936D0,6.346017160243D0;                    3795P   7353
110,-5.342474241529D1,1.369494237996D2,3.347621701610D1,            3797P   7354
-5.342474241259D1,2.104942379959D1,3.347621701610D1;                3797P   7355
124,-1D0,0D0,0D0,-4.792474241350D1,0D0,0D0,-1D0,                    3799P   7356
2.104942379959D1,0D0,-1D0,0D0,3.347621701761D1;                     3799P   7357
100,0D0,0D0,0D0,5.5D0,0D0,-5.5D0,0D0;                               3801P   7358
110,-4.242474241441D1,2.104942379959D1,3.347621701761D1,            3803P   7359
-4.242474241171D1,1.369494237996D2,3.347621701761D1;                3803P   7360
124,1D0,0D0,0D0,-4.792474241350D1,0D0,0D0,1D0,1.369494237996D2,     3805P   7361
0D0,-1D0,0D0,3.347621701761D1;                                      3805P   7362
100,0D0,0D0,0D0,5.5D0,0D0,-5.5D0,0D0;                               3807P   7363
102,4,3797,3801,3803,3807;                                          3809P   7364
110,1.923076923077D-2,3.141592654D0,0D0,9.807692307692D-1,          3811P   7365
3.141592654D0,0D0;                                                  3811P   7366
110,9.807692307692D-1,3.141592654D0,0D0,9.807692307692D-1,          3813P   7367
6.283185307180D0,0D0;                                               3813P   7368
110,9.807692307692D-1,6.283185307180D0,0D0,1.923076923077D-2,       3815P   7369
6.283185307180D0,0D0;                                               3815P   7370
110,1.923076923077D-2,6.283185307180D0,0D0,1.923076923077D-2,       3817P   7371
3.141592654D0,0D0;                                                  3817P   7372
102,4,3811,3813,3815,3817;                                          3819P   7373
142,0,3795,3819,3809,1;                                             3821P   7374
144,3795,1,0,3821;                                                  3823P   7375
128,1,1,1,1,0,0,1,0,0,-5.719999997163D0,-5.719999997163D0,          3825P   7376
5.719999997163D0,5.719999997163D0,-5.731868964082D0,                3825P   7377
-5.731868964082D0,5.731868964082D0,5.731868964082D0,1D0,1D0,1D0,    3825P   7378
1D0,-4.220474241634D1,2.104942379959D1,2.774434805353D1,            3825P   7379
-5.364474241066D1,2.104942379959D1,2.774434805353D1,                3825P   7380
-4.220474241634D1,2.104942379959D1,3.920808598169D1,                3825P   7381
-5.364474241066D1,2.104942379959D1,3.920808598169D1,                3825P   7382
-5.719999997163D0,5.719999997163D0,-5.731868964082D0,               3825P   7383
5.731868964082D0;                                                   3825P   7384
102,2,3149,3153;                                                    3827P   7385
126,15,3,0,0,1,0,0D0,0D0,0D0,0D0,7.691538191119D-2,                 3829P   7386
1.538716667812D-1,2.307929614806D-1,3.077252719435D-1,              3829P   7387
3.846533318671D-1,4.615826282154D-1,5.385117439064D-1,              3829P   7388
6.154411759738D-1,6.923685134216D-1,7.693032570711D-1,              3829P   7389
8.462195868125D-1,9.231849788321D-1,1D0,1D0,1D0,1D0,1D0,1D0,1D0,    3829P   7390
1D0,1D0,1D0,1D0,1D0,1D0,1D0,1D0,1D0,1D0,1D0,1D0,1D0,                3829P   7391
-5.499999997272D0,0D0,0D0,-5.501040288159D0,-4.432445650428D-1,     3829P   7392
0D0,-5.391841747281D0,-1.329074727619D0,0D0,-4.917697810283D0,      3829P   7393
-2.581251387021D0,0D0,-4.156693434327D0,-3.683178659703D0,0D0,      3829P   7394
-3.154479072858D0,-4.571015148143D0,0D0,-1.968770750367D0,          3829P   7395
-5.193128864048D0,0D0,-6.686677730634D-1,-5.513380580741D0,0D0,     3829P   7396
6.703111661790D-1,-5.513181201772D0,0D0,1.970315430019D0,           3829P   7397
-5.192542672556D0,0D0,3.155847825967D0,-4.570071697404D0,0D0,       3829P   7398
4.157782570707D0,-3.681946117884D0,0D0,4.918481129641D0,            3829P   7399
-2.579764800851D0,0D0,5.392051192781D0,-1.327962033930D0,0D0,       3829P   7400
5.501037427802D0,-4.426595710554D-1,0D0,5.499999997272D0,0D0,       3829P   7401
0D0,0D0,1D0,0D0,0D0,1D0;                                            3829P   7402
126,15,3,0,0,1,0,0D0,0D0,0D0,0D0,7.691538191119D-2,                 3831P   7403
1.538716667812D-1,2.307929614806D-1,3.077252719435D-1,              3831P   7404
3.846533318671D-1,4.615826282154D-1,5.385117439064D-1,              3831P   7405
6.154411759738D-1,6.923685134216D-1,7.693032570711D-1,              3831P   7406
8.462195868125D-1,9.231849788321D-1,1D0,1D0,1D0,1D0,1D0,1D0,1D0,    3831P   7407
1D0,1D0,1D0,1D0,1D0,1D0,1D0,1D0,1D0,1D0,1D0,1D0,1D0,                3831P   7408
5.499999997272D0,0D0,0D0,5.501040288159D0,4.432445650428D-1,0D0,    3831P   7409
5.391841747281D0,1.329074727619D0,0D0,4.917697810283D0,             3831P   7410
2.581251387021D0,0D0,4.156693434327D0,3.683178659703D0,0D0,         3831P   7411
3.154479072858D0,4.571015148143D0,0D0,1.968770750367D0,             3831P   7412
5.193128864048D0,0D0,6.686677730634D-1,5.513380580741D0,0D0,        3831P   7413
-6.703111661790D-1,5.513181201772D0,0D0,-1.970315430019D0,          3831P   7414
5.192542672556D0,0D0,-3.155847825967D0,4.570071697404D0,0D0,        3831P   7415
-4.157782570707D0,3.681946117884D0,0D0,-4.918481129641D0,           3831P   7416
2.579764800851D0,0D0,-5.392051192781D0,1.327962033930D0,0D0,        3831P   7417
-5.501037427802D0,4.426595710554D-1,0D0,-5.499999997272D0,0D0,      3831P   7418
0D0,0D0,1D0,0D0,0D0,1D0;                                            3831P   7419
102,2,3829,3831;                                                    3833P   7420
142,0,3825,3833,3827,1;                                             3835P   7421
144,3825,1,0,3835;                                                  3837P   7422
126,12,3,0,0,1,0,0D0,0D0,0D0,0D0,1D-1,2D-1,3D-1,4D-1,5D-1,6D-1,     3839P   7423
7D-1,8D-1,9D-1,1D0,1D0,1D0,1D0,1D0,1D0,1D0,1D0,1D0,1D0,1D0,1D0,     3839P   7424
1D0,1D0,1D0,1D0,1D0,-4.792474241248D1,1.752494238512D2,             3839P   7425
2.851537035940D1,-4.766727406143D1,1.752498066017D2,                3839P   7426
2.851569440737D1,-4.716707595171D1,1.752824549956D2,                3839P   7427
2.858298338813D1,-4.649839382214D1,1.754267463137D2,                3839P   7428
2.886883604233D1,-4.600025914093D1,1.756527033810D2,                3839P   7429
2.929336747106D1,-4.570443381064D1,1.759260441039D2,                3839P   7430
2.977834306939D1,-4.558983160234D1,1.762511423665D2,                3839P   7431
3.033357657351D1,-4.568591049129D1,1.765990111134D2,                3839P   7432
3.090086961896D1,-4.595046604688D1,1.769617682195D2,                3839P   7433
3.157958748826D1,-4.659306550522D1,1.772728619975D2,                3839P   7434
3.203001747133D1,-4.682045237120D1,1.775396531487D2,                3839P   7435
3.345469767562D1,-4.839004518144D1,1.775328148237D2,                3839P   7436
3.288071166237D1,-4.836068561846D1,1.775347883631D2,                3839P   7437
3.347621698283D1,0D0,1D0,0D0,0D0,1D0;                               3839P   7438
126,12,3,0,0,1,0,0D0,0D0,0D0,0D0,1D-1,2D-1,3D-1,4D-1,5D-1,6D-1,     3841P   7439
7D-1,8D-1,9D-1,1D0,1D0,1D0,1D0,1D0,1D0,1D0,1D0,1D0,1D0,1D0,1D0,     3841P   7440
1D0,1D0,1D0,1D0,1D0,-4.836068561846D1,1.775347883631D2,             3841P   7441
3.347621698283D1,-4.858085471549D1,1.775199886973D2,                3841P   7442
3.328698816106D1,-4.853425681141D1,1.774743207899D2,                3841P   7443
3.242741910659D1,-4.964876437105D1,1.771757110228D2,                3841P   7444
3.202777940560D1,-4.997093306368D1,1.768423473666D2,                3841P   7445
3.130839537432D1,-5.023369354495D1,1.764719404478D2,                3841P   7446
3.070354252927D1,-5.023689739048D1,1.761256814028D2,                3841P   7447
3.011864601753D1,-5.006071959392D1,1.758252513324D2,                3841P   7448
2.960354661132D1,-4.972948712366D1,1.755881179603D2,                3841P   7449
2.917354386971D1,-4.924982370337D1,1.754011340290D2,                3841P   7450
2.881832667096D1,-4.863753279090D1,1.752791392546D2,                3841P   7451
2.857634799763D1,-4.816843415751D1,1.752506678505D2,                3841P   7452
2.851642356609D1,-4.792474241248D1,1.752494238512D2,                3841P   7453
2.851537035940D1,0D0,1D0,0D0,0D0,1D0;                               3841P   7454
126,12,3,0,0,1,0,0D0,0D0,0D0,0D0,1D-1,2D-1,3D-1,4D-1,5D-1,6D-1,     3843P   7455
7D-1,8D-1,9D-1,1D0,1D0,1D0,1D0,1D0,1D0,1D0,1D0,1D0,1D0,1D0,1D0,     3843P   7456
1D0,1D0,1D0,1D0,1D0,-4.792474241452D1,1.752494237491D2,             3843P   7457
3.843706376229D1,-4.766727407021D1,1.752498065009D2,                3843P   7458
3.843673971332D1,-4.716707596681D1,1.752824548973D2,                3843P   7459
3.836945073582D1,-4.649839378991D1,1.754267462120D2,                3843P   7460
3.808359808099D1,-4.600025910955D1,1.756527032897D2,                3843P   7461
3.765906665009D1,-4.570443376052D1,1.759260440125D2,                3843P   7462
3.717409105675D1,-4.558983154006D1,1.762511422879D2,                3843P   7463
3.661885754705D1,-4.568591042418D1,1.765990110452D2,                3843P   7464
3.605156450133D1,-4.595046595329D1,1.769617681653D2,                3843P   7465
3.537284663475D1,-4.659306545529D1,1.772728619619D2,                3843P   7466
3.492241662002D1,-4.682045213942D1,1.775396531301D2,                3843P   7467
3.349773651561D1,-4.839004529961D1,1.775328148225D2,                3843P   7468
3.407172221534D1,-4.836068553204D1,1.775347883689D2,                3843P   7469
3.347621698283D1,0D0,1D0,0D0,0D0,1D0;                               3843P   7470
126,12,3,0,0,1,0,0D0,0D0,0D0,0D0,1D-1,2D-1,3D-1,4D-1,5D-1,6D-1,     3845P   7471
7D-1,8D-1,9D-1,1D0,1D0,1D0,1D0,1D0,1D0,1D0,1D0,1D0,1D0,1D0,1D0,     3845P   7472
1D0,1D0,1D0,1D0,1D0,-4.836068553204D1,1.775347883689D2,             3845P   7473
3.347621698283D1,-4.858085476572D1,1.775199886989D2,                3845P   7474
3.366544576675D1,-4.853425690740D1,1.774743207606D2,                3845P   7475
3.452501511832D1,-4.964876445515D1,1.771757109824D2,                3845P   7476
3.492465467874D1,-4.997093314529D1,1.768423473069D2,                3845P   7477
3.564403875127D1,-5.023369361464D1,1.764719403756D2,                3845P   7478
3.624889158744D1,-5.023689744690D1,1.761256813206D2,                3845P   7479
3.683378810445D1,-5.006071963418D1,1.758252512417D2,                3845P   7480
3.734888751399D1,-4.972948715067D1,1.755881178681D2,                3845P   7481
3.777889025135D1,-4.924982373211D1,1.754011339264D2,                3845P   7482
3.813410745299D1,-4.863753277943D1,1.752791391564D2,                3845P   7483
3.837608612503D1,-4.816843415296D1,1.752506677498D2,                3845P   7484
3.843601055437D1,-4.792474241452D1,1.752494237491D2,                3845P   7485
3.843706376229D1,0D0,1D0,0D0,0D0,1D0;                               3845P   7486
124,-6.706817401067D-2,-9.977483951552D-1,0D0,-4.792474241350D1,    3847P   7487
9.977483951552D-1,-6.706817401067D-2,0D0,1.710494237996D2,0D0,      3847P   7488
0D0,1D0,3.347621701761D1;                                           3847P   7489
100,0D0,0D0,0D0,6.5D0,0D0,-6.485364568509D0,4.359431310693D-1;      3849P   7490
124,0D0,1D0,0D0,-4.792474241350D1,-1D0,0D0,0D0,1.710494237996D2,    3851P   7491
0D0,0D0,1D0,3.347621701761D1;                                       3851P   7492
100,0D0,0D0,0D0,6.5D0,0D0,-6.5D0,0D0;                               3853P   7493
124,0D0,-1D0,0D0,-4.792474241350D1,1D0,0D0,0D0,1.710494237996D2,    3855P   7494
0D0,0D0,1D0,3.347621701761D1;                                       3855P   7495
100,0D0,0D0,0D0,6.5D0,0D0,6.485364568509D0,4.359431310693D-1;       3857P   7496
110,-4.792474241350D1,1.710494237996D2,3.347621701761D1,            3859P   7497
-4.792474241350D1,1.700494237996D2,3.347621701761D1;                3859P   7498
124,0D0,-1D0,0D0,-4.792474241350D1,1D0,0D0,0D0,1.710494237996D2,    3861P   7499
0D0,0D0,1D0,3.347621701761D1;                                       3861P   7500
100,0D0,0D0,0D0,6.5D0,0D0,-6.5D0,0D0;                               3863P   7501
120,3859,3863,-2.946188376720D0,3.260960909086D0;                   3865P   7502
102,3,3849,3853,3857;                                               3867P   7503
110,6.711855639859D-2,0D0,0D0,3.141592653590D0,0D0,0D0;             3869P   7504
110,3.141592653590D0,0D0,0D0,3.141592653590D0,3.141592653590D0,     3871P   7505
0D0;                                                                3871P   7506
110,3.141592653590D0,3.141592653590D0,0D0,0D0,3.141592653590D0,     3873P   7507
0D0;                                                                3873P   7508
110,0D0,3.141592653590D0,0D0,0D0,0D0,0D0;                           3875P   7509
110,0D0,0D0,0D0,6.711855639859D-2,0D0,0D0;                          3877P   7510
102,5,3869,3871,3873,3875,3877;                                     3879P   7511
142,0,3865,3879,3867,1;                                             3881P   7512
144,3865,1,0,3881;                                                  3883P   7513
110,-4.792474241350D1,1.710494237996D2,3.347621701761D1,            3885P   7514
-4.792474241350D1,1.700494237996D2,3.347621701761D1;                3885P   7515
124,0D0,-1D0,0D0,-4.792474241350D1,1D0,0D0,0D0,1.710494237996D2,    3887P   7516
0D0,0D0,1D0,3.347621701761D1;                                       3887P   7517
100,0D0,0D0,0D0,6.5D0,0D0,-6.5D0,0D0;                               3889P   7518
120,3885,3889,-2.946188376720D0,3.260960909086D0;                   3891P   7519
102,2,3839,3841;                                                    3893P   7520
126,12,3,0,0,1,0,0D0,0D0,0D0,0D0,9.232078019319D-2,                 3895P   7521
1.812631182698D-1,2.645779644327D-1,3.423545627423D-1,              3895P   7522
4.211608546481D-1,5.052129032149D-1,6.003192218696D-1,              3895P   7523
7.088387731105D-1,8.462192217915D-1,1D0,1D0,1D0,1D0,1D0,1D0,1D0,    3895P   7524
1D0,1D0,1D0,1D0,1D0,1D0,1D0,1D0,1D0,1D0,8.682621602051D-1,          3895P   7525
1.570796327D0,0D0,8.681412633866D-1,1.621396514500D0,0D0,           3895P   7526
8.619528660881D-1,1.721169059004D0,0D0,8.333512209084D-1,           3895P   7527
1.864624910771D0,0D0,7.865723469645D-1,1.995307555447D0,0D0,        3895P   7528
7.227428404560D-1,2.109775035799D0,0D0,6.420920074063D-1,           3895P   7529
2.209729640761D0,0D0,5.436990327515D-1,2.285117543686D0,0D0,        3895P   7530
4.262334534609D-1,2.382722963524D0,0D0,2.867112197519D-1,           3895P   7531
2.282982177135D0,0D0,1.077237102759D-1,3.070269555356D0,0D0,        3895P   7532
5.022705290724D-2,1.896504700290D0,0D0,6.711856779160D-2,           3895P   7533
7.977042677370D-8,0D0,0D0,1D0,0D0,0D0,1D0;                          3895P   7534
126,12,3,0,0,1,0,0D0,0D0,0D0,0D0,1.309632308776D-1,                 3897P   7535
2.679539135572D-1,3.820553022527D-1,4.828400326826D-1,              3897P   7536
5.725971369589D-1,6.551580260054D-1,7.346028064295D-1,              3897P   7537
8.174253445820D-1,9.057915106633D-1,1D0,1D0,1D0,1D0,1D0,1D0,1D0,    3897P   7538
1D0,1D0,1D0,1D0,1D0,1D0,1D0,1D0,1D0,1D0,6.711856779160D-2,          3897P   7539
7.977042677370D-8,0D0,9.822859197941D-2,5.842836850965D-1,0D0,      3897P   7540
1.841603298962D-1,1.002998082704D0,0D0,3.358418787881D-1,           3897P   7541
6.842866074603D-1,0D0,4.683529071047D-1,8.193999085991D-1,0D0,      3897P   7542
5.805257562453D-1,8.747633363490D-1,0D0,6.726079329335D-1,          3897P   7543
9.670668132872D-1,0D0,7.449623184392D-1,1.066629293612D0,0D0,       3897P   7544
7.993536580025D-1,1.177933129975D0,0D0,8.384766634025D-1,           3897P   7545
1.299056002339D0,0D0,8.627642370251D-1,1.431293773668D0,0D0,        3897P   7546
8.681461719847D-1,1.523435599710D0,0D0,8.682621602051D-1,           3897P   7547
1.570796327D0,0D0,0D0,1D0,0D0,0D0,1D0;                              3897P   7548
102,2,3895,3897;                                                    3899P   7549
142,0,3891,3899,3893,1;                                             3901P   7550
144,3891,1,0,3901;                                                  3903P   7551
110,-4.792474241350D1,1.710494237996D2,3.347621701761D1,            3905P   7552
-4.792474241350D1,1.700494237996D2,3.347621701761D1;                3905P   7553
124,0D0,-1D0,0D0,-4.792474241350D1,1D0,0D0,0D0,1.710494237996D2,    3907P   7554
0D0,0D0,1D0,3.347621701761D1;                                       3907P   7555
100,0D0,0D0,0D0,6.5D0,0D0,-6.5D0,0D0;                               3909P   7556
120,3905,3909,-2.946188376720D0,3.260960909086D0;                   3911P   7557
102,2,3843,3845;                                                    3913P   7558
126,12,3,0,0,1,0,0D0,0D0,0D0,0D0,9.232077820819D-2,                 3915P   7559
1.812631180991D-1,2.645779641038D-1,3.423545619526D-1,              3915P   7560
4.211608537235D-1,5.052129015066D-1,6.003192191714D-1,              3915P   7561
7.088387693192D-1,8.462192159272D-1,1D0,1D0,1D0,1D0,1D0,1D0,1D0,    3915P   7562
1D0,1D0,1D0,1D0,1D0,1D0,1D0,1D0,1D0,1D0,8.682621807949D-1,          3915P   7563
-1.570796326590D0,0D0,8.681412828423D-1,-1.621396512604D0,0D0,      3915P   7564
8.619528857497D-1,-1.721169057147D0,0D0,8.333512425197D-1,          3915P   7565
-1.864624909474D0,0D0,7.865723669951D-1,-1.995307553966D0,0D0,      3915P   7566
7.227428614285D-1,-2.109775035293D0,0D0,6.420920279580D-1,          3915P   7567
-2.209729640112D0,0D0,5.436990527162D-1,-2.285117542712D0,0D0,      3915P   7568
4.262334734090D-1,-2.382722963347D0,0D0,2.867112375101D-1,          3915P   7569
-2.282982181374D0,0D0,1.077237319775D-1,-3.070269551464D0,0D0,      3915P   7570
5.022705837649D-2,-1.896504682011D0,0D0,6.711855446595D-2,          3915P   7571
7.977042633684D-8,0D0,0D0,1D0,0D0,0D0,1D0;                          3915P   7572
126,12,3,0,0,1,0,0D0,0D0,0D0,0D0,1.309632549024D-1,                 3917P   7573
2.679539325121D-1,3.820553177640D-1,4.828400451009D-1,              3917P   7574
5.725971470256D-1,6.551580343564D-1,7.346028127394D-1,              3917P   7575
8.174253489770D-1,9.057915147902D-1,1D0,1D0,1D0,1D0,1D0,1D0,1D0,    3917P   7576
1D0,1D0,1D0,1D0,1D0,1D0,1D0,1D0,1D0,1D0,6.711855446595D-2,          3917P   7577
7.977042633684D-8,0D0,9.822858851608D-2,-5.842836772610D-1,0D0,     3917P   7578
1.841603399887D-1,-1.002998066300D0,0D0,3.358418976632D-1,          3917P   7579
-6.842866157604D-1,0D0,4.683529270314D-1,-8.193999060652D-1,0D0,    3917P   7580
5.805257765240D-1,-8.747633366238D-1,0D0,6.726079534064D-1,         3917P   7581
-9.670668140181D-1,0D0,7.449623387673D-1,-1.066629295133D0,0D0,     3917P   7582
7.993536779157D-1,-1.177933131577D0,0D0,8.384766849597D-1,          3917P   7583
-1.299056003563D0,0D0,8.627642567349D-1,-1.431293774991D0,0D0,      3917P   7584
8.681461914507D-1,-1.523435600781D0,0D0,8.682621807949D-1,          3917P   7585
-1.570796326590D0,0D0,0D0,1D0,0D0,0D0,1D0;                          3917P   7586
102,2,3915,3917;                                                    3919P   7587
142,0,3911,3919,3913,1;                                             3921P   7588
144,3911,1,0,3921;                                                  3923P   7589
406,1,6HINTF_5;                                                     3925P   7590
402,357,2919,2921,2923,2925,2929,2933,2937,2939,2943,2945,2947,     3927P   7591
2949,2951,2953,2957,2959,2963,2965,2967,2969,2971,2975,2979,        3927P   7592
2981,2983,2987,2991,2995,2999,3003,3005,3007,3011,3015,3019,        3927P   7593
3023,3025,3027,3031,3035,3037,3041,3045,3047,3049,3051,3053,        3927P   7594
3055,3057,3059,3061,3065,3069,3073,3077,3081,3085,3089,3093,        3927P   7595
3097,3099,3103,3105,3107,3109,3111,3113,3115,3117,3121,3123,        3927P   7596
3125,3127,3131,3133,3137,3141,3143,3145,3149,3153,3155,3157,        3927P   7597
3159,3169,3171,3173,3175,3177,3179,3183,3185,3187,3189,3191,        3927P   7598
3193,3197,3199,3201,3203,3207,3209,3211,3213,3227,3229,3231,        3927P   7599
3233,3235,3237,3241,3243,3245,3247,3257,3259,3261,3263,3265,        3927P   7600
3267,3271,3273,3275,3277,3279,3281,3285,3287,3289,3291,3295,        3927P   7601
3297,3299,3301,3311,3313,3315,3317,3319,3321,3325,3327,3329,        3927P   7602
3331,3337,3339,3341,3343,3345,3347,3351,3353,3355,3357,3367,        3927P   7603
3369,3371,3373,3375,3377,3381,3383,3385,3387,3389,3391,3393,        3927P   7604
3395,3397,3399,3401,3403,3407,3409,3411,3413,3425,3427,3429,        3927P   7605
3431,3433,3435,3437,3439,3441,3443,3447,3449,3451,3453,3455,        3927P   7606
3457,3459,3461,3465,3467,3469,3471,3475,3477,3479,3481,3485,        3927P   7607
3487,3489,3491,3493,3495,3499,3501,3503,3505,3513,3515,3517,        3927P   7608
3519,3521,3523,3525,3529,3531,3535,3537,3559,3561,3563,3565,        3927P   7609
3567,3569,3573,3577,3579,3583,3585,3595,3597,3599,3601,3603,        3927P   7610
3605,3609,3613,3615,3617,3619,3627,3629,3631,3633,3635,3637,        3927P   7611
3639,3643,3645,3647,3649,3655,3657,3659,3661,3663,3665,3669,        3927P   7612
3671,3673,3675,3677,3679,3681,3683,3687,3689,3691,3693,3697,        3927P   7613
3699,3701,3703,3705,3707,3711,3713,3715,3717,3723,3725,3727,        3927P   7614
3729,3731,3733,3735,3737,3741,3743,3745,3747,3761,3763,3765,        3927P   7615
3767,3769,3771,3775,3777,3779,3781,3783,3785,3789,3791,3793,        3927P   7616
3795,3809,3811,3813,3815,3817,3819,3823,3825,3827,3829,3831,        3927P   7617
3833,3837,3839,3841,3843,3845,3849,3853,3857,3859,3863,3865,        3927P   7618
3867,3869,3873,3877,3879,3883,3885,3889,3891,3893,3895,3897,        3927P   7619
3899,3903,3905,3909,3911,3913,3915,3917,3919,3923,0,1,3925;         3927P   7620
406,1,10HINTF_RED_2;                                                3929P   7621
402,58,2919,2921,2923,2925,2929,2933,2937,2939,2943,2945,2947,      3931P   7622
2949,2951,2953,2957,2959,2963,2965,2967,2969,2971,2975,2979,        3931P   7623
2981,2983,2987,3839,3841,3843,3845,3849,3853,3857,3859,3863,        3931P   7624
3865,3867,3869,3873,3877,3879,3883,3885,3889,3891,3893,3895,        3931P   7625
3897,3899,3903,3905,3909,3911,3913,3915,3917,3919,3923,0,1,3929;    3931P   7626
406,1,12HINTFCLR_2913;                                              3933P   7627
402,299,2991,2995,2999,3003,3005,3007,3011,3015,3019,3023,3025,     3935P   7628
3027,3031,3035,3037,3041,3045,3047,3049,3051,3053,3055,3057,        3935P   7629
3059,3061,3065,3069,3073,3077,3081,3085,3089,3093,3097,3099,        3935P   7630
3103,3105,3107,3109,3111,3113,3115,3117,3121,3123,3125,3127,        3935P   7631
3131,3133,3137,3141,3143,3145,3149,3153,3155,3157,3159,3169,        3935P   7632
3171,3173,3175,3177,3179,3183,3185,3187,3189,3191,3193,3197,        3935P   7633
3199,3201,3203,3207,3209,3211,3213,3227,3229,3231,3233,3235,        3935P   7634
3237,3241,3243,3245,3247,3257,3259,3261,3263,3265,3267,3271,        3935P   7635
3273,3275,3277,3279,3281,3285,3287,3289,3291,3295,3297,3299,        3935P   7636
3301,3311,3313,3315,3317,3319,3321,3325,3327,3329,3331,3337,        3935P   7637
3339,3341,3343,3345,3347,3351,3353,3355,3357,3367,3369,3371,        3935P   7638
3373,3375,3377,3381,3383,3385,3387,3389,3391,3393,3395,3397,        3935P   7639
3399,3401,3403,3407,3409,3411,3413,3425,3427,3429,3431,3433,        3935P   7640
3435,3437,3439,3441,3443,3447,3449,3451,3453,3455,3457,3459,        3935P   7641
3461,3465,3467,3469,3471,3475,3477,3479,3481,3485,3487,3489,        3935P   7642
3491,3493,3495,3499,3501,3503,3505,3513,3515,3517,3519,3521,        3935P   7643
3523,3525,3529,3531,3535,3537,3559,3561,3563,3565,3567,3569,        3935P   7644
3573,3577,3579,3583,3585,3595,3597,3599,3601,3603,3605,3609,        3935P   7645
3613,3615,3617,3619,3627,3629,3631,3633,3635,3637,3639,3643,        3935P   7646
3645,3647,3649,3655,3657,3659,3661,3663,3665,3669,3671,3673,        3935P   7647
3675,3677,3679,3681,3683,3687,3689,3691,3693,3697,3699,3701,        3935P   7648
3703,3705,3707,3711,3713,3715,3717,3723,3725,3727,3729,3731,        3935P   7649
3733,3735,3737,3741,3743,3745,3747,3761,3763,3765,3767,3769,        3935P   7650
3771,3775,3777,3779,3781,3783,3785,3789,3791,3793,3795,3809,        3935P   7651
3811,3813,3815,3817,3819,3823,3825,3827,3829,3831,3833,3837,0,1,    3935P   7652
3933;                                                               3935P   7653
406,1,11HDAMPER_BODY;                                               3937P   7654
402,417,25,27,31,35,39,43,47,51,55,59,63,65,67,69,73,77,79,81,      3939P   7655
83,87,91,95,99,103,107,111,115,119,123,125,127,131,135,137,139,     3939P   7656
143,147,149,151,153,155,159,161,163,165,167,171,175,177,179,181,    3939P   7657
183,187,191,193,195,197,199,203,207,209,211,213,223,225,227,229,    3939P   7658
231,233,237,239,241,243,257,259,261,263,265,267,271,273,275,277,    3939P   7659
279,281,285,287,289,291,295,297,299,301,303,305,307,309,311,313,    3939P   7660
317,319,321,323,325,327,331,333,335,337,341,343,345,347,349,351,    3939P   7661
353,355,357,359,363,365,367,369,385,387,389,391,393,395,397,399,    3939P   7662
401,403,405,407,409,413,415,417,419,421,423,425,429,431,433,435,    3939P   7663
437,439,441,443,445,447,451,453,455,457,459,461,463,465,469,471,    3939P   7664
473,475,479,481,485,487,509,511,513,515,517,519,523,527,529,533,    3939P   7665
535,545,547,549,551,553,555,559,563,565,567,569,571,573,575,577,    3939P   7666
589,591,593,595,599,601,603,605,609,611,613,615,617,619,623,625,    3939P   7667
627,629,631,633,635,639,641,643,645,665,667,669,671,673,675,677,    3939P   7668
679,681,683,685,687,689,693,695,697,699,705,707,709,711,713,715,    3939P   7669
719,721,723,725,735,737,739,741,743,745,749,751,753,755,757,759,    3939P   7670
763,765,767,769,773,775,777,779,785,787,789,791,793,795,799,801,    3939P   7671
803,805,807,809,811,813,815,817,821,823,825,827,833,835,837,839,    3939P   7672
841,843,847,849,851,853,855,857,861,863,865,867,871,873,875,877,    3939P   7673
883,885,887,889,891,893,897,899,901,903,905,907,911,915,919,921,    3939P   7674
923,925,927,929,931,933,935,937,939,943,945,947,949,951,953,957,    3939P   7675
961,963,967,969,973,975,977,979,983,987,991,993,997,999,1011,       3939P   7676
1013,1015,1017,1019,1023,1025,1029,1031,1035,1037,1043,1045,        3939P   7677
1049,1051,1053,1055,1059,1061,1065,1067,1069,1071,1075,1077,        3939P   7678
1081,1083,1087,1089,1091,1093,1095,1099,1101,1105,1109,1111,        3939P   7679
1115,1117,1119,1121,1123,1125,1129,1131,1135,1137,1139,1141,        3939P   7680
1145,1147,1149,1153,1155,1159,1161,1163,1165,1169,1171,1173,        3939P   7681
1177,1181,1185,0,1,3937;                                            3939P   7682
406,1,14HRETAINER_RINGS;                                            3941P   7683
402,654,1187,1189,1191,1193,1197,1201,1205,1209,1213,1215,1219,     3943P   7684
1221,1223,1225,1227,1229,1233,1237,1241,1245,1249,1253,1257,        3943P   7685
1261,1263,1265,1269,1273,1277,1281,1285,1289,1293,1297,1299,        3943P   7686
1301,1303,1305,1307,1309,1311,1313,1317,1321,1323,1325,1327,        3943P   7687
1329,1331,1333,1335,1337,1341,1345,1347,1351,1353,1357,1359,        3943P   7688
1361,1363,1365,1369,1373,1375,1377,1379,1381,1385,1389,1391,        3943P   7689
1393,1395,1397,1401,1405,1407,1409,1411,1413,1415,1417,1419,        3943P   7690
1421,1425,1429,1431,1433,1435,1437,1441,1445,1447,1449,1451,        3943P   7691
1453,1457,1461,1463,1465,1467,1469,1473,1477,1479,1481,1483,        3943P   7692
1485,1489,1493,1495,1497,1499,1501,1505,1509,1511,1513,1515,        3943P   7693
1521,1523,1525,1527,1529,1531,1535,1537,1539,1541,1551,1553,        3943P   7694
1555,1557,1559,1561,1565,1567,1569,1571,1573,1575,1579,1581,        3943P   7695
1583,1585,1587,1589,1591,1593,1595,1597,1599,1601,1603,1605,        3943P   7696
1607,1609,1613,1615,1617,1619,1623,1625,1627,1629,1633,1635,        3943P   7697
1637,1639,1645,1647,1649,1651,1653,1655,1659,1661,1663,1665,        3943P   7698
1675,1677,1679,1681,1683,1685,1689,1691,1693,1695,1705,1707,        3943P   7699
1709,1711,1713,1715,1719,1721,1723,1725,1735,1737,1739,1741,        3943P   7700
1743,1745,1747,1749,1751,1753,1755,1757,1761,1763,1765,1767,        3943P   7701
1771,1773,1775,1777,1781,1783,1785,1787,1793,1795,1797,1799,        3943P   7702
1801,1803,1805,1807,1809,1811,1813,1815,1819,1821,1823,1825,        3943P   7703
1829,1831,1833,1835,1839,1841,1845,1847,1849,1851,1853,1855,        3943P   7704
1857,1859,1863,1865,1869,1871,1885,1887,1889,1891,1893,1895,        3943P   7705
1899,1901,1903,1905,1907,1909,1913,1915,1917,1919,1923,1925,        3943P   7706
1927,1929,1935,1937,1939,1941,1943,1945,1949,1951,1953,1955,        3943P   7707
1965,1967,1969,1971,1973,1975,1979,1981,1983,1985,1987,1989,        3943P   7708
1993,1995,1997,1999,2003,2005,2009,2011,2021,2023,2025,2027,        3943P   7709
2029,2031,2035,2037,2041,2043,2061,2063,2065,2067,2069,2071,        3943P   7710
2075,2077,2079,2081,2091,2093,2095,2097,2099,2101,2103,2105,        3943P   7711
2107,2109,2111,2113,2117,2119,2121,2123,2127,2129,2131,2133,        3943P   7712
2137,2139,2141,2143,2153,2155,2157,2159,2161,2163,2165,2169,        3943P   7713
2171,2173,2175,2177,2179,2183,2185,2187,2189,2195,2197,2199,        3943P   7714
2201,2203,2205,2207,2211,2213,2215,2217,2219,2221,2223,2225,        3943P   7715
2227,2229,2231,2235,2237,2239,2241,2247,2249,2251,2253,2255,        3943P   7716
2257,2259,2263,2265,2267,2269,2271,2273,2277,2279,2281,2283,        3943P   7717
2297,2299,2301,2303,2305,2307,2311,2313,2315,2317,2319,2321,        3943P   7718
2323,2325,2327,2329,2333,2335,2337,2339,2345,2347,2349,2351,        3943P   7719
2353,2355,2359,2361,2363,2365,2367,2369,2373,2375,2377,2379,        3943P   7720
2381,2383,2385,2387,2389,2391,2395,2397,2399,2401,2407,2409,        3943P   7721
2411,2413,2415,2417,2421,2423,2425,2427,2429,2431,2435,2437,        3943P   7722
2439,2441,2447,2449,2451,2453,2455,2457,2459,2463,2465,2467,        3943P   7723
2469,2471,2473,2477,2479,2481,2483,2485,2487,2489,2491,2493,        3943P   7724
2495,2497,2501,2503,2505,2507,2513,2515,2517,2519,2521,2523,        3943P   7725
2525,2529,2531,2533,2535,2545,2547,2549,2551,2553,2555,2557,        3943P   7726
2561,2563,2565,2567,2569,2571,2575,2577,2579,2581,2587,2589,        3943P   7727
2591,2593,2595,2597,2601,2603,2605,2607,2617,2619,2621,2623,        3943P   7728
2625,2627,2631,2633,2635,2637,2639,2641,2645,2647,2649,2651,        3943P   7729
2657,2659,2661,2663,2665,2667,2671,2673,2675,2677,2687,2689,        3943P   7730
2691,2693,2695,2697,2701,2703,2705,2707,2709,2711,2715,2717,        3943P   7731
2719,2721,2723,2725,2727,2729,2731,2733,2737,2739,2741,2743,        3943P   7732
2749,2751,2753,2755,2757,2759,2763,2765,2767,2769,2771,2773,        3943P   7733
2777,2779,2781,2783,2785,2787,2789,2791,2793,2795,2799,2801,        3943P   7734
2803,2805,2811,2813,2815,2817,2819,2821,2825,2827,2829,2831,        3943P   7735
2833,2835,2839,2841,2843,2845,2851,2853,2855,2857,2859,2861,        3943P   7736
2865,2867,2869,2871,2881,2883,2885,2887,2889,2891,2895,2897,        3943P   7737
2899,2901,2903,2905,2909,2913,2917,0,1,3941;                        3943P   7738
406,1,12HDAMPER_SHAFT;                                              3945P   7739
402,360,2919,2921,2923,2925,2929,2933,2937,2939,2943,2945,2947,     3947P   7740
2949,2951,2953,2957,2959,2963,2965,2967,2969,2971,2975,2979,        3947P   7741
2981,2983,2987,2991,2995,2999,3003,3005,3007,3011,3015,3019,        3947P   7742
3023,3025,3027,3031,3035,3037,3041,3045,3047,3049,3051,3053,        3947P   7743
3055,3057,3059,3061,3065,3069,3073,3077,3081,3085,3089,3093,        3947P   7744
3097,3099,3103,3105,3107,3109,3111,3113,3115,3117,3121,3123,        3947P   7745
3125,3127,3131,3133,3137,3141,3143,3145,3149,3153,3155,3157,        3947P   7746
3159,3169,3171,3173,3175,3177,3179,3183,3185,3187,3189,3191,        3947P   7747
3193,3197,3199,3201,3203,3207,3209,3211,3213,3227,3229,3231,        3947P   7748
3233,3235,3237,3241,3243,3245,3247,3257,3259,3261,3263,3265,        3947P   7749
3267,3271,3273,3275,3277,3279,3281,3285,3287,3289,3291,3295,        3947P   7750
3297,3299,3301,3311,3313,3315,3317,3319,3321,3325,3327,3329,        3947P   7751
3331,3337,3339,3341,3343,3345,3347,3351,3353,3355,3357,3367,        3947P   7752
3369,3371,3373,3375,3377,3381,3383,3385,3387,3389,3391,3393,        3947P   7753
3395,3397,3399,3401,3403,3407,3409,3411,3413,3425,3427,3429,        3947P   7754
3431,3433,3435,3437,3439,3441,3443,3447,3449,3451,3453,3455,        3947P   7755
3457,3459,3461,3465,3467,3469,3471,3475,3477,3479,3481,3485,        3947P   7756
3487,3489,3491,3493,3495,3499,3501,3503,3505,3513,3515,3517,        3947P   7757
3519,3521,3523,3525,3529,3531,3535,3537,3559,3561,3563,3565,        3947P   7758
3567,3569,3573,3577,3579,3583,3585,3595,3597,3599,3601,3603,        3947P   7759
3605,3609,3613,3615,3617,3619,3627,3629,3631,3633,3635,3637,        3947P   7760
3639,3643,3645,3647,3649,3655,3657,3659,3661,3663,3665,3669,        3947P   7761
3671,3673,3675,3677,3679,3681,3683,3687,3689,3691,3693,3697,        3947P   7762
3699,3701,3703,3705,3707,3711,3713,3715,3717,3723,3725,3727,        3947P   7763
3729,3731,3733,3735,3737,3741,3743,3745,3747,3761,3763,3765,        3947P   7764
3767,3769,3771,3775,3777,3779,3781,3783,3785,3789,3791,3793,        3947P   7765
3795,3809,3811,3813,3815,3817,3819,3823,3825,3827,3829,3831,        3947P   7766
3833,3837,3839,3841,3843,3845,3849,3853,3857,3859,3863,3865,        3947P   7767
3867,3869,3873,3877,3879,3883,3885,3889,3891,3893,3895,3897,        3947P   7768
3899,3903,3905,3909,3911,3913,3915,3917,3919,3923,3927,3931,        3947P   7769
3935,0,1,3945;                                                      3947P   7770
S      1G      4D   3948P   7770                                        T      1
